feature_id,slug,table_number,table_name,dimension_4,dimension_5,metric,non_missing
censo_ind_autoidentificacion_cultura_sin_numero_hombres_autoidentificacion_segun_cultura_y_costumbres_mestiza_o,autoidentificacion_cultura,,"Población por autoidentificación según cultura y costumbres, según provincia, cantón, parroquia de residencia y sexo al nacer",Hombres,,Autoidentificación según cultura y costumbres | Mestiza/o,1034
censo_ind_autoidentificacion_cultura_sin_numero_hombres_numero_total_de_personas,autoidentificacion_cultura,,"Población por autoidentificación según cultura y costumbres, según provincia, cantón, parroquia de residencia y sexo al nacer",Hombres,,Número total de personas,1042
censo_ind_autoidentificacion_cultura_sin_numero_mujeres_autoidentificacion_segun_cultura_y_costumbres_mestiza_o,autoidentificacion_cultura,,"Población por autoidentificación según cultura y costumbres, según provincia, cantón, parroquia de residencia y sexo al nacer",Mujeres,,Autoidentificación según cultura y costumbres | Mestiza/o,1030
censo_ind_autoidentificacion_cultura_sin_numero_mujeres_numero_total_de_personas,autoidentificacion_cultura,,"Población por autoidentificación según cultura y costumbres, según provincia, cantón, parroquia de residencia y sexo al nacer",Mujeres,,Número total de personas,1042
censo_ind_autoidentificacion_cultura_sin_numero_total_geografia_autoidentificacion_segun_cultura_y_costumbres_mestiza_o,autoidentificacion_cultura,,"Población por autoidentificación según cultura y costumbres, según provincia, cantón, parroquia de residencia y sexo al nacer",Total 10 de Agosto,,Autoidentificación según cultura y costumbres | Mestiza/o,1037
censo_ind_autoidentificacion_cultura_sin_numero_total_geografia_numero_total_de_personas,autoidentificacion_cultura,,"Población por autoidentificación según cultura y costumbres, según provincia, cantón, parroquia de residencia y sexo al nacer",Total 10 de Agosto,,Número total de personas,1042
censo_ind_composicion_hogar_1_2_numero_de_miembros_del_hogar_1_persona,composicion_hogar,1.2,"Hogares por número de miembros del hogar, según provincia, cantón y parroquia",,,Número de miembros del hogar | 1 persona,1042
censo_ind_composicion_hogar_1_2_numero_de_miembros_del_hogar_2_personas,composicion_hogar,1.2,"Hogares por número de miembros del hogar, según provincia, cantón y parroquia",,,Número de miembros del hogar | 2 personas,1041
censo_ind_composicion_hogar_1_2_numero_de_miembros_del_hogar_3_personas,composicion_hogar,1.2,"Hogares por número de miembros del hogar, según provincia, cantón y parroquia",,,Número de miembros del hogar | 3 personas,1042
censo_ind_composicion_hogar_1_2_numero_de_miembros_del_hogar_4_personas,composicion_hogar,1.2,"Hogares por número de miembros del hogar, según provincia, cantón y parroquia",,,Número de miembros del hogar | 4 personas,1042
censo_ind_composicion_hogar_1_2_numero_de_miembros_del_hogar_5_personas_o_mas,composicion_hogar,1.2,"Hogares por número de miembros del hogar, según provincia, cantón y parroquia",,,Número de miembros del hogar | 5 personas o más,1042
censo_ind_composicion_hogar_1_2_numero_total_de_hogares,composicion_hogar,1.2,"Hogares por número de miembros del hogar, según provincia, cantón y parroquia",,,Número total de hogares,1042
censo_ind_composicion_hogar_2_2_hombres_numero_de_miembros_del_hogar_1_persona,composicion_hogar,2.2,"Hogares por número de miembros del hogar, según provincia, cantón, parroquia y sexo del representante del hogar",Hombres,,Número de miembros del hogar | 1 persona,1042
censo_ind_composicion_hogar_2_2_hombres_numero_de_miembros_del_hogar_2_personas,composicion_hogar,2.2,"Hogares por número de miembros del hogar, según provincia, cantón, parroquia y sexo del representante del hogar",Hombres,,Número de miembros del hogar | 2 personas,1041
censo_ind_composicion_hogar_2_2_hombres_numero_de_miembros_del_hogar_3_personas,composicion_hogar,2.2,"Hogares por número de miembros del hogar, según provincia, cantón, parroquia y sexo del representante del hogar",Hombres,,Número de miembros del hogar | 3 personas,1042
censo_ind_composicion_hogar_2_2_hombres_numero_de_miembros_del_hogar_4_personas,composicion_hogar,2.2,"Hogares por número de miembros del hogar, según provincia, cantón, parroquia y sexo del representante del hogar",Hombres,,Número de miembros del hogar | 4 personas,1042
censo_ind_composicion_hogar_2_2_hombres_numero_de_miembros_del_hogar_5_personas_o_mas,composicion_hogar,2.2,"Hogares por número de miembros del hogar, según provincia, cantón, parroquia y sexo del representante del hogar",Hombres,,Número de miembros del hogar | 5 personas o más,1042
censo_ind_composicion_hogar_2_2_hombres_numero_total_de_hogares,composicion_hogar,2.2,"Hogares por número de miembros del hogar, según provincia, cantón, parroquia y sexo del representante del hogar",Hombres,,Número total de hogares,1042
censo_ind_composicion_hogar_2_2_mujeres_numero_de_miembros_del_hogar_1_persona,composicion_hogar,2.2,"Hogares por número de miembros del hogar, según provincia, cantón, parroquia y sexo del representante del hogar",Mujeres,,Número de miembros del hogar | 1 persona,1039
censo_ind_composicion_hogar_2_2_mujeres_numero_de_miembros_del_hogar_2_personas,composicion_hogar,2.2,"Hogares por número de miembros del hogar, según provincia, cantón, parroquia y sexo del representante del hogar",Mujeres,,Número de miembros del hogar | 2 personas,1041
censo_ind_composicion_hogar_2_2_mujeres_numero_de_miembros_del_hogar_3_personas,composicion_hogar,2.2,"Hogares por número de miembros del hogar, según provincia, cantón, parroquia y sexo del representante del hogar",Mujeres,,Número de miembros del hogar | 3 personas,1039
censo_ind_composicion_hogar_2_2_mujeres_numero_de_miembros_del_hogar_4_personas,composicion_hogar,2.2,"Hogares por número de miembros del hogar, según provincia, cantón, parroquia y sexo del representante del hogar",Mujeres,,Número de miembros del hogar | 4 personas,1036
censo_ind_composicion_hogar_2_2_mujeres_numero_de_miembros_del_hogar_5_personas_o_mas,composicion_hogar,2.2,"Hogares por número de miembros del hogar, según provincia, cantón, parroquia y sexo del representante del hogar",Mujeres,,Número de miembros del hogar | 5 personas o más,1037
censo_ind_composicion_hogar_2_2_mujeres_numero_total_de_hogares,composicion_hogar,2.2,"Hogares por número de miembros del hogar, según provincia, cantón, parroquia y sexo del representante del hogar",Mujeres,,Número total de hogares,1042
censo_ind_composicion_hogar_2_2_total_geografia_numero_de_miembros_del_hogar_1_persona,composicion_hogar,2.2,"Hogares por número de miembros del hogar, según provincia, cantón, parroquia y sexo del representante del hogar",Total 10 de Agosto,,Número de miembros del hogar | 1 persona,1042
censo_ind_composicion_hogar_2_2_total_geografia_numero_de_miembros_del_hogar_2_personas,composicion_hogar,2.2,"Hogares por número de miembros del hogar, según provincia, cantón, parroquia y sexo del representante del hogar",Total 10 de Agosto,,Número de miembros del hogar | 2 personas,1041
censo_ind_composicion_hogar_2_2_total_geografia_numero_de_miembros_del_hogar_3_personas,composicion_hogar,2.2,"Hogares por número de miembros del hogar, según provincia, cantón, parroquia y sexo del representante del hogar",Total 10 de Agosto,,Número de miembros del hogar | 3 personas,1042
censo_ind_composicion_hogar_2_2_total_geografia_numero_de_miembros_del_hogar_4_personas,composicion_hogar,2.2,"Hogares por número de miembros del hogar, según provincia, cantón, parroquia y sexo del representante del hogar",Total 10 de Agosto,,Número de miembros del hogar | 4 personas,1042
censo_ind_composicion_hogar_2_2_total_geografia_numero_de_miembros_del_hogar_5_personas_o_mas,composicion_hogar,2.2,"Hogares por número de miembros del hogar, según provincia, cantón, parroquia y sexo del representante del hogar",Total 10 de Agosto,,Número de miembros del hogar | 5 personas o más,1042
censo_ind_composicion_hogar_2_2_total_geografia_numero_total_de_hogares,composicion_hogar,2.2,"Hogares por número de miembros del hogar, según provincia, cantón, parroquia y sexo del representante del hogar",Total 10 de Agosto,,Número total de hogares,1042
censo_ind_condiciones_vida_2_2_arrendada_anticresis_numero_de_personas_por_cuarto_exclusivo_para_dormir_1_persona_por_cuarto_o_menos,condiciones_vida,2.2,"Hogares por número de personas por cuarto exclusivo para dormir, según provincia, cantón, parroquia de residencia y condición de tenencia de la vivienda",Arrendada/anticresis,,Número de personas por cuarto exclusivo para dormir | 1 persona por cuarto o menos,1008
censo_ind_condiciones_vida_2_2_arrendada_anticresis_numero_de_personas_por_cuarto_exclusivo_para_dormir_mas_de_1_y_hasta_3_personas_por_cuarto,condiciones_vida,2.2,"Hogares por número de personas por cuarto exclusivo para dormir, según provincia, cantón, parroquia de residencia y condición de tenencia de la vivienda",Arrendada/anticresis,,Número de personas por cuarto exclusivo para dormir | Más de 1 y hasta 3 personas por cuarto,1028
censo_ind_condiciones_vida_2_2_arrendada_anticresis_numero_total_de_hogares,condiciones_vida,2.2,"Hogares por número de personas por cuarto exclusivo para dormir, según provincia, cantón, parroquia de residencia y condición de tenencia de la vivienda",Arrendada/anticresis,,Número total de hogares,1036
censo_ind_condiciones_vida_2_2_presatada_o_cedida_no_paga_numero_de_personas_por_cuarto_exclusivo_para_dormir_1_persona_por_cuarto_o_menos,condiciones_vida,2.2,"Hogares por número de personas por cuarto exclusivo para dormir, según provincia, cantón, parroquia de residencia y condición de tenencia de la vivienda",Presatada o cedida (no paga),,Número de personas por cuarto exclusivo para dormir | 1 persona por cuarto o menos,1036
censo_ind_condiciones_vida_2_2_presatada_o_cedida_no_paga_numero_de_personas_por_cuarto_exclusivo_para_dormir_mas_de_1_y_hasta_3_personas_por_cuarto,condiciones_vida,2.2,"Hogares por número de personas por cuarto exclusivo para dormir, según provincia, cantón, parroquia de residencia y condición de tenencia de la vivienda",Presatada o cedida (no paga),,Número de personas por cuarto exclusivo para dormir | Más de 1 y hasta 3 personas por cuarto,1039
censo_ind_condiciones_vida_2_2_presatada_o_cedida_no_paga_numero_de_personas_por_cuarto_exclusivo_para_dormir_mas_de_3_y_hasta_5_personas_por_cuarto,condiciones_vida,2.2,"Hogares por número de personas por cuarto exclusivo para dormir, según provincia, cantón, parroquia de residencia y condición de tenencia de la vivienda",Presatada o cedida (no paga),,Número de personas por cuarto exclusivo para dormir | Más de 3 y hasta 5 personas por cuarto,1020
censo_ind_condiciones_vida_2_2_presatada_o_cedida_no_paga_numero_total_de_hogares,condiciones_vida,2.2,"Hogares por número de personas por cuarto exclusivo para dormir, según provincia, cantón, parroquia de residencia y condición de tenencia de la vivienda",Presatada o cedida (no paga),,Número total de hogares,1041
censo_ind_condiciones_vida_2_2_propia_regalada_donada_heredada_o_por_posesion_numero_de_personas_por_cuarto_exclusivo_para_dormir_1_persona_por_cuarto_o_menos,condiciones_vida,2.2,"Hogares por número de personas por cuarto exclusivo para dormir, según provincia, cantón, parroquia de residencia y condición de tenencia de la vivienda","Propia (regalada, donada, heredada o por posesión)",,Número de personas por cuarto exclusivo para dormir | 1 persona por cuarto o menos,1022
censo_ind_condiciones_vida_2_2_propia_regalada_donada_heredada_o_por_posesion_numero_de_personas_por_cuarto_exclusivo_para_dormir_mas_de_1_y_hasta_3_personas_por_cuarto,condiciones_vida,2.2,"Hogares por número de personas por cuarto exclusivo para dormir, según provincia, cantón, parroquia de residencia y condición de tenencia de la vivienda","Propia (regalada, donada, heredada o por posesión)",,Número de personas por cuarto exclusivo para dormir | Más de 1 y hasta 3 personas por cuarto,1032
censo_ind_condiciones_vida_2_2_propia_regalada_donada_heredada_o_por_posesion_numero_total_de_hogares,condiciones_vida,2.2,"Hogares por número de personas por cuarto exclusivo para dormir, según provincia, cantón, parroquia de residencia y condición de tenencia de la vivienda","Propia (regalada, donada, heredada o por posesión)",,Número total de hogares,1039
censo_ind_condiciones_vida_2_2_propia_y_la_estan_pagando_numero_de_personas_por_cuarto_exclusivo_para_dormir_mas_de_1_y_hasta_3_personas_por_cuarto,condiciones_vida,2.2,"Hogares por número de personas por cuarto exclusivo para dormir, según provincia, cantón, parroquia de residencia y condición de tenencia de la vivienda",Propia y la están pagando,,Número de personas por cuarto exclusivo para dormir | Más de 1 y hasta 3 personas por cuarto,1008
censo_ind_condiciones_vida_2_2_propia_y_la_estan_pagando_numero_total_de_hogares,condiciones_vida,2.2,"Hogares por número de personas por cuarto exclusivo para dormir, según provincia, cantón, parroquia de residencia y condición de tenencia de la vivienda",Propia y la están pagando,,Número total de hogares,1025
censo_ind_condiciones_vida_2_2_propia_y_totalmente_pagada_numero_de_personas_por_cuarto_exclusivo_para_dormir_1_persona_por_cuarto_o_menos,condiciones_vida,2.2,"Hogares por número de personas por cuarto exclusivo para dormir, según provincia, cantón, parroquia de residencia y condición de tenencia de la vivienda",Propia y totalmente pagada,,Número de personas por cuarto exclusivo para dormir | 1 persona por cuarto o menos,1041
censo_ind_condiciones_vida_2_2_propia_y_totalmente_pagada_numero_de_personas_por_cuarto_exclusivo_para_dormir_mas_de_1_y_hasta_3_personas_por_cuarto,condiciones_vida,2.2,"Hogares por número de personas por cuarto exclusivo para dormir, según provincia, cantón, parroquia de residencia y condición de tenencia de la vivienda",Propia y totalmente pagada,,Número de personas por cuarto exclusivo para dormir | Más de 1 y hasta 3 personas por cuarto,1041
censo_ind_condiciones_vida_2_2_propia_y_totalmente_pagada_numero_de_personas_por_cuarto_exclusivo_para_dormir_mas_de_3_y_hasta_5_personas_por_cuarto,condiciones_vida,2.2,"Hogares por número de personas por cuarto exclusivo para dormir, según provincia, cantón, parroquia de residencia y condición de tenencia de la vivienda",Propia y totalmente pagada,,Número de personas por cuarto exclusivo para dormir | Más de 3 y hasta 5 personas por cuarto,1024
censo_ind_condiciones_vida_2_2_propia_y_totalmente_pagada_numero_total_de_hogares,condiciones_vida,2.2,"Hogares por número de personas por cuarto exclusivo para dormir, según provincia, cantón, parroquia de residencia y condición de tenencia de la vivienda",Propia y totalmente pagada,,Número total de hogares,1042
censo_ind_condiciones_vida_2_2_total_geografia_numero_de_personas_por_cuarto_exclusivo_para_dormir_1_persona_por_cuarto_o_menos,condiciones_vida,2.2,"Hogares por número de personas por cuarto exclusivo para dormir, según provincia, cantón, parroquia de residencia y condición de tenencia de la vivienda",Total 10 de Agosto,,Número de personas por cuarto exclusivo para dormir | 1 persona por cuarto o menos,1042
censo_ind_condiciones_vida_2_2_total_geografia_numero_de_personas_por_cuarto_exclusivo_para_dormir_hogares_con_0_cuartos,condiciones_vida,2.2,"Hogares por número de personas por cuarto exclusivo para dormir, según provincia, cantón, parroquia de residencia y condición de tenencia de la vivienda",Total 10 de Agosto,,Número de personas por cuarto exclusivo para dormir | Hogares con 0 cuartos,1022
censo_ind_condiciones_vida_2_2_total_geografia_numero_de_personas_por_cuarto_exclusivo_para_dormir_mas_de_1_y_hasta_3_personas_por_cuarto,condiciones_vida,2.2,"Hogares por número de personas por cuarto exclusivo para dormir, según provincia, cantón, parroquia de residencia y condición de tenencia de la vivienda",Total 10 de Agosto,,Número de personas por cuarto exclusivo para dormir | Más de 1 y hasta 3 personas por cuarto,1041
censo_ind_condiciones_vida_2_2_total_geografia_numero_de_personas_por_cuarto_exclusivo_para_dormir_mas_de_3_y_hasta_5_personas_por_cuarto,condiciones_vida,2.2,"Hogares por número de personas por cuarto exclusivo para dormir, según provincia, cantón, parroquia de residencia y condición de tenencia de la vivienda",Total 10 de Agosto,,Número de personas por cuarto exclusivo para dormir | Más de 3 y hasta 5 personas por cuarto,1040
censo_ind_condiciones_vida_2_2_total_geografia_numero_de_personas_por_cuarto_exclusivo_para_dormir_mas_de_5_personas_por_cuarto,condiciones_vida,2.2,"Hogares por número de personas por cuarto exclusivo para dormir, según provincia, cantón, parroquia de residencia y condición de tenencia de la vivienda",Total 10 de Agosto,,Número de personas por cuarto exclusivo para dormir | Más de 5 personas por cuarto,996
censo_ind_condiciones_vida_2_2_total_geografia_numero_total_de_hogares,condiciones_vida,2.2,"Hogares por número de personas por cuarto exclusivo para dormir, según provincia, cantón, parroquia de residencia y condición de tenencia de la vivienda",Total 10 de Agosto,,Número total de hogares,1042
censo_ind_condiciones_vida_3_2_disponibilidad_de_cuarto_o_espacio_exclusivo_para_cocinar_no_principal_combustible_o_energia_que_utiliza_para_cocinar_gas_de_tanque_o_cilindro,condiciones_vida,3.2,"Hogares por disponibilidad de cuarto o espacio exclusivo para cocinar y principal combustible o energía que utiliza para cocinar, según provincia, cantón y parroquia de residencia",,,Disponibilidad de cuarto o espacio exclusivo para cocinar | No | Principal combustible  o energía que utiliza para cocinar | Gas de tanque o cilindro,1038
censo_ind_condiciones_vida_3_2_disponibilidad_de_cuarto_o_espacio_exclusivo_para_cocinar_no_principal_combustible_o_energia_que_utiliza_para_cocinar_numero_de_hogares_que_no_cuentan_con_un_cuarto_o_espacio_exclusivo_para_cocinar,condiciones_vida,3.2,"Hogares por disponibilidad de cuarto o espacio exclusivo para cocinar y principal combustible o energía que utiliza para cocinar, según provincia, cantón y parroquia de residencia",,,Disponibilidad de cuarto o espacio exclusivo para cocinar | No | Principal combustible  o energía que utiliza para cocinar | Número de hogares que no cuentan con un cuarto o espacio exclusivo para cocinar,1042
censo_ind_condiciones_vida_3_2_disponibilidad_de_cuarto_o_espacio_exclusivo_para_cocinar_si_principal_combustible_o_energia_que_utiliza_para_cocinar_gas_de_tanque_o_cilindro,condiciones_vida,3.2,"Hogares por disponibilidad de cuarto o espacio exclusivo para cocinar y principal combustible o energía que utiliza para cocinar, según provincia, cantón y parroquia de residencia",,,Disponibilidad de cuarto o espacio exclusivo para cocinar | Si | Principal combustible  o energía que utiliza para cocinar | Gas de tanque o cilindro,1042
censo_ind_condiciones_vida_3_2_disponibilidad_de_cuarto_o_espacio_exclusivo_para_cocinar_si_principal_combustible_o_energia_que_utiliza_para_cocinar_lena_o_carbon,condiciones_vida,3.2,"Hogares por disponibilidad de cuarto o espacio exclusivo para cocinar y principal combustible o energía que utiliza para cocinar, según provincia, cantón y parroquia de residencia",,,Disponibilidad de cuarto o espacio exclusivo para cocinar | Si | Principal combustible  o energía que utiliza para cocinar | Leña o carbón,1030
censo_ind_condiciones_vida_3_2_disponibilidad_de_cuarto_o_espacio_exclusivo_para_cocinar_si_principal_combustible_o_energia_que_utiliza_para_cocinar_numero_de_hogares_que_cuentan_con_un_cuarto_o_espacio_exclusivo_para_cocinar,condiciones_vida,3.2,"Hogares por disponibilidad de cuarto o espacio exclusivo para cocinar y principal combustible o energía que utiliza para cocinar, según provincia, cantón y parroquia de residencia",,,Disponibilidad de cuarto o espacio exclusivo para cocinar | Si | Principal combustible  o energía que utiliza para cocinar | Número de hogares que cuentan con un cuarto o espacio exclusivo para cocinar,1042
censo_ind_condiciones_vida_3_2_numero_total_de_hogares,condiciones_vida,3.2,"Hogares por disponibilidad de cuarto o espacio exclusivo para cocinar y principal combustible o energía que utiliza para cocinar, según provincia, cantón y parroquia de residencia",,,Número total de hogares,1042
censo_ind_condiciones_vida_4_2_compartido_con_varios_hogares_numero_total_de_hogares,condiciones_vida,4.2,"Hogares por tipo de servicio higiénico de la vivienda, según  provincia, cantón, parroquia  de residencia y condición de exclusividad del servicio higiénico",Compartido con varios hogares,,Número total de hogares,1022
censo_ind_condiciones_vida_4_2_de_uso_exclusivo_del_hogar_numero_total_de_hogares,condiciones_vida,4.2,"Hogares por tipo de servicio higiénico de la vivienda, según  provincia, cantón, parroquia  de residencia y condición de exclusividad del servicio higiénico",De uso exclusivo del hogar,,Número total de hogares,1042
censo_ind_condiciones_vida_4_2_de_uso_exclusivo_del_hogar_tipo_de_servicio_higienico_disponible_en_la_vivienda_inodoro_o_escusado_conectado_a_pozo_ciego,condiciones_vida,4.2,"Hogares por tipo de servicio higiénico de la vivienda, según  provincia, cantón, parroquia  de residencia y condición de exclusividad del servicio higiénico",De uso exclusivo del hogar,,"Tipo de servicio higiénico disponible en la vivienda | Inodoro o escusado, conectado a pozo ciego",1025
censo_ind_condiciones_vida_4_2_de_uso_exclusivo_del_hogar_tipo_de_servicio_higienico_disponible_en_la_vivienda_inodoro_o_escusado_conectado_a_pozo_septico,condiciones_vida,4.2,"Hogares por tipo de servicio higiénico de la vivienda, según  provincia, cantón, parroquia  de residencia y condición de exclusividad del servicio higiénico",De uso exclusivo del hogar,,"Tipo de servicio higiénico disponible en la vivienda | Inodoro o escusado, conectado a pozo séptico",1041
censo_ind_condiciones_vida_4_2_de_uso_exclusivo_del_hogar_tipo_de_servicio_higienico_disponible_en_la_vivienda_inodoro_o_escusado_conectado_a_red_publica_de_alcantarillado,condiciones_vida,4.2,"Hogares por tipo de servicio higiénico de la vivienda, según  provincia, cantón, parroquia  de residencia y condición de exclusividad del servicio higiénico",De uso exclusivo del hogar,,"Tipo de servicio higiénico disponible en la vivienda | Inodoro o escusado, conectado a red pública de alcantarillado",1022
censo_ind_condiciones_vida_4_2_no_tiene_numero_total_de_hogares,condiciones_vida,4.2,"Hogares por tipo de servicio higiénico de la vivienda, según  provincia, cantón, parroquia  de residencia y condición de exclusividad del servicio higiénico",No tiene,,Número total de hogares,1034
censo_ind_condiciones_vida_4_2_no_tiene_tipo_de_servicio_higienico_disponible_en_la_vivienda_no_tiene,condiciones_vida,4.2,"Hogares por tipo de servicio higiénico de la vivienda, según  provincia, cantón, parroquia  de residencia y condición de exclusividad del servicio higiénico",No tiene,,Tipo de servicio higiénico disponible en la vivienda | No tiene,1034
censo_ind_condiciones_vida_4_2_total_geografia_numero_total_de_hogares,condiciones_vida,4.2,"Hogares por tipo de servicio higiénico de la vivienda, según  provincia, cantón, parroquia  de residencia y condición de exclusividad del servicio higiénico",Total 10 de Agosto,,Número total de hogares,1042
censo_ind_condiciones_vida_4_2_total_geografia_tipo_de_servicio_higienico_disponible_en_la_vivienda_inodoro_o_escusado_conectado_a_pozo_ciego,condiciones_vida,4.2,"Hogares por tipo de servicio higiénico de la vivienda, según  provincia, cantón, parroquia  de residencia y condición de exclusividad del servicio higiénico",Total 10 de Agosto,,"Tipo de servicio higiénico disponible en la vivienda | Inodoro o escusado, conectado a pozo ciego",1025
censo_ind_condiciones_vida_4_2_total_geografia_tipo_de_servicio_higienico_disponible_en_la_vivienda_inodoro_o_escusado_conectado_a_pozo_septico,condiciones_vida,4.2,"Hogares por tipo de servicio higiénico de la vivienda, según  provincia, cantón, parroquia  de residencia y condición de exclusividad del servicio higiénico",Total 10 de Agosto,,"Tipo de servicio higiénico disponible en la vivienda | Inodoro o escusado, conectado a pozo séptico",1041
censo_ind_condiciones_vida_4_2_total_geografia_tipo_de_servicio_higienico_disponible_en_la_vivienda_inodoro_o_escusado_conectado_a_red_publica_de_alcantarillado,condiciones_vida,4.2,"Hogares por tipo de servicio higiénico de la vivienda, según  provincia, cantón, parroquia  de residencia y condición de exclusividad del servicio higiénico",Total 10 de Agosto,,"Tipo de servicio higiénico disponible en la vivienda | Inodoro o escusado, conectado a red pública de alcantarillado",1023
censo_ind_condiciones_vida_4_2_total_geografia_tipo_de_servicio_higienico_disponible_en_la_vivienda_no_tiene,condiciones_vida,4.2,"Hogares por tipo de servicio higiénico de la vivienda, según  provincia, cantón, parroquia  de residencia y condición de exclusividad del servicio higiénico",Total 10 de Agosto,,Tipo de servicio higiénico disponible en la vivienda | No tiene,1034
censo_ind_condiciones_vida_5_2_compartido_con_varios_hogares_condicion_de_exclusividad_del_servicio_higienico_inodoro_o_escusado_compartido_con_varios_hogares,condiciones_vida,5.2,"Hogares por condición de exclusividad del servicio higienico o escusado, según provincia, cantón, parroquia de residencia y condición de exclusividad de las instalaciones y/o ducha para bañarse",Compartido con varios hogares,,"Condición de exclusividad del servicio higiénico, inodoro o escusado | Compartido con varios hogares",1011
censo_ind_condiciones_vida_5_2_compartido_con_varios_hogares_numero_total_de_hogares,condiciones_vida,5.2,"Hogares por condición de exclusividad del servicio higienico o escusado, según provincia, cantón, parroquia de residencia y condición de exclusividad de las instalaciones y/o ducha para bañarse",Compartido con varios hogares,,Número total de hogares,1019
censo_ind_condiciones_vida_5_2_de_uso_exclusivo_del_hogar_condicion_de_exclusividad_del_servicio_higienico_inodoro_o_escusado_de_uso_exclusivo_del_hogar,condiciones_vida,5.2,"Hogares por condición de exclusividad del servicio higienico o escusado, según provincia, cantón, parroquia de residencia y condición de exclusividad de las instalaciones y/o ducha para bañarse",De uso exclusivo del hogar,,"Condición de exclusividad del servicio higiénico, inodoro o escusado | De uso exclusivo del hogar",1041
censo_ind_condiciones_vida_5_2_de_uso_exclusivo_del_hogar_numero_total_de_hogares,condiciones_vida,5.2,"Hogares por condición de exclusividad del servicio higienico o escusado, según provincia, cantón, parroquia de residencia y condición de exclusividad de las instalaciones y/o ducha para bañarse",De uso exclusivo del hogar,,Número total de hogares,1042
censo_ind_condiciones_vida_5_2_no_tiene_condicion_de_exclusividad_del_servicio_higienico_inodoro_o_escusado_de_uso_exclusivo_del_hogar,condiciones_vida,5.2,"Hogares por condición de exclusividad del servicio higienico o escusado, según provincia, cantón, parroquia de residencia y condición de exclusividad de las instalaciones y/o ducha para bañarse",No tiene,,"Condición de exclusividad del servicio higiénico, inodoro o escusado | De uso exclusivo del hogar",1036
censo_ind_condiciones_vida_5_2_no_tiene_condicion_de_exclusividad_del_servicio_higienico_inodoro_o_escusado_no_tiene,condiciones_vida,5.2,"Hogares por condición de exclusividad del servicio higienico o escusado, según provincia, cantón, parroquia de residencia y condición de exclusividad de las instalaciones y/o ducha para bañarse",No tiene,,"Condición de exclusividad del servicio higiénico, inodoro o escusado | No tiene",1028
censo_ind_condiciones_vida_5_2_no_tiene_numero_total_de_hogares,condiciones_vida,5.2,"Hogares por condición de exclusividad del servicio higienico o escusado, según provincia, cantón, parroquia de residencia y condición de exclusividad de las instalaciones y/o ducha para bañarse",No tiene,,Número total de hogares,1039
censo_ind_condiciones_vida_5_2_total_geografia_condicion_de_exclusividad_del_servicio_higienico_inodoro_o_escusado_compartido_con_varios_hogares,condiciones_vida,5.2,"Hogares por condición de exclusividad del servicio higienico o escusado, según provincia, cantón, parroquia de residencia y condición de exclusividad de las instalaciones y/o ducha para bañarse",Total 10 de Agosto,,"Condición de exclusividad del servicio higiénico, inodoro o escusado | Compartido con varios hogares",1022
censo_ind_condiciones_vida_5_2_total_geografia_condicion_de_exclusividad_del_servicio_higienico_inodoro_o_escusado_de_uso_exclusivo_del_hogar,condiciones_vida,5.2,"Hogares por condición de exclusividad del servicio higienico o escusado, según provincia, cantón, parroquia de residencia y condición de exclusividad de las instalaciones y/o ducha para bañarse",Total 10 de Agosto,,"Condición de exclusividad del servicio higiénico, inodoro o escusado | De uso exclusivo del hogar",1042
censo_ind_condiciones_vida_5_2_total_geografia_condicion_de_exclusividad_del_servicio_higienico_inodoro_o_escusado_no_tiene,condiciones_vida,5.2,"Hogares por condición de exclusividad del servicio higienico o escusado, según provincia, cantón, parroquia de residencia y condición de exclusividad de las instalaciones y/o ducha para bañarse",Total 10 de Agosto,,"Condición de exclusividad del servicio higiénico, inodoro o escusado | No tiene",1034
censo_ind_condiciones_vida_5_2_total_geografia_numero_total_de_hogares,condiciones_vida,5.2,"Hogares por condición de exclusividad del servicio higienico o escusado, según provincia, cantón, parroquia de residencia y condición de exclusividad de las instalaciones y/o ducha para bañarse",Total 10 de Agosto,,Número total de hogares,1042
censo_ind_condiciones_vida_6_2_la_beben_tal_como_llega_al_hogar_fuente_de_abastecimiento_de_agua_de_la_vivienda_juntas_de_agua_organizaciones_comunitarias_gad_parroquial,condiciones_vida,6.2,"Hogares por fuente de abastecimiento de agua de la vivienda, según  provincia, cantón, parroquia de residencia y tratamiento que realizan al agua para beber","La beben, tal como llega al hogar",,Fuente de abastecimiento de agua de la vivienda | Juntas de agua/Organizaciones comunitarias/GAD parroquial,1016
censo_ind_condiciones_vida_6_2_la_beben_tal_como_llega_al_hogar_fuente_de_abastecimiento_de_agua_de_la_vivienda_otras_fuentes_rio_vertiente_canal_grieta_o_agua_lluvia,condiciones_vida,6.2,"Hogares por fuente de abastecimiento de agua de la vivienda, según  provincia, cantón, parroquia de residencia y tratamiento que realizan al agua para beber","La beben, tal como llega al hogar",,"Fuente de abastecimiento de agua de la vivienda | Otras fuentes (río, vertiente, canal, grieta o agua lluvia)",1032
censo_ind_condiciones_vida_6_2_la_beben_tal_como_llega_al_hogar_numero_total_de_hogares,condiciones_vida,6.2,"Hogares por fuente de abastecimiento de agua de la vivienda, según  provincia, cantón, parroquia de residencia y tratamiento que realizan al agua para beber","La beben, tal como llega al hogar",,Número total de hogares,1042
censo_ind_condiciones_vida_6_2_la_compran_agua_envasada_en_bidon_botella_o_funda_numero_total_de_hogares,condiciones_vida,6.2,"Hogares por fuente de abastecimiento de agua de la vivienda, según  provincia, cantón, parroquia de residencia y tratamiento que realizan al agua para beber","La compran (agua envasada en bidón, botella o funda)",,Número total de hogares,1024
censo_ind_condiciones_vida_6_2_la_hierven_fuente_de_abastecimiento_de_agua_de_la_vivienda_juntas_de_agua_organizaciones_comunitarias_gad_parroquial,condiciones_vida,6.2,"Hogares por fuente de abastecimiento de agua de la vivienda, según  provincia, cantón, parroquia de residencia y tratamiento que realizan al agua para beber",La hierven,,Fuente de abastecimiento de agua de la vivienda | Juntas de agua/Organizaciones comunitarias/GAD parroquial,1014
censo_ind_condiciones_vida_6_2_la_hierven_fuente_de_abastecimiento_de_agua_de_la_vivienda_otras_fuentes_rio_vertiente_canal_grieta_o_agua_lluvia,condiciones_vida,6.2,"Hogares por fuente de abastecimiento de agua de la vivienda, según  provincia, cantón, parroquia de residencia y tratamiento que realizan al agua para beber",La hierven,,"Fuente de abastecimiento de agua de la vivienda | Otras fuentes (río, vertiente, canal, grieta o agua lluvia)",1022
censo_ind_condiciones_vida_6_2_la_hierven_numero_total_de_hogares,condiciones_vida,6.2,"Hogares por fuente de abastecimiento de agua de la vivienda, según  provincia, cantón, parroquia de residencia y tratamiento que realizan al agua para beber",La hierven,,Número total de hogares,1041
censo_ind_condiciones_vida_6_2_total_geografia_fuente_de_abastecimiento_de_agua_de_la_vivienda_empresa_publica_municipio,condiciones_vida,6.2,"Hogares por fuente de abastecimiento de agua de la vivienda, según  provincia, cantón, parroquia de residencia y tratamiento que realizan al agua para beber",Total 10 de Agosto,,Fuente de abastecimiento de agua de la vivienda | Empresa pública/Municipio,1015
censo_ind_condiciones_vida_6_2_total_geografia_fuente_de_abastecimiento_de_agua_de_la_vivienda_juntas_de_agua_organizaciones_comunitarias_gad_parroquial,condiciones_vida,6.2,"Hogares por fuente de abastecimiento de agua de la vivienda, según  provincia, cantón, parroquia de residencia y tratamiento que realizan al agua para beber",Total 10 de Agosto,,Fuente de abastecimiento de agua de la vivienda | Juntas de agua/Organizaciones comunitarias/GAD parroquial,1033
censo_ind_condiciones_vida_6_2_total_geografia_fuente_de_abastecimiento_de_agua_de_la_vivienda_otras_fuentes_rio_vertiente_canal_grieta_o_agua_lluvia,condiciones_vida,6.2,"Hogares por fuente de abastecimiento de agua de la vivienda, según  provincia, cantón, parroquia de residencia y tratamiento que realizan al agua para beber",Total 10 de Agosto,,"Fuente de abastecimiento de agua de la vivienda | Otras fuentes (río, vertiente, canal, grieta o agua lluvia)",1041
censo_ind_condiciones_vida_6_2_total_geografia_numero_total_de_hogares,condiciones_vida,6.2,"Hogares por fuente de abastecimiento de agua de la vivienda, según  provincia, cantón, parroquia de residencia y tratamiento que realizan al agua para beber",Total 10 de Agosto,,Número total de hogares,1042
censo_ind_condiciones_vivienda_10_2_1_hogar_numero_total_de_viviendas_particulares_ocupadas,condiciones_vivienda,10.2,"Viviendas particulares ocupadas  por tipo de vivienda, según provincia, cantón, parroquia y número de hogares en la vivienda",1 hogar,,Número total de viviendas particulares ocupadas,1042
censo_ind_condiciones_vivienda_10_2_1_hogar_tipo_de_vivienda_casa_o_villa,condiciones_vivienda,10.2,"Viviendas particulares ocupadas  por tipo de vivienda, según provincia, cantón, parroquia y número de hogares en la vivienda",1 hogar,,Tipo de vivienda | Casa o villa,1042
censo_ind_condiciones_vivienda_10_2_1_hogar_tipo_de_vivienda_mediagua,condiciones_vivienda,10.2,"Viviendas particulares ocupadas  por tipo de vivienda, según provincia, cantón, parroquia y número de hogares en la vivienda",1 hogar,,Tipo de vivienda | Mediagua,1027
censo_ind_condiciones_vivienda_10_2_2_hogares_numero_total_de_viviendas_particulares_ocupadas,condiciones_vivienda,10.2,"Viviendas particulares ocupadas  por tipo de vivienda, según provincia, cantón, parroquia y número de hogares en la vivienda",2 hogares,,Número total de viviendas particulares ocupadas,1019
censo_ind_condiciones_vivienda_10_2_2_hogares_tipo_de_vivienda_casa_o_villa,condiciones_vivienda,10.2,"Viviendas particulares ocupadas  por tipo de vivienda, según provincia, cantón, parroquia y número de hogares en la vivienda",2 hogares,,Tipo de vivienda | Casa o villa,1012
censo_ind_condiciones_vivienda_10_2_total_geografia_numero_total_de_viviendas_particulares_ocupadas,condiciones_vivienda,10.2,"Viviendas particulares ocupadas  por tipo de vivienda, según provincia, cantón, parroquia y número de hogares en la vivienda",Total 10 de Agosto,,Número total de viviendas particulares ocupadas,1042
censo_ind_condiciones_vivienda_10_2_total_geografia_tipo_de_vivienda_casa_o_villa,condiciones_vivienda,10.2,"Viviendas particulares ocupadas  por tipo de vivienda, según provincia, cantón, parroquia y número de hogares en la vivienda",Total 10 de Agosto,,Tipo de vivienda | Casa o villa,1042
censo_ind_condiciones_vivienda_10_2_total_geografia_tipo_de_vivienda_mediagua,condiciones_vivienda,10.2,"Viviendas particulares ocupadas  por tipo de vivienda, según provincia, cantón, parroquia y número de hogares en la vivienda",Total 10 de Agosto,,Tipo de vivienda | Mediagua,1027
censo_ind_condiciones_vivienda_1_2_numero_total_de_viviendas,condiciones_vivienda,1.2,"Viviendas por tipo de vivienda (particulares  y colectivas) y condición de ocupación, según provincia, cantón y parroquia",,,Número total de viviendas,1042
censo_ind_condiciones_vivienda_1_2_tipo_de_vivienda_viviendas_particulares_de_temporada_o_vacacional,condiciones_vivienda,1.2,"Viviendas por tipo de vivienda (particulares  y colectivas) y condición de ocupación, según provincia, cantón y parroquia",,,Tipo de vivienda | Viviendas particulares | De temporada o vacacional,1042
censo_ind_condiciones_vivienda_1_2_tipo_de_vivienda_viviendas_particulares_desocupada,condiciones_vivienda,1.2,"Viviendas por tipo de vivienda (particulares  y colectivas) y condición de ocupación, según provincia, cantón y parroquia",,,Tipo de vivienda | Viviendas particulares | Desocupada,1042
censo_ind_condiciones_vivienda_1_2_tipo_de_vivienda_viviendas_particulares_en_construccion,condiciones_vivienda,1.2,"Viviendas por tipo de vivienda (particulares  y colectivas) y condición de ocupación, según provincia, cantón y parroquia",,,Tipo de vivienda | Viviendas particulares | En construcción,1022
censo_ind_condiciones_vivienda_1_2_tipo_de_vivienda_viviendas_particulares_ocupada_con_personas_ausentes,condiciones_vivienda,1.2,"Viviendas por tipo de vivienda (particulares  y colectivas) y condición de ocupación, según provincia, cantón y parroquia",,,Tipo de vivienda | Viviendas particulares | Ocupada con personas ausentes,1012
censo_ind_condiciones_vivienda_1_2_tipo_de_vivienda_viviendas_particulares_ocupada_con_personas_presentes,condiciones_vivienda,1.2,"Viviendas por tipo de vivienda (particulares  y colectivas) y condición de ocupación, según provincia, cantón y parroquia",,,Tipo de vivienda | Viviendas particulares | Ocupada con personas presentes,1042
censo_ind_condiciones_vivienda_1_2_tipo_de_vivienda_viviendas_particulares_total_viviendas_particulares,condiciones_vivienda,1.2,"Viviendas por tipo de vivienda (particulares  y colectivas) y condición de ocupación, según provincia, cantón y parroquia",,,Tipo de vivienda | Viviendas particulares | Total viviendas particulares,1042
censo_ind_condiciones_vivienda_3_2_numero_total_de_viviendas_particulares,condiciones_vivienda,3.2,"Viviendas particulares por tipo de vivienda, según provincia, cantón y parroquia",,,Número total de viviendas particulares,1042
censo_ind_condiciones_vivienda_3_2_tipo_de_vivienda_casa_o_villa,condiciones_vivienda,3.2,"Viviendas particulares por tipo de vivienda, según provincia, cantón y parroquia",,,Tipo de vivienda | Casa o villa,1042
censo_ind_condiciones_vivienda_3_2_tipo_de_vivienda_mediagua,condiciones_vivienda,3.2,"Viviendas particulares por tipo de vivienda, según provincia, cantón y parroquia",,,Tipo de vivienda | Mediagua,1033
censo_ind_condiciones_vivienda_4_2_fibrocemento_asbesto_eternit_eurolit_numero_total_de_viviendas_particulares_ocupadas,condiciones_vivienda,4.2,"Viviendas particulares ocupadas por tipo de vivienda, según provincia, cantón, parroquia y material  predominante del techo","Fibrocemento, asbesto (eternit, eurolit)",,Número total de viviendas particulares ocupadas,1010
censo_ind_condiciones_vivienda_4_2_fibrocemento_asbesto_eternit_eurolit_tipo_de_vivienda_casa_o_villa,condiciones_vivienda,4.2,"Viviendas particulares ocupadas por tipo de vivienda, según provincia, cantón, parroquia y material  predominante del techo","Fibrocemento, asbesto (eternit, eurolit)",,Tipo de vivienda | Casa o villa,1000
censo_ind_condiciones_vivienda_4_2_hormigon_losa_cemento_numero_total_de_viviendas_particulares_ocupadas,condiciones_vivienda,4.2,"Viviendas particulares ocupadas por tipo de vivienda, según provincia, cantón, parroquia y material  predominante del techo","Hormigón (losa, cemento)",,Número total de viviendas particulares ocupadas,1025
censo_ind_condiciones_vivienda_4_2_hormigon_losa_cemento_tipo_de_vivienda_casa_o_villa,condiciones_vivienda,4.2,"Viviendas particulares ocupadas por tipo de vivienda, según provincia, cantón, parroquia y material  predominante del techo","Hormigón (losa, cemento)",,Tipo de vivienda | Casa o villa,1023
censo_ind_condiciones_vivienda_4_2_teja_numero_total_de_viviendas_particulares_ocupadas,condiciones_vivienda,4.2,"Viviendas particulares ocupadas por tipo de vivienda, según provincia, cantón, parroquia y material  predominante del techo",Teja,,Número total de viviendas particulares ocupadas,1002
censo_ind_condiciones_vivienda_4_2_teja_tipo_de_vivienda_casa_o_villa,condiciones_vivienda,4.2,"Viviendas particulares ocupadas por tipo de vivienda, según provincia, cantón, parroquia y material  predominante del techo",Teja,,Tipo de vivienda | Casa o villa,994
censo_ind_condiciones_vivienda_4_2_total_geografia_numero_total_de_viviendas_particulares_ocupadas,condiciones_vivienda,4.2,"Viviendas particulares ocupadas por tipo de vivienda, según provincia, cantón, parroquia y material  predominante del techo",Total 10 de Agosto,,Número total de viviendas particulares ocupadas,1042
censo_ind_condiciones_vivienda_4_2_total_geografia_tipo_de_vivienda_casa_o_villa,condiciones_vivienda,4.2,"Viviendas particulares ocupadas por tipo de vivienda, según provincia, cantón, parroquia y material  predominante del techo",Total 10 de Agosto,,Tipo de vivienda | Casa o villa,1042
censo_ind_condiciones_vivienda_4_2_total_geografia_tipo_de_vivienda_mediagua,condiciones_vivienda,4.2,"Viviendas particulares ocupadas por tipo de vivienda, según provincia, cantón, parroquia y material  predominante del techo",Total 10 de Agosto,,Tipo de vivienda | Mediagua,1027
censo_ind_condiciones_vivienda_4_2_zinc_aluminio_lamina_o_plancha_metalica_numero_total_de_viviendas_particulares_ocupadas,condiciones_vivienda,4.2,"Viviendas particulares ocupadas por tipo de vivienda, según provincia, cantón, parroquia y material  predominante del techo","Zinc, aluminio (lámina o plancha metálica)",,Número total de viviendas particulares ocupadas,1042
censo_ind_condiciones_vivienda_4_2_zinc_aluminio_lamina_o_plancha_metalica_tipo_de_vivienda_casa_o_villa,condiciones_vivienda,4.2,"Viviendas particulares ocupadas por tipo de vivienda, según provincia, cantón, parroquia y material  predominante del techo","Zinc, aluminio (lámina o plancha metálica)",,Tipo de vivienda | Casa o villa,1042
censo_ind_condiciones_vivienda_4_2_zinc_aluminio_lamina_o_plancha_metalica_tipo_de_vivienda_mediagua,condiciones_vivienda,4.2,"Viviendas particulares ocupadas por tipo de vivienda, según provincia, cantón, parroquia y material  predominante del techo","Zinc, aluminio (lámina o plancha metálica)",,Tipo de vivienda | Mediagua,1008
censo_ind_condiciones_vivienda_5_2_hormigon_numero_total_de_viviendas_particulares_ocupadas,condiciones_vivienda,5.2,"Viviendas particulares ocupadas por tipo de vivienda, según provincia, cantón, parroquia y material predominante de las paredes exteriores",Hormigón,,Número total de viviendas particulares ocupadas,1011
censo_ind_condiciones_vivienda_5_2_hormigon_tipo_de_vivienda_casa_o_villa,condiciones_vivienda,5.2,"Viviendas particulares ocupadas por tipo de vivienda, según provincia, cantón, parroquia y material predominante de las paredes exteriores",Hormigón,,Tipo de vivienda | Casa o villa,1006
censo_ind_condiciones_vivienda_5_2_ladrillo_o_bloque_numero_total_de_viviendas_particulares_ocupadas,condiciones_vivienda,5.2,"Viviendas particulares ocupadas por tipo de vivienda, según provincia, cantón, parroquia y material predominante de las paredes exteriores",Ladrillo o bloque,,Número total de viviendas particulares ocupadas,1040
censo_ind_condiciones_vivienda_5_2_ladrillo_o_bloque_tipo_de_vivienda_casa_o_villa,condiciones_vivienda,5.2,"Viviendas particulares ocupadas por tipo de vivienda, según provincia, cantón, parroquia y material predominante de las paredes exteriores",Ladrillo o bloque,,Tipo de vivienda | Casa o villa,1040
censo_ind_condiciones_vivienda_5_2_madera_numero_total_de_viviendas_particulares_ocupadas,condiciones_vivienda,5.2,"Viviendas particulares ocupadas por tipo de vivienda, según provincia, cantón, parroquia y material predominante de las paredes exteriores",Madera,,Número total de viviendas particulares ocupadas,1032
censo_ind_condiciones_vivienda_5_2_madera_tipo_de_vivienda_casa_o_villa,condiciones_vivienda,5.2,"Viviendas particulares ocupadas por tipo de vivienda, según provincia, cantón, parroquia y material predominante de las paredes exteriores",Madera,,Tipo de vivienda | Casa o villa,992
censo_ind_condiciones_vivienda_5_2_total_geografia_numero_total_de_viviendas_particulares_ocupadas,condiciones_vivienda,5.2,"Viviendas particulares ocupadas por tipo de vivienda, según provincia, cantón, parroquia y material predominante de las paredes exteriores",Total 10 de Agosto,,Número total de viviendas particulares ocupadas,1042
censo_ind_condiciones_vivienda_5_2_total_geografia_tipo_de_vivienda_casa_o_villa,condiciones_vivienda,5.2,"Viviendas particulares ocupadas por tipo de vivienda, según provincia, cantón, parroquia y material predominante de las paredes exteriores",Total 10 de Agosto,,Tipo de vivienda | Casa o villa,1042
censo_ind_condiciones_vivienda_5_2_total_geografia_tipo_de_vivienda_mediagua,condiciones_vivienda,5.2,"Viviendas particulares ocupadas por tipo de vivienda, según provincia, cantón, parroquia y material predominante de las paredes exteriores",Total 10 de Agosto,,Tipo de vivienda | Mediagua,1027
censo_ind_condiciones_vivienda_6_2_ceramica_baldosa_vinil_o_porcelanato_numero_total_de_viviendas_particulares_ocupadas,condiciones_vivienda,6.2,"Viviendas particulares ocupadas por tipo de vivienda, según provincia, cantón, parroquia y material  predominante del piso","Cerámica, baldosa, vinil o porcelanato",,Número total de viviendas particulares ocupadas,1035
censo_ind_condiciones_vivienda_6_2_ceramica_baldosa_vinil_o_porcelanato_tipo_de_vivienda_casa_o_villa,condiciones_vivienda,6.2,"Viviendas particulares ocupadas por tipo de vivienda, según provincia, cantón, parroquia y material  predominante del piso","Cerámica, baldosa, vinil o porcelanato",,Tipo de vivienda | Casa o villa,1035
censo_ind_condiciones_vivienda_6_2_ladrillo_o_cemento_numero_total_de_viviendas_particulares_ocupadas,condiciones_vivienda,6.2,"Viviendas particulares ocupadas por tipo de vivienda, según provincia, cantón, parroquia y material  predominante del piso",Ladrillo o cemento,,Número total de viviendas particulares ocupadas,1038
censo_ind_condiciones_vivienda_6_2_ladrillo_o_cemento_tipo_de_vivienda_casa_o_villa,condiciones_vivienda,6.2,"Viviendas particulares ocupadas por tipo de vivienda, según provincia, cantón, parroquia y material  predominante del piso",Ladrillo o cemento,,Tipo de vivienda | Casa o villa,1038
censo_ind_condiciones_vivienda_6_2_tabla_sin_tratar_numero_total_de_viviendas_particulares_ocupadas,condiciones_vivienda,6.2,"Viviendas particulares ocupadas por tipo de vivienda, según provincia, cantón, parroquia y material  predominante del piso",Tabla sin tratar,,Número total de viviendas particulares ocupadas,1038
censo_ind_condiciones_vivienda_6_2_tabla_sin_tratar_tipo_de_vivienda_casa_o_villa,condiciones_vivienda,6.2,"Viviendas particulares ocupadas por tipo de vivienda, según provincia, cantón, parroquia y material  predominante del piso",Tabla sin tratar,,Tipo de vivienda | Casa o villa,1035
censo_ind_condiciones_vivienda_6_2_tierra_numero_total_de_viviendas_particulares_ocupadas,condiciones_vivienda,6.2,"Viviendas particulares ocupadas por tipo de vivienda, según provincia, cantón, parroquia y material  predominante del piso",Tierra,,Número total de viviendas particulares ocupadas,1010
censo_ind_condiciones_vivienda_6_2_total_geografia_numero_total_de_viviendas_particulares_ocupadas,condiciones_vivienda,6.2,"Viviendas particulares ocupadas por tipo de vivienda, según provincia, cantón, parroquia y material  predominante del piso",Total 10 de Agosto,,Número total de viviendas particulares ocupadas,1042
censo_ind_condiciones_vivienda_6_2_total_geografia_tipo_de_vivienda_casa_o_villa,condiciones_vivienda,6.2,"Viviendas particulares ocupadas por tipo de vivienda, según provincia, cantón, parroquia y material  predominante del piso",Total 10 de Agosto,,Tipo de vivienda | Casa o villa,1042
censo_ind_condiciones_vivienda_6_2_total_geografia_tipo_de_vivienda_mediagua,condiciones_vivienda,6.2,"Viviendas particulares ocupadas por tipo de vivienda, según provincia, cantón, parroquia y material  predominante del piso",Total 10 de Agosto,,Tipo de vivienda | Mediagua,1027
censo_ind_condiciones_vivienda_7_2_bueno_numero_total_de_viviendas_particulares_ocupadas,condiciones_vivienda,7.2,"Viviendas particulares ocupadas con personas presentes por material predominante del techo, según provincia, cantón, parroquia y estado del techo",Bueno,,Número total de viviendas particulares ocupadas,1042
censo_ind_condiciones_vivienda_7_2_bueno_tipo_de_vivienda_casa_o_villa,condiciones_vivienda,7.2,"Viviendas particulares ocupadas con personas presentes por material predominante del techo, según provincia, cantón, parroquia y estado del techo",Bueno,,Tipo de vivienda | Casa o villa,1042
censo_ind_condiciones_vivienda_7_2_malo_numero_total_de_viviendas_particulares_ocupadas,condiciones_vivienda,7.2,"Viviendas particulares ocupadas con personas presentes por material predominante del techo, según provincia, cantón, parroquia y estado del techo",Malo,,Número total de viviendas particulares ocupadas,1042
censo_ind_condiciones_vivienda_7_2_malo_tipo_de_vivienda_casa_o_villa,condiciones_vivienda,7.2,"Viviendas particulares ocupadas con personas presentes por material predominante del techo, según provincia, cantón, parroquia y estado del techo",Malo,,Tipo de vivienda | Casa o villa,1037
censo_ind_condiciones_vivienda_7_2_regular_numero_total_de_viviendas_particulares_ocupadas,condiciones_vivienda,7.2,"Viviendas particulares ocupadas con personas presentes por material predominante del techo, según provincia, cantón, parroquia y estado del techo",Regular,,Número total de viviendas particulares ocupadas,1042
censo_ind_condiciones_vivienda_7_2_regular_tipo_de_vivienda_casa_o_villa,condiciones_vivienda,7.2,"Viviendas particulares ocupadas con personas presentes por material predominante del techo, según provincia, cantón, parroquia y estado del techo",Regular,,Tipo de vivienda | Casa o villa,1042
censo_ind_condiciones_vivienda_7_2_regular_tipo_de_vivienda_mediagua,condiciones_vivienda,7.2,"Viviendas particulares ocupadas con personas presentes por material predominante del techo, según provincia, cantón, parroquia y estado del techo",Regular,,Tipo de vivienda | Mediagua,1010
censo_ind_condiciones_vivienda_7_2_total_geografia_numero_total_de_viviendas_particulares_ocupadas,condiciones_vivienda,7.2,"Viviendas particulares ocupadas con personas presentes por material predominante del techo, según provincia, cantón, parroquia y estado del techo",Total 10 de Agosto,,Número total de viviendas particulares ocupadas,1042
censo_ind_condiciones_vivienda_7_2_total_geografia_tipo_de_vivienda_casa_o_villa,condiciones_vivienda,7.2,"Viviendas particulares ocupadas con personas presentes por material predominante del techo, según provincia, cantón, parroquia y estado del techo",Total 10 de Agosto,,Tipo de vivienda | Casa o villa,1042
censo_ind_condiciones_vivienda_7_2_total_geografia_tipo_de_vivienda_mediagua,condiciones_vivienda,7.2,"Viviendas particulares ocupadas con personas presentes por material predominante del techo, según provincia, cantón, parroquia y estado del techo",Total 10 de Agosto,,Tipo de vivienda | Mediagua,1027
censo_ind_condiciones_vivienda_8_2_bueno_numero_total_de_viviendas_particulares_ocupadas,condiciones_vivienda,8.2,"Viviendas particulares  ocupadas con personas presentes por material predominante de  las paredes exteriores de la vivienda, según provincia, cantón, parroquia y estado de las paredes  exteriores",Bueno,,Número total de viviendas particulares ocupadas,1041
censo_ind_condiciones_vivienda_8_2_bueno_tipo_de_vivienda_casa_o_villa,condiciones_vivienda,8.2,"Viviendas particulares  ocupadas con personas presentes por material predominante de  las paredes exteriores de la vivienda, según provincia, cantón, parroquia y estado de las paredes  exteriores",Bueno,,Tipo de vivienda | Casa o villa,1041
censo_ind_condiciones_vivienda_8_2_malo_numero_total_de_viviendas_particulares_ocupadas,condiciones_vivienda,8.2,"Viviendas particulares  ocupadas con personas presentes por material predominante de  las paredes exteriores de la vivienda, según provincia, cantón, parroquia y estado de las paredes  exteriores",Malo,,Número total de viviendas particulares ocupadas,1042
censo_ind_condiciones_vivienda_8_2_malo_tipo_de_vivienda_casa_o_villa,condiciones_vivienda,8.2,"Viviendas particulares  ocupadas con personas presentes por material predominante de  las paredes exteriores de la vivienda, según provincia, cantón, parroquia y estado de las paredes  exteriores",Malo,,Tipo de vivienda | Casa o villa,1039
censo_ind_condiciones_vivienda_8_2_regular_numero_total_de_viviendas_particulares_ocupadas,condiciones_vivienda,8.2,"Viviendas particulares  ocupadas con personas presentes por material predominante de  las paredes exteriores de la vivienda, según provincia, cantón, parroquia y estado de las paredes  exteriores",Regular,,Número total de viviendas particulares ocupadas,1042
censo_ind_condiciones_vivienda_8_2_regular_tipo_de_vivienda_casa_o_villa,condiciones_vivienda,8.2,"Viviendas particulares  ocupadas con personas presentes por material predominante de  las paredes exteriores de la vivienda, según provincia, cantón, parroquia y estado de las paredes  exteriores",Regular,,Tipo de vivienda | Casa o villa,1042
censo_ind_condiciones_vivienda_8_2_regular_tipo_de_vivienda_mediagua,condiciones_vivienda,8.2,"Viviendas particulares  ocupadas con personas presentes por material predominante de  las paredes exteriores de la vivienda, según provincia, cantón, parroquia y estado de las paredes  exteriores",Regular,,Tipo de vivienda | Mediagua,1012
censo_ind_condiciones_vivienda_8_2_total_geografia_numero_total_de_viviendas_particulares_ocupadas,condiciones_vivienda,8.2,"Viviendas particulares  ocupadas con personas presentes por material predominante de  las paredes exteriores de la vivienda, según provincia, cantón, parroquia y estado de las paredes  exteriores",Total 10 de Agosto,,Número total de viviendas particulares ocupadas,1042
censo_ind_condiciones_vivienda_8_2_total_geografia_tipo_de_vivienda_casa_o_villa,condiciones_vivienda,8.2,"Viviendas particulares  ocupadas con personas presentes por material predominante de  las paredes exteriores de la vivienda, según provincia, cantón, parroquia y estado de las paredes  exteriores",Total 10 de Agosto,,Tipo de vivienda | Casa o villa,1042
censo_ind_condiciones_vivienda_8_2_total_geografia_tipo_de_vivienda_mediagua,condiciones_vivienda,8.2,"Viviendas particulares  ocupadas con personas presentes por material predominante de  las paredes exteriores de la vivienda, según provincia, cantón, parroquia y estado de las paredes  exteriores",Total 10 de Agosto,,Tipo de vivienda | Mediagua,1027
censo_ind_condiciones_vivienda_9_2_bueno_numero_total_de_viviendas_particulares_ocupadas,condiciones_vivienda,9.2,"Viviendas particulares  ocupadas con personas presentes por material predominante del piso de la vivienda, según provincia, cantón, parroquia y estado del piso",Bueno,,Número total de viviendas particulares ocupadas,1042
censo_ind_condiciones_vivienda_9_2_bueno_tipo_de_vivienda_casa_o_villa,condiciones_vivienda,9.2,"Viviendas particulares  ocupadas con personas presentes por material predominante del piso de la vivienda, según provincia, cantón, parroquia y estado del piso",Bueno,,Tipo de vivienda | Casa o villa,1042
censo_ind_condiciones_vivienda_9_2_malo_numero_total_de_viviendas_particulares_ocupadas,condiciones_vivienda,9.2,"Viviendas particulares  ocupadas con personas presentes por material predominante del piso de la vivienda, según provincia, cantón, parroquia y estado del piso",Malo,,Número total de viviendas particulares ocupadas,1042
censo_ind_condiciones_vivienda_9_2_malo_tipo_de_vivienda_casa_o_villa,condiciones_vivienda,9.2,"Viviendas particulares  ocupadas con personas presentes por material predominante del piso de la vivienda, según provincia, cantón, parroquia y estado del piso",Malo,,Tipo de vivienda | Casa o villa,1039
censo_ind_condiciones_vivienda_9_2_regular_numero_total_de_viviendas_particulares_ocupadas,condiciones_vivienda,9.2,"Viviendas particulares  ocupadas con personas presentes por material predominante del piso de la vivienda, según provincia, cantón, parroquia y estado del piso",Regular,,Número total de viviendas particulares ocupadas,1042
censo_ind_condiciones_vivienda_9_2_regular_tipo_de_vivienda_casa_o_villa,condiciones_vivienda,9.2,"Viviendas particulares  ocupadas con personas presentes por material predominante del piso de la vivienda, según provincia, cantón, parroquia y estado del piso",Regular,,Tipo de vivienda | Casa o villa,1041
censo_ind_condiciones_vivienda_9_2_regular_tipo_de_vivienda_mediagua,condiciones_vivienda,9.2,"Viviendas particulares  ocupadas con personas presentes por material predominante del piso de la vivienda, según provincia, cantón, parroquia y estado del piso",Regular,,Tipo de vivienda | Mediagua,1009
censo_ind_condiciones_vivienda_9_2_total_geografia_numero_total_de_viviendas_particulares_ocupadas,condiciones_vivienda,9.2,"Viviendas particulares  ocupadas con personas presentes por material predominante del piso de la vivienda, según provincia, cantón, parroquia y estado del piso",Total 10 de Agosto,,Número total de viviendas particulares ocupadas,1042
censo_ind_condiciones_vivienda_9_2_total_geografia_tipo_de_vivienda_casa_o_villa,condiciones_vivienda,9.2,"Viviendas particulares  ocupadas con personas presentes por material predominante del piso de la vivienda, según provincia, cantón, parroquia y estado del piso",Total 10 de Agosto,,Tipo de vivienda | Casa o villa,1042
censo_ind_condiciones_vivienda_9_2_total_geografia_tipo_de_vivienda_mediagua,condiciones_vivienda,9.2,"Viviendas particulares  ocupadas con personas presentes por material predominante del piso de la vivienda, según provincia, cantón, parroquia y estado del piso",Total 10 de Agosto,,Tipo de vivienda | Mediagua,1027
censo_ind_dificultades_funcionales_sin_numero_85_o_mas_condicion_de_dificultad_funcional_permanente_con_dificultad_funcional_permanente_sexo_al_nacer_hombres,dificultades_funcionales,,"Población de 5 años o más por condición de dificultad funcional permanente y sexo al nacer, según provincia, cantón, parroquia de residencia y grupos quinquenales de edad",85 o más,,Condición de dificultad funcional permanente | Con dificultad funcional permanente | Sexo al nacer | Hombres,1008
censo_ind_dificultades_funcionales_sin_numero_85_o_mas_condicion_de_dificultad_funcional_permanente_con_dificultad_funcional_permanente_sexo_al_nacer_mujeres,dificultades_funcionales,,"Población de 5 años o más por condición de dificultad funcional permanente y sexo al nacer, según provincia, cantón, parroquia de residencia y grupos quinquenales de edad",85 o más,,Condición de dificultad funcional permanente | Con dificultad funcional permanente | Sexo al nacer | Mujeres,1007
censo_ind_dificultades_funcionales_sin_numero_85_o_mas_condicion_de_dificultad_funcional_permanente_con_dificultad_funcional_permanente_sexo_al_nacer_numero_total_de_personas_con_mucha_o_total_dificultad_o_limitacion_permanente_en_una_o_mas_esferas_de_funcionamiento,dificultades_funcionales,,"Población de 5 años o más por condición de dificultad funcional permanente y sexo al nacer, según provincia, cantón, parroquia de residencia y grupos quinquenales de edad",85 o más,,Condición de dificultad funcional permanente | Con dificultad funcional permanente | Sexo al nacer | Número total de personas con mucha o total dificultad o limitación permanente en una o más esferas de funcionamiento,1034
censo_ind_dificultades_funcionales_sin_numero_85_o_mas_condicion_de_dificultad_funcional_permanente_no_especificado_sexo_al_nacer_numero_total_de_personas_que_no_especificaron_condicion_de_dificultad_o_limitacion_permanente,dificultades_funcionales,,"Población de 5 años o más por condición de dificultad funcional permanente y sexo al nacer, según provincia, cantón, parroquia de residencia y grupos quinquenales de edad",85 o más,,Condición de dificultad funcional permanente | No especificado | Sexo al nacer | Número total de personas que no especificaron condición de dificultad o limitación permanente,1034
censo_ind_dificultades_funcionales_sin_numero_85_o_mas_condicion_de_dificultad_funcional_permanente_sin_dificultad_funcional_permanente_sexo_al_nacer_numero_total_de_personas_sin_dificultad_o_limitacion_permanente,dificultades_funcionales,,"Población de 5 años o más por condición de dificultad funcional permanente y sexo al nacer, según provincia, cantón, parroquia de residencia y grupos quinquenales de edad",85 o más,,Condición de dificultad funcional permanente | Sin dificultad funcional permanente | Sexo al nacer | Número total de personas sin dificultad o limitación permanente,1034
censo_ind_dificultades_funcionales_sin_numero_85_o_mas_numero_total_de_personas,dificultades_funcionales,,"Población de 5 años o más por condición de dificultad funcional permanente y sexo al nacer, según provincia, cantón, parroquia de residencia y grupos quinquenales de edad",85 o más,,Número total de personas,1034
censo_ind_dificultades_funcionales_sin_numero_de_10_14_condicion_de_dificultad_funcional_permanente_con_dificultad_funcional_permanente_sexo_al_nacer_numero_total_de_personas_con_mucha_o_total_dificultad_o_limitacion_permanente_en_una_o_mas_esferas_de_funcionamiento,dificultades_funcionales,,"Población de 5 años o más por condición de dificultad funcional permanente y sexo al nacer, según provincia, cantón, parroquia de residencia y grupos quinquenales de edad",De 10-14,,Condición de dificultad funcional permanente | Con dificultad funcional permanente | Sexo al nacer | Número total de personas con mucha o total dificultad o limitación permanente en una o más esferas de funcionamiento,1042
censo_ind_dificultades_funcionales_sin_numero_de_10_14_condicion_de_dificultad_funcional_permanente_no_especificado_sexo_al_nacer_numero_total_de_personas_que_no_especificaron_condicion_de_dificultad_o_limitacion_permanente,dificultades_funcionales,,"Población de 5 años o más por condición de dificultad funcional permanente y sexo al nacer, según provincia, cantón, parroquia de residencia y grupos quinquenales de edad",De 10-14,,Condición de dificultad funcional permanente | No especificado | Sexo al nacer | Número total de personas que no especificaron condición de dificultad o limitación permanente,1042
censo_ind_dificultades_funcionales_sin_numero_de_10_14_condicion_de_dificultad_funcional_permanente_sin_dificultad_funcional_permanente_sexo_al_nacer_hombres,dificultades_funcionales,,"Población de 5 años o más por condición de dificultad funcional permanente y sexo al nacer, según provincia, cantón, parroquia de residencia y grupos quinquenales de edad",De 10-14,,Condición de dificultad funcional permanente | Sin dificultad funcional permanente | Sexo al nacer | Hombres,1042
censo_ind_dificultades_funcionales_sin_numero_de_10_14_condicion_de_dificultad_funcional_permanente_sin_dificultad_funcional_permanente_sexo_al_nacer_mujeres,dificultades_funcionales,,"Población de 5 años o más por condición de dificultad funcional permanente y sexo al nacer, según provincia, cantón, parroquia de residencia y grupos quinquenales de edad",De 10-14,,Condición de dificultad funcional permanente | Sin dificultad funcional permanente | Sexo al nacer | Mujeres,1042
censo_ind_dificultades_funcionales_sin_numero_de_10_14_condicion_de_dificultad_funcional_permanente_sin_dificultad_funcional_permanente_sexo_al_nacer_numero_total_de_personas_sin_dificultad_o_limitacion_permanente,dificultades_funcionales,,"Población de 5 años o más por condición de dificultad funcional permanente y sexo al nacer, según provincia, cantón, parroquia de residencia y grupos quinquenales de edad",De 10-14,,Condición de dificultad funcional permanente | Sin dificultad funcional permanente | Sexo al nacer | Número total de personas sin dificultad o limitación permanente,1042
censo_ind_dificultades_funcionales_sin_numero_de_10_14_numero_total_de_personas,dificultades_funcionales,,"Población de 5 años o más por condición de dificultad funcional permanente y sexo al nacer, según provincia, cantón, parroquia de residencia y grupos quinquenales de edad",De 10-14,,Número total de personas,1042
censo_ind_dificultades_funcionales_sin_numero_de_15_19_condicion_de_dificultad_funcional_permanente_con_dificultad_funcional_permanente_sexo_al_nacer_numero_total_de_personas_con_mucha_o_total_dificultad_o_limitacion_permanente_en_una_o_mas_esferas_de_funcionamiento,dificultades_funcionales,,"Población de 5 años o más por condición de dificultad funcional permanente y sexo al nacer, según provincia, cantón, parroquia de residencia y grupos quinquenales de edad",De 15-19,,Condición de dificultad funcional permanente | Con dificultad funcional permanente | Sexo al nacer | Número total de personas con mucha o total dificultad o limitación permanente en una o más esferas de funcionamiento,1042
censo_ind_dificultades_funcionales_sin_numero_de_15_19_condicion_de_dificultad_funcional_permanente_no_especificado_sexo_al_nacer_numero_total_de_personas_que_no_especificaron_condicion_de_dificultad_o_limitacion_permanente,dificultades_funcionales,,"Población de 5 años o más por condición de dificultad funcional permanente y sexo al nacer, según provincia, cantón, parroquia de residencia y grupos quinquenales de edad",De 15-19,,Condición de dificultad funcional permanente | No especificado | Sexo al nacer | Número total de personas que no especificaron condición de dificultad o limitación permanente,1042
censo_ind_dificultades_funcionales_sin_numero_de_15_19_condicion_de_dificultad_funcional_permanente_sin_dificultad_funcional_permanente_sexo_al_nacer_hombres,dificultades_funcionales,,"Población de 5 años o más por condición de dificultad funcional permanente y sexo al nacer, según provincia, cantón, parroquia de residencia y grupos quinquenales de edad",De 15-19,,Condición de dificultad funcional permanente | Sin dificultad funcional permanente | Sexo al nacer | Hombres,1042
censo_ind_dificultades_funcionales_sin_numero_de_15_19_condicion_de_dificultad_funcional_permanente_sin_dificultad_funcional_permanente_sexo_al_nacer_mujeres,dificultades_funcionales,,"Población de 5 años o más por condición de dificultad funcional permanente y sexo al nacer, según provincia, cantón, parroquia de residencia y grupos quinquenales de edad",De 15-19,,Condición de dificultad funcional permanente | Sin dificultad funcional permanente | Sexo al nacer | Mujeres,1041
censo_ind_dificultades_funcionales_sin_numero_de_15_19_condicion_de_dificultad_funcional_permanente_sin_dificultad_funcional_permanente_sexo_al_nacer_numero_total_de_personas_sin_dificultad_o_limitacion_permanente,dificultades_funcionales,,"Población de 5 años o más por condición de dificultad funcional permanente y sexo al nacer, según provincia, cantón, parroquia de residencia y grupos quinquenales de edad",De 15-19,,Condición de dificultad funcional permanente | Sin dificultad funcional permanente | Sexo al nacer | Número total de personas sin dificultad o limitación permanente,1042
censo_ind_dificultades_funcionales_sin_numero_de_15_19_numero_total_de_personas,dificultades_funcionales,,"Población de 5 años o más por condición de dificultad funcional permanente y sexo al nacer, según provincia, cantón, parroquia de residencia y grupos quinquenales de edad",De 15-19,,Número total de personas,1042
censo_ind_dificultades_funcionales_sin_numero_de_20_24_condicion_de_dificultad_funcional_permanente_con_dificultad_funcional_permanente_sexo_al_nacer_numero_total_de_personas_con_mucha_o_total_dificultad_o_limitacion_permanente_en_una_o_mas_esferas_de_funcionamiento,dificultades_funcionales,,"Población de 5 años o más por condición de dificultad funcional permanente y sexo al nacer, según provincia, cantón, parroquia de residencia y grupos quinquenales de edad",De 20-24,,Condición de dificultad funcional permanente | Con dificultad funcional permanente | Sexo al nacer | Número total de personas con mucha o total dificultad o limitación permanente en una o más esferas de funcionamiento,1042
censo_ind_dificultades_funcionales_sin_numero_de_20_24_condicion_de_dificultad_funcional_permanente_no_especificado_sexo_al_nacer_numero_total_de_personas_que_no_especificaron_condicion_de_dificultad_o_limitacion_permanente,dificultades_funcionales,,"Población de 5 años o más por condición de dificultad funcional permanente y sexo al nacer, según provincia, cantón, parroquia de residencia y grupos quinquenales de edad",De 20-24,,Condición de dificultad funcional permanente | No especificado | Sexo al nacer | Número total de personas que no especificaron condición de dificultad o limitación permanente,1042
censo_ind_dificultades_funcionales_sin_numero_de_20_24_condicion_de_dificultad_funcional_permanente_sin_dificultad_funcional_permanente_sexo_al_nacer_hombres,dificultades_funcionales,,"Población de 5 años o más por condición de dificultad funcional permanente y sexo al nacer, según provincia, cantón, parroquia de residencia y grupos quinquenales de edad",De 20-24,,Condición de dificultad funcional permanente | Sin dificultad funcional permanente | Sexo al nacer | Hombres,1042
censo_ind_dificultades_funcionales_sin_numero_de_20_24_condicion_de_dificultad_funcional_permanente_sin_dificultad_funcional_permanente_sexo_al_nacer_mujeres,dificultades_funcionales,,"Población de 5 años o más por condición de dificultad funcional permanente y sexo al nacer, según provincia, cantón, parroquia de residencia y grupos quinquenales de edad",De 20-24,,Condición de dificultad funcional permanente | Sin dificultad funcional permanente | Sexo al nacer | Mujeres,1042
censo_ind_dificultades_funcionales_sin_numero_de_20_24_condicion_de_dificultad_funcional_permanente_sin_dificultad_funcional_permanente_sexo_al_nacer_numero_total_de_personas_sin_dificultad_o_limitacion_permanente,dificultades_funcionales,,"Población de 5 años o más por condición de dificultad funcional permanente y sexo al nacer, según provincia, cantón, parroquia de residencia y grupos quinquenales de edad",De 20-24,,Condición de dificultad funcional permanente | Sin dificultad funcional permanente | Sexo al nacer | Número total de personas sin dificultad o limitación permanente,1042
censo_ind_dificultades_funcionales_sin_numero_de_20_24_numero_total_de_personas,dificultades_funcionales,,"Población de 5 años o más por condición de dificultad funcional permanente y sexo al nacer, según provincia, cantón, parroquia de residencia y grupos quinquenales de edad",De 20-24,,Número total de personas,1042
censo_ind_dificultades_funcionales_sin_numero_de_25_29_condicion_de_dificultad_funcional_permanente_con_dificultad_funcional_permanente_sexo_al_nacer_numero_total_de_personas_con_mucha_o_total_dificultad_o_limitacion_permanente_en_una_o_mas_esferas_de_funcionamiento,dificultades_funcionales,,"Población de 5 años o más por condición de dificultad funcional permanente y sexo al nacer, según provincia, cantón, parroquia de residencia y grupos quinquenales de edad",De 25-29,,Condición de dificultad funcional permanente | Con dificultad funcional permanente | Sexo al nacer | Número total de personas con mucha o total dificultad o limitación permanente en una o más esferas de funcionamiento,1042
censo_ind_dificultades_funcionales_sin_numero_de_25_29_condicion_de_dificultad_funcional_permanente_no_especificado_sexo_al_nacer_numero_total_de_personas_que_no_especificaron_condicion_de_dificultad_o_limitacion_permanente,dificultades_funcionales,,"Población de 5 años o más por condición de dificultad funcional permanente y sexo al nacer, según provincia, cantón, parroquia de residencia y grupos quinquenales de edad",De 25-29,,Condición de dificultad funcional permanente | No especificado | Sexo al nacer | Número total de personas que no especificaron condición de dificultad o limitación permanente,1042
censo_ind_dificultades_funcionales_sin_numero_de_25_29_condicion_de_dificultad_funcional_permanente_sin_dificultad_funcional_permanente_sexo_al_nacer_hombres,dificultades_funcionales,,"Población de 5 años o más por condición de dificultad funcional permanente y sexo al nacer, según provincia, cantón, parroquia de residencia y grupos quinquenales de edad",De 25-29,,Condición de dificultad funcional permanente | Sin dificultad funcional permanente | Sexo al nacer | Hombres,1042
censo_ind_dificultades_funcionales_sin_numero_de_25_29_condicion_de_dificultad_funcional_permanente_sin_dificultad_funcional_permanente_sexo_al_nacer_mujeres,dificultades_funcionales,,"Población de 5 años o más por condición de dificultad funcional permanente y sexo al nacer, según provincia, cantón, parroquia de residencia y grupos quinquenales de edad",De 25-29,,Condición de dificultad funcional permanente | Sin dificultad funcional permanente | Sexo al nacer | Mujeres,1041
censo_ind_dificultades_funcionales_sin_numero_de_25_29_condicion_de_dificultad_funcional_permanente_sin_dificultad_funcional_permanente_sexo_al_nacer_numero_total_de_personas_sin_dificultad_o_limitacion_permanente,dificultades_funcionales,,"Población de 5 años o más por condición de dificultad funcional permanente y sexo al nacer, según provincia, cantón, parroquia de residencia y grupos quinquenales de edad",De 25-29,,Condición de dificultad funcional permanente | Sin dificultad funcional permanente | Sexo al nacer | Número total de personas sin dificultad o limitación permanente,1042
censo_ind_dificultades_funcionales_sin_numero_de_25_29_numero_total_de_personas,dificultades_funcionales,,"Población de 5 años o más por condición de dificultad funcional permanente y sexo al nacer, según provincia, cantón, parroquia de residencia y grupos quinquenales de edad",De 25-29,,Número total de personas,1042
censo_ind_dificultades_funcionales_sin_numero_de_30_34_condicion_de_dificultad_funcional_permanente_con_dificultad_funcional_permanente_sexo_al_nacer_numero_total_de_personas_con_mucha_o_total_dificultad_o_limitacion_permanente_en_una_o_mas_esferas_de_funcionamiento,dificultades_funcionales,,"Población de 5 años o más por condición de dificultad funcional permanente y sexo al nacer, según provincia, cantón, parroquia de residencia y grupos quinquenales de edad",De 30-34,,Condición de dificultad funcional permanente | Con dificultad funcional permanente | Sexo al nacer | Número total de personas con mucha o total dificultad o limitación permanente en una o más esferas de funcionamiento,1042
censo_ind_dificultades_funcionales_sin_numero_de_30_34_condicion_de_dificultad_funcional_permanente_no_especificado_sexo_al_nacer_numero_total_de_personas_que_no_especificaron_condicion_de_dificultad_o_limitacion_permanente,dificultades_funcionales,,"Población de 5 años o más por condición de dificultad funcional permanente y sexo al nacer, según provincia, cantón, parroquia de residencia y grupos quinquenales de edad",De 30-34,,Condición de dificultad funcional permanente | No especificado | Sexo al nacer | Número total de personas que no especificaron condición de dificultad o limitación permanente,1042
censo_ind_dificultades_funcionales_sin_numero_de_30_34_condicion_de_dificultad_funcional_permanente_sin_dificultad_funcional_permanente_sexo_al_nacer_hombres,dificultades_funcionales,,"Población de 5 años o más por condición de dificultad funcional permanente y sexo al nacer, según provincia, cantón, parroquia de residencia y grupos quinquenales de edad",De 30-34,,Condición de dificultad funcional permanente | Sin dificultad funcional permanente | Sexo al nacer | Hombres,1041
censo_ind_dificultades_funcionales_sin_numero_de_30_34_condicion_de_dificultad_funcional_permanente_sin_dificultad_funcional_permanente_sexo_al_nacer_mujeres,dificultades_funcionales,,"Población de 5 años o más por condición de dificultad funcional permanente y sexo al nacer, según provincia, cantón, parroquia de residencia y grupos quinquenales de edad",De 30-34,,Condición de dificultad funcional permanente | Sin dificultad funcional permanente | Sexo al nacer | Mujeres,1042
censo_ind_dificultades_funcionales_sin_numero_de_30_34_condicion_de_dificultad_funcional_permanente_sin_dificultad_funcional_permanente_sexo_al_nacer_numero_total_de_personas_sin_dificultad_o_limitacion_permanente,dificultades_funcionales,,"Población de 5 años o más por condición de dificultad funcional permanente y sexo al nacer, según provincia, cantón, parroquia de residencia y grupos quinquenales de edad",De 30-34,,Condición de dificultad funcional permanente | Sin dificultad funcional permanente | Sexo al nacer | Número total de personas sin dificultad o limitación permanente,1042
censo_ind_dificultades_funcionales_sin_numero_de_30_34_numero_total_de_personas,dificultades_funcionales,,"Población de 5 años o más por condición de dificultad funcional permanente y sexo al nacer, según provincia, cantón, parroquia de residencia y grupos quinquenales de edad",De 30-34,,Número total de personas,1042
censo_ind_dificultades_funcionales_sin_numero_de_35_39_condicion_de_dificultad_funcional_permanente_con_dificultad_funcional_permanente_sexo_al_nacer_numero_total_de_personas_con_mucha_o_total_dificultad_o_limitacion_permanente_en_una_o_mas_esferas_de_funcionamiento,dificultades_funcionales,,"Población de 5 años o más por condición de dificultad funcional permanente y sexo al nacer, según provincia, cantón, parroquia de residencia y grupos quinquenales de edad",De 35-39,,Condición de dificultad funcional permanente | Con dificultad funcional permanente | Sexo al nacer | Número total de personas con mucha o total dificultad o limitación permanente en una o más esferas de funcionamiento,1042
censo_ind_dificultades_funcionales_sin_numero_de_35_39_condicion_de_dificultad_funcional_permanente_no_especificado_sexo_al_nacer_numero_total_de_personas_que_no_especificaron_condicion_de_dificultad_o_limitacion_permanente,dificultades_funcionales,,"Población de 5 años o más por condición de dificultad funcional permanente y sexo al nacer, según provincia, cantón, parroquia de residencia y grupos quinquenales de edad",De 35-39,,Condición de dificultad funcional permanente | No especificado | Sexo al nacer | Número total de personas que no especificaron condición de dificultad o limitación permanente,1042
censo_ind_dificultades_funcionales_sin_numero_de_35_39_condicion_de_dificultad_funcional_permanente_sin_dificultad_funcional_permanente_sexo_al_nacer_hombres,dificultades_funcionales,,"Población de 5 años o más por condición de dificultad funcional permanente y sexo al nacer, según provincia, cantón, parroquia de residencia y grupos quinquenales de edad",De 35-39,,Condición de dificultad funcional permanente | Sin dificultad funcional permanente | Sexo al nacer | Hombres,1041
censo_ind_dificultades_funcionales_sin_numero_de_35_39_condicion_de_dificultad_funcional_permanente_sin_dificultad_funcional_permanente_sexo_al_nacer_mujeres,dificultades_funcionales,,"Población de 5 años o más por condición de dificultad funcional permanente y sexo al nacer, según provincia, cantón, parroquia de residencia y grupos quinquenales de edad",De 35-39,,Condición de dificultad funcional permanente | Sin dificultad funcional permanente | Sexo al nacer | Mujeres,1042
censo_ind_dificultades_funcionales_sin_numero_de_35_39_condicion_de_dificultad_funcional_permanente_sin_dificultad_funcional_permanente_sexo_al_nacer_numero_total_de_personas_sin_dificultad_o_limitacion_permanente,dificultades_funcionales,,"Población de 5 años o más por condición de dificultad funcional permanente y sexo al nacer, según provincia, cantón, parroquia de residencia y grupos quinquenales de edad",De 35-39,,Condición de dificultad funcional permanente | Sin dificultad funcional permanente | Sexo al nacer | Número total de personas sin dificultad o limitación permanente,1042
censo_ind_dificultades_funcionales_sin_numero_de_35_39_numero_total_de_personas,dificultades_funcionales,,"Población de 5 años o más por condición de dificultad funcional permanente y sexo al nacer, según provincia, cantón, parroquia de residencia y grupos quinquenales de edad",De 35-39,,Número total de personas,1042
censo_ind_dificultades_funcionales_sin_numero_de_40_44_condicion_de_dificultad_funcional_permanente_con_dificultad_funcional_permanente_sexo_al_nacer_numero_total_de_personas_con_mucha_o_total_dificultad_o_limitacion_permanente_en_una_o_mas_esferas_de_funcionamiento,dificultades_funcionales,,"Población de 5 años o más por condición de dificultad funcional permanente y sexo al nacer, según provincia, cantón, parroquia de residencia y grupos quinquenales de edad",De 40-44,,Condición de dificultad funcional permanente | Con dificultad funcional permanente | Sexo al nacer | Número total de personas con mucha o total dificultad o limitación permanente en una o más esferas de funcionamiento,1042
censo_ind_dificultades_funcionales_sin_numero_de_40_44_condicion_de_dificultad_funcional_permanente_no_especificado_sexo_al_nacer_numero_total_de_personas_que_no_especificaron_condicion_de_dificultad_o_limitacion_permanente,dificultades_funcionales,,"Población de 5 años o más por condición de dificultad funcional permanente y sexo al nacer, según provincia, cantón, parroquia de residencia y grupos quinquenales de edad",De 40-44,,Condición de dificultad funcional permanente | No especificado | Sexo al nacer | Número total de personas que no especificaron condición de dificultad o limitación permanente,1042
censo_ind_dificultades_funcionales_sin_numero_de_40_44_condicion_de_dificultad_funcional_permanente_sin_dificultad_funcional_permanente_sexo_al_nacer_hombres,dificultades_funcionales,,"Población de 5 años o más por condición de dificultad funcional permanente y sexo al nacer, según provincia, cantón, parroquia de residencia y grupos quinquenales de edad",De 40-44,,Condición de dificultad funcional permanente | Sin dificultad funcional permanente | Sexo al nacer | Hombres,1041
censo_ind_dificultades_funcionales_sin_numero_de_40_44_condicion_de_dificultad_funcional_permanente_sin_dificultad_funcional_permanente_sexo_al_nacer_mujeres,dificultades_funcionales,,"Población de 5 años o más por condición de dificultad funcional permanente y sexo al nacer, según provincia, cantón, parroquia de residencia y grupos quinquenales de edad",De 40-44,,Condición de dificultad funcional permanente | Sin dificultad funcional permanente | Sexo al nacer | Mujeres,1042
censo_ind_dificultades_funcionales_sin_numero_de_40_44_condicion_de_dificultad_funcional_permanente_sin_dificultad_funcional_permanente_sexo_al_nacer_numero_total_de_personas_sin_dificultad_o_limitacion_permanente,dificultades_funcionales,,"Población de 5 años o más por condición de dificultad funcional permanente y sexo al nacer, según provincia, cantón, parroquia de residencia y grupos quinquenales de edad",De 40-44,,Condición de dificultad funcional permanente | Sin dificultad funcional permanente | Sexo al nacer | Número total de personas sin dificultad o limitación permanente,1042
censo_ind_dificultades_funcionales_sin_numero_de_40_44_numero_total_de_personas,dificultades_funcionales,,"Población de 5 años o más por condición de dificultad funcional permanente y sexo al nacer, según provincia, cantón, parroquia de residencia y grupos quinquenales de edad",De 40-44,,Número total de personas,1042
censo_ind_dificultades_funcionales_sin_numero_de_45_49_condicion_de_dificultad_funcional_permanente_con_dificultad_funcional_permanente_sexo_al_nacer_numero_total_de_personas_con_mucha_o_total_dificultad_o_limitacion_permanente_en_una_o_mas_esferas_de_funcionamiento,dificultades_funcionales,,"Población de 5 años o más por condición de dificultad funcional permanente y sexo al nacer, según provincia, cantón, parroquia de residencia y grupos quinquenales de edad",De 45-49,,Condición de dificultad funcional permanente | Con dificultad funcional permanente | Sexo al nacer | Número total de personas con mucha o total dificultad o limitación permanente en una o más esferas de funcionamiento,1042
censo_ind_dificultades_funcionales_sin_numero_de_45_49_condicion_de_dificultad_funcional_permanente_no_especificado_sexo_al_nacer_numero_total_de_personas_que_no_especificaron_condicion_de_dificultad_o_limitacion_permanente,dificultades_funcionales,,"Población de 5 años o más por condición de dificultad funcional permanente y sexo al nacer, según provincia, cantón, parroquia de residencia y grupos quinquenales de edad",De 45-49,,Condición de dificultad funcional permanente | No especificado | Sexo al nacer | Número total de personas que no especificaron condición de dificultad o limitación permanente,1042
censo_ind_dificultades_funcionales_sin_numero_de_45_49_condicion_de_dificultad_funcional_permanente_sin_dificultad_funcional_permanente_sexo_al_nacer_hombres,dificultades_funcionales,,"Población de 5 años o más por condición de dificultad funcional permanente y sexo al nacer, según provincia, cantón, parroquia de residencia y grupos quinquenales de edad",De 45-49,,Condición de dificultad funcional permanente | Sin dificultad funcional permanente | Sexo al nacer | Hombres,1042
censo_ind_dificultades_funcionales_sin_numero_de_45_49_condicion_de_dificultad_funcional_permanente_sin_dificultad_funcional_permanente_sexo_al_nacer_mujeres,dificultades_funcionales,,"Población de 5 años o más por condición de dificultad funcional permanente y sexo al nacer, según provincia, cantón, parroquia de residencia y grupos quinquenales de edad",De 45-49,,Condición de dificultad funcional permanente | Sin dificultad funcional permanente | Sexo al nacer | Mujeres,1041
censo_ind_dificultades_funcionales_sin_numero_de_45_49_condicion_de_dificultad_funcional_permanente_sin_dificultad_funcional_permanente_sexo_al_nacer_numero_total_de_personas_sin_dificultad_o_limitacion_permanente,dificultades_funcionales,,"Población de 5 años o más por condición de dificultad funcional permanente y sexo al nacer, según provincia, cantón, parroquia de residencia y grupos quinquenales de edad",De 45-49,,Condición de dificultad funcional permanente | Sin dificultad funcional permanente | Sexo al nacer | Número total de personas sin dificultad o limitación permanente,1042
censo_ind_dificultades_funcionales_sin_numero_de_45_49_numero_total_de_personas,dificultades_funcionales,,"Población de 5 años o más por condición de dificultad funcional permanente y sexo al nacer, según provincia, cantón, parroquia de residencia y grupos quinquenales de edad",De 45-49,,Número total de personas,1042
censo_ind_dificultades_funcionales_sin_numero_de_50_54_condicion_de_dificultad_funcional_permanente_con_dificultad_funcional_permanente_sexo_al_nacer_hombres,dificultades_funcionales,,"Población de 5 años o más por condición de dificultad funcional permanente y sexo al nacer, según provincia, cantón, parroquia de residencia y grupos quinquenales de edad",De 50-54,,Condición de dificultad funcional permanente | Con dificultad funcional permanente | Sexo al nacer | Hombres,994
censo_ind_dificultades_funcionales_sin_numero_de_50_54_condicion_de_dificultad_funcional_permanente_con_dificultad_funcional_permanente_sexo_al_nacer_mujeres,dificultades_funcionales,,"Población de 5 años o más por condición de dificultad funcional permanente y sexo al nacer, según provincia, cantón, parroquia de residencia y grupos quinquenales de edad",De 50-54,,Condición de dificultad funcional permanente | Con dificultad funcional permanente | Sexo al nacer | Mujeres,1001
censo_ind_dificultades_funcionales_sin_numero_de_50_54_condicion_de_dificultad_funcional_permanente_con_dificultad_funcional_permanente_sexo_al_nacer_numero_total_de_personas_con_mucha_o_total_dificultad_o_limitacion_permanente_en_una_o_mas_esferas_de_funcionamiento,dificultades_funcionales,,"Población de 5 años o más por condición de dificultad funcional permanente y sexo al nacer, según provincia, cantón, parroquia de residencia y grupos quinquenales de edad",De 50-54,,Condición de dificultad funcional permanente | Con dificultad funcional permanente | Sexo al nacer | Número total de personas con mucha o total dificultad o limitación permanente en una o más esferas de funcionamiento,1042
censo_ind_dificultades_funcionales_sin_numero_de_50_54_condicion_de_dificultad_funcional_permanente_no_especificado_sexo_al_nacer_numero_total_de_personas_que_no_especificaron_condicion_de_dificultad_o_limitacion_permanente,dificultades_funcionales,,"Población de 5 años o más por condición de dificultad funcional permanente y sexo al nacer, según provincia, cantón, parroquia de residencia y grupos quinquenales de edad",De 50-54,,Condición de dificultad funcional permanente | No especificado | Sexo al nacer | Número total de personas que no especificaron condición de dificultad o limitación permanente,1042
censo_ind_dificultades_funcionales_sin_numero_de_50_54_condicion_de_dificultad_funcional_permanente_sin_dificultad_funcional_permanente_sexo_al_nacer_hombres,dificultades_funcionales,,"Población de 5 años o más por condición de dificultad funcional permanente y sexo al nacer, según provincia, cantón, parroquia de residencia y grupos quinquenales de edad",De 50-54,,Condición de dificultad funcional permanente | Sin dificultad funcional permanente | Sexo al nacer | Hombres,1042
censo_ind_dificultades_funcionales_sin_numero_de_50_54_condicion_de_dificultad_funcional_permanente_sin_dificultad_funcional_permanente_sexo_al_nacer_mujeres,dificultades_funcionales,,"Población de 5 años o más por condición de dificultad funcional permanente y sexo al nacer, según provincia, cantón, parroquia de residencia y grupos quinquenales de edad",De 50-54,,Condición de dificultad funcional permanente | Sin dificultad funcional permanente | Sexo al nacer | Mujeres,1039
censo_ind_dificultades_funcionales_sin_numero_de_50_54_condicion_de_dificultad_funcional_permanente_sin_dificultad_funcional_permanente_sexo_al_nacer_numero_total_de_personas_sin_dificultad_o_limitacion_permanente,dificultades_funcionales,,"Población de 5 años o más por condición de dificultad funcional permanente y sexo al nacer, según provincia, cantón, parroquia de residencia y grupos quinquenales de edad",De 50-54,,Condición de dificultad funcional permanente | Sin dificultad funcional permanente | Sexo al nacer | Número total de personas sin dificultad o limitación permanente,1042
censo_ind_dificultades_funcionales_sin_numero_de_50_54_numero_total_de_personas,dificultades_funcionales,,"Población de 5 años o más por condición de dificultad funcional permanente y sexo al nacer, según provincia, cantón, parroquia de residencia y grupos quinquenales de edad",De 50-54,,Número total de personas,1042
censo_ind_dificultades_funcionales_sin_numero_de_55_59_condicion_de_dificultad_funcional_permanente_con_dificultad_funcional_permanente_sexo_al_nacer_hombres,dificultades_funcionales,,"Población de 5 años o más por condición de dificultad funcional permanente y sexo al nacer, según provincia, cantón, parroquia de residencia y grupos quinquenales de edad",De 55-59,,Condición de dificultad funcional permanente | Con dificultad funcional permanente | Sexo al nacer | Hombres,992
censo_ind_dificultades_funcionales_sin_numero_de_55_59_condicion_de_dificultad_funcional_permanente_con_dificultad_funcional_permanente_sexo_al_nacer_mujeres,dificultades_funcionales,,"Población de 5 años o más por condición de dificultad funcional permanente y sexo al nacer, según provincia, cantón, parroquia de residencia y grupos quinquenales de edad",De 55-59,,Condición de dificultad funcional permanente | Con dificultad funcional permanente | Sexo al nacer | Mujeres,1002
censo_ind_dificultades_funcionales_sin_numero_de_55_59_condicion_de_dificultad_funcional_permanente_con_dificultad_funcional_permanente_sexo_al_nacer_numero_total_de_personas_con_mucha_o_total_dificultad_o_limitacion_permanente_en_una_o_mas_esferas_de_funcionamiento,dificultades_funcionales,,"Población de 5 años o más por condición de dificultad funcional permanente y sexo al nacer, según provincia, cantón, parroquia de residencia y grupos quinquenales de edad",De 55-59,,Condición de dificultad funcional permanente | Con dificultad funcional permanente | Sexo al nacer | Número total de personas con mucha o total dificultad o limitación permanente en una o más esferas de funcionamiento,1041
censo_ind_dificultades_funcionales_sin_numero_de_55_59_condicion_de_dificultad_funcional_permanente_no_especificado_sexo_al_nacer_numero_total_de_personas_que_no_especificaron_condicion_de_dificultad_o_limitacion_permanente,dificultades_funcionales,,"Población de 5 años o más por condición de dificultad funcional permanente y sexo al nacer, según provincia, cantón, parroquia de residencia y grupos quinquenales de edad",De 55-59,,Condición de dificultad funcional permanente | No especificado | Sexo al nacer | Número total de personas que no especificaron condición de dificultad o limitación permanente,1041
censo_ind_dificultades_funcionales_sin_numero_de_55_59_condicion_de_dificultad_funcional_permanente_sin_dificultad_funcional_permanente_sexo_al_nacer_hombres,dificultades_funcionales,,"Población de 5 años o más por condición de dificultad funcional permanente y sexo al nacer, según provincia, cantón, parroquia de residencia y grupos quinquenales de edad",De 55-59,,Condición de dificultad funcional permanente | Sin dificultad funcional permanente | Sexo al nacer | Hombres,1040
censo_ind_dificultades_funcionales_sin_numero_de_55_59_condicion_de_dificultad_funcional_permanente_sin_dificultad_funcional_permanente_sexo_al_nacer_mujeres,dificultades_funcionales,,"Población de 5 años o más por condición de dificultad funcional permanente y sexo al nacer, según provincia, cantón, parroquia de residencia y grupos quinquenales de edad",De 55-59,,Condición de dificultad funcional permanente | Sin dificultad funcional permanente | Sexo al nacer | Mujeres,1040
censo_ind_dificultades_funcionales_sin_numero_de_55_59_condicion_de_dificultad_funcional_permanente_sin_dificultad_funcional_permanente_sexo_al_nacer_numero_total_de_personas_sin_dificultad_o_limitacion_permanente,dificultades_funcionales,,"Población de 5 años o más por condición de dificultad funcional permanente y sexo al nacer, según provincia, cantón, parroquia de residencia y grupos quinquenales de edad",De 55-59,,Condición de dificultad funcional permanente | Sin dificultad funcional permanente | Sexo al nacer | Número total de personas sin dificultad o limitación permanente,1041
censo_ind_dificultades_funcionales_sin_numero_de_55_59_numero_total_de_personas,dificultades_funcionales,,"Población de 5 años o más por condición de dificultad funcional permanente y sexo al nacer, según provincia, cantón, parroquia de residencia y grupos quinquenales de edad",De 55-59,,Número total de personas,1041
censo_ind_dificultades_funcionales_sin_numero_de_5_9_condicion_de_dificultad_funcional_permanente_con_dificultad_funcional_permanente_sexo_al_nacer_numero_total_de_personas_con_mucha_o_total_dificultad_o_limitacion_permanente_en_una_o_mas_esferas_de_funcionamiento,dificultades_funcionales,,"Población de 5 años o más por condición de dificultad funcional permanente y sexo al nacer, según provincia, cantón, parroquia de residencia y grupos quinquenales de edad",De 5-9,,Condición de dificultad funcional permanente | Con dificultad funcional permanente | Sexo al nacer | Número total de personas con mucha o total dificultad o limitación permanente en una o más esferas de funcionamiento,1042
censo_ind_dificultades_funcionales_sin_numero_de_5_9_condicion_de_dificultad_funcional_permanente_no_especificado_sexo_al_nacer_numero_total_de_personas_que_no_especificaron_condicion_de_dificultad_o_limitacion_permanente,dificultades_funcionales,,"Población de 5 años o más por condición de dificultad funcional permanente y sexo al nacer, según provincia, cantón, parroquia de residencia y grupos quinquenales de edad",De 5-9,,Condición de dificultad funcional permanente | No especificado | Sexo al nacer | Número total de personas que no especificaron condición de dificultad o limitación permanente,1042
censo_ind_dificultades_funcionales_sin_numero_de_5_9_condicion_de_dificultad_funcional_permanente_sin_dificultad_funcional_permanente_sexo_al_nacer_hombres,dificultades_funcionales,,"Población de 5 años o más por condición de dificultad funcional permanente y sexo al nacer, según provincia, cantón, parroquia de residencia y grupos quinquenales de edad",De 5-9,,Condición de dificultad funcional permanente | Sin dificultad funcional permanente | Sexo al nacer | Hombres,1042
censo_ind_dificultades_funcionales_sin_numero_de_5_9_condicion_de_dificultad_funcional_permanente_sin_dificultad_funcional_permanente_sexo_al_nacer_mujeres,dificultades_funcionales,,"Población de 5 años o más por condición de dificultad funcional permanente y sexo al nacer, según provincia, cantón, parroquia de residencia y grupos quinquenales de edad",De 5-9,,Condición de dificultad funcional permanente | Sin dificultad funcional permanente | Sexo al nacer | Mujeres,1042
censo_ind_dificultades_funcionales_sin_numero_de_5_9_condicion_de_dificultad_funcional_permanente_sin_dificultad_funcional_permanente_sexo_al_nacer_numero_total_de_personas_sin_dificultad_o_limitacion_permanente,dificultades_funcionales,,"Población de 5 años o más por condición de dificultad funcional permanente y sexo al nacer, según provincia, cantón, parroquia de residencia y grupos quinquenales de edad",De 5-9,,Condición de dificultad funcional permanente | Sin dificultad funcional permanente | Sexo al nacer | Número total de personas sin dificultad o limitación permanente,1042
censo_ind_dificultades_funcionales_sin_numero_de_5_9_numero_total_de_personas,dificultades_funcionales,,"Población de 5 años o más por condición de dificultad funcional permanente y sexo al nacer, según provincia, cantón, parroquia de residencia y grupos quinquenales de edad",De 5-9,,Número total de personas,1042
censo_ind_dificultades_funcionales_sin_numero_de_60_64_condicion_de_dificultad_funcional_permanente_con_dificultad_funcional_permanente_sexo_al_nacer_hombres,dificultades_funcionales,,"Población de 5 años o más por condición de dificultad funcional permanente y sexo al nacer, según provincia, cantón, parroquia de residencia y grupos quinquenales de edad",De 60-64,,Condición de dificultad funcional permanente | Con dificultad funcional permanente | Sexo al nacer | Hombres,1007
censo_ind_dificultades_funcionales_sin_numero_de_60_64_condicion_de_dificultad_funcional_permanente_con_dificultad_funcional_permanente_sexo_al_nacer_mujeres,dificultades_funcionales,,"Población de 5 años o más por condición de dificultad funcional permanente y sexo al nacer, según provincia, cantón, parroquia de residencia y grupos quinquenales de edad",De 60-64,,Condición de dificultad funcional permanente | Con dificultad funcional permanente | Sexo al nacer | Mujeres,1018
censo_ind_dificultades_funcionales_sin_numero_de_60_64_condicion_de_dificultad_funcional_permanente_con_dificultad_funcional_permanente_sexo_al_nacer_numero_total_de_personas_con_mucha_o_total_dificultad_o_limitacion_permanente_en_una_o_mas_esferas_de_funcionamiento,dificultades_funcionales,,"Población de 5 años o más por condición de dificultad funcional permanente y sexo al nacer, según provincia, cantón, parroquia de residencia y grupos quinquenales de edad",De 60-64,,Condición de dificultad funcional permanente | Con dificultad funcional permanente | Sexo al nacer | Número total de personas con mucha o total dificultad o limitación permanente en una o más esferas de funcionamiento,1042
censo_ind_dificultades_funcionales_sin_numero_de_60_64_condicion_de_dificultad_funcional_permanente_no_especificado_sexo_al_nacer_numero_total_de_personas_que_no_especificaron_condicion_de_dificultad_o_limitacion_permanente,dificultades_funcionales,,"Población de 5 años o más por condición de dificultad funcional permanente y sexo al nacer, según provincia, cantón, parroquia de residencia y grupos quinquenales de edad",De 60-64,,Condición de dificultad funcional permanente | No especificado | Sexo al nacer | Número total de personas que no especificaron condición de dificultad o limitación permanente,1042
censo_ind_dificultades_funcionales_sin_numero_de_60_64_condicion_de_dificultad_funcional_permanente_sin_dificultad_funcional_permanente_sexo_al_nacer_hombres,dificultades_funcionales,,"Población de 5 años o más por condición de dificultad funcional permanente y sexo al nacer, según provincia, cantón, parroquia de residencia y grupos quinquenales de edad",De 60-64,,Condición de dificultad funcional permanente | Sin dificultad funcional permanente | Sexo al nacer | Hombres,1039
censo_ind_dificultades_funcionales_sin_numero_de_60_64_condicion_de_dificultad_funcional_permanente_sin_dificultad_funcional_permanente_sexo_al_nacer_mujeres,dificultades_funcionales,,"Población de 5 años o más por condición de dificultad funcional permanente y sexo al nacer, según provincia, cantón, parroquia de residencia y grupos quinquenales de edad",De 60-64,,Condición de dificultad funcional permanente | Sin dificultad funcional permanente | Sexo al nacer | Mujeres,1041
censo_ind_dificultades_funcionales_sin_numero_de_60_64_condicion_de_dificultad_funcional_permanente_sin_dificultad_funcional_permanente_sexo_al_nacer_numero_total_de_personas_sin_dificultad_o_limitacion_permanente,dificultades_funcionales,,"Población de 5 años o más por condición de dificultad funcional permanente y sexo al nacer, según provincia, cantón, parroquia de residencia y grupos quinquenales de edad",De 60-64,,Condición de dificultad funcional permanente | Sin dificultad funcional permanente | Sexo al nacer | Número total de personas sin dificultad o limitación permanente,1042
censo_ind_dificultades_funcionales_sin_numero_de_60_64_numero_total_de_personas,dificultades_funcionales,,"Población de 5 años o más por condición de dificultad funcional permanente y sexo al nacer, según provincia, cantón, parroquia de residencia y grupos quinquenales de edad",De 60-64,,Número total de personas,1042
censo_ind_dificultades_funcionales_sin_numero_de_65_69_condicion_de_dificultad_funcional_permanente_con_dificultad_funcional_permanente_sexo_al_nacer_hombres,dificultades_funcionales,,"Población de 5 años o más por condición de dificultad funcional permanente y sexo al nacer, según provincia, cantón, parroquia de residencia y grupos quinquenales de edad",De 65-69,,Condición de dificultad funcional permanente | Con dificultad funcional permanente | Sexo al nacer | Hombres,1014
censo_ind_dificultades_funcionales_sin_numero_de_65_69_condicion_de_dificultad_funcional_permanente_con_dificultad_funcional_permanente_sexo_al_nacer_mujeres,dificultades_funcionales,,"Población de 5 años o más por condición de dificultad funcional permanente y sexo al nacer, según provincia, cantón, parroquia de residencia y grupos quinquenales de edad",De 65-69,,Condición de dificultad funcional permanente | Con dificultad funcional permanente | Sexo al nacer | Mujeres,1016
censo_ind_dificultades_funcionales_sin_numero_de_65_69_condicion_de_dificultad_funcional_permanente_con_dificultad_funcional_permanente_sexo_al_nacer_numero_total_de_personas_con_mucha_o_total_dificultad_o_limitacion_permanente_en_una_o_mas_esferas_de_funcionamiento,dificultades_funcionales,,"Población de 5 años o más por condición de dificultad funcional permanente y sexo al nacer, según provincia, cantón, parroquia de residencia y grupos quinquenales de edad",De 65-69,,Condición de dificultad funcional permanente | Con dificultad funcional permanente | Sexo al nacer | Número total de personas con mucha o total dificultad o limitación permanente en una o más esferas de funcionamiento,1042
censo_ind_dificultades_funcionales_sin_numero_de_65_69_condicion_de_dificultad_funcional_permanente_no_especificado_sexo_al_nacer_numero_total_de_personas_que_no_especificaron_condicion_de_dificultad_o_limitacion_permanente,dificultades_funcionales,,"Población de 5 años o más por condición de dificultad funcional permanente y sexo al nacer, según provincia, cantón, parroquia de residencia y grupos quinquenales de edad",De 65-69,,Condición de dificultad funcional permanente | No especificado | Sexo al nacer | Número total de personas que no especificaron condición de dificultad o limitación permanente,1042
censo_ind_dificultades_funcionales_sin_numero_de_65_69_condicion_de_dificultad_funcional_permanente_sin_dificultad_funcional_permanente_sexo_al_nacer_hombres,dificultades_funcionales,,"Población de 5 años o más por condición de dificultad funcional permanente y sexo al nacer, según provincia, cantón, parroquia de residencia y grupos quinquenales de edad",De 65-69,,Condición de dificultad funcional permanente | Sin dificultad funcional permanente | Sexo al nacer | Hombres,1039
censo_ind_dificultades_funcionales_sin_numero_de_65_69_condicion_de_dificultad_funcional_permanente_sin_dificultad_funcional_permanente_sexo_al_nacer_mujeres,dificultades_funcionales,,"Población de 5 años o más por condición de dificultad funcional permanente y sexo al nacer, según provincia, cantón, parroquia de residencia y grupos quinquenales de edad",De 65-69,,Condición de dificultad funcional permanente | Sin dificultad funcional permanente | Sexo al nacer | Mujeres,1036
censo_ind_dificultades_funcionales_sin_numero_de_65_69_condicion_de_dificultad_funcional_permanente_sin_dificultad_funcional_permanente_sexo_al_nacer_numero_total_de_personas_sin_dificultad_o_limitacion_permanente,dificultades_funcionales,,"Población de 5 años o más por condición de dificultad funcional permanente y sexo al nacer, según provincia, cantón, parroquia de residencia y grupos quinquenales de edad",De 65-69,,Condición de dificultad funcional permanente | Sin dificultad funcional permanente | Sexo al nacer | Número total de personas sin dificultad o limitación permanente,1042
censo_ind_dificultades_funcionales_sin_numero_de_65_69_numero_total_de_personas,dificultades_funcionales,,"Población de 5 años o más por condición de dificultad funcional permanente y sexo al nacer, según provincia, cantón, parroquia de residencia y grupos quinquenales de edad",De 65-69,,Número total de personas,1042
censo_ind_dificultades_funcionales_sin_numero_de_70_74_condicion_de_dificultad_funcional_permanente_con_dificultad_funcional_permanente_sexo_al_nacer_hombres,dificultades_funcionales,,"Población de 5 años o más por condición de dificultad funcional permanente y sexo al nacer, según provincia, cantón, parroquia de residencia y grupos quinquenales de edad",De 70-74,,Condición de dificultad funcional permanente | Con dificultad funcional permanente | Sexo al nacer | Hombres,1013
censo_ind_dificultades_funcionales_sin_numero_de_70_74_condicion_de_dificultad_funcional_permanente_con_dificultad_funcional_permanente_sexo_al_nacer_mujeres,dificultades_funcionales,,"Población de 5 años o más por condición de dificultad funcional permanente y sexo al nacer, según provincia, cantón, parroquia de residencia y grupos quinquenales de edad",De 70-74,,Condición de dificultad funcional permanente | Con dificultad funcional permanente | Sexo al nacer | Mujeres,1016
censo_ind_dificultades_funcionales_sin_numero_de_70_74_condicion_de_dificultad_funcional_permanente_con_dificultad_funcional_permanente_sexo_al_nacer_numero_total_de_personas_con_mucha_o_total_dificultad_o_limitacion_permanente_en_una_o_mas_esferas_de_funcionamiento,dificultades_funcionales,,"Población de 5 años o más por condición de dificultad funcional permanente y sexo al nacer, según provincia, cantón, parroquia de residencia y grupos quinquenales de edad",De 70-74,,Condición de dificultad funcional permanente | Con dificultad funcional permanente | Sexo al nacer | Número total de personas con mucha o total dificultad o limitación permanente en una o más esferas de funcionamiento,1042
censo_ind_dificultades_funcionales_sin_numero_de_70_74_condicion_de_dificultad_funcional_permanente_no_especificado_sexo_al_nacer_numero_total_de_personas_que_no_especificaron_condicion_de_dificultad_o_limitacion_permanente,dificultades_funcionales,,"Población de 5 años o más por condición de dificultad funcional permanente y sexo al nacer, según provincia, cantón, parroquia de residencia y grupos quinquenales de edad",De 70-74,,Condición de dificultad funcional permanente | No especificado | Sexo al nacer | Número total de personas que no especificaron condición de dificultad o limitación permanente,1042
censo_ind_dificultades_funcionales_sin_numero_de_70_74_condicion_de_dificultad_funcional_permanente_sin_dificultad_funcional_permanente_sexo_al_nacer_hombres,dificultades_funcionales,,"Población de 5 años o más por condición de dificultad funcional permanente y sexo al nacer, según provincia, cantón, parroquia de residencia y grupos quinquenales de edad",De 70-74,,Condición de dificultad funcional permanente | Sin dificultad funcional permanente | Sexo al nacer | Hombres,1037
censo_ind_dificultades_funcionales_sin_numero_de_70_74_condicion_de_dificultad_funcional_permanente_sin_dificultad_funcional_permanente_sexo_al_nacer_mujeres,dificultades_funcionales,,"Población de 5 años o más por condición de dificultad funcional permanente y sexo al nacer, según provincia, cantón, parroquia de residencia y grupos quinquenales de edad",De 70-74,,Condición de dificultad funcional permanente | Sin dificultad funcional permanente | Sexo al nacer | Mujeres,1030
censo_ind_dificultades_funcionales_sin_numero_de_70_74_condicion_de_dificultad_funcional_permanente_sin_dificultad_funcional_permanente_sexo_al_nacer_numero_total_de_personas_sin_dificultad_o_limitacion_permanente,dificultades_funcionales,,"Población de 5 años o más por condición de dificultad funcional permanente y sexo al nacer, según provincia, cantón, parroquia de residencia y grupos quinquenales de edad",De 70-74,,Condición de dificultad funcional permanente | Sin dificultad funcional permanente | Sexo al nacer | Número total de personas sin dificultad o limitación permanente,1042
censo_ind_dificultades_funcionales_sin_numero_de_70_74_numero_total_de_personas,dificultades_funcionales,,"Población de 5 años o más por condición de dificultad funcional permanente y sexo al nacer, según provincia, cantón, parroquia de residencia y grupos quinquenales de edad",De 70-74,,Número total de personas,1042
censo_ind_dificultades_funcionales_sin_numero_de_75_79_condicion_de_dificultad_funcional_permanente_con_dificultad_funcional_permanente_sexo_al_nacer_hombres,dificultades_funcionales,,"Población de 5 años o más por condición de dificultad funcional permanente y sexo al nacer, según provincia, cantón, parroquia de residencia y grupos quinquenales de edad",De 75-79,,Condición de dificultad funcional permanente | Con dificultad funcional permanente | Sexo al nacer | Hombres,1012
censo_ind_dificultades_funcionales_sin_numero_de_75_79_condicion_de_dificultad_funcional_permanente_con_dificultad_funcional_permanente_sexo_al_nacer_mujeres,dificultades_funcionales,,"Población de 5 años o más por condición de dificultad funcional permanente y sexo al nacer, según provincia, cantón, parroquia de residencia y grupos quinquenales de edad",De 75-79,,Condición de dificultad funcional permanente | Con dificultad funcional permanente | Sexo al nacer | Mujeres,1010
censo_ind_dificultades_funcionales_sin_numero_de_75_79_condicion_de_dificultad_funcional_permanente_con_dificultad_funcional_permanente_sexo_al_nacer_numero_total_de_personas_con_mucha_o_total_dificultad_o_limitacion_permanente_en_una_o_mas_esferas_de_funcionamiento,dificultades_funcionales,,"Población de 5 años o más por condición de dificultad funcional permanente y sexo al nacer, según provincia, cantón, parroquia de residencia y grupos quinquenales de edad",De 75-79,,Condición de dificultad funcional permanente | Con dificultad funcional permanente | Sexo al nacer | Número total de personas con mucha o total dificultad o limitación permanente en una o más esferas de funcionamiento,1042
censo_ind_dificultades_funcionales_sin_numero_de_75_79_condicion_de_dificultad_funcional_permanente_no_especificado_sexo_al_nacer_numero_total_de_personas_que_no_especificaron_condicion_de_dificultad_o_limitacion_permanente,dificultades_funcionales,,"Población de 5 años o más por condición de dificultad funcional permanente y sexo al nacer, según provincia, cantón, parroquia de residencia y grupos quinquenales de edad",De 75-79,,Condición de dificultad funcional permanente | No especificado | Sexo al nacer | Número total de personas que no especificaron condición de dificultad o limitación permanente,1042
censo_ind_dificultades_funcionales_sin_numero_de_75_79_condicion_de_dificultad_funcional_permanente_sin_dificultad_funcional_permanente_sexo_al_nacer_hombres,dificultades_funcionales,,"Población de 5 años o más por condición de dificultad funcional permanente y sexo al nacer, según provincia, cantón, parroquia de residencia y grupos quinquenales de edad",De 75-79,,Condición de dificultad funcional permanente | Sin dificultad funcional permanente | Sexo al nacer | Hombres,1032
censo_ind_dificultades_funcionales_sin_numero_de_75_79_condicion_de_dificultad_funcional_permanente_sin_dificultad_funcional_permanente_sexo_al_nacer_mujeres,dificultades_funcionales,,"Población de 5 años o más por condición de dificultad funcional permanente y sexo al nacer, según provincia, cantón, parroquia de residencia y grupos quinquenales de edad",De 75-79,,Condición de dificultad funcional permanente | Sin dificultad funcional permanente | Sexo al nacer | Mujeres,1017
censo_ind_dificultades_funcionales_sin_numero_de_75_79_condicion_de_dificultad_funcional_permanente_sin_dificultad_funcional_permanente_sexo_al_nacer_numero_total_de_personas_sin_dificultad_o_limitacion_permanente,dificultades_funcionales,,"Población de 5 años o más por condición de dificultad funcional permanente y sexo al nacer, según provincia, cantón, parroquia de residencia y grupos quinquenales de edad",De 75-79,,Condición de dificultad funcional permanente | Sin dificultad funcional permanente | Sexo al nacer | Número total de personas sin dificultad o limitación permanente,1042
censo_ind_dificultades_funcionales_sin_numero_de_75_79_numero_total_de_personas,dificultades_funcionales,,"Población de 5 años o más por condición de dificultad funcional permanente y sexo al nacer, según provincia, cantón, parroquia de residencia y grupos quinquenales de edad",De 75-79,,Número total de personas,1042
censo_ind_dificultades_funcionales_sin_numero_de_80_84_condicion_de_dificultad_funcional_permanente_con_dificultad_funcional_permanente_sexo_al_nacer_hombres,dificultades_funcionales,,"Población de 5 años o más por condición de dificultad funcional permanente y sexo al nacer, según provincia, cantón, parroquia de residencia y grupos quinquenales de edad",De 80-84,,Condición de dificultad funcional permanente | Con dificultad funcional permanente | Sexo al nacer | Hombres,996
censo_ind_dificultades_funcionales_sin_numero_de_80_84_condicion_de_dificultad_funcional_permanente_con_dificultad_funcional_permanente_sexo_al_nacer_mujeres,dificultades_funcionales,,"Población de 5 años o más por condición de dificultad funcional permanente y sexo al nacer, según provincia, cantón, parroquia de residencia y grupos quinquenales de edad",De 80-84,,Condición de dificultad funcional permanente | Con dificultad funcional permanente | Sexo al nacer | Mujeres,1009
censo_ind_dificultades_funcionales_sin_numero_de_80_84_condicion_de_dificultad_funcional_permanente_con_dificultad_funcional_permanente_sexo_al_nacer_numero_total_de_personas_con_mucha_o_total_dificultad_o_limitacion_permanente_en_una_o_mas_esferas_de_funcionamiento,dificultades_funcionales,,"Población de 5 años o más por condición de dificultad funcional permanente y sexo al nacer, según provincia, cantón, parroquia de residencia y grupos quinquenales de edad",De 80-84,,Condición de dificultad funcional permanente | Con dificultad funcional permanente | Sexo al nacer | Número total de personas con mucha o total dificultad o limitación permanente en una o más esferas de funcionamiento,1037
censo_ind_dificultades_funcionales_sin_numero_de_80_84_condicion_de_dificultad_funcional_permanente_no_especificado_sexo_al_nacer_numero_total_de_personas_que_no_especificaron_condicion_de_dificultad_o_limitacion_permanente,dificultades_funcionales,,"Población de 5 años o más por condición de dificultad funcional permanente y sexo al nacer, según provincia, cantón, parroquia de residencia y grupos quinquenales de edad",De 80-84,,Condición de dificultad funcional permanente | No especificado | Sexo al nacer | Número total de personas que no especificaron condición de dificultad o limitación permanente,1037
censo_ind_dificultades_funcionales_sin_numero_de_80_84_condicion_de_dificultad_funcional_permanente_sin_dificultad_funcional_permanente_sexo_al_nacer_hombres,dificultades_funcionales,,"Población de 5 años o más por condición de dificultad funcional permanente y sexo al nacer, según provincia, cantón, parroquia de residencia y grupos quinquenales de edad",De 80-84,,Condición de dificultad funcional permanente | Sin dificultad funcional permanente | Sexo al nacer | Hombres,999
censo_ind_dificultades_funcionales_sin_numero_de_80_84_condicion_de_dificultad_funcional_permanente_sin_dificultad_funcional_permanente_sexo_al_nacer_mujeres,dificultades_funcionales,,"Población de 5 años o más por condición de dificultad funcional permanente y sexo al nacer, según provincia, cantón, parroquia de residencia y grupos quinquenales de edad",De 80-84,,Condición de dificultad funcional permanente | Sin dificultad funcional permanente | Sexo al nacer | Mujeres,990
censo_ind_dificultades_funcionales_sin_numero_de_80_84_condicion_de_dificultad_funcional_permanente_sin_dificultad_funcional_permanente_sexo_al_nacer_numero_total_de_personas_sin_dificultad_o_limitacion_permanente,dificultades_funcionales,,"Población de 5 años o más por condición de dificultad funcional permanente y sexo al nacer, según provincia, cantón, parroquia de residencia y grupos quinquenales de edad",De 80-84,,Condición de dificultad funcional permanente | Sin dificultad funcional permanente | Sexo al nacer | Número total de personas sin dificultad o limitación permanente,1037
censo_ind_dificultades_funcionales_sin_numero_de_80_84_numero_total_de_personas,dificultades_funcionales,,"Población de 5 años o más por condición de dificultad funcional permanente y sexo al nacer, según provincia, cantón, parroquia de residencia y grupos quinquenales de edad",De 80-84,,Número total de personas,1037
censo_ind_dificultades_funcionales_sin_numero_hombres_condicion_de_dificultad_funcional_permanente_con_dificultad_funcional_permanente_numero_y_esferas_de_funcionamiento_en_varias_esferas_de_funcionamiento,dificultades_funcionales,,"Población de 5 años o más por condición de dificultad funcional permanente y número y esferas de funcionamiento, según provincia, cantón, parroquia de residencia y sexo al nacer",Hombres,,Condición de dificultad funcional permanente | Con dificultad funcional permanente | Número y esferas de funcionamiento | En varias esferas de funcionamiento,1039
censo_ind_dificultades_funcionales_sin_numero_hombres_condicion_de_dificultad_funcional_permanente_con_dificultad_funcional_permanente_numero_y_esferas_de_funcionamiento_solo_para_camitar_o_subir_o_bajar_gradas_escaleras,dificultades_funcionales,,"Población de 5 años o más por condición de dificultad funcional permanente y número y esferas de funcionamiento, según provincia, cantón, parroquia de residencia y sexo al nacer",Hombres,,"Condición de dificultad funcional permanente | Con dificultad funcional permanente | Número y esferas de funcionamiento | Solo para camitar, o subir o bajar gradas/escaleras",1033
censo_ind_dificultades_funcionales_sin_numero_hombres_condicion_de_dificultad_funcional_permanente_con_dificultad_funcional_permanente_numero_y_esferas_de_funcionamiento_solo_para_oir_aun_usando_aparado_auditivo,dificultades_funcionales,,"Población de 5 años o más por condición de dificultad funcional permanente y número y esferas de funcionamiento, según provincia, cantón, parroquia de residencia y sexo al nacer",Hombres,,"Condición de dificultad funcional permanente | Con dificultad funcional permanente | Número y esferas de funcionamiento | Solo para oír, aún usando aparado auditivo",1017
censo_ind_dificultades_funcionales_sin_numero_hombres_condicion_de_dificultad_funcional_permanente_con_dificultad_funcional_permanente_numero_y_esferas_de_funcionamiento_solo_para_recordar_entender_o_concentrarse,dificultades_funcionales,,"Población de 5 años o más por condición de dificultad funcional permanente y número y esferas de funcionamiento, según provincia, cantón, parroquia de residencia y sexo al nacer",Hombres,,"Condición de dificultad funcional permanente | Con dificultad funcional permanente | Número y esferas de funcionamiento | Solo para recordar, entender o concentrarse",997
censo_ind_dificultades_funcionales_sin_numero_hombres_condicion_de_dificultad_funcional_permanente_con_dificultad_funcional_permanente_numero_y_esferas_de_funcionamiento_solo_para_ver_aun_usando_lentes,dificultades_funcionales,,"Población de 5 años o más por condición de dificultad funcional permanente y número y esferas de funcionamiento, según provincia, cantón, parroquia de residencia y sexo al nacer",Hombres,,"Condición de dificultad funcional permanente | Con dificultad funcional permanente | Número y esferas de funcionamiento | Solo para ver, aún usando lentes",1028
censo_ind_dificultades_funcionales_sin_numero_hombres_condicion_de_dificultad_funcional_permanente_sin_dificultad_funcional_permanente,dificultades_funcionales,,"Población de 5 años o más por condición de dificultad funcional permanente y número y esferas de funcionamiento, según provincia, cantón, parroquia de residencia y sexo al nacer",Hombres,,Condición de dificultad funcional permanente | Sin dificultad funcional permanente,1042
censo_ind_dificultades_funcionales_sin_numero_hombres_esfera_de_funcionamiento_banarse_vestirse_alimentarse_por_si_mismo_condicion_de_dificultad_funcional_permanente_con_dificultad_funcional_permanente,dificultades_funcionales,,"Población de 5 años o más por condición de dificultad funcional permanente en cada esfera de funcionamiento, según provincia, cantón, parroquia de residencia y sexo al nacer",Hombres,,"Esfera de funcionamiento | Bañarse, vestirse, alimentarse por sí mismo | Condición de dificultad funcional permanente | Con dificultad funcional permanente",1032
censo_ind_dificultades_funcionales_sin_numero_hombres_esfera_de_funcionamiento_banarse_vestirse_alimentarse_por_si_mismo_condicion_de_dificultad_funcional_permanente_sin_dificultad_funcional_permanente,dificultades_funcionales,,"Población de 5 años o más por condición de dificultad funcional permanente en cada esfera de funcionamiento, según provincia, cantón, parroquia de residencia y sexo al nacer",Hombres,,"Esfera de funcionamiento | Bañarse, vestirse, alimentarse por sí mismo | Condición de dificultad funcional permanente | Sin dificultad funcional permanente",1042
censo_ind_dificultades_funcionales_sin_numero_hombres_esfera_de_funcionamiento_caminar_o_subir_o_bajar_gradas_escaleras_condicion_de_dificultad_funcional_permanente_con_dificultad_funcional_permanente,dificultades_funcionales,,"Población de 5 años o más por condición de dificultad funcional permanente en cada esfera de funcionamiento, según provincia, cantón, parroquia de residencia y sexo al nacer",Hombres,,"Esfera de funcionamiento | Caminar, o subir o bajar gradas/escaleras | Condición de dificultad funcional permanente | Con dificultad funcional permanente",1039
censo_ind_dificultades_funcionales_sin_numero_hombres_esfera_de_funcionamiento_caminar_o_subir_o_bajar_gradas_escaleras_condicion_de_dificultad_funcional_permanente_sin_dificultad_funcional_permanente,dificultades_funcionales,,"Población de 5 años o más por condición de dificultad funcional permanente en cada esfera de funcionamiento, según provincia, cantón, parroquia de residencia y sexo al nacer",Hombres,,"Esfera de funcionamiento | Caminar, o subir o bajar gradas/escaleras | Condición de dificultad funcional permanente | Sin dificultad funcional permanente",1042
censo_ind_dificultades_funcionales_sin_numero_hombres_esfera_de_funcionamiento_hablar_cominicarse_o_conversar_condicion_de_dificultad_funcional_permanente_con_dificultad_funcional_permanente,dificultades_funcionales,,"Población de 5 años o más por condición de dificultad funcional permanente en cada esfera de funcionamiento, según provincia, cantón, parroquia de residencia y sexo al nacer",Hombres,,"Esfera de funcionamiento | Hablar, cominicarse o conversar | Condición de dificultad funcional permanente | Con dificultad funcional permanente",1036
censo_ind_dificultades_funcionales_sin_numero_hombres_esfera_de_funcionamiento_hablar_cominicarse_o_conversar_condicion_de_dificultad_funcional_permanente_sin_dificultad_funcional_permanente,dificultades_funcionales,,"Población de 5 años o más por condición de dificultad funcional permanente en cada esfera de funcionamiento, según provincia, cantón, parroquia de residencia y sexo al nacer",Hombres,,"Esfera de funcionamiento | Hablar, cominicarse o conversar | Condición de dificultad funcional permanente | Sin dificultad funcional permanente",1042
censo_ind_dificultades_funcionales_sin_numero_hombres_esfera_de_funcionamiento_oir_aun_usando_aparato_auditivo_condicion_de_dificultad_funcional_permanente_con_dificultad_funcional_permanente,dificultades_funcionales,,"Población de 5 años o más por condición de dificultad funcional permanente en cada esfera de funcionamiento, según provincia, cantón, parroquia de residencia y sexo al nacer",Hombres,,"Esfera de funcionamiento | Oír, aun usando aparato auditivo | Condición de dificultad funcional permanente | Con dificultad funcional permanente",1040
censo_ind_dificultades_funcionales_sin_numero_hombres_esfera_de_funcionamiento_oir_aun_usando_aparato_auditivo_condicion_de_dificultad_funcional_permanente_sin_dificultad_funcional_permanente,dificultades_funcionales,,"Población de 5 años o más por condición de dificultad funcional permanente en cada esfera de funcionamiento, según provincia, cantón, parroquia de residencia y sexo al nacer",Hombres,,"Esfera de funcionamiento | Oír, aun usando aparato auditivo | Condición de dificultad funcional permanente | Sin dificultad funcional permanente",1042
censo_ind_dificultades_funcionales_sin_numero_hombres_esfera_de_funcionamiento_recordar_entender_o_concentrarse_condicion_de_dificultad_funcional_permanente_con_dificultad_funcional_permanente,dificultades_funcionales,,"Población de 5 años o más por condición de dificultad funcional permanente en cada esfera de funcionamiento, según provincia, cantón, parroquia de residencia y sexo al nacer",Hombres,,"Esfera de funcionamiento | Recordar, entender o concentrarse | Condición de dificultad funcional permanente | Con dificultad funcional permanente",1036
censo_ind_dificultades_funcionales_sin_numero_hombres_esfera_de_funcionamiento_recordar_entender_o_concentrarse_condicion_de_dificultad_funcional_permanente_sin_dificultad_funcional_permanente,dificultades_funcionales,,"Población de 5 años o más por condición de dificultad funcional permanente en cada esfera de funcionamiento, según provincia, cantón, parroquia de residencia y sexo al nacer",Hombres,,"Esfera de funcionamiento | Recordar, entender o concentrarse | Condición de dificultad funcional permanente | Sin dificultad funcional permanente",1042
censo_ind_dificultades_funcionales_sin_numero_hombres_esfera_de_funcionamiento_ver_aun_usando_lentes_condicion_de_dificultad_funcional_permanente_con_dificultad_funcional_permanente,dificultades_funcionales,,"Población de 5 años o más por condición de dificultad funcional permanente en cada esfera de funcionamiento, según provincia, cantón, parroquia de residencia y sexo al nacer",Hombres,,"Esfera de funcionamiento | Ver, aun usando lentes | Condición de dificultad funcional permanente | Con dificultad funcional permanente",1037
censo_ind_dificultades_funcionales_sin_numero_hombres_esfera_de_funcionamiento_ver_aun_usando_lentes_condicion_de_dificultad_funcional_permanente_sin_dificultad_funcional_permanente,dificultades_funcionales,,"Población de 5 años o más por condición de dificultad funcional permanente en cada esfera de funcionamiento, según provincia, cantón, parroquia de residencia y sexo al nacer",Hombres,,"Esfera de funcionamiento | Ver, aun usando lentes | Condición de dificultad funcional permanente | Sin dificultad funcional permanente",1042
censo_ind_dificultades_funcionales_sin_numero_hombres_numero_total_de_personas,dificultades_funcionales,,"Población de 5 años o más por condición de dificultad funcional permanente y número y esferas de funcionamiento, según provincia, cantón, parroquia de residencia y sexo al nacer",Hombres,,Número total de personas,1042
censo_ind_dificultades_funcionales_sin_numero_mujeres_condicion_de_dificultad_funcional_permanente_con_dificultad_funcional_permanente_numero_y_esferas_de_funcionamiento_en_varias_esferas_de_funcionamiento,dificultades_funcionales,,"Población de 5 años o más por condición de dificultad funcional permanente y número y esferas de funcionamiento, según provincia, cantón, parroquia de residencia y sexo al nacer",Mujeres,,Condición de dificultad funcional permanente | Con dificultad funcional permanente | Número y esferas de funcionamiento | En varias esferas de funcionamiento,1035
censo_ind_dificultades_funcionales_sin_numero_mujeres_condicion_de_dificultad_funcional_permanente_con_dificultad_funcional_permanente_numero_y_esferas_de_funcionamiento_solo_para_camitar_o_subir_o_bajar_gradas_escaleras,dificultades_funcionales,,"Población de 5 años o más por condición de dificultad funcional permanente y número y esferas de funcionamiento, según provincia, cantón, parroquia de residencia y sexo al nacer",Mujeres,,"Condición de dificultad funcional permanente | Con dificultad funcional permanente | Número y esferas de funcionamiento | Solo para camitar, o subir o bajar gradas/escaleras",1038
censo_ind_dificultades_funcionales_sin_numero_mujeres_condicion_de_dificultad_funcional_permanente_con_dificultad_funcional_permanente_numero_y_esferas_de_funcionamiento_solo_para_recordar_entender_o_concentrarse,dificultades_funcionales,,"Población de 5 años o más por condición de dificultad funcional permanente y número y esferas de funcionamiento, según provincia, cantón, parroquia de residencia y sexo al nacer",Mujeres,,"Condición de dificultad funcional permanente | Con dificultad funcional permanente | Número y esferas de funcionamiento | Solo para recordar, entender o concentrarse",1002
censo_ind_dificultades_funcionales_sin_numero_mujeres_condicion_de_dificultad_funcional_permanente_con_dificultad_funcional_permanente_numero_y_esferas_de_funcionamiento_solo_para_ver_aun_usando_lentes,dificultades_funcionales,,"Población de 5 años o más por condición de dificultad funcional permanente y número y esferas de funcionamiento, según provincia, cantón, parroquia de residencia y sexo al nacer",Mujeres,,"Condición de dificultad funcional permanente | Con dificultad funcional permanente | Número y esferas de funcionamiento | Solo para ver, aún usando lentes",1029
censo_ind_dificultades_funcionales_sin_numero_mujeres_condicion_de_dificultad_funcional_permanente_sin_dificultad_funcional_permanente,dificultades_funcionales,,"Población de 5 años o más por condición de dificultad funcional permanente y número y esferas de funcionamiento, según provincia, cantón, parroquia de residencia y sexo al nacer",Mujeres,,Condición de dificultad funcional permanente | Sin dificultad funcional permanente,1042
censo_ind_dificultades_funcionales_sin_numero_mujeres_esfera_de_funcionamiento_banarse_vestirse_alimentarse_por_si_mismo_condicion_de_dificultad_funcional_permanente_con_dificultad_funcional_permanente,dificultades_funcionales,,"Población de 5 años o más por condición de dificultad funcional permanente en cada esfera de funcionamiento, según provincia, cantón, parroquia de residencia y sexo al nacer",Mujeres,,"Esfera de funcionamiento | Bañarse, vestirse, alimentarse por sí mismo | Condición de dificultad funcional permanente | Con dificultad funcional permanente",1028
censo_ind_dificultades_funcionales_sin_numero_mujeres_esfera_de_funcionamiento_banarse_vestirse_alimentarse_por_si_mismo_condicion_de_dificultad_funcional_permanente_sin_dificultad_funcional_permanente,dificultades_funcionales,,"Población de 5 años o más por condición de dificultad funcional permanente en cada esfera de funcionamiento, según provincia, cantón, parroquia de residencia y sexo al nacer",Mujeres,,"Esfera de funcionamiento | Bañarse, vestirse, alimentarse por sí mismo | Condición de dificultad funcional permanente | Sin dificultad funcional permanente",1042
censo_ind_dificultades_funcionales_sin_numero_mujeres_esfera_de_funcionamiento_caminar_o_subir_o_bajar_gradas_escaleras_condicion_de_dificultad_funcional_permanente_con_dificultad_funcional_permanente,dificultades_funcionales,,"Población de 5 años o más por condición de dificultad funcional permanente en cada esfera de funcionamiento, según provincia, cantón, parroquia de residencia y sexo al nacer",Mujeres,,"Esfera de funcionamiento | Caminar, o subir o bajar gradas/escaleras | Condición de dificultad funcional permanente | Con dificultad funcional permanente",1041
censo_ind_dificultades_funcionales_sin_numero_mujeres_esfera_de_funcionamiento_caminar_o_subir_o_bajar_gradas_escaleras_condicion_de_dificultad_funcional_permanente_sin_dificultad_funcional_permanente,dificultades_funcionales,,"Población de 5 años o más por condición de dificultad funcional permanente en cada esfera de funcionamiento, según provincia, cantón, parroquia de residencia y sexo al nacer",Mujeres,,"Esfera de funcionamiento | Caminar, o subir o bajar gradas/escaleras | Condición de dificultad funcional permanente | Sin dificultad funcional permanente",1042
censo_ind_dificultades_funcionales_sin_numero_mujeres_esfera_de_funcionamiento_hablar_cominicarse_o_conversar_condicion_de_dificultad_funcional_permanente_con_dificultad_funcional_permanente,dificultades_funcionales,,"Población de 5 años o más por condición de dificultad funcional permanente en cada esfera de funcionamiento, según provincia, cantón, parroquia de residencia y sexo al nacer",Mujeres,,"Esfera de funcionamiento | Hablar, cominicarse o conversar | Condición de dificultad funcional permanente | Con dificultad funcional permanente",1026
censo_ind_dificultades_funcionales_sin_numero_mujeres_esfera_de_funcionamiento_hablar_cominicarse_o_conversar_condicion_de_dificultad_funcional_permanente_sin_dificultad_funcional_permanente,dificultades_funcionales,,"Población de 5 años o más por condición de dificultad funcional permanente en cada esfera de funcionamiento, según provincia, cantón, parroquia de residencia y sexo al nacer",Mujeres,,"Esfera de funcionamiento | Hablar, cominicarse o conversar | Condición de dificultad funcional permanente | Sin dificultad funcional permanente",1042
censo_ind_dificultades_funcionales_sin_numero_mujeres_esfera_de_funcionamiento_oir_aun_usando_aparato_auditivo_condicion_de_dificultad_funcional_permanente_con_dificultad_funcional_permanente,dificultades_funcionales,,"Población de 5 años o más por condición de dificultad funcional permanente en cada esfera de funcionamiento, según provincia, cantón, parroquia de residencia y sexo al nacer",Mujeres,,"Esfera de funcionamiento | Oír, aun usando aparato auditivo | Condición de dificultad funcional permanente | Con dificultad funcional permanente",1033
censo_ind_dificultades_funcionales_sin_numero_mujeres_esfera_de_funcionamiento_oir_aun_usando_aparato_auditivo_condicion_de_dificultad_funcional_permanente_sin_dificultad_funcional_permanente,dificultades_funcionales,,"Población de 5 años o más por condición de dificultad funcional permanente en cada esfera de funcionamiento, según provincia, cantón, parroquia de residencia y sexo al nacer",Mujeres,,"Esfera de funcionamiento | Oír, aun usando aparato auditivo | Condición de dificultad funcional permanente | Sin dificultad funcional permanente",1042
censo_ind_dificultades_funcionales_sin_numero_mujeres_esfera_de_funcionamiento_recordar_entender_o_concentrarse_condicion_de_dificultad_funcional_permanente_con_dificultad_funcional_permanente,dificultades_funcionales,,"Población de 5 años o más por condición de dificultad funcional permanente en cada esfera de funcionamiento, según provincia, cantón, parroquia de residencia y sexo al nacer",Mujeres,,"Esfera de funcionamiento | Recordar, entender o concentrarse | Condición de dificultad funcional permanente | Con dificultad funcional permanente",1035
censo_ind_dificultades_funcionales_sin_numero_mujeres_esfera_de_funcionamiento_recordar_entender_o_concentrarse_condicion_de_dificultad_funcional_permanente_sin_dificultad_funcional_permanente,dificultades_funcionales,,"Población de 5 años o más por condición de dificultad funcional permanente en cada esfera de funcionamiento, según provincia, cantón, parroquia de residencia y sexo al nacer",Mujeres,,"Esfera de funcionamiento | Recordar, entender o concentrarse | Condición de dificultad funcional permanente | Sin dificultad funcional permanente",1042
censo_ind_dificultades_funcionales_sin_numero_mujeres_esfera_de_funcionamiento_ver_aun_usando_lentes_condicion_de_dificultad_funcional_permanente_con_dificultad_funcional_permanente,dificultades_funcionales,,"Población de 5 años o más por condición de dificultad funcional permanente en cada esfera de funcionamiento, según provincia, cantón, parroquia de residencia y sexo al nacer",Mujeres,,"Esfera de funcionamiento | Ver, aun usando lentes | Condición de dificultad funcional permanente | Con dificultad funcional permanente",1039
censo_ind_dificultades_funcionales_sin_numero_mujeres_esfera_de_funcionamiento_ver_aun_usando_lentes_condicion_de_dificultad_funcional_permanente_sin_dificultad_funcional_permanente,dificultades_funcionales,,"Población de 5 años o más por condición de dificultad funcional permanente en cada esfera de funcionamiento, según provincia, cantón, parroquia de residencia y sexo al nacer",Mujeres,,"Esfera de funcionamiento | Ver, aun usando lentes | Condición de dificultad funcional permanente | Sin dificultad funcional permanente",1042
censo_ind_dificultades_funcionales_sin_numero_mujeres_numero_total_de_personas,dificultades_funcionales,,"Población de 5 años o más por condición de dificultad funcional permanente y número y esferas de funcionamiento, según provincia, cantón, parroquia de residencia y sexo al nacer",Mujeres,,Número total de personas,1042
censo_ind_dificultades_funcionales_sin_numero_total_geografia_condicion_de_dificultad_funcional_permanente_con_dificultad_funcional_permanente_numero_y_esferas_de_funcionamiento_en_varias_esferas_de_funcionamiento,dificultades_funcionales,,"Población de 5 años o más por condición de dificultad funcional permanente y número y esferas de funcionamiento, según provincia, cantón, parroquia de residencia y sexo al nacer",Total 10 de Agosto,,Condición de dificultad funcional permanente | Con dificultad funcional permanente | Número y esferas de funcionamiento | En varias esferas de funcionamiento,1041
censo_ind_dificultades_funcionales_sin_numero_total_geografia_condicion_de_dificultad_funcional_permanente_con_dificultad_funcional_permanente_numero_y_esferas_de_funcionamiento_solo_para_camitar_o_subir_o_bajar_gradas_escaleras,dificultades_funcionales,,"Población de 5 años o más por condición de dificultad funcional permanente y número y esferas de funcionamiento, según provincia, cantón, parroquia de residencia y sexo al nacer",Total 10 de Agosto,,"Condición de dificultad funcional permanente | Con dificultad funcional permanente | Número y esferas de funcionamiento | Solo para camitar, o subir o bajar gradas/escaleras",1041
censo_ind_dificultades_funcionales_sin_numero_total_geografia_condicion_de_dificultad_funcional_permanente_con_dificultad_funcional_permanente_numero_y_esferas_de_funcionamiento_solo_para_oir_aun_usando_aparado_auditivo,dificultades_funcionales,,"Población de 5 años o más por condición de dificultad funcional permanente y número y esferas de funcionamiento, según provincia, cantón, parroquia de residencia y sexo al nacer",Total 10 de Agosto,,"Condición de dificultad funcional permanente | Con dificultad funcional permanente | Número y esferas de funcionamiento | Solo para oír, aún usando aparado auditivo",1030
censo_ind_dificultades_funcionales_sin_numero_total_geografia_condicion_de_dificultad_funcional_permanente_con_dificultad_funcional_permanente_numero_y_esferas_de_funcionamiento_solo_para_recordar_entender_o_concentrarse,dificultades_funcionales,,"Población de 5 años o más por condición de dificultad funcional permanente y número y esferas de funcionamiento, según provincia, cantón, parroquia de residencia y sexo al nacer",Total 10 de Agosto,,"Condición de dificultad funcional permanente | Con dificultad funcional permanente | Número y esferas de funcionamiento | Solo para recordar, entender o concentrarse",1023
censo_ind_dificultades_funcionales_sin_numero_total_geografia_condicion_de_dificultad_funcional_permanente_con_dificultad_funcional_permanente_numero_y_esferas_de_funcionamiento_solo_para_ver_aun_usando_lentes,dificultades_funcionales,,"Población de 5 años o más por condición de dificultad funcional permanente y número y esferas de funcionamiento, según provincia, cantón, parroquia de residencia y sexo al nacer",Total 10 de Agosto,,"Condición de dificultad funcional permanente | Con dificultad funcional permanente | Número y esferas de funcionamiento | Solo para ver, aún usando lentes",1038
censo_ind_dificultades_funcionales_sin_numero_total_geografia_condicion_de_dificultad_funcional_permanente_con_dificultad_funcional_permanente_sexo_al_nacer_hombres,dificultades_funcionales,,"Población de 5 años o más por condición de dificultad funcional permanente y sexo al nacer, según provincia, cantón, parroquia de residencia y grupos quinquenales de edad",Total 10 de Agosto,,Condición de dificultad funcional permanente | Con dificultad funcional permanente | Sexo al nacer | Hombres,1042
censo_ind_dificultades_funcionales_sin_numero_total_geografia_condicion_de_dificultad_funcional_permanente_con_dificultad_funcional_permanente_sexo_al_nacer_mujeres,dificultades_funcionales,,"Población de 5 años o más por condición de dificultad funcional permanente y sexo al nacer, según provincia, cantón, parroquia de residencia y grupos quinquenales de edad",Total 10 de Agosto,,Condición de dificultad funcional permanente | Con dificultad funcional permanente | Sexo al nacer | Mujeres,1042
censo_ind_dificultades_funcionales_sin_numero_total_geografia_condicion_de_dificultad_funcional_permanente_con_dificultad_funcional_permanente_sexo_al_nacer_numero_total_de_personas_con_mucha_o_total_dificultad_o_limitacion_permanente_en_una_o_mas_esferas_de_funcionamiento,dificultades_funcionales,,"Población de 5 años o más por condición de dificultad funcional permanente y sexo al nacer, según provincia, cantón, parroquia de residencia y grupos quinquenales de edad",Total 10 de Agosto,,Condición de dificultad funcional permanente | Con dificultad funcional permanente | Sexo al nacer | Número total de personas con mucha o total dificultad o limitación permanente en una o más esferas de funcionamiento,1042
censo_ind_dificultades_funcionales_sin_numero_total_geografia_condicion_de_dificultad_funcional_permanente_no_especificado_numero_y_esferas_de_funcionamiento_en_varias_esferas_de_funcionamiento,dificultades_funcionales,,"Población de 5 años o más por condición de dificultad funcional permanente y número y esferas de funcionamiento, según provincia, cantón, parroquia de residencia y sexo al nacer",Total 10 de Agosto,,Condición de dificultad funcional permanente | No especificado | Número y esferas de funcionamiento | En varias esferas de funcionamiento,995
censo_ind_dificultades_funcionales_sin_numero_total_geografia_condicion_de_dificultad_funcional_permanente_no_especificado_sexo_al_nacer_numero_total_de_personas_que_no_especificaron_condicion_de_dificultad_o_limitacion_permanente,dificultades_funcionales,,"Población de 5 años o más por condición de dificultad funcional permanente y sexo al nacer, según provincia, cantón, parroquia de residencia y grupos quinquenales de edad",Total 10 de Agosto,,Condición de dificultad funcional permanente | No especificado | Sexo al nacer | Número total de personas que no especificaron condición de dificultad o limitación permanente,1042
censo_ind_dificultades_funcionales_sin_numero_total_geografia_condicion_de_dificultad_funcional_permanente_sin_dificultad_funcional_permanente,dificultades_funcionales,,"Población de 5 años o más por condición de dificultad funcional permanente y número y esferas de funcionamiento, según provincia, cantón, parroquia de residencia y sexo al nacer",Total 10 de Agosto,,Condición de dificultad funcional permanente | Sin dificultad funcional permanente,1042
censo_ind_dificultades_funcionales_sin_numero_total_geografia_condicion_de_dificultad_funcional_permanente_sin_dificultad_funcional_permanente_sexo_al_nacer_hombres,dificultades_funcionales,,"Población de 5 años o más por condición de dificultad funcional permanente y sexo al nacer, según provincia, cantón, parroquia de residencia y grupos quinquenales de edad",Total 10 de Agosto,,Condición de dificultad funcional permanente | Sin dificultad funcional permanente | Sexo al nacer | Hombres,1042
censo_ind_dificultades_funcionales_sin_numero_total_geografia_condicion_de_dificultad_funcional_permanente_sin_dificultad_funcional_permanente_sexo_al_nacer_mujeres,dificultades_funcionales,,"Población de 5 años o más por condición de dificultad funcional permanente y sexo al nacer, según provincia, cantón, parroquia de residencia y grupos quinquenales de edad",Total 10 de Agosto,,Condición de dificultad funcional permanente | Sin dificultad funcional permanente | Sexo al nacer | Mujeres,1042
censo_ind_dificultades_funcionales_sin_numero_total_geografia_condicion_de_dificultad_funcional_permanente_sin_dificultad_funcional_permanente_sexo_al_nacer_numero_total_de_personas_sin_dificultad_o_limitacion_permanente,dificultades_funcionales,,"Población de 5 años o más por condición de dificultad funcional permanente y sexo al nacer, según provincia, cantón, parroquia de residencia y grupos quinquenales de edad",Total 10 de Agosto,,Condición de dificultad funcional permanente | Sin dificultad funcional permanente | Sexo al nacer | Número total de personas sin dificultad o limitación permanente,1042
censo_ind_dificultades_funcionales_sin_numero_total_geografia_esfera_de_funcionamiento_banarse_vestirse_alimentarse_por_si_mismo_condicion_de_dificultad_funcional_permanente_con_dificultad_funcional_permanente,dificultades_funcionales,,"Población de 5 años o más por condición de dificultad funcional permanente en cada esfera de funcionamiento, según provincia, cantón, parroquia de residencia y sexo al nacer",Total 10 de Agosto,,"Esfera de funcionamiento | Bañarse, vestirse, alimentarse por sí mismo | Condición de dificultad funcional permanente | Con dificultad funcional permanente",1038
censo_ind_dificultades_funcionales_sin_numero_total_geografia_esfera_de_funcionamiento_banarse_vestirse_alimentarse_por_si_mismo_condicion_de_dificultad_funcional_permanente_no_especificado,dificultades_funcionales,,"Población de 5 años o más por condición de dificultad funcional permanente en cada esfera de funcionamiento, según provincia, cantón, parroquia de residencia y sexo al nacer",Total 10 de Agosto,,"Esfera de funcionamiento | Bañarse, vestirse, alimentarse por sí mismo | Condición de dificultad funcional permanente | No especificado",995
censo_ind_dificultades_funcionales_sin_numero_total_geografia_esfera_de_funcionamiento_banarse_vestirse_alimentarse_por_si_mismo_condicion_de_dificultad_funcional_permanente_sin_dificultad_funcional_permanente,dificultades_funcionales,,"Población de 5 años o más por condición de dificultad funcional permanente en cada esfera de funcionamiento, según provincia, cantón, parroquia de residencia y sexo al nacer",Total 10 de Agosto,,"Esfera de funcionamiento | Bañarse, vestirse, alimentarse por sí mismo | Condición de dificultad funcional permanente | Sin dificultad funcional permanente",1042
censo_ind_dificultades_funcionales_sin_numero_total_geografia_esfera_de_funcionamiento_caminar_o_subir_o_bajar_gradas_escaleras_condicion_de_dificultad_funcional_permanente_con_dificultad_funcional_permanente,dificultades_funcionales,,"Población de 5 años o más por condición de dificultad funcional permanente en cada esfera de funcionamiento, según provincia, cantón, parroquia de residencia y sexo al nacer",Total 10 de Agosto,,"Esfera de funcionamiento | Caminar, o subir o bajar gradas/escaleras | Condición de dificultad funcional permanente | Con dificultad funcional permanente",1041
censo_ind_dificultades_funcionales_sin_numero_total_geografia_esfera_de_funcionamiento_caminar_o_subir_o_bajar_gradas_escaleras_condicion_de_dificultad_funcional_permanente_no_especificado,dificultades_funcionales,,"Población de 5 años o más por condición de dificultad funcional permanente en cada esfera de funcionamiento, según provincia, cantón, parroquia de residencia y sexo al nacer",Total 10 de Agosto,,"Esfera de funcionamiento | Caminar, o subir o bajar gradas/escaleras | Condición de dificultad funcional permanente | No especificado",995
censo_ind_dificultades_funcionales_sin_numero_total_geografia_esfera_de_funcionamiento_caminar_o_subir_o_bajar_gradas_escaleras_condicion_de_dificultad_funcional_permanente_sin_dificultad_funcional_permanente,dificultades_funcionales,,"Población de 5 años o más por condición de dificultad funcional permanente en cada esfera de funcionamiento, según provincia, cantón, parroquia de residencia y sexo al nacer",Total 10 de Agosto,,"Esfera de funcionamiento | Caminar, o subir o bajar gradas/escaleras | Condición de dificultad funcional permanente | Sin dificultad funcional permanente",1042
censo_ind_dificultades_funcionales_sin_numero_total_geografia_esfera_de_funcionamiento_hablar_cominicarse_o_conversar_condicion_de_dificultad_funcional_permanente_con_dificultad_funcional_permanente,dificultades_funcionales,,"Población de 5 años o más por condición de dificultad funcional permanente en cada esfera de funcionamiento, según provincia, cantón, parroquia de residencia y sexo al nacer",Total 10 de Agosto,,"Esfera de funcionamiento | Hablar, cominicarse o conversar | Condición de dificultad funcional permanente | Con dificultad funcional permanente",1039
censo_ind_dificultades_funcionales_sin_numero_total_geografia_esfera_de_funcionamiento_hablar_cominicarse_o_conversar_condicion_de_dificultad_funcional_permanente_no_especificado,dificultades_funcionales,,"Población de 5 años o más por condición de dificultad funcional permanente en cada esfera de funcionamiento, según provincia, cantón, parroquia de residencia y sexo al nacer",Total 10 de Agosto,,"Esfera de funcionamiento | Hablar, cominicarse o conversar | Condición de dificultad funcional permanente | No especificado",995
censo_ind_dificultades_funcionales_sin_numero_total_geografia_esfera_de_funcionamiento_hablar_cominicarse_o_conversar_condicion_de_dificultad_funcional_permanente_sin_dificultad_funcional_permanente,dificultades_funcionales,,"Población de 5 años o más por condición de dificultad funcional permanente en cada esfera de funcionamiento, según provincia, cantón, parroquia de residencia y sexo al nacer",Total 10 de Agosto,,"Esfera de funcionamiento | Hablar, cominicarse o conversar | Condición de dificultad funcional permanente | Sin dificultad funcional permanente",1042
censo_ind_dificultades_funcionales_sin_numero_total_geografia_esfera_de_funcionamiento_oir_aun_usando_aparato_auditivo_condicion_de_dificultad_funcional_permanente_con_dificultad_funcional_permanente,dificultades_funcionales,,"Población de 5 años o más por condición de dificultad funcional permanente en cada esfera de funcionamiento, según provincia, cantón, parroquia de residencia y sexo al nacer",Total 10 de Agosto,,"Esfera de funcionamiento | Oír, aun usando aparato auditivo | Condición de dificultad funcional permanente | Con dificultad funcional permanente",1041
censo_ind_dificultades_funcionales_sin_numero_total_geografia_esfera_de_funcionamiento_oir_aun_usando_aparato_auditivo_condicion_de_dificultad_funcional_permanente_no_especificado,dificultades_funcionales,,"Población de 5 años o más por condición de dificultad funcional permanente en cada esfera de funcionamiento, según provincia, cantón, parroquia de residencia y sexo al nacer",Total 10 de Agosto,,"Esfera de funcionamiento | Oír, aun usando aparato auditivo | Condición de dificultad funcional permanente | No especificado",995
censo_ind_dificultades_funcionales_sin_numero_total_geografia_esfera_de_funcionamiento_oir_aun_usando_aparato_auditivo_condicion_de_dificultad_funcional_permanente_sin_dificultad_funcional_permanente,dificultades_funcionales,,"Población de 5 años o más por condición de dificultad funcional permanente en cada esfera de funcionamiento, según provincia, cantón, parroquia de residencia y sexo al nacer",Total 10 de Agosto,,"Esfera de funcionamiento | Oír, aun usando aparato auditivo | Condición de dificultad funcional permanente | Sin dificultad funcional permanente",1042
censo_ind_dificultades_funcionales_sin_numero_total_geografia_esfera_de_funcionamiento_recordar_entender_o_concentrarse_condicion_de_dificultad_funcional_permanente_con_dificultad_funcional_permanente,dificultades_funcionales,,"Población de 5 años o más por condición de dificultad funcional permanente en cada esfera de funcionamiento, según provincia, cantón, parroquia de residencia y sexo al nacer",Total 10 de Agosto,,"Esfera de funcionamiento | Recordar, entender o concentrarse | Condición de dificultad funcional permanente | Con dificultad funcional permanente",1041
censo_ind_dificultades_funcionales_sin_numero_total_geografia_esfera_de_funcionamiento_recordar_entender_o_concentrarse_condicion_de_dificultad_funcional_permanente_no_especificado,dificultades_funcionales,,"Población de 5 años o más por condición de dificultad funcional permanente en cada esfera de funcionamiento, según provincia, cantón, parroquia de residencia y sexo al nacer",Total 10 de Agosto,,"Esfera de funcionamiento | Recordar, entender o concentrarse | Condición de dificultad funcional permanente | No especificado",995
censo_ind_dificultades_funcionales_sin_numero_total_geografia_esfera_de_funcionamiento_recordar_entender_o_concentrarse_condicion_de_dificultad_funcional_permanente_sin_dificultad_funcional_permanente,dificultades_funcionales,,"Población de 5 años o más por condición de dificultad funcional permanente en cada esfera de funcionamiento, según provincia, cantón, parroquia de residencia y sexo al nacer",Total 10 de Agosto,,"Esfera de funcionamiento | Recordar, entender o concentrarse | Condición de dificultad funcional permanente | Sin dificultad funcional permanente",1042
censo_ind_dificultades_funcionales_sin_numero_total_geografia_esfera_de_funcionamiento_ver_aun_usando_lentes_condicion_de_dificultad_funcional_permanente_con_dificultad_funcional_permanente,dificultades_funcionales,,"Población de 5 años o más por condición de dificultad funcional permanente en cada esfera de funcionamiento, según provincia, cantón, parroquia de residencia y sexo al nacer",Total 10 de Agosto,,"Esfera de funcionamiento | Ver, aun usando lentes | Condición de dificultad funcional permanente | Con dificultad funcional permanente",1040
censo_ind_dificultades_funcionales_sin_numero_total_geografia_esfera_de_funcionamiento_ver_aun_usando_lentes_condicion_de_dificultad_funcional_permanente_no_especificado,dificultades_funcionales,,"Población de 5 años o más por condición de dificultad funcional permanente en cada esfera de funcionamiento, según provincia, cantón, parroquia de residencia y sexo al nacer",Total 10 de Agosto,,"Esfera de funcionamiento | Ver, aun usando lentes | Condición de dificultad funcional permanente | No especificado",995
censo_ind_dificultades_funcionales_sin_numero_total_geografia_esfera_de_funcionamiento_ver_aun_usando_lentes_condicion_de_dificultad_funcional_permanente_sin_dificultad_funcional_permanente,dificultades_funcionales,,"Población de 5 años o más por condición de dificultad funcional permanente en cada esfera de funcionamiento, según provincia, cantón, parroquia de residencia y sexo al nacer",Total 10 de Agosto,,"Esfera de funcionamiento | Ver, aun usando lentes | Condición de dificultad funcional permanente | Sin dificultad funcional permanente",1042
censo_ind_dificultades_funcionales_sin_numero_total_geografia_numero_total_de_personas,dificultades_funcionales,,"Población de 5 años o más por condición de dificultad funcional permanente y número y esferas de funcionamiento, según provincia, cantón, parroquia de residencia y sexo al nacer",Total 10 de Agosto,,Número total de personas,1042
censo_ind_educacion_1_2_85_o_mas_asistencia_a_un_establecimiento_de_ensenanza_regular_o_formal_no_sexo_al_nacer_hombres,educacion,1.2,"Población por asistencia a un establecimiento de enseñanza regular o formal y sexo al nacer, según provincia, cantón, parroquia de residencia y grupos quinquenales de edad",85 o más,,Asistencia a un establecimiento de enseñanza regular o formal | No | Sexo al nacer | Hombres,1021
censo_ind_educacion_1_2_85_o_mas_asistencia_a_un_establecimiento_de_ensenanza_regular_o_formal_no_sexo_al_nacer_mujeres,educacion,1.2,"Población por asistencia a un establecimiento de enseñanza regular o formal y sexo al nacer, según provincia, cantón, parroquia de residencia y grupos quinquenales de edad",85 o más,,Asistencia a un establecimiento de enseñanza regular o formal | No | Sexo al nacer | Mujeres,1021
censo_ind_educacion_1_2_85_o_mas_asistencia_a_un_establecimiento_de_ensenanza_regular_o_formal_no_sexo_al_nacer_numero_total_de_personas_que_no_asisten_a_un_establecimiento_de_ensenanza_regular_o_formal,educacion,1.2,"Población por asistencia a un establecimiento de enseñanza regular o formal y sexo al nacer, según provincia, cantón, parroquia de residencia y grupos quinquenales de edad",85 o más,,Asistencia a un establecimiento de enseñanza regular o formal | No | Sexo al nacer | Número total de personas que no asisten a un establecimiento de enseñanza regular o formal,1034
censo_ind_educacion_1_2_85_o_mas_asistencia_a_un_establecimiento_de_ensenanza_regular_o_formal_si_sexo_al_nacer_numero_total_de_personas_que_asisten_a_un_establecimiento_de_ensenanza_regular_o_formal,educacion,1.2,"Población por asistencia a un establecimiento de enseñanza regular o formal y sexo al nacer, según provincia, cantón, parroquia de residencia y grupos quinquenales de edad",85 o más,,Asistencia a un establecimiento de enseñanza regular o formal | Sí | Sexo al nacer | Número total de personas que asisten a un establecimiento de enseñanza regular o formal,1034
censo_ind_educacion_1_2_85_o_mas_numero_total_de_personas,educacion,1.2,"Población por asistencia a un establecimiento de enseñanza regular o formal y sexo al nacer, según provincia, cantón, parroquia de residencia y grupos quinquenales de edad",85 o más,,Número total de personas,1034
censo_ind_educacion_1_2_de_0_4_asistencia_a_un_establecimiento_de_ensenanza_regular_o_formal_no_sexo_al_nacer_hombres,educacion,1.2,"Población por asistencia a un establecimiento de enseñanza regular o formal y sexo al nacer, según provincia, cantón, parroquia de residencia y grupos quinquenales de edad",De 0-4,,Asistencia a un establecimiento de enseñanza regular o formal | No | Sexo al nacer | Hombres,1041
censo_ind_educacion_1_2_de_0_4_asistencia_a_un_establecimiento_de_ensenanza_regular_o_formal_no_sexo_al_nacer_mujeres,educacion,1.2,"Población por asistencia a un establecimiento de enseñanza regular o formal y sexo al nacer, según provincia, cantón, parroquia de residencia y grupos quinquenales de edad",De 0-4,,Asistencia a un establecimiento de enseñanza regular o formal | No | Sexo al nacer | Mujeres,1041
censo_ind_educacion_1_2_de_0_4_asistencia_a_un_establecimiento_de_ensenanza_regular_o_formal_no_sexo_al_nacer_numero_total_de_personas_que_no_asisten_a_un_establecimiento_de_ensenanza_regular_o_formal,educacion,1.2,"Población por asistencia a un establecimiento de enseñanza regular o formal y sexo al nacer, según provincia, cantón, parroquia de residencia y grupos quinquenales de edad",De 0-4,,Asistencia a un establecimiento de enseñanza regular o formal | No | Sexo al nacer | Número total de personas que no asisten a un establecimiento de enseñanza regular o formal,1042
censo_ind_educacion_1_2_de_0_4_asistencia_a_un_establecimiento_de_ensenanza_regular_o_formal_si_sexo_al_nacer_hombres,educacion,1.2,"Población por asistencia a un establecimiento de enseñanza regular o formal y sexo al nacer, según provincia, cantón, parroquia de residencia y grupos quinquenales de edad",De 0-4,,Asistencia a un establecimiento de enseñanza regular o formal | Sí | Sexo al nacer | Hombres,1032
censo_ind_educacion_1_2_de_0_4_asistencia_a_un_establecimiento_de_ensenanza_regular_o_formal_si_sexo_al_nacer_mujeres,educacion,1.2,"Población por asistencia a un establecimiento de enseñanza regular o formal y sexo al nacer, según provincia, cantón, parroquia de residencia y grupos quinquenales de edad",De 0-4,,Asistencia a un establecimiento de enseñanza regular o formal | Sí | Sexo al nacer | Mujeres,1033
censo_ind_educacion_1_2_de_0_4_asistencia_a_un_establecimiento_de_ensenanza_regular_o_formal_si_sexo_al_nacer_numero_total_de_personas_que_asisten_a_un_establecimiento_de_ensenanza_regular_o_formal,educacion,1.2,"Población por asistencia a un establecimiento de enseñanza regular o formal y sexo al nacer, según provincia, cantón, parroquia de residencia y grupos quinquenales de edad",De 0-4,,Asistencia a un establecimiento de enseñanza regular o formal | Sí | Sexo al nacer | Número total de personas que asisten a un establecimiento de enseñanza regular o formal,1042
censo_ind_educacion_1_2_de_0_4_numero_total_de_personas,educacion,1.2,"Población por asistencia a un establecimiento de enseñanza regular o formal y sexo al nacer, según provincia, cantón, parroquia de residencia y grupos quinquenales de edad",De 0-4,,Número total de personas,1042
censo_ind_educacion_1_2_de_10_14_asistencia_a_un_establecimiento_de_ensenanza_regular_o_formal_no_sexo_al_nacer_numero_total_de_personas_que_no_asisten_a_un_establecimiento_de_ensenanza_regular_o_formal,educacion,1.2,"Población por asistencia a un establecimiento de enseñanza regular o formal y sexo al nacer, según provincia, cantón, parroquia de residencia y grupos quinquenales de edad",De 10-14,,Asistencia a un establecimiento de enseñanza regular o formal | No | Sexo al nacer | Número total de personas que no asisten a un establecimiento de enseñanza regular o formal,1042
censo_ind_educacion_1_2_de_10_14_asistencia_a_un_establecimiento_de_ensenanza_regular_o_formal_si_sexo_al_nacer_hombres,educacion,1.2,"Población por asistencia a un establecimiento de enseñanza regular o formal y sexo al nacer, según provincia, cantón, parroquia de residencia y grupos quinquenales de edad",De 10-14,,Asistencia a un establecimiento de enseñanza regular o formal | Sí | Sexo al nacer | Hombres,1042
censo_ind_educacion_1_2_de_10_14_asistencia_a_un_establecimiento_de_ensenanza_regular_o_formal_si_sexo_al_nacer_mujeres,educacion,1.2,"Población por asistencia a un establecimiento de enseñanza regular o formal y sexo al nacer, según provincia, cantón, parroquia de residencia y grupos quinquenales de edad",De 10-14,,Asistencia a un establecimiento de enseñanza regular o formal | Sí | Sexo al nacer | Mujeres,1042
censo_ind_educacion_1_2_de_10_14_asistencia_a_un_establecimiento_de_ensenanza_regular_o_formal_si_sexo_al_nacer_numero_total_de_personas_que_asisten_a_un_establecimiento_de_ensenanza_regular_o_formal,educacion,1.2,"Población por asistencia a un establecimiento de enseñanza regular o formal y sexo al nacer, según provincia, cantón, parroquia de residencia y grupos quinquenales de edad",De 10-14,,Asistencia a un establecimiento de enseñanza regular o formal | Sí | Sexo al nacer | Número total de personas que asisten a un establecimiento de enseñanza regular o formal,1042
censo_ind_educacion_1_2_de_10_14_numero_total_de_personas,educacion,1.2,"Población por asistencia a un establecimiento de enseñanza regular o formal y sexo al nacer, según provincia, cantón, parroquia de residencia y grupos quinquenales de edad",De 10-14,,Número total de personas,1042
censo_ind_educacion_1_2_de_15_19_asistencia_a_un_establecimiento_de_ensenanza_regular_o_formal_no_sexo_al_nacer_hombres,educacion,1.2,"Población por asistencia a un establecimiento de enseñanza regular o formal y sexo al nacer, según provincia, cantón, parroquia de residencia y grupos quinquenales de edad",De 15-19,,Asistencia a un establecimiento de enseñanza regular o formal | No | Sexo al nacer | Hombres,1040
censo_ind_educacion_1_2_de_15_19_asistencia_a_un_establecimiento_de_ensenanza_regular_o_formal_no_sexo_al_nacer_mujeres,educacion,1.2,"Población por asistencia a un establecimiento de enseñanza regular o formal y sexo al nacer, según provincia, cantón, parroquia de residencia y grupos quinquenales de edad",De 15-19,,Asistencia a un establecimiento de enseñanza regular o formal | No | Sexo al nacer | Mujeres,1039
censo_ind_educacion_1_2_de_15_19_asistencia_a_un_establecimiento_de_ensenanza_regular_o_formal_no_sexo_al_nacer_numero_total_de_personas_que_no_asisten_a_un_establecimiento_de_ensenanza_regular_o_formal,educacion,1.2,"Población por asistencia a un establecimiento de enseñanza regular o formal y sexo al nacer, según provincia, cantón, parroquia de residencia y grupos quinquenales de edad",De 15-19,,Asistencia a un establecimiento de enseñanza regular o formal | No | Sexo al nacer | Número total de personas que no asisten a un establecimiento de enseñanza regular o formal,1042
censo_ind_educacion_1_2_de_15_19_asistencia_a_un_establecimiento_de_ensenanza_regular_o_formal_si_sexo_al_nacer_hombres,educacion,1.2,"Población por asistencia a un establecimiento de enseñanza regular o formal y sexo al nacer, según provincia, cantón, parroquia de residencia y grupos quinquenales de edad",De 15-19,,Asistencia a un establecimiento de enseñanza regular o formal | Sí | Sexo al nacer | Hombres,1041
censo_ind_educacion_1_2_de_15_19_asistencia_a_un_establecimiento_de_ensenanza_regular_o_formal_si_sexo_al_nacer_mujeres,educacion,1.2,"Población por asistencia a un establecimiento de enseñanza regular o formal y sexo al nacer, según provincia, cantón, parroquia de residencia y grupos quinquenales de edad",De 15-19,,Asistencia a un establecimiento de enseñanza regular o formal | Sí | Sexo al nacer | Mujeres,1039
censo_ind_educacion_1_2_de_15_19_asistencia_a_un_establecimiento_de_ensenanza_regular_o_formal_si_sexo_al_nacer_numero_total_de_personas_que_asisten_a_un_establecimiento_de_ensenanza_regular_o_formal,educacion,1.2,"Población por asistencia a un establecimiento de enseñanza regular o formal y sexo al nacer, según provincia, cantón, parroquia de residencia y grupos quinquenales de edad",De 15-19,,Asistencia a un establecimiento de enseñanza regular o formal | Sí | Sexo al nacer | Número total de personas que asisten a un establecimiento de enseñanza regular o formal,1042
censo_ind_educacion_1_2_de_15_19_numero_total_de_personas,educacion,1.2,"Población por asistencia a un establecimiento de enseñanza regular o formal y sexo al nacer, según provincia, cantón, parroquia de residencia y grupos quinquenales de edad",De 15-19,,Número total de personas,1042
censo_ind_educacion_1_2_de_20_24_asistencia_a_un_establecimiento_de_ensenanza_regular_o_formal_no_sexo_al_nacer_hombres,educacion,1.2,"Población por asistencia a un establecimiento de enseñanza regular o formal y sexo al nacer, según provincia, cantón, parroquia de residencia y grupos quinquenales de edad",De 20-24,,Asistencia a un establecimiento de enseñanza regular o formal | No | Sexo al nacer | Hombres,1042
censo_ind_educacion_1_2_de_20_24_asistencia_a_un_establecimiento_de_ensenanza_regular_o_formal_no_sexo_al_nacer_mujeres,educacion,1.2,"Población por asistencia a un establecimiento de enseñanza regular o formal y sexo al nacer, según provincia, cantón, parroquia de residencia y grupos quinquenales de edad",De 20-24,,Asistencia a un establecimiento de enseñanza regular o formal | No | Sexo al nacer | Mujeres,1041
censo_ind_educacion_1_2_de_20_24_asistencia_a_un_establecimiento_de_ensenanza_regular_o_formal_no_sexo_al_nacer_numero_total_de_personas_que_no_asisten_a_un_establecimiento_de_ensenanza_regular_o_formal,educacion,1.2,"Población por asistencia a un establecimiento de enseñanza regular o formal y sexo al nacer, según provincia, cantón, parroquia de residencia y grupos quinquenales de edad",De 20-24,,Asistencia a un establecimiento de enseñanza regular o formal | No | Sexo al nacer | Número total de personas que no asisten a un establecimiento de enseñanza regular o formal,1042
censo_ind_educacion_1_2_de_20_24_asistencia_a_un_establecimiento_de_ensenanza_regular_o_formal_si_sexo_al_nacer_hombres,educacion,1.2,"Población por asistencia a un establecimiento de enseñanza regular o formal y sexo al nacer, según provincia, cantón, parroquia de residencia y grupos quinquenales de edad",De 20-24,,Asistencia a un establecimiento de enseñanza regular o formal | Sí | Sexo al nacer | Hombres,1031
censo_ind_educacion_1_2_de_20_24_asistencia_a_un_establecimiento_de_ensenanza_regular_o_formal_si_sexo_al_nacer_mujeres,educacion,1.2,"Población por asistencia a un establecimiento de enseñanza regular o formal y sexo al nacer, según provincia, cantón, parroquia de residencia y grupos quinquenales de edad",De 20-24,,Asistencia a un establecimiento de enseñanza regular o formal | Sí | Sexo al nacer | Mujeres,1034
censo_ind_educacion_1_2_de_20_24_asistencia_a_un_establecimiento_de_ensenanza_regular_o_formal_si_sexo_al_nacer_numero_total_de_personas_que_asisten_a_un_establecimiento_de_ensenanza_regular_o_formal,educacion,1.2,"Población por asistencia a un establecimiento de enseñanza regular o formal y sexo al nacer, según provincia, cantón, parroquia de residencia y grupos quinquenales de edad",De 20-24,,Asistencia a un establecimiento de enseñanza regular o formal | Sí | Sexo al nacer | Número total de personas que asisten a un establecimiento de enseñanza regular o formal,1042
censo_ind_educacion_1_2_de_20_24_numero_total_de_personas,educacion,1.2,"Población por asistencia a un establecimiento de enseñanza regular o formal y sexo al nacer, según provincia, cantón, parroquia de residencia y grupos quinquenales de edad",De 20-24,,Número total de personas,1042
censo_ind_educacion_1_2_de_25_29_asistencia_a_un_establecimiento_de_ensenanza_regular_o_formal_no_sexo_al_nacer_hombres,educacion,1.2,"Población por asistencia a un establecimiento de enseñanza regular o formal y sexo al nacer, según provincia, cantón, parroquia de residencia y grupos quinquenales de edad",De 25-29,,Asistencia a un establecimiento de enseñanza regular o formal | No | Sexo al nacer | Hombres,1042
censo_ind_educacion_1_2_de_25_29_asistencia_a_un_establecimiento_de_ensenanza_regular_o_formal_no_sexo_al_nacer_mujeres,educacion,1.2,"Población por asistencia a un establecimiento de enseñanza regular o formal y sexo al nacer, según provincia, cantón, parroquia de residencia y grupos quinquenales de edad",De 25-29,,Asistencia a un establecimiento de enseñanza regular o formal | No | Sexo al nacer | Mujeres,1041
censo_ind_educacion_1_2_de_25_29_asistencia_a_un_establecimiento_de_ensenanza_regular_o_formal_no_sexo_al_nacer_numero_total_de_personas_que_no_asisten_a_un_establecimiento_de_ensenanza_regular_o_formal,educacion,1.2,"Población por asistencia a un establecimiento de enseñanza regular o formal y sexo al nacer, según provincia, cantón, parroquia de residencia y grupos quinquenales de edad",De 25-29,,Asistencia a un establecimiento de enseñanza regular o formal | No | Sexo al nacer | Número total de personas que no asisten a un establecimiento de enseñanza regular o formal,1042
censo_ind_educacion_1_2_de_25_29_asistencia_a_un_establecimiento_de_ensenanza_regular_o_formal_si_sexo_al_nacer_hombres,educacion,1.2,"Población por asistencia a un establecimiento de enseñanza regular o formal y sexo al nacer, según provincia, cantón, parroquia de residencia y grupos quinquenales de edad",De 25-29,,Asistencia a un establecimiento de enseñanza regular o formal | Sí | Sexo al nacer | Hombres,989
censo_ind_educacion_1_2_de_25_29_asistencia_a_un_establecimiento_de_ensenanza_regular_o_formal_si_sexo_al_nacer_mujeres,educacion,1.2,"Población por asistencia a un establecimiento de enseñanza regular o formal y sexo al nacer, según provincia, cantón, parroquia de residencia y grupos quinquenales de edad",De 25-29,,Asistencia a un establecimiento de enseñanza regular o formal | Sí | Sexo al nacer | Mujeres,999
censo_ind_educacion_1_2_de_25_29_asistencia_a_un_establecimiento_de_ensenanza_regular_o_formal_si_sexo_al_nacer_numero_total_de_personas_que_asisten_a_un_establecimiento_de_ensenanza_regular_o_formal,educacion,1.2,"Población por asistencia a un establecimiento de enseñanza regular o formal y sexo al nacer, según provincia, cantón, parroquia de residencia y grupos quinquenales de edad",De 25-29,,Asistencia a un establecimiento de enseñanza regular o formal | Sí | Sexo al nacer | Número total de personas que asisten a un establecimiento de enseñanza regular o formal,1042
censo_ind_educacion_1_2_de_25_29_numero_total_de_personas,educacion,1.2,"Población por asistencia a un establecimiento de enseñanza regular o formal y sexo al nacer, según provincia, cantón, parroquia de residencia y grupos quinquenales de edad",De 25-29,,Número total de personas,1042
censo_ind_educacion_1_2_de_30_34_asistencia_a_un_establecimiento_de_ensenanza_regular_o_formal_no_sexo_al_nacer_hombres,educacion,1.2,"Población por asistencia a un establecimiento de enseñanza regular o formal y sexo al nacer, según provincia, cantón, parroquia de residencia y grupos quinquenales de edad",De 30-34,,Asistencia a un establecimiento de enseñanza regular o formal | No | Sexo al nacer | Hombres,1041
censo_ind_educacion_1_2_de_30_34_asistencia_a_un_establecimiento_de_ensenanza_regular_o_formal_no_sexo_al_nacer_mujeres,educacion,1.2,"Población por asistencia a un establecimiento de enseñanza regular o formal y sexo al nacer, según provincia, cantón, parroquia de residencia y grupos quinquenales de edad",De 30-34,,Asistencia a un establecimiento de enseñanza regular o formal | No | Sexo al nacer | Mujeres,1042
censo_ind_educacion_1_2_de_30_34_asistencia_a_un_establecimiento_de_ensenanza_regular_o_formal_no_sexo_al_nacer_numero_total_de_personas_que_no_asisten_a_un_establecimiento_de_ensenanza_regular_o_formal,educacion,1.2,"Población por asistencia a un establecimiento de enseñanza regular o formal y sexo al nacer, según provincia, cantón, parroquia de residencia y grupos quinquenales de edad",De 30-34,,Asistencia a un establecimiento de enseñanza regular o formal | No | Sexo al nacer | Número total de personas que no asisten a un establecimiento de enseñanza regular o formal,1042
censo_ind_educacion_1_2_de_30_34_asistencia_a_un_establecimiento_de_ensenanza_regular_o_formal_si_sexo_al_nacer_numero_total_de_personas_que_asisten_a_un_establecimiento_de_ensenanza_regular_o_formal,educacion,1.2,"Población por asistencia a un establecimiento de enseñanza regular o formal y sexo al nacer, según provincia, cantón, parroquia de residencia y grupos quinquenales de edad",De 30-34,,Asistencia a un establecimiento de enseñanza regular o formal | Sí | Sexo al nacer | Número total de personas que asisten a un establecimiento de enseñanza regular o formal,1042
censo_ind_educacion_1_2_de_30_34_numero_total_de_personas,educacion,1.2,"Población por asistencia a un establecimiento de enseñanza regular o formal y sexo al nacer, según provincia, cantón, parroquia de residencia y grupos quinquenales de edad",De 30-34,,Número total de personas,1042
censo_ind_educacion_1_2_de_35_39_asistencia_a_un_establecimiento_de_ensenanza_regular_o_formal_no_sexo_al_nacer_hombres,educacion,1.2,"Población por asistencia a un establecimiento de enseñanza regular o formal y sexo al nacer, según provincia, cantón, parroquia de residencia y grupos quinquenales de edad",De 35-39,,Asistencia a un establecimiento de enseñanza regular o formal | No | Sexo al nacer | Hombres,1041
censo_ind_educacion_1_2_de_35_39_asistencia_a_un_establecimiento_de_ensenanza_regular_o_formal_no_sexo_al_nacer_mujeres,educacion,1.2,"Población por asistencia a un establecimiento de enseñanza regular o formal y sexo al nacer, según provincia, cantón, parroquia de residencia y grupos quinquenales de edad",De 35-39,,Asistencia a un establecimiento de enseñanza regular o formal | No | Sexo al nacer | Mujeres,1042
censo_ind_educacion_1_2_de_35_39_asistencia_a_un_establecimiento_de_ensenanza_regular_o_formal_no_sexo_al_nacer_numero_total_de_personas_que_no_asisten_a_un_establecimiento_de_ensenanza_regular_o_formal,educacion,1.2,"Población por asistencia a un establecimiento de enseñanza regular o formal y sexo al nacer, según provincia, cantón, parroquia de residencia y grupos quinquenales de edad",De 35-39,,Asistencia a un establecimiento de enseñanza regular o formal | No | Sexo al nacer | Número total de personas que no asisten a un establecimiento de enseñanza regular o formal,1042
censo_ind_educacion_1_2_de_35_39_asistencia_a_un_establecimiento_de_ensenanza_regular_o_formal_si_sexo_al_nacer_numero_total_de_personas_que_asisten_a_un_establecimiento_de_ensenanza_regular_o_formal,educacion,1.2,"Población por asistencia a un establecimiento de enseñanza regular o formal y sexo al nacer, según provincia, cantón, parroquia de residencia y grupos quinquenales de edad",De 35-39,,Asistencia a un establecimiento de enseñanza regular o formal | Sí | Sexo al nacer | Número total de personas que asisten a un establecimiento de enseñanza regular o formal,1042
censo_ind_educacion_1_2_de_35_39_numero_total_de_personas,educacion,1.2,"Población por asistencia a un establecimiento de enseñanza regular o formal y sexo al nacer, según provincia, cantón, parroquia de residencia y grupos quinquenales de edad",De 35-39,,Número total de personas,1042
censo_ind_educacion_1_2_de_40_44_asistencia_a_un_establecimiento_de_ensenanza_regular_o_formal_no_sexo_al_nacer_hombres,educacion,1.2,"Población por asistencia a un establecimiento de enseñanza regular o formal y sexo al nacer, según provincia, cantón, parroquia de residencia y grupos quinquenales de edad",De 40-44,,Asistencia a un establecimiento de enseñanza regular o formal | No | Sexo al nacer | Hombres,1042
censo_ind_educacion_1_2_de_40_44_asistencia_a_un_establecimiento_de_ensenanza_regular_o_formal_no_sexo_al_nacer_mujeres,educacion,1.2,"Población por asistencia a un establecimiento de enseñanza regular o formal y sexo al nacer, según provincia, cantón, parroquia de residencia y grupos quinquenales de edad",De 40-44,,Asistencia a un establecimiento de enseñanza regular o formal | No | Sexo al nacer | Mujeres,1042
censo_ind_educacion_1_2_de_40_44_asistencia_a_un_establecimiento_de_ensenanza_regular_o_formal_no_sexo_al_nacer_numero_total_de_personas_que_no_asisten_a_un_establecimiento_de_ensenanza_regular_o_formal,educacion,1.2,"Población por asistencia a un establecimiento de enseñanza regular o formal y sexo al nacer, según provincia, cantón, parroquia de residencia y grupos quinquenales de edad",De 40-44,,Asistencia a un establecimiento de enseñanza regular o formal | No | Sexo al nacer | Número total de personas que no asisten a un establecimiento de enseñanza regular o formal,1042
censo_ind_educacion_1_2_de_40_44_asistencia_a_un_establecimiento_de_ensenanza_regular_o_formal_si_sexo_al_nacer_numero_total_de_personas_que_asisten_a_un_establecimiento_de_ensenanza_regular_o_formal,educacion,1.2,"Población por asistencia a un establecimiento de enseñanza regular o formal y sexo al nacer, según provincia, cantón, parroquia de residencia y grupos quinquenales de edad",De 40-44,,Asistencia a un establecimiento de enseñanza regular o formal | Sí | Sexo al nacer | Número total de personas que asisten a un establecimiento de enseñanza regular o formal,1042
censo_ind_educacion_1_2_de_40_44_numero_total_de_personas,educacion,1.2,"Población por asistencia a un establecimiento de enseñanza regular o formal y sexo al nacer, según provincia, cantón, parroquia de residencia y grupos quinquenales de edad",De 40-44,,Número total de personas,1042
censo_ind_educacion_1_2_de_45_49_asistencia_a_un_establecimiento_de_ensenanza_regular_o_formal_no_sexo_al_nacer_hombres,educacion,1.2,"Población por asistencia a un establecimiento de enseñanza regular o formal y sexo al nacer, según provincia, cantón, parroquia de residencia y grupos quinquenales de edad",De 45-49,,Asistencia a un establecimiento de enseñanza regular o formal | No | Sexo al nacer | Hombres,1042
censo_ind_educacion_1_2_de_45_49_asistencia_a_un_establecimiento_de_ensenanza_regular_o_formal_no_sexo_al_nacer_mujeres,educacion,1.2,"Población por asistencia a un establecimiento de enseñanza regular o formal y sexo al nacer, según provincia, cantón, parroquia de residencia y grupos quinquenales de edad",De 45-49,,Asistencia a un establecimiento de enseñanza regular o formal | No | Sexo al nacer | Mujeres,1042
censo_ind_educacion_1_2_de_45_49_asistencia_a_un_establecimiento_de_ensenanza_regular_o_formal_no_sexo_al_nacer_numero_total_de_personas_que_no_asisten_a_un_establecimiento_de_ensenanza_regular_o_formal,educacion,1.2,"Población por asistencia a un establecimiento de enseñanza regular o formal y sexo al nacer, según provincia, cantón, parroquia de residencia y grupos quinquenales de edad",De 45-49,,Asistencia a un establecimiento de enseñanza regular o formal | No | Sexo al nacer | Número total de personas que no asisten a un establecimiento de enseñanza regular o formal,1042
censo_ind_educacion_1_2_de_45_49_asistencia_a_un_establecimiento_de_ensenanza_regular_o_formal_si_sexo_al_nacer_numero_total_de_personas_que_asisten_a_un_establecimiento_de_ensenanza_regular_o_formal,educacion,1.2,"Población por asistencia a un establecimiento de enseñanza regular o formal y sexo al nacer, según provincia, cantón, parroquia de residencia y grupos quinquenales de edad",De 45-49,,Asistencia a un establecimiento de enseñanza regular o formal | Sí | Sexo al nacer | Número total de personas que asisten a un establecimiento de enseñanza regular o formal,1042
censo_ind_educacion_1_2_de_45_49_numero_total_de_personas,educacion,1.2,"Población por asistencia a un establecimiento de enseñanza regular o formal y sexo al nacer, según provincia, cantón, parroquia de residencia y grupos quinquenales de edad",De 45-49,,Número total de personas,1042
censo_ind_educacion_1_2_de_50_54_asistencia_a_un_establecimiento_de_ensenanza_regular_o_formal_no_sexo_al_nacer_hombres,educacion,1.2,"Población por asistencia a un establecimiento de enseñanza regular o formal y sexo al nacer, según provincia, cantón, parroquia de residencia y grupos quinquenales de edad",De 50-54,,Asistencia a un establecimiento de enseñanza regular o formal | No | Sexo al nacer | Hombres,1042
censo_ind_educacion_1_2_de_50_54_asistencia_a_un_establecimiento_de_ensenanza_regular_o_formal_no_sexo_al_nacer_mujeres,educacion,1.2,"Población por asistencia a un establecimiento de enseñanza regular o formal y sexo al nacer, según provincia, cantón, parroquia de residencia y grupos quinquenales de edad",De 50-54,,Asistencia a un establecimiento de enseñanza regular o formal | No | Sexo al nacer | Mujeres,1041
censo_ind_educacion_1_2_de_50_54_asistencia_a_un_establecimiento_de_ensenanza_regular_o_formal_no_sexo_al_nacer_numero_total_de_personas_que_no_asisten_a_un_establecimiento_de_ensenanza_regular_o_formal,educacion,1.2,"Población por asistencia a un establecimiento de enseñanza regular o formal y sexo al nacer, según provincia, cantón, parroquia de residencia y grupos quinquenales de edad",De 50-54,,Asistencia a un establecimiento de enseñanza regular o formal | No | Sexo al nacer | Número total de personas que no asisten a un establecimiento de enseñanza regular o formal,1042
censo_ind_educacion_1_2_de_50_54_asistencia_a_un_establecimiento_de_ensenanza_regular_o_formal_si_sexo_al_nacer_numero_total_de_personas_que_asisten_a_un_establecimiento_de_ensenanza_regular_o_formal,educacion,1.2,"Población por asistencia a un establecimiento de enseñanza regular o formal y sexo al nacer, según provincia, cantón, parroquia de residencia y grupos quinquenales de edad",De 50-54,,Asistencia a un establecimiento de enseñanza regular o formal | Sí | Sexo al nacer | Número total de personas que asisten a un establecimiento de enseñanza regular o formal,1042
censo_ind_educacion_1_2_de_50_54_numero_total_de_personas,educacion,1.2,"Población por asistencia a un establecimiento de enseñanza regular o formal y sexo al nacer, según provincia, cantón, parroquia de residencia y grupos quinquenales de edad",De 50-54,,Número total de personas,1042
censo_ind_educacion_1_2_de_55_59_asistencia_a_un_establecimiento_de_ensenanza_regular_o_formal_no_sexo_al_nacer_hombres,educacion,1.2,"Población por asistencia a un establecimiento de enseñanza regular o formal y sexo al nacer, según provincia, cantón, parroquia de residencia y grupos quinquenales de edad",De 55-59,,Asistencia a un establecimiento de enseñanza regular o formal | No | Sexo al nacer | Hombres,1041
censo_ind_educacion_1_2_de_55_59_asistencia_a_un_establecimiento_de_ensenanza_regular_o_formal_no_sexo_al_nacer_mujeres,educacion,1.2,"Población por asistencia a un establecimiento de enseñanza regular o formal y sexo al nacer, según provincia, cantón, parroquia de residencia y grupos quinquenales de edad",De 55-59,,Asistencia a un establecimiento de enseñanza regular o formal | No | Sexo al nacer | Mujeres,1041
censo_ind_educacion_1_2_de_55_59_asistencia_a_un_establecimiento_de_ensenanza_regular_o_formal_no_sexo_al_nacer_numero_total_de_personas_que_no_asisten_a_un_establecimiento_de_ensenanza_regular_o_formal,educacion,1.2,"Población por asistencia a un establecimiento de enseñanza regular o formal y sexo al nacer, según provincia, cantón, parroquia de residencia y grupos quinquenales de edad",De 55-59,,Asistencia a un establecimiento de enseñanza regular o formal | No | Sexo al nacer | Número total de personas que no asisten a un establecimiento de enseñanza regular o formal,1041
censo_ind_educacion_1_2_de_55_59_asistencia_a_un_establecimiento_de_ensenanza_regular_o_formal_si_sexo_al_nacer_numero_total_de_personas_que_asisten_a_un_establecimiento_de_ensenanza_regular_o_formal,educacion,1.2,"Población por asistencia a un establecimiento de enseñanza regular o formal y sexo al nacer, según provincia, cantón, parroquia de residencia y grupos quinquenales de edad",De 55-59,,Asistencia a un establecimiento de enseñanza regular o formal | Sí | Sexo al nacer | Número total de personas que asisten a un establecimiento de enseñanza regular o formal,1041
censo_ind_educacion_1_2_de_55_59_numero_total_de_personas,educacion,1.2,"Población por asistencia a un establecimiento de enseñanza regular o formal y sexo al nacer, según provincia, cantón, parroquia de residencia y grupos quinquenales de edad",De 55-59,,Número total de personas,1041
censo_ind_educacion_1_2_de_5_9_asistencia_a_un_establecimiento_de_ensenanza_regular_o_formal_no_sexo_al_nacer_numero_total_de_personas_que_no_asisten_a_un_establecimiento_de_ensenanza_regular_o_formal,educacion,1.2,"Población por asistencia a un establecimiento de enseñanza regular o formal y sexo al nacer, según provincia, cantón, parroquia de residencia y grupos quinquenales de edad",De 5-9,,Asistencia a un establecimiento de enseñanza regular o formal | No | Sexo al nacer | Número total de personas que no asisten a un establecimiento de enseñanza regular o formal,1042
censo_ind_educacion_1_2_de_5_9_asistencia_a_un_establecimiento_de_ensenanza_regular_o_formal_si_sexo_al_nacer_hombres,educacion,1.2,"Población por asistencia a un establecimiento de enseñanza regular o formal y sexo al nacer, según provincia, cantón, parroquia de residencia y grupos quinquenales de edad",De 5-9,,Asistencia a un establecimiento de enseñanza regular o formal | Sí | Sexo al nacer | Hombres,1042
censo_ind_educacion_1_2_de_5_9_asistencia_a_un_establecimiento_de_ensenanza_regular_o_formal_si_sexo_al_nacer_mujeres,educacion,1.2,"Población por asistencia a un establecimiento de enseñanza regular o formal y sexo al nacer, según provincia, cantón, parroquia de residencia y grupos quinquenales de edad",De 5-9,,Asistencia a un establecimiento de enseñanza regular o formal | Sí | Sexo al nacer | Mujeres,1042
censo_ind_educacion_1_2_de_5_9_asistencia_a_un_establecimiento_de_ensenanza_regular_o_formal_si_sexo_al_nacer_numero_total_de_personas_que_asisten_a_un_establecimiento_de_ensenanza_regular_o_formal,educacion,1.2,"Población por asistencia a un establecimiento de enseñanza regular o formal y sexo al nacer, según provincia, cantón, parroquia de residencia y grupos quinquenales de edad",De 5-9,,Asistencia a un establecimiento de enseñanza regular o formal | Sí | Sexo al nacer | Número total de personas que asisten a un establecimiento de enseñanza regular o formal,1042
censo_ind_educacion_1_2_de_5_9_numero_total_de_personas,educacion,1.2,"Población por asistencia a un establecimiento de enseñanza regular o formal y sexo al nacer, según provincia, cantón, parroquia de residencia y grupos quinquenales de edad",De 5-9,,Número total de personas,1042
censo_ind_educacion_1_2_de_60_64_asistencia_a_un_establecimiento_de_ensenanza_regular_o_formal_no_sexo_al_nacer_hombres,educacion,1.2,"Población por asistencia a un establecimiento de enseñanza regular o formal y sexo al nacer, según provincia, cantón, parroquia de residencia y grupos quinquenales de edad",De 60-64,,Asistencia a un establecimiento de enseñanza regular o formal | No | Sexo al nacer | Hombres,1040
censo_ind_educacion_1_2_de_60_64_asistencia_a_un_establecimiento_de_ensenanza_regular_o_formal_no_sexo_al_nacer_mujeres,educacion,1.2,"Población por asistencia a un establecimiento de enseñanza regular o formal y sexo al nacer, según provincia, cantón, parroquia de residencia y grupos quinquenales de edad",De 60-64,,Asistencia a un establecimiento de enseñanza regular o formal | No | Sexo al nacer | Mujeres,1041
censo_ind_educacion_1_2_de_60_64_asistencia_a_un_establecimiento_de_ensenanza_regular_o_formal_no_sexo_al_nacer_numero_total_de_personas_que_no_asisten_a_un_establecimiento_de_ensenanza_regular_o_formal,educacion,1.2,"Población por asistencia a un establecimiento de enseñanza regular o formal y sexo al nacer, según provincia, cantón, parroquia de residencia y grupos quinquenales de edad",De 60-64,,Asistencia a un establecimiento de enseñanza regular o formal | No | Sexo al nacer | Número total de personas que no asisten a un establecimiento de enseñanza regular o formal,1042
censo_ind_educacion_1_2_de_60_64_asistencia_a_un_establecimiento_de_ensenanza_regular_o_formal_si_sexo_al_nacer_numero_total_de_personas_que_asisten_a_un_establecimiento_de_ensenanza_regular_o_formal,educacion,1.2,"Población por asistencia a un establecimiento de enseñanza regular o formal y sexo al nacer, según provincia, cantón, parroquia de residencia y grupos quinquenales de edad",De 60-64,,Asistencia a un establecimiento de enseñanza regular o formal | Sí | Sexo al nacer | Número total de personas que asisten a un establecimiento de enseñanza regular o formal,1042
censo_ind_educacion_1_2_de_60_64_numero_total_de_personas,educacion,1.2,"Población por asistencia a un establecimiento de enseñanza regular o formal y sexo al nacer, según provincia, cantón, parroquia de residencia y grupos quinquenales de edad",De 60-64,,Número total de personas,1042
censo_ind_educacion_1_2_de_65_69_asistencia_a_un_establecimiento_de_ensenanza_regular_o_formal_no_sexo_al_nacer_hombres,educacion,1.2,"Población por asistencia a un establecimiento de enseñanza regular o formal y sexo al nacer, según provincia, cantón, parroquia de residencia y grupos quinquenales de edad",De 65-69,,Asistencia a un establecimiento de enseñanza regular o formal | No | Sexo al nacer | Hombres,1041
censo_ind_educacion_1_2_de_65_69_asistencia_a_un_establecimiento_de_ensenanza_regular_o_formal_no_sexo_al_nacer_mujeres,educacion,1.2,"Población por asistencia a un establecimiento de enseñanza regular o formal y sexo al nacer, según provincia, cantón, parroquia de residencia y grupos quinquenales de edad",De 65-69,,Asistencia a un establecimiento de enseñanza regular o formal | No | Sexo al nacer | Mujeres,1039
censo_ind_educacion_1_2_de_65_69_asistencia_a_un_establecimiento_de_ensenanza_regular_o_formal_no_sexo_al_nacer_numero_total_de_personas_que_no_asisten_a_un_establecimiento_de_ensenanza_regular_o_formal,educacion,1.2,"Población por asistencia a un establecimiento de enseñanza regular o formal y sexo al nacer, según provincia, cantón, parroquia de residencia y grupos quinquenales de edad",De 65-69,,Asistencia a un establecimiento de enseñanza regular o formal | No | Sexo al nacer | Número total de personas que no asisten a un establecimiento de enseñanza regular o formal,1042
censo_ind_educacion_1_2_de_65_69_asistencia_a_un_establecimiento_de_ensenanza_regular_o_formal_si_sexo_al_nacer_numero_total_de_personas_que_asisten_a_un_establecimiento_de_ensenanza_regular_o_formal,educacion,1.2,"Población por asistencia a un establecimiento de enseñanza regular o formal y sexo al nacer, según provincia, cantón, parroquia de residencia y grupos quinquenales de edad",De 65-69,,Asistencia a un establecimiento de enseñanza regular o formal | Sí | Sexo al nacer | Número total de personas que asisten a un establecimiento de enseñanza regular o formal,1042
censo_ind_educacion_1_2_de_65_69_numero_total_de_personas,educacion,1.2,"Población por asistencia a un establecimiento de enseñanza regular o formal y sexo al nacer, según provincia, cantón, parroquia de residencia y grupos quinquenales de edad",De 65-69,,Número total de personas,1042
censo_ind_educacion_1_2_de_70_74_asistencia_a_un_establecimiento_de_ensenanza_regular_o_formal_no_sexo_al_nacer_hombres,educacion,1.2,"Población por asistencia a un establecimiento de enseñanza regular o formal y sexo al nacer, según provincia, cantón, parroquia de residencia y grupos quinquenales de edad",De 70-74,,Asistencia a un establecimiento de enseñanza regular o formal | No | Sexo al nacer | Hombres,1041
censo_ind_educacion_1_2_de_70_74_asistencia_a_un_establecimiento_de_ensenanza_regular_o_formal_no_sexo_al_nacer_mujeres,educacion,1.2,"Población por asistencia a un establecimiento de enseñanza regular o formal y sexo al nacer, según provincia, cantón, parroquia de residencia y grupos quinquenales de edad",De 70-74,,Asistencia a un establecimiento de enseñanza regular o formal | No | Sexo al nacer | Mujeres,1038
censo_ind_educacion_1_2_de_70_74_asistencia_a_un_establecimiento_de_ensenanza_regular_o_formal_no_sexo_al_nacer_numero_total_de_personas_que_no_asisten_a_un_establecimiento_de_ensenanza_regular_o_formal,educacion,1.2,"Población por asistencia a un establecimiento de enseñanza regular o formal y sexo al nacer, según provincia, cantón, parroquia de residencia y grupos quinquenales de edad",De 70-74,,Asistencia a un establecimiento de enseñanza regular o formal | No | Sexo al nacer | Número total de personas que no asisten a un establecimiento de enseñanza regular o formal,1042
censo_ind_educacion_1_2_de_70_74_asistencia_a_un_establecimiento_de_ensenanza_regular_o_formal_si_sexo_al_nacer_numero_total_de_personas_que_asisten_a_un_establecimiento_de_ensenanza_regular_o_formal,educacion,1.2,"Población por asistencia a un establecimiento de enseñanza regular o formal y sexo al nacer, según provincia, cantón, parroquia de residencia y grupos quinquenales de edad",De 70-74,,Asistencia a un establecimiento de enseñanza regular o formal | Sí | Sexo al nacer | Número total de personas que asisten a un establecimiento de enseñanza regular o formal,1042
censo_ind_educacion_1_2_de_70_74_numero_total_de_personas,educacion,1.2,"Población por asistencia a un establecimiento de enseñanza regular o formal y sexo al nacer, según provincia, cantón, parroquia de residencia y grupos quinquenales de edad",De 70-74,,Número total de personas,1042
censo_ind_educacion_1_2_de_75_79_asistencia_a_un_establecimiento_de_ensenanza_regular_o_formal_no_sexo_al_nacer_hombres,educacion,1.2,"Población por asistencia a un establecimiento de enseñanza regular o formal y sexo al nacer, según provincia, cantón, parroquia de residencia y grupos quinquenales de edad",De 75-79,,Asistencia a un establecimiento de enseñanza regular o formal | No | Sexo al nacer | Hombres,1037
censo_ind_educacion_1_2_de_75_79_asistencia_a_un_establecimiento_de_ensenanza_regular_o_formal_no_sexo_al_nacer_mujeres,educacion,1.2,"Población por asistencia a un establecimiento de enseñanza regular o formal y sexo al nacer, según provincia, cantón, parroquia de residencia y grupos quinquenales de edad",De 75-79,,Asistencia a un establecimiento de enseñanza regular o formal | No | Sexo al nacer | Mujeres,1032
censo_ind_educacion_1_2_de_75_79_asistencia_a_un_establecimiento_de_ensenanza_regular_o_formal_no_sexo_al_nacer_numero_total_de_personas_que_no_asisten_a_un_establecimiento_de_ensenanza_regular_o_formal,educacion,1.2,"Población por asistencia a un establecimiento de enseñanza regular o formal y sexo al nacer, según provincia, cantón, parroquia de residencia y grupos quinquenales de edad",De 75-79,,Asistencia a un establecimiento de enseñanza regular o formal | No | Sexo al nacer | Número total de personas que no asisten a un establecimiento de enseñanza regular o formal,1042
censo_ind_educacion_1_2_de_75_79_asistencia_a_un_establecimiento_de_ensenanza_regular_o_formal_si_sexo_al_nacer_numero_total_de_personas_que_asisten_a_un_establecimiento_de_ensenanza_regular_o_formal,educacion,1.2,"Población por asistencia a un establecimiento de enseñanza regular o formal y sexo al nacer, según provincia, cantón, parroquia de residencia y grupos quinquenales de edad",De 75-79,,Asistencia a un establecimiento de enseñanza regular o formal | Sí | Sexo al nacer | Número total de personas que asisten a un establecimiento de enseñanza regular o formal,1042
censo_ind_educacion_1_2_de_75_79_numero_total_de_personas,educacion,1.2,"Población por asistencia a un establecimiento de enseñanza regular o formal y sexo al nacer, según provincia, cantón, parroquia de residencia y grupos quinquenales de edad",De 75-79,,Número total de personas,1042
censo_ind_educacion_1_2_de_80_84_asistencia_a_un_establecimiento_de_ensenanza_regular_o_formal_no_sexo_al_nacer_hombres,educacion,1.2,"Población por asistencia a un establecimiento de enseñanza regular o formal y sexo al nacer, según provincia, cantón, parroquia de residencia y grupos quinquenales de edad",De 80-84,,Asistencia a un establecimiento de enseñanza regular o formal | No | Sexo al nacer | Hombres,1023
censo_ind_educacion_1_2_de_80_84_asistencia_a_un_establecimiento_de_ensenanza_regular_o_formal_no_sexo_al_nacer_mujeres,educacion,1.2,"Población por asistencia a un establecimiento de enseñanza regular o formal y sexo al nacer, según provincia, cantón, parroquia de residencia y grupos quinquenales de edad",De 80-84,,Asistencia a un establecimiento de enseñanza regular o formal | No | Sexo al nacer | Mujeres,1028
censo_ind_educacion_1_2_de_80_84_asistencia_a_un_establecimiento_de_ensenanza_regular_o_formal_no_sexo_al_nacer_numero_total_de_personas_que_no_asisten_a_un_establecimiento_de_ensenanza_regular_o_formal,educacion,1.2,"Población por asistencia a un establecimiento de enseñanza regular o formal y sexo al nacer, según provincia, cantón, parroquia de residencia y grupos quinquenales de edad",De 80-84,,Asistencia a un establecimiento de enseñanza regular o formal | No | Sexo al nacer | Número total de personas que no asisten a un establecimiento de enseñanza regular o formal,1037
censo_ind_educacion_1_2_de_80_84_asistencia_a_un_establecimiento_de_ensenanza_regular_o_formal_si_sexo_al_nacer_numero_total_de_personas_que_asisten_a_un_establecimiento_de_ensenanza_regular_o_formal,educacion,1.2,"Población por asistencia a un establecimiento de enseñanza regular o formal y sexo al nacer, según provincia, cantón, parroquia de residencia y grupos quinquenales de edad",De 80-84,,Asistencia a un establecimiento de enseñanza regular o formal | Sí | Sexo al nacer | Número total de personas que asisten a un establecimiento de enseñanza regular o formal,1037
censo_ind_educacion_1_2_de_80_84_numero_total_de_personas,educacion,1.2,"Población por asistencia a un establecimiento de enseñanza regular o formal y sexo al nacer, según provincia, cantón, parroquia de residencia y grupos quinquenales de edad",De 80-84,,Número total de personas,1037
censo_ind_educacion_1_2_total_geografia_asistencia_a_un_establecimiento_de_ensenanza_regular_o_formal_no_sexo_al_nacer_hombres,educacion,1.2,"Población por asistencia a un establecimiento de enseñanza regular o formal y sexo al nacer, según provincia, cantón, parroquia de residencia y grupos quinquenales de edad",Total 10 de Agosto,,Asistencia a un establecimiento de enseñanza regular o formal | No | Sexo al nacer | Hombres,1042
censo_ind_educacion_1_2_total_geografia_asistencia_a_un_establecimiento_de_ensenanza_regular_o_formal_no_sexo_al_nacer_mujeres,educacion,1.2,"Población por asistencia a un establecimiento de enseñanza regular o formal y sexo al nacer, según provincia, cantón, parroquia de residencia y grupos quinquenales de edad",Total 10 de Agosto,,Asistencia a un establecimiento de enseñanza regular o formal | No | Sexo al nacer | Mujeres,1042
censo_ind_educacion_1_2_total_geografia_asistencia_a_un_establecimiento_de_ensenanza_regular_o_formal_no_sexo_al_nacer_numero_total_de_personas_que_no_asisten_a_un_establecimiento_de_ensenanza_regular_o_formal,educacion,1.2,"Población por asistencia a un establecimiento de enseñanza regular o formal y sexo al nacer, según provincia, cantón, parroquia de residencia y grupos quinquenales de edad",Total 10 de Agosto,,Asistencia a un establecimiento de enseñanza regular o formal | No | Sexo al nacer | Número total de personas que no asisten a un establecimiento de enseñanza regular o formal,1042
censo_ind_educacion_1_2_total_geografia_asistencia_a_un_establecimiento_de_ensenanza_regular_o_formal_si_sexo_al_nacer_hombres,educacion,1.2,"Población por asistencia a un establecimiento de enseñanza regular o formal y sexo al nacer, según provincia, cantón, parroquia de residencia y grupos quinquenales de edad",Total 10 de Agosto,,Asistencia a un establecimiento de enseñanza regular o formal | Sí | Sexo al nacer | Hombres,1042
censo_ind_educacion_1_2_total_geografia_asistencia_a_un_establecimiento_de_ensenanza_regular_o_formal_si_sexo_al_nacer_mujeres,educacion,1.2,"Población por asistencia a un establecimiento de enseñanza regular o formal y sexo al nacer, según provincia, cantón, parroquia de residencia y grupos quinquenales de edad",Total 10 de Agosto,,Asistencia a un establecimiento de enseñanza regular o formal | Sí | Sexo al nacer | Mujeres,1042
censo_ind_educacion_1_2_total_geografia_asistencia_a_un_establecimiento_de_ensenanza_regular_o_formal_si_sexo_al_nacer_numero_total_de_personas_que_asisten_a_un_establecimiento_de_ensenanza_regular_o_formal,educacion,1.2,"Población por asistencia a un establecimiento de enseñanza regular o formal y sexo al nacer, según provincia, cantón, parroquia de residencia y grupos quinquenales de edad",Total 10 de Agosto,,Asistencia a un establecimiento de enseñanza regular o formal | Sí | Sexo al nacer | Número total de personas que asisten a un establecimiento de enseñanza regular o formal,1042
censo_ind_educacion_1_2_total_geografia_numero_total_de_personas,educacion,1.2,"Población por asistencia a un establecimiento de enseñanza regular o formal y sexo al nacer, según provincia, cantón, parroquia de residencia y grupos quinquenales de edad",Total 10 de Agosto,,Número total de personas,1042
censo_ind_educacion_3_2_asiste_bachillerato_0,educacion,3.2,"Población por nivel de instrucción al que asiste o asistió y años aprobados, según provincia, cantón, parroquia de residencia y condición de asistencia a un establecimiento de enseñanza regular o formal",Asiste,,Bachillerato | 0,1034
censo_ind_educacion_3_2_asiste_bachillerato_1_ano,educacion,3.2,"Población por nivel de instrucción al que asiste o asistió y años aprobados, según provincia, cantón, parroquia de residencia y condición de asistencia a un establecimiento de enseñanza regular o formal",Asiste,,Bachillerato | 1 año,1040
censo_ind_educacion_3_2_asiste_bachillerato_2_anos,educacion,3.2,"Población por nivel de instrucción al que asiste o asistió y años aprobados, según provincia, cantón, parroquia de residencia y condición de asistencia a un establecimiento de enseñanza regular o formal",Asiste,,Bachillerato | 2 años,1041
censo_ind_educacion_3_2_asiste_bachillerato_numero_total_de_personas_que_asisten_o_asistieron_a_bachillerato,educacion,3.2,"Población por nivel de instrucción al que asiste o asistió y años aprobados, según provincia, cantón, parroquia de residencia y condición de asistencia a un establecimiento de enseñanza regular o formal",Asiste,,Bachillerato | Número total de personas que asisten o asistieron a Bachillerato,1042
censo_ind_educacion_3_2_asiste_centro_de_desarrollo_infantil_creciendo_con_nuestros_hijos_guarderia,educacion,3.2,"Población por nivel de instrucción al que asiste o asistió y años aprobados, según provincia, cantón, parroquia de residencia y condición de asistencia a un establecimiento de enseñanza regular o formal",Asiste,,Centro de Desarrollo Infantil/Creciendo con nuestros hijos/Guardería,1021
censo_ind_educacion_3_2_asiste_educacion_general_basica_0,educacion,3.2,"Población por nivel de instrucción al que asiste o asistió y años aprobados, según provincia, cantón, parroquia de residencia y condición de asistencia a un establecimiento de enseñanza regular o formal",Asiste,,Educación General Básica | 0,1032
censo_ind_educacion_3_2_asiste_educacion_general_basica_1_ano_preparatoria,educacion,3.2,"Población por nivel de instrucción al que asiste o asistió y años aprobados, según provincia, cantón, parroquia de residencia y condición de asistencia a un establecimiento de enseñanza regular o formal",Asiste,,Educación General Básica | 1 año preparatoria,1042
censo_ind_educacion_3_2_asiste_educacion_general_basica_de_2_a_4_anos_basica_elemental,educacion,3.2,"Población por nivel de instrucción al que asiste o asistió y años aprobados, según provincia, cantón, parroquia de residencia y condición de asistencia a un establecimiento de enseñanza regular o formal",Asiste,,Educación General Básica | De 2 a 4 años Básica Elemental,1042
censo_ind_educacion_3_2_asiste_educacion_general_basica_de_5_a_7_anos_basica_media,educacion,3.2,"Población por nivel de instrucción al que asiste o asistió y años aprobados, según provincia, cantón, parroquia de residencia y condición de asistencia a un establecimiento de enseñanza regular o formal",Asiste,,Educación General Básica | De 5 a 7 años Básica Media,1042
censo_ind_educacion_3_2_asiste_educacion_general_basica_de_8_a_10_anos_basica_superior,educacion,3.2,"Población por nivel de instrucción al que asiste o asistió y años aprobados, según provincia, cantón, parroquia de residencia y condición de asistencia a un establecimiento de enseñanza regular o formal",Asiste,,Educación General Básica | De 8 a 10 años Básica Superior,1042
censo_ind_educacion_3_2_asiste_educacion_general_basica_numero_total_de_personas_que_asisten_o_asistieron_a_educacion_general_basica,educacion,3.2,"Población por nivel de instrucción al que asiste o asistió y años aprobados, según provincia, cantón, parroquia de residencia y condición de asistencia a un establecimiento de enseñanza regular o formal",Asiste,,Educación General Básica | Número total de personas que asisten o asistieron a Educación General Básica,1042
censo_ind_educacion_3_2_asiste_educacion_inicial_0,educacion,3.2,"Población por nivel de instrucción al que asiste o asistió y años aprobados, según provincia, cantón, parroquia de residencia y condición de asistencia a un establecimiento de enseñanza regular o formal",Asiste,,Educación inicial | 0,1010
censo_ind_educacion_3_2_asiste_educacion_inicial_1_ano,educacion,3.2,"Población por nivel de instrucción al que asiste o asistió y años aprobados, según provincia, cantón, parroquia de residencia y condición de asistencia a un establecimiento de enseñanza regular o formal",Asiste,,Educación inicial | 1 año,1027
censo_ind_educacion_3_2_asiste_educacion_inicial_numero_total_de_personas_que_asisten_o_asistieron_a_educacion_inicial,educacion,3.2,"Población por nivel de instrucción al que asiste o asistió y años aprobados, según provincia, cantón, parroquia de residencia y condición de asistencia a un establecimiento de enseñanza regular o formal",Asiste,,Educación inicial | Número total de personas que asisten o asistieron a educación inicial,1031
censo_ind_educacion_3_2_asiste_educacion_superior_universidades_escuelas_politecnicas_0,educacion,3.2,"Población por nivel de instrucción al que asiste o asistió y años aprobados, según provincia, cantón, parroquia de residencia y condición de asistencia a un establecimiento de enseñanza regular o formal",Asiste,,"Educación Superior (universidades, escuelas politécnicas) | 0",1026
censo_ind_educacion_3_2_asiste_educacion_superior_universidades_escuelas_politecnicas_1_a_3_anos_esep,educacion,3.2,"Población por nivel de instrucción al que asiste o asistió y años aprobados, según provincia, cantón, parroquia de residencia y condición de asistencia a un establecimiento de enseñanza regular o formal",Asiste,,"Educación Superior (universidades, escuelas politécnicas) | 1 a 3 años ESEP",1040
censo_ind_educacion_3_2_asiste_educacion_superior_universidades_escuelas_politecnicas_4_anos_o_mas_esep,educacion,3.2,"Población por nivel de instrucción al que asiste o asistió y años aprobados, según provincia, cantón, parroquia de residencia y condición de asistencia a un establecimiento de enseñanza regular o formal",Asiste,,"Educación Superior (universidades, escuelas politécnicas) | 4 años o más ESEP",1040
censo_ind_educacion_3_2_asiste_educacion_superior_universidades_escuelas_politecnicas_numero_total_de_personas_que_asisten_o_asistieron_a_educacion_superior,educacion,3.2,"Población por nivel de instrucción al que asiste o asistió y años aprobados, según provincia, cantón, parroquia de residencia y condición de asistencia a un establecimiento de enseñanza regular o formal",Asiste,,"Educación Superior (universidades, escuelas politécnicas) | Número total de personas que asisten o asistieron a Educación Superior",1040
censo_ind_educacion_3_2_asiste_educacion_tecnica_o_tecnologica_superior_institutos_superiores_tecnicos_y_tecnologicos_1_a_2_anos_etts,educacion,3.2,"Población por nivel de instrucción al que asiste o asistió y años aprobados, según provincia, cantón, parroquia de residencia y condición de asistencia a un establecimiento de enseñanza regular o formal",Asiste,,Educación Técnica o Tecnológica Superior (Institutos superiores técnicos y tecnológicos) | 1 a 2 años ETTS,999
censo_ind_educacion_3_2_asiste_educacion_tecnica_o_tecnologica_superior_institutos_superiores_tecnicos_y_tecnologicos_3_anos_o_mas_etts,educacion,3.2,"Población por nivel de instrucción al que asiste o asistió y años aprobados, según provincia, cantón, parroquia de residencia y condición de asistencia a un establecimiento de enseñanza regular o formal",Asiste,,Educación Técnica o Tecnológica Superior (Institutos superiores técnicos y tecnológicos) | 3 años o más ETTS,999
censo_ind_educacion_3_2_asiste_educacion_tecnica_o_tecnologica_superior_institutos_superiores_tecnicos_y_tecnologicos_numero_total_de_personas_que_asisten_o_asistieron_a_educacion_tecnica_o_tecnologica,educacion,3.2,"Población por nivel de instrucción al que asiste o asistió y años aprobados, según provincia, cantón, parroquia de residencia y condición de asistencia a un establecimiento de enseñanza regular o formal",Asiste,,Educación Técnica o Tecnológica Superior (Institutos superiores técnicos y tecnológicos) | Número total de personas que asisten o asistieron a Educación Técnica o Tecnológica,999
censo_ind_educacion_3_2_asiste_numero_total_de_personas,educacion,3.2,"Población por nivel de instrucción al que asiste o asistió y años aprobados, según provincia, cantón, parroquia de residencia y condición de asistencia a un establecimiento de enseñanza regular o formal",Asiste,,Número total de personas,1042
censo_ind_educacion_3_2_no_asiste_bachillerato_1_ano,educacion,3.2,"Población por nivel de instrucción al que asiste o asistió y años aprobados, según provincia, cantón, parroquia de residencia y condición de asistencia a un establecimiento de enseñanza regular o formal",No asiste,,Bachillerato | 1 año,1037
censo_ind_educacion_3_2_no_asiste_bachillerato_2_anos,educacion,3.2,"Población por nivel de instrucción al que asiste o asistió y años aprobados, según provincia, cantón, parroquia de residencia y condición de asistencia a un establecimiento de enseñanza regular o formal",No asiste,,Bachillerato | 2 años,1037
censo_ind_educacion_3_2_no_asiste_bachillerato_3_anos,educacion,3.2,"Población por nivel de instrucción al que asiste o asistió y años aprobados, según provincia, cantón, parroquia de residencia y condición de asistencia a un establecimiento de enseñanza regular o formal",No asiste,,Bachillerato | 3 años,1042
censo_ind_educacion_3_2_no_asiste_bachillerato_numero_total_de_personas_que_asisten_o_asistieron_a_bachillerato,educacion,3.2,"Población por nivel de instrucción al que asiste o asistió y años aprobados, según provincia, cantón, parroquia de residencia y condición de asistencia a un establecimiento de enseñanza regular o formal",No asiste,,Bachillerato | Número total de personas que asisten o asistieron a Bachillerato,1042
censo_ind_educacion_3_2_no_asiste_educacion_general_basica_1_ano_preparatoria,educacion,3.2,"Población por nivel de instrucción al que asiste o asistió y años aprobados, según provincia, cantón, parroquia de residencia y condición de asistencia a un establecimiento de enseñanza regular o formal",No asiste,,Educación General Básica | 1 año preparatoria,1042
censo_ind_educacion_3_2_no_asiste_educacion_general_basica_de_2_a_4_anos_basica_elemental,educacion,3.2,"Población por nivel de instrucción al que asiste o asistió y años aprobados, según provincia, cantón, parroquia de residencia y condición de asistencia a un establecimiento de enseñanza regular o formal",No asiste,,Educación General Básica | De 2 a 4 años Básica Elemental,1042
censo_ind_educacion_3_2_no_asiste_educacion_general_basica_de_5_a_7_anos_basica_media,educacion,3.2,"Población por nivel de instrucción al que asiste o asistió y años aprobados, según provincia, cantón, parroquia de residencia y condición de asistencia a un establecimiento de enseñanza regular o formal",No asiste,,Educación General Básica | De 5 a 7 años Básica Media,1042
censo_ind_educacion_3_2_no_asiste_educacion_general_basica_de_8_a_10_anos_basica_superior,educacion,3.2,"Población por nivel de instrucción al que asiste o asistió y años aprobados, según provincia, cantón, parroquia de residencia y condición de asistencia a un establecimiento de enseñanza regular o formal",No asiste,,Educación General Básica | De 8 a 10 años Básica Superior,1042
censo_ind_educacion_3_2_no_asiste_educacion_general_basica_numero_total_de_personas_que_asisten_o_asistieron_a_educacion_general_basica,educacion,3.2,"Población por nivel de instrucción al que asiste o asistió y años aprobados, según provincia, cantón, parroquia de residencia y condición de asistencia a un establecimiento de enseñanza regular o formal",No asiste,,Educación General Básica | Número total de personas que asisten o asistieron a Educación General Básica,1042
censo_ind_educacion_3_2_no_asiste_educacion_superior_universidades_escuelas_politecnicas_1_a_3_anos_esep,educacion,3.2,"Población por nivel de instrucción al que asiste o asistió y años aprobados, según provincia, cantón, parroquia de residencia y condición de asistencia a un establecimiento de enseñanza regular o formal",No asiste,,"Educación Superior (universidades, escuelas politécnicas) | 1 a 3 años ESEP",1042
censo_ind_educacion_3_2_no_asiste_educacion_superior_universidades_escuelas_politecnicas_4_anos_o_mas_esep,educacion,3.2,"Población por nivel de instrucción al que asiste o asistió y años aprobados, según provincia, cantón, parroquia de residencia y condición de asistencia a un establecimiento de enseñanza regular o formal",No asiste,,"Educación Superior (universidades, escuelas politécnicas) | 4 años o más ESEP",1042
censo_ind_educacion_3_2_no_asiste_educacion_superior_universidades_escuelas_politecnicas_numero_total_de_personas_que_asisten_o_asistieron_a_educacion_superior,educacion,3.2,"Población por nivel de instrucción al que asiste o asistió y años aprobados, según provincia, cantón, parroquia de residencia y condición de asistencia a un establecimiento de enseñanza regular o formal",No asiste,,"Educación Superior (universidades, escuelas politécnicas) | Número total de personas que asisten o asistieron a Educación Superior",1042
censo_ind_educacion_3_2_no_asiste_educacion_tecnica_o_tecnologica_superior_institutos_superiores_tecnicos_y_tecnologicos_1_a_2_anos_etts,educacion,3.2,"Población por nivel de instrucción al que asiste o asistió y años aprobados, según provincia, cantón, parroquia de residencia y condición de asistencia a un establecimiento de enseñanza regular o formal",No asiste,,Educación Técnica o Tecnológica Superior (Institutos superiores técnicos y tecnológicos) | 1 a 2 años ETTS,1032
censo_ind_educacion_3_2_no_asiste_educacion_tecnica_o_tecnologica_superior_institutos_superiores_tecnicos_y_tecnologicos_3_anos_o_mas_etts,educacion,3.2,"Población por nivel de instrucción al que asiste o asistió y años aprobados, según provincia, cantón, parroquia de residencia y condición de asistencia a un establecimiento de enseñanza regular o formal",No asiste,,Educación Técnica o Tecnológica Superior (Institutos superiores técnicos y tecnológicos) | 3 años o más ETTS,1032
censo_ind_educacion_3_2_no_asiste_educacion_tecnica_o_tecnologica_superior_institutos_superiores_tecnicos_y_tecnologicos_numero_total_de_personas_que_asisten_o_asistieron_a_educacion_tecnica_o_tecnologica,educacion,3.2,"Población por nivel de instrucción al que asiste o asistió y años aprobados, según provincia, cantón, parroquia de residencia y condición de asistencia a un establecimiento de enseñanza regular o formal",No asiste,,Educación Técnica o Tecnológica Superior (Institutos superiores técnicos y tecnológicos) | Número total de personas que asisten o asistieron a Educación Técnica o Tecnológica,1032
censo_ind_educacion_3_2_no_asiste_ninguno,educacion,3.2,"Población por nivel de instrucción al que asiste o asistió y años aprobados, según provincia, cantón, parroquia de residencia y condición de asistencia a un establecimiento de enseñanza regular o formal",No asiste,,Ninguno,1042
censo_ind_educacion_3_2_no_asiste_numero_total_de_personas,educacion,3.2,"Población por nivel de instrucción al que asiste o asistió y años aprobados, según provincia, cantón, parroquia de residencia y condición de asistencia a un establecimiento de enseñanza regular o formal",No asiste,,Número total de personas,1042
censo_ind_educacion_3_2_total_geografia_bachillerato_0,educacion,3.2,"Población por nivel de instrucción al que asiste o asistió y años aprobados, según provincia, cantón, parroquia de residencia y condición de asistencia a un establecimiento de enseñanza regular o formal",Total 10 de Agosto,,Bachillerato | 0,1037
censo_ind_educacion_3_2_total_geografia_bachillerato_1_ano,educacion,3.2,"Población por nivel de instrucción al que asiste o asistió y años aprobados, según provincia, cantón, parroquia de residencia y condición de asistencia a un establecimiento de enseñanza regular o formal",Total 10 de Agosto,,Bachillerato | 1 año,1041
censo_ind_educacion_3_2_total_geografia_bachillerato_2_anos,educacion,3.2,"Población por nivel de instrucción al que asiste o asistió y años aprobados, según provincia, cantón, parroquia de residencia y condición de asistencia a un establecimiento de enseñanza regular o formal",Total 10 de Agosto,,Bachillerato | 2 años,1042
censo_ind_educacion_3_2_total_geografia_bachillerato_3_anos,educacion,3.2,"Población por nivel de instrucción al que asiste o asistió y años aprobados, según provincia, cantón, parroquia de residencia y condición de asistencia a un establecimiento de enseñanza regular o formal",Total 10 de Agosto,,Bachillerato | 3 años,1042
censo_ind_educacion_3_2_total_geografia_bachillerato_numero_total_de_personas_que_asisten_o_asistieron_a_bachillerato,educacion,3.2,"Población por nivel de instrucción al que asiste o asistió y años aprobados, según provincia, cantón, parroquia de residencia y condición de asistencia a un establecimiento de enseñanza regular o formal",Total 10 de Agosto,,Bachillerato | Número total de personas que asisten o asistieron a Bachillerato,1042
censo_ind_educacion_3_2_total_geografia_centro_de_desarrollo_infantil_creciendo_con_nuestros_hijos_guarderia,educacion,3.2,"Población por nivel de instrucción al que asiste o asistió y años aprobados, según provincia, cantón, parroquia de residencia y condición de asistencia a un establecimiento de enseñanza regular o formal",Total 10 de Agosto,,Centro de Desarrollo Infantil/Creciendo con nuestros hijos/Guardería,1023
censo_ind_educacion_3_2_total_geografia_educacion_general_basica_0,educacion,3.2,"Población por nivel de instrucción al que asiste o asistió y años aprobados, según provincia, cantón, parroquia de residencia y condición de asistencia a un establecimiento de enseñanza regular o formal",Total 10 de Agosto,,Educación General Básica | 0,1032
censo_ind_educacion_3_2_total_geografia_educacion_general_basica_1_ano_preparatoria,educacion,3.2,"Población por nivel de instrucción al que asiste o asistió y años aprobados, según provincia, cantón, parroquia de residencia y condición de asistencia a un establecimiento de enseñanza regular o formal",Total 10 de Agosto,,Educación General Básica | 1 año preparatoria,1042
censo_ind_educacion_3_2_total_geografia_educacion_general_basica_de_2_a_4_anos_basica_elemental,educacion,3.2,"Población por nivel de instrucción al que asiste o asistió y años aprobados, según provincia, cantón, parroquia de residencia y condición de asistencia a un establecimiento de enseñanza regular o formal",Total 10 de Agosto,,Educación General Básica | De 2 a 4 años Básica Elemental,1042
censo_ind_educacion_3_2_total_geografia_educacion_general_basica_de_5_a_7_anos_basica_media,educacion,3.2,"Población por nivel de instrucción al que asiste o asistió y años aprobados, según provincia, cantón, parroquia de residencia y condición de asistencia a un establecimiento de enseñanza regular o formal",Total 10 de Agosto,,Educación General Básica | De 5 a 7 años Básica Media,1042
censo_ind_educacion_3_2_total_geografia_educacion_general_basica_de_8_a_10_anos_basica_superior,educacion,3.2,"Población por nivel de instrucción al que asiste o asistió y años aprobados, según provincia, cantón, parroquia de residencia y condición de asistencia a un establecimiento de enseñanza regular o formal",Total 10 de Agosto,,Educación General Básica | De 8 a 10 años Básica Superior,1042
censo_ind_educacion_3_2_total_geografia_educacion_general_basica_numero_total_de_personas_que_asisten_o_asistieron_a_educacion_general_basica,educacion,3.2,"Población por nivel de instrucción al que asiste o asistió y años aprobados, según provincia, cantón, parroquia de residencia y condición de asistencia a un establecimiento de enseñanza regular o formal",Total 10 de Agosto,,Educación General Básica | Número total de personas que asisten o asistieron a Educación General Básica,1042
censo_ind_educacion_3_2_total_geografia_educacion_inicial_0,educacion,3.2,"Población por nivel de instrucción al que asiste o asistió y años aprobados, según provincia, cantón, parroquia de residencia y condición de asistencia a un establecimiento de enseñanza regular o formal",Total 10 de Agosto,,Educación inicial | 0,1012
censo_ind_educacion_3_2_total_geografia_educacion_inicial_1_ano,educacion,3.2,"Población por nivel de instrucción al que asiste o asistió y años aprobados, según provincia, cantón, parroquia de residencia y condición de asistencia a un establecimiento de enseñanza regular o formal",Total 10 de Agosto,,Educación inicial | 1 año,1031
censo_ind_educacion_3_2_total_geografia_educacion_inicial_numero_total_de_personas_que_asisten_o_asistieron_a_educacion_inicial,educacion,3.2,"Población por nivel de instrucción al que asiste o asistió y años aprobados, según provincia, cantón, parroquia de residencia y condición de asistencia a un establecimiento de enseñanza regular o formal",Total 10 de Agosto,,Educación inicial | Número total de personas que asisten o asistieron a educación inicial,1035
censo_ind_educacion_3_2_total_geografia_educacion_superior_universidades_escuelas_politecnicas_0,educacion,3.2,"Población por nivel de instrucción al que asiste o asistió y años aprobados, según provincia, cantón, parroquia de residencia y condición de asistencia a un establecimiento de enseñanza regular o formal",Total 10 de Agosto,,"Educación Superior (universidades, escuelas politécnicas) | 0",1029
censo_ind_educacion_3_2_total_geografia_educacion_superior_universidades_escuelas_politecnicas_1_a_3_anos_esep,educacion,3.2,"Población por nivel de instrucción al que asiste o asistió y años aprobados, según provincia, cantón, parroquia de residencia y condición de asistencia a un establecimiento de enseñanza regular o formal",Total 10 de Agosto,,"Educación Superior (universidades, escuelas politécnicas) | 1 a 3 años ESEP",1042
censo_ind_educacion_3_2_total_geografia_educacion_superior_universidades_escuelas_politecnicas_4_anos_o_mas_esep,educacion,3.2,"Población por nivel de instrucción al que asiste o asistió y años aprobados, según provincia, cantón, parroquia de residencia y condición de asistencia a un establecimiento de enseñanza regular o formal",Total 10 de Agosto,,"Educación Superior (universidades, escuelas politécnicas) | 4 años o más ESEP",1042
censo_ind_educacion_3_2_total_geografia_educacion_superior_universidades_escuelas_politecnicas_numero_total_de_personas_que_asisten_o_asistieron_a_educacion_superior,educacion,3.2,"Población por nivel de instrucción al que asiste o asistió y años aprobados, según provincia, cantón, parroquia de residencia y condición de asistencia a un establecimiento de enseñanza regular o formal",Total 10 de Agosto,,"Educación Superior (universidades, escuelas politécnicas) | Número total de personas que asisten o asistieron a Educación Superior",1042
censo_ind_educacion_3_2_total_geografia_educacion_tecnica_o_tecnologica_superior_institutos_superiores_tecnicos_y_tecnologicos_1_a_2_anos_etts,educacion,3.2,"Población por nivel de instrucción al que asiste o asistió y años aprobados, según provincia, cantón, parroquia de residencia y condición de asistencia a un establecimiento de enseñanza regular o formal",Total 10 de Agosto,,Educación Técnica o Tecnológica Superior (Institutos superiores técnicos y tecnológicos) | 1 a 2 años ETTS,1034
censo_ind_educacion_3_2_total_geografia_educacion_tecnica_o_tecnologica_superior_institutos_superiores_tecnicos_y_tecnologicos_3_anos_o_mas_etts,educacion,3.2,"Población por nivel de instrucción al que asiste o asistió y años aprobados, según provincia, cantón, parroquia de residencia y condición de asistencia a un establecimiento de enseñanza regular o formal",Total 10 de Agosto,,Educación Técnica o Tecnológica Superior (Institutos superiores técnicos y tecnológicos) | 3 años o más ETTS,1034
censo_ind_educacion_3_2_total_geografia_educacion_tecnica_o_tecnologica_superior_institutos_superiores_tecnicos_y_tecnologicos_numero_total_de_personas_que_asisten_o_asistieron_a_educacion_tecnica_o_tecnologica,educacion,3.2,"Población por nivel de instrucción al que asiste o asistió y años aprobados, según provincia, cantón, parroquia de residencia y condición de asistencia a un establecimiento de enseñanza regular o formal",Total 10 de Agosto,,Educación Técnica o Tecnológica Superior (Institutos superiores técnicos y tecnológicos) | Número total de personas que asisten o asistieron a Educación Técnica o Tecnológica,1034
censo_ind_educacion_3_2_total_geografia_ninguno,educacion,3.2,"Población por nivel de instrucción al que asiste o asistió y años aprobados, según provincia, cantón, parroquia de residencia y condición de asistencia a un establecimiento de enseñanza regular o formal",Total 10 de Agosto,,Ninguno,1042
censo_ind_educacion_3_2_total_geografia_numero_total_de_personas,educacion,3.2,"Población por nivel de instrucción al que asiste o asistió y años aprobados, según provincia, cantón, parroquia de residencia y condición de asistencia a un establecimiento de enseñanza regular o formal",Total 10 de Agosto,,Número total de personas,1042
censo_ind_educacion_6_2_rural_condicion_de_analfabetismo_alfabeta_sexo_al_nacer_hombres,educacion,6.2,"Población de 15 años o más por condición de analfabetismo y sexo al nacer, según provincia, cantón, parroquia y área de residencia",Rural,,Condición de analfabetismo | Alfabeta | Sexo al nacer | Hombres,1039
censo_ind_educacion_6_2_rural_condicion_de_analfabetismo_alfabeta_sexo_al_nacer_mujeres,educacion,6.2,"Población de 15 años o más por condición de analfabetismo y sexo al nacer, según provincia, cantón, parroquia y área de residencia",Rural,,Condición de analfabetismo | Alfabeta | Sexo al nacer | Mujeres,1039
censo_ind_educacion_6_2_rural_condicion_de_analfabetismo_alfabeta_sexo_al_nacer_numero_total_de_personas_alfabetas,educacion,6.2,"Población de 15 años o más por condición de analfabetismo y sexo al nacer, según provincia, cantón, parroquia y área de residencia",Rural,,Condición de analfabetismo | Alfabeta | Sexo al nacer | Número total de personas alfabetas,1039
censo_ind_educacion_6_2_rural_condicion_de_analfabetismo_analfabeta_sexo_al_nacer_hombres,educacion,6.2,"Población de 15 años o más por condición de analfabetismo y sexo al nacer, según provincia, cantón, parroquia y área de residencia",Rural,,Condición de analfabetismo | Analfabeta | Sexo al nacer | Hombres,1034
censo_ind_educacion_6_2_rural_condicion_de_analfabetismo_analfabeta_sexo_al_nacer_mujeres,educacion,6.2,"Población de 15 años o más por condición de analfabetismo y sexo al nacer, según provincia, cantón, parroquia y área de residencia",Rural,,Condición de analfabetismo | Analfabeta | Sexo al nacer | Mujeres,1036
censo_ind_educacion_6_2_rural_condicion_de_analfabetismo_analfabeta_sexo_al_nacer_numero_total_de_personas_analfabetas,educacion,6.2,"Población de 15 años o más por condición de analfabetismo y sexo al nacer, según provincia, cantón, parroquia y área de residencia",Rural,,Condición de analfabetismo | Analfabeta | Sexo al nacer | Número total de personas analfabetas,1039
censo_ind_educacion_6_2_rural_numero_total_de_personas_de_15_anos_o_mas,educacion,6.2,"Población de 15 años o más por condición de analfabetismo y sexo al nacer, según provincia, cantón, parroquia y área de residencia",Rural,,Número total de personas de 15 años o más,1039
censo_ind_educacion_6_2_total_geografia_condicion_de_analfabetismo_alfabeta_sexo_al_nacer_hombres,educacion,6.2,"Población de 15 años o más por condición de analfabetismo y sexo al nacer, según provincia, cantón, parroquia y área de residencia",Total 10 de Agosto,,Condición de analfabetismo | Alfabeta | Sexo al nacer | Hombres,1042
censo_ind_educacion_6_2_total_geografia_condicion_de_analfabetismo_alfabeta_sexo_al_nacer_mujeres,educacion,6.2,"Población de 15 años o más por condición de analfabetismo y sexo al nacer, según provincia, cantón, parroquia y área de residencia",Total 10 de Agosto,,Condición de analfabetismo | Alfabeta | Sexo al nacer | Mujeres,1042
censo_ind_educacion_6_2_total_geografia_condicion_de_analfabetismo_alfabeta_sexo_al_nacer_numero_total_de_personas_alfabetas,educacion,6.2,"Población de 15 años o más por condición de analfabetismo y sexo al nacer, según provincia, cantón, parroquia y área de residencia",Total 10 de Agosto,,Condición de analfabetismo | Alfabeta | Sexo al nacer | Número total de personas alfabetas,1042
censo_ind_educacion_6_2_total_geografia_condicion_de_analfabetismo_analfabeta_sexo_al_nacer_hombres,educacion,6.2,"Población de 15 años o más por condición de analfabetismo y sexo al nacer, según provincia, cantón, parroquia y área de residencia",Total 10 de Agosto,,Condición de analfabetismo | Analfabeta | Sexo al nacer | Hombres,1039
censo_ind_educacion_6_2_total_geografia_condicion_de_analfabetismo_analfabeta_sexo_al_nacer_mujeres,educacion,6.2,"Población de 15 años o más por condición de analfabetismo y sexo al nacer, según provincia, cantón, parroquia y área de residencia",Total 10 de Agosto,,Condición de analfabetismo | Analfabeta | Sexo al nacer | Mujeres,1041
censo_ind_educacion_6_2_total_geografia_condicion_de_analfabetismo_analfabeta_sexo_al_nacer_numero_total_de_personas_analfabetas,educacion,6.2,"Población de 15 años o más por condición de analfabetismo y sexo al nacer, según provincia, cantón, parroquia y área de residencia",Total 10 de Agosto,,Condición de analfabetismo | Analfabeta | Sexo al nacer | Número total de personas analfabetas,1042
censo_ind_educacion_6_2_total_geografia_numero_total_de_personas_de_15_anos_o_mas,educacion,6.2,"Población de 15 años o más por condición de analfabetismo y sexo al nacer, según provincia, cantón, parroquia y área de residencia",Total 10 de Agosto,,Número total de personas de 15 años o más,1042
censo_ind_estado_conyugal_1_2_estado_conyugal_casada_o_sexo_al_nacer_hombres,estado_conyugal,1.2,"Población de 12 años o más por estado conyugal y sexo al nacer, según provincia, cantón y parroquia de residencia",,,Estado conyugal | Casada/o | Sexo al nacer | Hombres,1042
censo_ind_estado_conyugal_1_2_estado_conyugal_casada_o_sexo_al_nacer_mujeres,estado_conyugal,1.2,"Población de 12 años o más por estado conyugal y sexo al nacer, según provincia, cantón y parroquia de residencia",,,Estado conyugal | Casada/o | Sexo al nacer | Mujeres,1042
censo_ind_estado_conyugal_1_2_estado_conyugal_casada_o_sexo_al_nacer_numero_total_de_personas_casadas,estado_conyugal,1.2,"Población de 12 años o más por estado conyugal y sexo al nacer, según provincia, cantón y parroquia de residencia",,,Estado conyugal | Casada/o | Sexo al nacer | Número total de personas Casadas,1042
censo_ind_estado_conyugal_1_2_estado_conyugal_divorciada_o_sexo_al_nacer_hombres,estado_conyugal,1.2,"Población de 12 años o más por estado conyugal y sexo al nacer, según provincia, cantón y parroquia de residencia",,,Estado conyugal | Divorciada/o | Sexo al nacer | Hombres,1021
censo_ind_estado_conyugal_1_2_estado_conyugal_divorciada_o_sexo_al_nacer_mujeres,estado_conyugal,1.2,"Población de 12 años o más por estado conyugal y sexo al nacer, según provincia, cantón y parroquia de residencia",,,Estado conyugal | Divorciada/o | Sexo al nacer | Mujeres,1020
censo_ind_estado_conyugal_1_2_estado_conyugal_divorciada_o_sexo_al_nacer_numero_total_de_personas_divorciadas,estado_conyugal,1.2,"Población de 12 años o más por estado conyugal y sexo al nacer, según provincia, cantón y parroquia de residencia",,,Estado conyugal | Divorciada/o | Sexo al nacer | Número total de personas Divorciadas,1042
censo_ind_estado_conyugal_1_2_estado_conyugal_separada_o_sexo_al_nacer_hombres,estado_conyugal,1.2,"Población de 12 años o más por estado conyugal y sexo al nacer, según provincia, cantón y parroquia de residencia",,,Estado conyugal | Separada/o | Sexo al nacer | Hombres,1027
censo_ind_estado_conyugal_1_2_estado_conyugal_separada_o_sexo_al_nacer_mujeres,estado_conyugal,1.2,"Población de 12 años o más por estado conyugal y sexo al nacer, según provincia, cantón y parroquia de residencia",,,Estado conyugal | Separada/o | Sexo al nacer | Mujeres,1027
censo_ind_estado_conyugal_1_2_estado_conyugal_separada_o_sexo_al_nacer_numero_total_de_personas_separadas,estado_conyugal,1.2,"Población de 12 años o más por estado conyugal y sexo al nacer, según provincia, cantón y parroquia de residencia",,,Estado conyugal | Separada/o | Sexo al nacer | Número total de personas Separadas,1042
censo_ind_estado_conyugal_1_2_estado_conyugal_soltera_o_sexo_al_nacer_hombres,estado_conyugal,1.2,"Población de 12 años o más por estado conyugal y sexo al nacer, según provincia, cantón y parroquia de residencia",,,Estado conyugal | Soltera/o | Sexo al nacer | Hombres,1042
censo_ind_estado_conyugal_1_2_estado_conyugal_soltera_o_sexo_al_nacer_mujeres,estado_conyugal,1.2,"Población de 12 años o más por estado conyugal y sexo al nacer, según provincia, cantón y parroquia de residencia",,,Estado conyugal | Soltera/o | Sexo al nacer | Mujeres,1042
censo_ind_estado_conyugal_1_2_estado_conyugal_soltera_o_sexo_al_nacer_numero_total_de_personas_solteras,estado_conyugal,1.2,"Población de 12 años o más por estado conyugal y sexo al nacer, según provincia, cantón y parroquia de residencia",,,Estado conyugal | Soltera/o | Sexo al nacer | Número total de personas Solteras,1042
censo_ind_estado_conyugal_1_2_estado_conyugal_unida_o_sexo_al_nacer_hombres,estado_conyugal,1.2,"Población de 12 años o más por estado conyugal y sexo al nacer, según provincia, cantón y parroquia de residencia",,,Estado conyugal | Unida/o | Sexo al nacer | Hombres,1042
censo_ind_estado_conyugal_1_2_estado_conyugal_unida_o_sexo_al_nacer_mujeres,estado_conyugal,1.2,"Población de 12 años o más por estado conyugal y sexo al nacer, según provincia, cantón y parroquia de residencia",,,Estado conyugal | Unida/o | Sexo al nacer | Mujeres,1042
censo_ind_estado_conyugal_1_2_estado_conyugal_unida_o_sexo_al_nacer_numero_total_de_personas_unidas,estado_conyugal,1.2,"Población de 12 años o más por estado conyugal y sexo al nacer, según provincia, cantón y parroquia de residencia",,,Estado conyugal | Unida/o | Sexo al nacer | Número total de personas Unidas,1042
censo_ind_estado_conyugal_1_2_estado_conyugal_viuda_o_sexo_al_nacer_hombres,estado_conyugal,1.2,"Población de 12 años o más por estado conyugal y sexo al nacer, según provincia, cantón y parroquia de residencia",,,Estado conyugal | Viuda/o | Sexo al nacer | Hombres,1034
censo_ind_estado_conyugal_1_2_estado_conyugal_viuda_o_sexo_al_nacer_mujeres,estado_conyugal,1.2,"Población de 12 años o más por estado conyugal y sexo al nacer, según provincia, cantón y parroquia de residencia",,,Estado conyugal | Viuda/o | Sexo al nacer | Mujeres,1040
censo_ind_estado_conyugal_1_2_estado_conyugal_viuda_o_sexo_al_nacer_numero_total_de_personas_viudas,estado_conyugal,1.2,"Población de 12 años o más por estado conyugal y sexo al nacer, según provincia, cantón y parroquia de residencia",,,Estado conyugal | Viuda/o | Sexo al nacer | Número total de personas Viudas,1042
censo_ind_estado_conyugal_1_2_numero_total_de_personas,estado_conyugal,1.2,"Población de 12 años o más por estado conyugal y sexo al nacer, según provincia, cantón y parroquia de residencia",,,Número total de personas,1042
censo_ind_estructura_poblacional_1_2_numero_total_de_personas,estructura_poblacional,1.2,"Población por sexo al nacer según  provincia, cantón y parroquia de residencia",,,Número total de personas,1042
censo_ind_estructura_poblacional_1_2_sexo_al_nacer_hombres,estructura_poblacional,1.2,"Población por sexo al nacer según  provincia, cantón y parroquia de residencia",,,Sexo al nacer | Hombres,1042
censo_ind_estructura_poblacional_1_2_sexo_al_nacer_mujeres,estructura_poblacional,1.2,"Población por sexo al nacer según  provincia, cantón y parroquia de residencia",,,Sexo al nacer | Mujeres,1042
censo_ind_estructura_poblacional_2_1_85_o_mas_numero_total_de_personas,estructura_poblacional,2.1,"Población por sexo al nacer, según provincia, cantón, parroquia de residencia y  grupos quinquenales de edad",85 o más,,Número total de personas,1034
censo_ind_estructura_poblacional_2_1_85_o_mas_sexo_al_nacer_hombres,estructura_poblacional,2.1,"Población por sexo al nacer, según provincia, cantón, parroquia de residencia y  grupos quinquenales de edad",85 o más,,Sexo al nacer | Hombres,1021
censo_ind_estructura_poblacional_2_1_85_o_mas_sexo_al_nacer_mujeres,estructura_poblacional,2.1,"Población por sexo al nacer, según provincia, cantón, parroquia de residencia y  grupos quinquenales de edad",85 o más,,Sexo al nacer | Mujeres,1021
censo_ind_estructura_poblacional_2_1_de_0_4_numero_total_de_personas,estructura_poblacional,2.1,"Población por sexo al nacer, según provincia, cantón, parroquia de residencia y  grupos quinquenales de edad",De 0-4,,Número total de personas,1042
censo_ind_estructura_poblacional_2_1_de_0_4_sexo_al_nacer_hombres,estructura_poblacional,2.1,"Población por sexo al nacer, según provincia, cantón, parroquia de residencia y  grupos quinquenales de edad",De 0-4,,Sexo al nacer | Hombres,1042
censo_ind_estructura_poblacional_2_1_de_0_4_sexo_al_nacer_mujeres,estructura_poblacional,2.1,"Población por sexo al nacer, según provincia, cantón, parroquia de residencia y  grupos quinquenales de edad",De 0-4,,Sexo al nacer | Mujeres,1042
censo_ind_estructura_poblacional_2_1_de_10_14_numero_total_de_personas,estructura_poblacional,2.1,"Población por sexo al nacer, según provincia, cantón, parroquia de residencia y  grupos quinquenales de edad",De 10-14,,Número total de personas,1042
censo_ind_estructura_poblacional_2_1_de_10_14_sexo_al_nacer_hombres,estructura_poblacional,2.1,"Población por sexo al nacer, según provincia, cantón, parroquia de residencia y  grupos quinquenales de edad",De 10-14,,Sexo al nacer | Hombres,1042
censo_ind_estructura_poblacional_2_1_de_10_14_sexo_al_nacer_mujeres,estructura_poblacional,2.1,"Población por sexo al nacer, según provincia, cantón, parroquia de residencia y  grupos quinquenales de edad",De 10-14,,Sexo al nacer | Mujeres,1042
censo_ind_estructura_poblacional_2_1_de_15_19_numero_total_de_personas,estructura_poblacional,2.1,"Población por sexo al nacer, según provincia, cantón, parroquia de residencia y  grupos quinquenales de edad",De 15-19,,Número total de personas,1042
censo_ind_estructura_poblacional_2_1_de_15_19_sexo_al_nacer_hombres,estructura_poblacional,2.1,"Población por sexo al nacer, según provincia, cantón, parroquia de residencia y  grupos quinquenales de edad",De 15-19,,Sexo al nacer | Hombres,1042
censo_ind_estructura_poblacional_2_1_de_15_19_sexo_al_nacer_mujeres,estructura_poblacional,2.1,"Población por sexo al nacer, según provincia, cantón, parroquia de residencia y  grupos quinquenales de edad",De 15-19,,Sexo al nacer | Mujeres,1041
censo_ind_estructura_poblacional_2_1_de_20_24_numero_total_de_personas,estructura_poblacional,2.1,"Población por sexo al nacer, según provincia, cantón, parroquia de residencia y  grupos quinquenales de edad",De 20-24,,Número total de personas,1042
censo_ind_estructura_poblacional_2_1_de_20_24_sexo_al_nacer_hombres,estructura_poblacional,2.1,"Población por sexo al nacer, según provincia, cantón, parroquia de residencia y  grupos quinquenales de edad",De 20-24,,Sexo al nacer | Hombres,1042
censo_ind_estructura_poblacional_2_1_de_20_24_sexo_al_nacer_mujeres,estructura_poblacional,2.1,"Población por sexo al nacer, según provincia, cantón, parroquia de residencia y  grupos quinquenales de edad",De 20-24,,Sexo al nacer | Mujeres,1042
censo_ind_estructura_poblacional_2_1_de_25_29_numero_total_de_personas,estructura_poblacional,2.1,"Población por sexo al nacer, según provincia, cantón, parroquia de residencia y  grupos quinquenales de edad",De 25-29,,Número total de personas,1042
censo_ind_estructura_poblacional_2_1_de_25_29_sexo_al_nacer_hombres,estructura_poblacional,2.1,"Población por sexo al nacer, según provincia, cantón, parroquia de residencia y  grupos quinquenales de edad",De 25-29,,Sexo al nacer | Hombres,1042
censo_ind_estructura_poblacional_2_1_de_25_29_sexo_al_nacer_mujeres,estructura_poblacional,2.1,"Población por sexo al nacer, según provincia, cantón, parroquia de residencia y  grupos quinquenales de edad",De 25-29,,Sexo al nacer | Mujeres,1042
censo_ind_estructura_poblacional_2_1_de_30_34_numero_total_de_personas,estructura_poblacional,2.1,"Población por sexo al nacer, según provincia, cantón, parroquia de residencia y  grupos quinquenales de edad",De 30-34,,Número total de personas,1042
censo_ind_estructura_poblacional_2_1_de_30_34_sexo_al_nacer_hombres,estructura_poblacional,2.1,"Población por sexo al nacer, según provincia, cantón, parroquia de residencia y  grupos quinquenales de edad",De 30-34,,Sexo al nacer | Hombres,1041
censo_ind_estructura_poblacional_2_1_de_30_34_sexo_al_nacer_mujeres,estructura_poblacional,2.1,"Población por sexo al nacer, según provincia, cantón, parroquia de residencia y  grupos quinquenales de edad",De 30-34,,Sexo al nacer | Mujeres,1042
censo_ind_estructura_poblacional_2_1_de_35_39_numero_total_de_personas,estructura_poblacional,2.1,"Población por sexo al nacer, según provincia, cantón, parroquia de residencia y  grupos quinquenales de edad",De 35-39,,Número total de personas,1042
censo_ind_estructura_poblacional_2_1_de_35_39_sexo_al_nacer_hombres,estructura_poblacional,2.1,"Población por sexo al nacer, según provincia, cantón, parroquia de residencia y  grupos quinquenales de edad",De 35-39,,Sexo al nacer | Hombres,1041
censo_ind_estructura_poblacional_2_1_de_35_39_sexo_al_nacer_mujeres,estructura_poblacional,2.1,"Población por sexo al nacer, según provincia, cantón, parroquia de residencia y  grupos quinquenales de edad",De 35-39,,Sexo al nacer | Mujeres,1042
censo_ind_estructura_poblacional_2_1_de_40_44_numero_total_de_personas,estructura_poblacional,2.1,"Población por sexo al nacer, según provincia, cantón, parroquia de residencia y  grupos quinquenales de edad",De 40-44,,Número total de personas,1042
censo_ind_estructura_poblacional_2_1_de_40_44_sexo_al_nacer_hombres,estructura_poblacional,2.1,"Población por sexo al nacer, según provincia, cantón, parroquia de residencia y  grupos quinquenales de edad",De 40-44,,Sexo al nacer | Hombres,1042
censo_ind_estructura_poblacional_2_1_de_40_44_sexo_al_nacer_mujeres,estructura_poblacional,2.1,"Población por sexo al nacer, según provincia, cantón, parroquia de residencia y  grupos quinquenales de edad",De 40-44,,Sexo al nacer | Mujeres,1042
censo_ind_estructura_poblacional_2_1_de_45_49_numero_total_de_personas,estructura_poblacional,2.1,"Población por sexo al nacer, según provincia, cantón, parroquia de residencia y  grupos quinquenales de edad",De 45-49,,Número total de personas,1042
censo_ind_estructura_poblacional_2_1_de_45_49_sexo_al_nacer_hombres,estructura_poblacional,2.1,"Población por sexo al nacer, según provincia, cantón, parroquia de residencia y  grupos quinquenales de edad",De 45-49,,Sexo al nacer | Hombres,1042
censo_ind_estructura_poblacional_2_1_de_45_49_sexo_al_nacer_mujeres,estructura_poblacional,2.1,"Población por sexo al nacer, según provincia, cantón, parroquia de residencia y  grupos quinquenales de edad",De 45-49,,Sexo al nacer | Mujeres,1042
censo_ind_estructura_poblacional_2_1_de_50_54_numero_total_de_personas,estructura_poblacional,2.1,"Población por sexo al nacer, según provincia, cantón, parroquia de residencia y  grupos quinquenales de edad",De 50-54,,Número total de personas,1042
censo_ind_estructura_poblacional_2_1_de_50_54_sexo_al_nacer_hombres,estructura_poblacional,2.1,"Población por sexo al nacer, según provincia, cantón, parroquia de residencia y  grupos quinquenales de edad",De 50-54,,Sexo al nacer | Hombres,1042
censo_ind_estructura_poblacional_2_1_de_50_54_sexo_al_nacer_mujeres,estructura_poblacional,2.1,"Población por sexo al nacer, según provincia, cantón, parroquia de residencia y  grupos quinquenales de edad",De 50-54,,Sexo al nacer | Mujeres,1041
censo_ind_estructura_poblacional_2_1_de_55_59_numero_total_de_personas,estructura_poblacional,2.1,"Población por sexo al nacer, según provincia, cantón, parroquia de residencia y  grupos quinquenales de edad",De 55-59,,Número total de personas,1041
censo_ind_estructura_poblacional_2_1_de_55_59_sexo_al_nacer_hombres,estructura_poblacional,2.1,"Población por sexo al nacer, según provincia, cantón, parroquia de residencia y  grupos quinquenales de edad",De 55-59,,Sexo al nacer | Hombres,1041
censo_ind_estructura_poblacional_2_1_de_55_59_sexo_al_nacer_mujeres,estructura_poblacional,2.1,"Población por sexo al nacer, según provincia, cantón, parroquia de residencia y  grupos quinquenales de edad",De 55-59,,Sexo al nacer | Mujeres,1041
censo_ind_estructura_poblacional_2_1_de_5_9_numero_total_de_personas,estructura_poblacional,2.1,"Población por sexo al nacer, según provincia, cantón, parroquia de residencia y  grupos quinquenales de edad",De 5-9,,Número total de personas,1042
censo_ind_estructura_poblacional_2_1_de_5_9_sexo_al_nacer_hombres,estructura_poblacional,2.1,"Población por sexo al nacer, según provincia, cantón, parroquia de residencia y  grupos quinquenales de edad",De 5-9,,Sexo al nacer | Hombres,1042
censo_ind_estructura_poblacional_2_1_de_5_9_sexo_al_nacer_mujeres,estructura_poblacional,2.1,"Población por sexo al nacer, según provincia, cantón, parroquia de residencia y  grupos quinquenales de edad",De 5-9,,Sexo al nacer | Mujeres,1042
censo_ind_estructura_poblacional_2_1_de_60_64_numero_total_de_personas,estructura_poblacional,2.1,"Población por sexo al nacer, según provincia, cantón, parroquia de residencia y  grupos quinquenales de edad",De 60-64,,Número total de personas,1042
censo_ind_estructura_poblacional_2_1_de_60_64_sexo_al_nacer_hombres,estructura_poblacional,2.1,"Población por sexo al nacer, según provincia, cantón, parroquia de residencia y  grupos quinquenales de edad",De 60-64,,Sexo al nacer | Hombres,1040
censo_ind_estructura_poblacional_2_1_de_60_64_sexo_al_nacer_mujeres,estructura_poblacional,2.1,"Población por sexo al nacer, según provincia, cantón, parroquia de residencia y  grupos quinquenales de edad",De 60-64,,Sexo al nacer | Mujeres,1041
censo_ind_estructura_poblacional_2_1_de_65_69_numero_total_de_personas,estructura_poblacional,2.1,"Población por sexo al nacer, según provincia, cantón, parroquia de residencia y  grupos quinquenales de edad",De 65-69,,Número total de personas,1042
censo_ind_estructura_poblacional_2_1_de_65_69_sexo_al_nacer_hombres,estructura_poblacional,2.1,"Población por sexo al nacer, según provincia, cantón, parroquia de residencia y  grupos quinquenales de edad",De 65-69,,Sexo al nacer | Hombres,1041
censo_ind_estructura_poblacional_2_1_de_65_69_sexo_al_nacer_mujeres,estructura_poblacional,2.1,"Población por sexo al nacer, según provincia, cantón, parroquia de residencia y  grupos quinquenales de edad",De 65-69,,Sexo al nacer | Mujeres,1039
censo_ind_estructura_poblacional_2_1_de_70_74_numero_total_de_personas,estructura_poblacional,2.1,"Población por sexo al nacer, según provincia, cantón, parroquia de residencia y  grupos quinquenales de edad",De 70-74,,Número total de personas,1042
censo_ind_estructura_poblacional_2_1_de_70_74_sexo_al_nacer_hombres,estructura_poblacional,2.1,"Población por sexo al nacer, según provincia, cantón, parroquia de residencia y  grupos quinquenales de edad",De 70-74,,Sexo al nacer | Hombres,1041
censo_ind_estructura_poblacional_2_1_de_70_74_sexo_al_nacer_mujeres,estructura_poblacional,2.1,"Población por sexo al nacer, según provincia, cantón, parroquia de residencia y  grupos quinquenales de edad",De 70-74,,Sexo al nacer | Mujeres,1038
censo_ind_estructura_poblacional_2_1_de_75_79_numero_total_de_personas,estructura_poblacional,2.1,"Población por sexo al nacer, según provincia, cantón, parroquia de residencia y  grupos quinquenales de edad",De 75-79,,Número total de personas,1042
censo_ind_estructura_poblacional_2_1_de_75_79_sexo_al_nacer_hombres,estructura_poblacional,2.1,"Población por sexo al nacer, según provincia, cantón, parroquia de residencia y  grupos quinquenales de edad",De 75-79,,Sexo al nacer | Hombres,1037
censo_ind_estructura_poblacional_2_1_de_75_79_sexo_al_nacer_mujeres,estructura_poblacional,2.1,"Población por sexo al nacer, según provincia, cantón, parroquia de residencia y  grupos quinquenales de edad",De 75-79,,Sexo al nacer | Mujeres,1032
censo_ind_estructura_poblacional_2_1_de_80_84_numero_total_de_personas,estructura_poblacional,2.1,"Población por sexo al nacer, según provincia, cantón, parroquia de residencia y  grupos quinquenales de edad",De 80-84,,Número total de personas,1037
censo_ind_estructura_poblacional_2_1_de_80_84_sexo_al_nacer_hombres,estructura_poblacional,2.1,"Población por sexo al nacer, según provincia, cantón, parroquia de residencia y  grupos quinquenales de edad",De 80-84,,Sexo al nacer | Hombres,1023
censo_ind_estructura_poblacional_2_1_de_80_84_sexo_al_nacer_mujeres,estructura_poblacional,2.1,"Población por sexo al nacer, según provincia, cantón, parroquia de residencia y  grupos quinquenales de edad",De 80-84,,Sexo al nacer | Mujeres,1028
censo_ind_estructura_poblacional_2_1_total_geografia_numero_total_de_personas,estructura_poblacional,2.1,"Población por sexo al nacer, según provincia, cantón, parroquia de residencia y  grupos quinquenales de edad",Total 10 de Agosto,,Número total de personas,1042
censo_ind_estructura_poblacional_2_1_total_geografia_sexo_al_nacer_hombres,estructura_poblacional,2.1,"Población por sexo al nacer, según provincia, cantón, parroquia de residencia y  grupos quinquenales de edad",Total 10 de Agosto,,Sexo al nacer | Hombres,1042
censo_ind_estructura_poblacional_2_1_total_geografia_sexo_al_nacer_mujeres,estructura_poblacional,2.1,"Población por sexo al nacer, según provincia, cantón, parroquia de residencia y  grupos quinquenales de edad",Total 10 de Agosto,,Sexo al nacer | Mujeres,1042
censo_ind_identidad_genero_orientacion_sexual_1_2_rural_identidad_de_genero_femenino_a_sexo_al_nacer_mujeres,identidad_genero_orientacion_sexual,1.2,"Población de 18 años y más según Identidad de Género y sexo al nacer, por provincia, cantón, parroquia y área de residencia",Rural,,Identidad de género | Femenino/a | Sexo al nacer | Mujeres,1039
censo_ind_identidad_genero_orientacion_sexual_1_2_rural_identidad_de_genero_masculino_sexo_al_nacer_hombres,identidad_genero_orientacion_sexual,1.2,"Población de 18 años y más según Identidad de Género y sexo al nacer, por provincia, cantón, parroquia y área de residencia",Rural,,Identidad de género | Masculino | Sexo al nacer | Hombres,1039
censo_ind_identidad_genero_orientacion_sexual_1_2_rural_identidad_de_genero_masculino_sexo_al_nacer_mujeres,identidad_genero_orientacion_sexual,1.2,"Población de 18 años y más según Identidad de Género y sexo al nacer, por provincia, cantón, parroquia y área de residencia",Rural,,Identidad de género | Masculino | Sexo al nacer | Mujeres,992
censo_ind_identidad_genero_orientacion_sexual_1_2_rural_identidad_de_genero_no_sabe_no_responde_sexo_al_nacer_mujeres,identidad_genero_orientacion_sexual,1.2,"Población de 18 años y más según Identidad de Género y sexo al nacer, por provincia, cantón, parroquia y área de residencia",Rural,,Identidad de género | No sabe/No responde | Sexo al nacer | Mujeres,1002
censo_ind_identidad_genero_orientacion_sexual_1_2_rural_numero_total_de_personas_de_18_anos_y_mas_censadas,identidad_genero_orientacion_sexual,1.2,"Población de 18 años y más según Identidad de Género y sexo al nacer, por provincia, cantón, parroquia y área de residencia",Rural,,Número total de personas de 18 años y más censadas,1039
censo_ind_identidad_genero_orientacion_sexual_1_2_total_geografia_identidad_de_genero_femenino_a_sexo_al_nacer_mujeres,identidad_genero_orientacion_sexual,1.2,"Población de 18 años y más según Identidad de Género y sexo al nacer, por provincia, cantón, parroquia y área de residencia",Total 10 de Agosto,,Identidad de género | Femenino/a | Sexo al nacer | Mujeres,1042
censo_ind_identidad_genero_orientacion_sexual_1_2_total_geografia_identidad_de_genero_masculino_sexo_al_nacer_hombres,identidad_genero_orientacion_sexual,1.2,"Población de 18 años y más según Identidad de Género y sexo al nacer, por provincia, cantón, parroquia y área de residencia",Total 10 de Agosto,,Identidad de género | Masculino | Sexo al nacer | Hombres,1042
censo_ind_identidad_genero_orientacion_sexual_1_2_total_geografia_identidad_de_genero_masculino_sexo_al_nacer_mujeres,identidad_genero_orientacion_sexual,1.2,"Población de 18 años y más según Identidad de Género y sexo al nacer, por provincia, cantón, parroquia y área de residencia",Total 10 de Agosto,,Identidad de género | Masculino | Sexo al nacer | Mujeres,1000
censo_ind_identidad_genero_orientacion_sexual_1_2_total_geografia_identidad_de_genero_no_sabe_no_responde_sexo_al_nacer_hombres,identidad_genero_orientacion_sexual,1.2,"Población de 18 años y más según Identidad de Género y sexo al nacer, por provincia, cantón, parroquia y área de residencia",Total 10 de Agosto,,Identidad de género | No sabe/No responde | Sexo al nacer | Hombres,996
censo_ind_identidad_genero_orientacion_sexual_1_2_total_geografia_identidad_de_genero_no_sabe_no_responde_sexo_al_nacer_mujeres,identidad_genero_orientacion_sexual,1.2,"Población de 18 años y más según Identidad de Género y sexo al nacer, por provincia, cantón, parroquia y área de residencia",Total 10 de Agosto,,Identidad de género | No sabe/No responde | Sexo al nacer | Mujeres,1010
censo_ind_identidad_genero_orientacion_sexual_1_2_total_geografia_numero_total_de_personas_de_18_anos_y_mas_censadas,identidad_genero_orientacion_sexual,1.2,"Población de 18 años y más según Identidad de Género y sexo al nacer, por provincia, cantón, parroquia y área de residencia",Total 10 de Agosto,,Número total de personas de 18 años y más censadas,1042
censo_ind_identidad_genero_orientacion_sexual_2_2_rural_numero_total_de_personas_de_18_anos_y_mas_censadas,identidad_genero_orientacion_sexual,2.2,"Población de 18 años y más según Orientación Sexual y sexo al nacer, por provincia, cantón, parroquia y área de residencia",Rural,,Número total de personas de 18 años y más censadas,1039
censo_ind_identidad_genero_orientacion_sexual_2_2_rural_orientacion_sexual_hombres_sexo_al_nacer,identidad_genero_orientacion_sexual,2.2,"Población de 18 años y más según Orientación Sexual y sexo al nacer, por provincia, cantón, parroquia y área de residencia",Rural,,Orientación sexual | Hombres | Sexo al nacer,1000
censo_ind_identidad_genero_orientacion_sexual_2_2_rural_orientacion_sexual_hombres_sexo_al_nacer_mujeres,identidad_genero_orientacion_sexual,2.2,"Población de 18 años y más según Orientación Sexual y sexo al nacer, por provincia, cantón, parroquia y área de residencia",Rural,,Orientación sexual | Hombres | Sexo al nacer | Mujeres,1039
censo_ind_identidad_genero_orientacion_sexual_2_2_rural_orientacion_sexual_mujeres_sexo_al_nacer,identidad_genero_orientacion_sexual,2.2,"Población de 18 años y más según Orientación Sexual y sexo al nacer, por provincia, cantón, parroquia y área de residencia",Rural,,Orientación sexual | Mujeres | Sexo al nacer,1014
censo_ind_identidad_genero_orientacion_sexual_2_2_rural_orientacion_sexual_mujeres_sexo_al_nacer_hombres,identidad_genero_orientacion_sexual,2.2,"Población de 18 años y más según Orientación Sexual y sexo al nacer, por provincia, cantón, parroquia y área de residencia",Rural,,Orientación sexual | Mujeres | Sexo al nacer | Hombres,1039
censo_ind_identidad_genero_orientacion_sexual_2_2_rural_orientacion_sexual_no_sabe_no_responde_sexo_al_nacer_hombres,identidad_genero_orientacion_sexual,2.2,"Población de 18 años y más según Orientación Sexual y sexo al nacer, por provincia, cantón, parroquia y área de residencia",Rural,,Orientación sexual | No sabe/No responde | Sexo al nacer | Hombres,1008
censo_ind_identidad_genero_orientacion_sexual_2_2_rural_orientacion_sexual_no_sabe_no_responde_sexo_al_nacer_mujeres,identidad_genero_orientacion_sexual,2.2,"Población de 18 años y más según Orientación Sexual y sexo al nacer, por provincia, cantón, parroquia y área de residencia",Rural,,Orientación sexual | No sabe/No responde | Sexo al nacer | Mujeres,1021
censo_ind_identidad_genero_orientacion_sexual_2_2_total_geografia_numero_total_de_personas_de_18_anos_y_mas_censadas,identidad_genero_orientacion_sexual,2.2,"Población de 18 años y más según Orientación Sexual y sexo al nacer, por provincia, cantón, parroquia y área de residencia",Total 10 de Agosto,,Número total de personas de 18 años y más censadas,1042
censo_ind_identidad_genero_orientacion_sexual_2_2_total_geografia_orientacion_sexual_hombres_sexo_al_nacer,identidad_genero_orientacion_sexual,2.2,"Población de 18 años y más según Orientación Sexual y sexo al nacer, por provincia, cantón, parroquia y área de residencia",Total 10 de Agosto,,Orientación sexual | Hombres | Sexo al nacer,1007
censo_ind_identidad_genero_orientacion_sexual_2_2_total_geografia_orientacion_sexual_hombres_sexo_al_nacer_mujeres,identidad_genero_orientacion_sexual,2.2,"Población de 18 años y más según Orientación Sexual y sexo al nacer, por provincia, cantón, parroquia y área de residencia",Total 10 de Agosto,,Orientación sexual | Hombres | Sexo al nacer | Mujeres,1042
censo_ind_identidad_genero_orientacion_sexual_2_2_total_geografia_orientacion_sexual_mujeres_sexo_al_nacer,identidad_genero_orientacion_sexual,2.2,"Población de 18 años y más según Orientación Sexual y sexo al nacer, por provincia, cantón, parroquia y área de residencia",Total 10 de Agosto,,Orientación sexual | Mujeres | Sexo al nacer,1023
censo_ind_identidad_genero_orientacion_sexual_2_2_total_geografia_orientacion_sexual_mujeres_sexo_al_nacer_hombres,identidad_genero_orientacion_sexual,2.2,"Población de 18 años y más según Orientación Sexual y sexo al nacer, por provincia, cantón, parroquia y área de residencia",Total 10 de Agosto,,Orientación sexual | Mujeres | Sexo al nacer | Hombres,1042
censo_ind_identidad_genero_orientacion_sexual_2_2_total_geografia_orientacion_sexual_no_sabe_no_responde_sexo_al_nacer_hombres,identidad_genero_orientacion_sexual,2.2,"Población de 18 años y más según Orientación Sexual y sexo al nacer, por provincia, cantón, parroquia y área de residencia",Total 10 de Agosto,,Orientación sexual | No sabe/No responde | Sexo al nacer | Hombres,1016
censo_ind_identidad_genero_orientacion_sexual_2_2_total_geografia_orientacion_sexual_no_sabe_no_responde_sexo_al_nacer_mujeres,identidad_genero_orientacion_sexual,2.2,"Población de 18 años y más según Orientación Sexual y sexo al nacer, por provincia, cantón, parroquia y área de residencia",Total 10 de Agosto,,Orientación sexual | No sabe/No responde | Sexo al nacer | Mujeres,1027
censo_ind_identidad_genero_orientacion_sexual_3_2_rural_numero_total_de_personas_lgbti_de_18_anos_y_mas,identidad_genero_orientacion_sexual,3.2,"Población de 18 años y más LGBTI+ según orientación sexual y/o identidad de género y sexo al nacer, por provincia, cantón, parroquia y área de residencia",Rural,,Número total de personas LGBTI+ de 18 años y más,1029
censo_ind_identidad_genero_orientacion_sexual_3_2_rural_orientacion_sexual_y_o_identidad_de_genero_lgb_sexo_al_nacer_mujeres,identidad_genero_orientacion_sexual,3.2,"Población de 18 años y más LGBTI+ según orientación sexual y/o identidad de género y sexo al nacer, por provincia, cantón, parroquia y área de residencia",Rural,,Orientación sexual y/o identidad de género | LGB+ | Sexo al nacer | Mujeres,1008
censo_ind_identidad_genero_orientacion_sexual_3_2_total_geografia_numero_total_de_personas_lgbti_de_18_anos_y_mas,identidad_genero_orientacion_sexual,3.2,"Población de 18 años y más LGBTI+ según orientación sexual y/o identidad de género y sexo al nacer, por provincia, cantón, parroquia y área de residencia",Total 10 de Agosto,,Número total de personas LGBTI+ de 18 años y más,1034
censo_ind_identidad_genero_orientacion_sexual_3_2_total_geografia_orientacion_sexual_y_o_identidad_de_genero_lgb_sexo_al_nacer_mujeres,identidad_genero_orientacion_sexual,3.2,"Población de 18 años y más LGBTI+ según orientación sexual y/o identidad de género y sexo al nacer, por provincia, cantón, parroquia y área de residencia",Total 10 de Agosto,,Orientación sexual y/o identidad de género | LGB+ | Sexo al nacer | Mujeres,1019
censo_ind_identidad_genero_orientacion_sexual_4_2_total_geografia_numero_total_de_personas_lgbti_de_18_anos_y_mas,identidad_genero_orientacion_sexual,4.2,"Población de 18 años y más LGBTI+ según orientación sexual y/o identidad de género y sexo al nacer, por provincia, cantón, parroquia de residencia y grupos quinquenales de edad",Total 10 de Agosto,,Número total de personas LGBTI+ de 18 años y más,1034
censo_ind_identidad_genero_orientacion_sexual_4_2_total_geografia_orientacion_sexual_y_o_identidad_de_genero_lgb_sexo_al_nacer_mujeres,identidad_genero_orientacion_sexual,4.2,"Población de 18 años y más LGBTI+ según orientación sexual y/o identidad de género y sexo al nacer, por provincia, cantón, parroquia de residencia y grupos quinquenales de edad",Total 10 de Agosto,,Orientación sexual y/o identidad de género | LGB+ | Sexo al nacer | Mujeres,1019
censo_ind_identidad_genero_orientacion_sexual_5_2_rural_numero_total_de_personas_lgb_de_18_anos_y_mas,identidad_genero_orientacion_sexual,5.2,"Población LGB+ de 18 años y más según orientación sexual y sexo al nacer, por provincia, cantón, parroquia y área de residencia",Rural,,Número total de personas LGB+ de 18 años y más,1028
censo_ind_identidad_genero_orientacion_sexual_5_2_rural_orientacion_sexual_gays_sexo_al_nacer_hombres,identidad_genero_orientacion_sexual,5.2,"Población LGB+ de 18 años y más según orientación sexual y sexo al nacer, por provincia, cantón, parroquia y área de residencia",Rural,,Orientación sexual | Gays | Sexo al nacer | Hombres,1000
censo_ind_identidad_genero_orientacion_sexual_5_2_rural_orientacion_sexual_lesbianas_sexo_al_nacer_mujeres,identidad_genero_orientacion_sexual,5.2,"Población LGB+ de 18 años y más según orientación sexual y sexo al nacer, por provincia, cantón, parroquia y área de residencia",Rural,,Orientación sexual | Lesbianas | Sexo al nacer | Mujeres,1014
censo_ind_identidad_genero_orientacion_sexual_5_2_total_geografia_numero_total_de_personas_lgb_de_18_anos_y_mas,identidad_genero_orientacion_sexual,5.2,"Población LGB+ de 18 años y más según orientación sexual y sexo al nacer, por provincia, cantón, parroquia y área de residencia",Total 10 de Agosto,,Número total de personas LGB+ de 18 años y más,1033
censo_ind_identidad_genero_orientacion_sexual_5_2_total_geografia_orientacion_sexual_gays_sexo_al_nacer_hombres,identidad_genero_orientacion_sexual,5.2,"Población LGB+ de 18 años y más según orientación sexual y sexo al nacer, por provincia, cantón, parroquia y área de residencia",Total 10 de Agosto,,Orientación sexual | Gays | Sexo al nacer | Hombres,1007
censo_ind_identidad_genero_orientacion_sexual_5_2_total_geografia_orientacion_sexual_lesbianas_sexo_al_nacer_mujeres,identidad_genero_orientacion_sexual,5.2,"Población LGB+ de 18 años y más según orientación sexual y sexo al nacer, por provincia, cantón, parroquia y área de residencia",Total 10 de Agosto,,Orientación sexual | Lesbianas | Sexo al nacer | Mujeres,1023
censo_ind_identidad_genero_orientacion_sexual_6_2_total_geografia_numero_total_de_personas_lgb_de_18_anos_y_mas,identidad_genero_orientacion_sexual,6.2,"Población LGB+ de 18 años y más según orientación sexual y sexo al nacer, por provincia, cantón, parroquia de residencia y grupos quinquenales de edad",Total 10 de Agosto,,Número total de personas LGB+ de 18 años y más,1033
censo_ind_identidad_genero_orientacion_sexual_6_2_total_geografia_orientacion_sexual_gays_sexo_al_nacer_hombres,identidad_genero_orientacion_sexual,6.2,"Población LGB+ de 18 años y más según orientación sexual y sexo al nacer, por provincia, cantón, parroquia de residencia y grupos quinquenales de edad",Total 10 de Agosto,,Orientación sexual | Gays | Sexo al nacer | Hombres,1007
censo_ind_identidad_genero_orientacion_sexual_6_2_total_geografia_orientacion_sexual_lesbianas_sexo_al_nacer_mujeres,identidad_genero_orientacion_sexual,6.2,"Población LGB+ de 18 años y más según orientación sexual y sexo al nacer, por provincia, cantón, parroquia de residencia y grupos quinquenales de edad",Total 10 de Agosto,,Orientación sexual | Lesbianas | Sexo al nacer | Mujeres,1023
censo_ind_identidad_genero_orientacion_sexual_7_2_rural_identidad_de_genero_trans_masculino_sexo_al_nacer_mujeres,identidad_genero_orientacion_sexual,7.2,"Población Trans de 18 años y más según identidad de género y sexo al nacer, por provincia, cantón, parroquia y área de residencia",Rural,,Identidad de género | Trans masculino | Sexo al nacer | Mujeres,994
censo_ind_identidad_genero_orientacion_sexual_7_2_rural_numero_total_de_personas_trans_de_18_anos_y_mas,identidad_genero_orientacion_sexual,7.2,"Población Trans de 18 años y más según identidad de género y sexo al nacer, por provincia, cantón, parroquia y área de residencia",Rural,,Número total de personas Trans de 18 años y más,1013
censo_ind_identidad_genero_orientacion_sexual_7_2_total_geografia_identidad_de_genero_trans_masculino_sexo_al_nacer_mujeres,identidad_genero_orientacion_sexual,7.2,"Población Trans de 18 años y más según identidad de género y sexo al nacer, por provincia, cantón, parroquia y área de residencia",Total 10 de Agosto,,Identidad de género | Trans masculino | Sexo al nacer | Mujeres,1002
censo_ind_identidad_genero_orientacion_sexual_7_2_total_geografia_numero_total_de_personas_trans_de_18_anos_y_mas,identidad_genero_orientacion_sexual,7.2,"Población Trans de 18 años y más según identidad de género y sexo al nacer, por provincia, cantón, parroquia y área de residencia",Total 10 de Agosto,,Número total de personas Trans de 18 años y más,1020
censo_ind_identidad_genero_orientacion_sexual_8_2_total_geografia_identidad_de_genero_trans_masculino_sexo_al_nacer_mujeres,identidad_genero_orientacion_sexual,8.2,"Población Trans de 18 años y más según identidad de género y sexo al nacer, por provincia, cantón, parroquia de residencia y grupos quinquenales de edad",Total 10 de Agosto,,Identidad de género | Trans masculino | Sexo al nacer | Mujeres,1002
censo_ind_identidad_genero_orientacion_sexual_8_2_total_geografia_numero_total_de_personas_trans_de_18_anos_y_mas,identidad_genero_orientacion_sexual,8.2,"Población Trans de 18 años y más según identidad de género y sexo al nacer, por provincia, cantón, parroquia de residencia y grupos quinquenales de edad",Total 10 de Agosto,,Número total de personas Trans de 18 años y más,1020
censo_ind_inscripcion_cedulacion_1_2_hombres_inscripcion_en_el_registro_civil_ecuatoriano_no_tenencia_de_cedula_de_ciudadania_o_identidad_ecuatoriana_numero_total_de_personas_no_inscritas_en_el_registro_civil_ecuatoriano,inscripcion_cedulacion,1.2,"Población por inscripción en registro civil ecuatoriano y tenencia de número de cédula de ciudadanía o identidad ecuatoriana, según, provincia, cantón, parroquia de residencia y sexo al nacer",Hombres,,Inscripción en el registro civil ecuatoriano | No | Tenencia de cédula de ciudadanía o identidad ecuatoriana | Número total de personas no inscritas en el registro civil ecuatoriano,1042
censo_ind_inscripcion_cedulacion_1_2_hombres_inscripcion_en_el_registro_civil_ecuatoriano_si_tenencia_de_cedula_de_ciudadania_o_identidad_ecuatoriana,inscripcion_cedulacion,1.2,"Población por inscripción en registro civil ecuatoriano y tenencia de número de cédula de ciudadanía o identidad ecuatoriana, según, provincia, cantón, parroquia de residencia y sexo al nacer",Hombres,,Inscripción en el registro civil ecuatoriano | Si | Tenencia de cédula de ciudadanía o identidad ecuatoriana,1042
censo_ind_inscripcion_cedulacion_1_2_hombres_inscripcion_en_el_registro_civil_ecuatoriano_si_tenencia_de_cedula_de_ciudadania_o_identidad_ecuatoriana_numero_total_de_personas_inscritas_en_el_registro_civil_ecuatoriano,inscripcion_cedulacion,1.2,"Población por inscripción en registro civil ecuatoriano y tenencia de número de cédula de ciudadanía o identidad ecuatoriana, según, provincia, cantón, parroquia de residencia y sexo al nacer",Hombres,,Inscripción en el registro civil ecuatoriano | Si | Tenencia de cédula de ciudadanía o identidad ecuatoriana | Número total de personas inscritas en el registro civil ecuatoriano,1042
censo_ind_inscripcion_cedulacion_1_2_hombres_numero_total_de_personas,inscripcion_cedulacion,1.2,"Población por inscripción en registro civil ecuatoriano y tenencia de número de cédula de ciudadanía o identidad ecuatoriana, según, provincia, cantón, parroquia de residencia y sexo al nacer",Hombres,,Número total de personas,1042
censo_ind_inscripcion_cedulacion_1_2_mujeres_inscripcion_en_el_registro_civil_ecuatoriano_no_tenencia_de_cedula_de_ciudadania_o_identidad_ecuatoriana_numero_total_de_personas_no_inscritas_en_el_registro_civil_ecuatoriano,inscripcion_cedulacion,1.2,"Población por inscripción en registro civil ecuatoriano y tenencia de número de cédula de ciudadanía o identidad ecuatoriana, según, provincia, cantón, parroquia de residencia y sexo al nacer",Mujeres,,Inscripción en el registro civil ecuatoriano | No | Tenencia de cédula de ciudadanía o identidad ecuatoriana | Número total de personas no inscritas en el registro civil ecuatoriano,1042
censo_ind_inscripcion_cedulacion_1_2_mujeres_inscripcion_en_el_registro_civil_ecuatoriano_si_tenencia_de_cedula_de_ciudadania_o_identidad_ecuatoriana,inscripcion_cedulacion,1.2,"Población por inscripción en registro civil ecuatoriano y tenencia de número de cédula de ciudadanía o identidad ecuatoriana, según, provincia, cantón, parroquia de residencia y sexo al nacer",Mujeres,,Inscripción en el registro civil ecuatoriano | Si | Tenencia de cédula de ciudadanía o identidad ecuatoriana,1042
censo_ind_inscripcion_cedulacion_1_2_mujeres_inscripcion_en_el_registro_civil_ecuatoriano_si_tenencia_de_cedula_de_ciudadania_o_identidad_ecuatoriana_numero_total_de_personas_inscritas_en_el_registro_civil_ecuatoriano,inscripcion_cedulacion,1.2,"Población por inscripción en registro civil ecuatoriano y tenencia de número de cédula de ciudadanía o identidad ecuatoriana, según, provincia, cantón, parroquia de residencia y sexo al nacer",Mujeres,,Inscripción en el registro civil ecuatoriano | Si | Tenencia de cédula de ciudadanía o identidad ecuatoriana | Número total de personas inscritas en el registro civil ecuatoriano,1042
censo_ind_inscripcion_cedulacion_1_2_mujeres_numero_total_de_personas,inscripcion_cedulacion,1.2,"Población por inscripción en registro civil ecuatoriano y tenencia de número de cédula de ciudadanía o identidad ecuatoriana, según, provincia, cantón, parroquia de residencia y sexo al nacer",Mujeres,,Número total de personas,1042
censo_ind_inscripcion_cedulacion_1_2_total_geografia_inscripcion_en_el_registro_civil_ecuatoriano_no_tenencia_de_cedula_de_ciudadania_o_identidad_ecuatoriana_numero_total_de_personas_no_inscritas_en_el_registro_civil_ecuatoriano,inscripcion_cedulacion,1.2,"Población por inscripción en registro civil ecuatoriano y tenencia de número de cédula de ciudadanía o identidad ecuatoriana, según, provincia, cantón, parroquia de residencia y sexo al nacer",Total 10 de Agosto,,Inscripción en el registro civil ecuatoriano | No | Tenencia de cédula de ciudadanía o identidad ecuatoriana | Número total de personas no inscritas en el registro civil ecuatoriano,1042
censo_ind_inscripcion_cedulacion_1_2_total_geografia_inscripcion_en_el_registro_civil_ecuatoriano_si_tenencia_de_cedula_de_ciudadania_o_identidad_ecuatoriana,inscripcion_cedulacion,1.2,"Población por inscripción en registro civil ecuatoriano y tenencia de número de cédula de ciudadanía o identidad ecuatoriana, según, provincia, cantón, parroquia de residencia y sexo al nacer",Total 10 de Agosto,,Inscripción en el registro civil ecuatoriano | Si | Tenencia de cédula de ciudadanía o identidad ecuatoriana,1042
censo_ind_inscripcion_cedulacion_1_2_total_geografia_inscripcion_en_el_registro_civil_ecuatoriano_si_tenencia_de_cedula_de_ciudadania_o_identidad_ecuatoriana_numero_total_de_personas_inscritas_en_el_registro_civil_ecuatoriano,inscripcion_cedulacion,1.2,"Población por inscripción en registro civil ecuatoriano y tenencia de número de cédula de ciudadanía o identidad ecuatoriana, según, provincia, cantón, parroquia de residencia y sexo al nacer",Total 10 de Agosto,,Inscripción en el registro civil ecuatoriano | Si | Tenencia de cédula de ciudadanía o identidad ecuatoriana | Número total de personas inscritas en el registro civil ecuatoriano,1042
censo_ind_inscripcion_cedulacion_1_2_total_geografia_numero_total_de_personas,inscripcion_cedulacion,1.2,"Población por inscripción en registro civil ecuatoriano y tenencia de número de cédula de ciudadanía o identidad ecuatoriana, según, provincia, cantón, parroquia de residencia y sexo al nacer",Total 10 de Agosto,,Número total de personas,1042
censo_ind_mascotas_sin_numero_numero_de_perros_y_o_gatos_gatos,mascotas,,"Total de mascotas, perros y gatos, según provincia, cantón y parroquia de residencia",,,Número de perros y/o gatos | Gatos,1042
censo_ind_mascotas_sin_numero_numero_de_perros_y_o_gatos_perros,mascotas,,"Total de mascotas, perros y gatos, según provincia, cantón y parroquia de residencia",,,Número de perros y/o gatos | Perros,1042
censo_ind_mascotas_sin_numero_numero_total_de_hogares,mascotas,,"Hogares por tenencia de mascotas (perros y/o gatos), según provincia, cantón y parroquia de residencia",,,Número total de hogares,1042
censo_ind_mascotas_sin_numero_numero_total_de_mascotas_perros_y_o_gatos,mascotas,,"Total de mascotas, perros y gatos, según provincia, cantón y parroquia de residencia",,,Número total de mascotas (perros y/o gatos),1042
censo_ind_mascotas_sin_numero_tenencia_de_gatos_no_numero_de_gatos_por_hogar_numero_total_de_hogares_que_tienen_gatos,mascotas,,"Hogares por tenencia y número de gatos por hogar, según provincia, cantón y parroquia de residencia",,,Tenencia de gatos | No | Número de gatos por hogar | Número total de hogares que tienen gatos,1042
censo_ind_mascotas_sin_numero_tenencia_de_gatos_si_numero_de_gatos_por_hogar_1_gato,mascotas,,"Hogares por tenencia y número de gatos por hogar, según provincia, cantón y parroquia de residencia",,,Tenencia de gatos | Si | Número de gatos por hogar | 1 gato,1042
censo_ind_mascotas_sin_numero_tenencia_de_gatos_si_numero_de_gatos_por_hogar_2_gatos,mascotas,,"Hogares por tenencia y número de gatos por hogar, según provincia, cantón y parroquia de residencia",,,Tenencia de gatos | Si | Número de gatos por hogar | 2 gatos,1040
censo_ind_mascotas_sin_numero_tenencia_de_gatos_si_numero_de_gatos_por_hogar_3_gatos,mascotas,,"Hogares por tenencia y número de gatos por hogar, según provincia, cantón y parroquia de residencia",,,Tenencia de gatos | Si | Número de gatos por hogar | 3 gatos,1021
censo_ind_mascotas_sin_numero_tenencia_de_gatos_si_numero_de_gatos_por_hogar_4_gatos,mascotas,,"Hogares por tenencia y número de gatos por hogar, según provincia, cantón y parroquia de residencia",,,Tenencia de gatos | Si | Número de gatos por hogar | 4 gatos,996
censo_ind_mascotas_sin_numero_tenencia_de_gatos_si_numero_de_gatos_por_hogar_5_gatos_o_mas,mascotas,,"Hogares por tenencia y número de gatos por hogar, según provincia, cantón y parroquia de residencia",,,Tenencia de gatos | Si | Número de gatos por hogar | 5 gatos o más,998
censo_ind_mascotas_sin_numero_tenencia_de_gatos_si_numero_de_gatos_por_hogar_numero_total_de_hogares_que_tienen_gatos,mascotas,,"Hogares por tenencia y número de gatos por hogar, según provincia, cantón y parroquia de residencia",,,Tenencia de gatos | Si | Número de gatos por hogar | Número total de hogares que tienen gatos,1042
censo_ind_mascotas_sin_numero_tenencia_de_mascotas_no_tiene_perros_ni_gatos,mascotas,,"Hogares por tenencia de mascotas (perros y/o gatos), según provincia, cantón y parroquia de residencia",,,Tenencia de mascotas | No tiene perros ni gatos,1042
censo_ind_mascotas_sin_numero_tenencia_de_mascotas_solo_gatos,mascotas,,"Hogares por tenencia de mascotas (perros y/o gatos), según provincia, cantón y parroquia de residencia",,,Tenencia de mascotas | Solo gatos,1037
censo_ind_mascotas_sin_numero_tenencia_de_mascotas_solo_perros,mascotas,,"Hogares por tenencia de mascotas (perros y/o gatos), según provincia, cantón y parroquia de residencia",,,Tenencia de mascotas | Solo perros,1042
censo_ind_mascotas_sin_numero_tenencia_de_mascotas_tiene_perros_y_gatos,mascotas,,"Hogares por tenencia de mascotas (perros y/o gatos), según provincia, cantón y parroquia de residencia",,,Tenencia de mascotas | Tiene perros y gatos,1042
censo_ind_mascotas_sin_numero_tenencia_de_perros_no_numero_de_perros_por_hogar_numero_total_de_hogares_que_tienen_perros,mascotas,,"Hogares por tenencia y número de perros por hogar, según provincia, cantón y parroquia de residencia",,,Tenencia de perros | No | Número de perros por hogar | Número total de hogares que tienen perros,1042
censo_ind_mascotas_sin_numero_tenencia_de_perros_si_numero_de_perros_por_hogar_1_perro,mascotas,,"Hogares por tenencia y número de perros por hogar, según provincia, cantón y parroquia de residencia",,,Tenencia de perros | Si | Número de perros por hogar | 1 perro,1042
censo_ind_mascotas_sin_numero_tenencia_de_perros_si_numero_de_perros_por_hogar_2_perros,mascotas,,"Hogares por tenencia y número de perros por hogar, según provincia, cantón y parroquia de residencia",,,Tenencia de perros | Si | Número de perros por hogar | 2 perros,1041
censo_ind_mascotas_sin_numero_tenencia_de_perros_si_numero_de_perros_por_hogar_3_perros,mascotas,,"Hogares por tenencia y número de perros por hogar, según provincia, cantón y parroquia de residencia",,,Tenencia de perros | Si | Número de perros por hogar | 3 perros,1042
censo_ind_mascotas_sin_numero_tenencia_de_perros_si_numero_de_perros_por_hogar_4_perros,mascotas,,"Hogares por tenencia y número de perros por hogar, según provincia, cantón y parroquia de residencia",,,Tenencia de perros | Si | Número de perros por hogar | 4 perros,1039
censo_ind_mascotas_sin_numero_tenencia_de_perros_si_numero_de_perros_por_hogar_5_perros_o_mas,mascotas,,"Hogares por tenencia y número de perros por hogar, según provincia, cantón y parroquia de residencia",,,Tenencia de perros | Si | Número de perros por hogar | 5 perros o más,1037
censo_ind_mascotas_sin_numero_tenencia_de_perros_si_numero_de_perros_por_hogar_numero_total_de_hogares_que_tienen_perros,mascotas,,"Hogares por tenencia y número de perros por hogar, según provincia, cantón y parroquia de residencia",,,Tenencia de perros | Si | Número de perros por hogar | Número total de hogares que tienen perros,1042
censo_ind_migracion_1_2_lugar_de_nacimiento_en_esta_cuidad_o_parroquia_rural_sexo_al_nacer_hombres,migracion,1.2,"Población por lugar de nacimiento y sexo al nacer, según provincia, cantón y parroquia de residencia",,,Lugar de nacimiento | En esta cuidad o parroquia rural | Sexo al nacer | Hombres,1042
censo_ind_migracion_1_2_lugar_de_nacimiento_en_esta_cuidad_o_parroquia_rural_sexo_al_nacer_mujeres,migracion,1.2,"Población por lugar de nacimiento y sexo al nacer, según provincia, cantón y parroquia de residencia",,,Lugar de nacimiento | En esta cuidad o parroquia rural | Sexo al nacer | Mujeres,1042
censo_ind_migracion_1_2_lugar_de_nacimiento_en_esta_cuidad_o_parroquia_rural_sexo_al_nacer_numero_total_de_personas_que_nacieron_en_esta_ciudad_o_parroquia_rural,migracion,1.2,"Población por lugar de nacimiento y sexo al nacer, según provincia, cantón y parroquia de residencia",,,Lugar de nacimiento | En esta cuidad o parroquia rural | Sexo al nacer | Número total de personas que nacieron en esta ciudad o parroquia rural,1042
censo_ind_migracion_1_2_lugar_de_nacimiento_en_otro_lugar_del_pais_sexo_al_nacer_hombres,migracion,1.2,"Población por lugar de nacimiento y sexo al nacer, según provincia, cantón y parroquia de residencia",,,Lugar de nacimiento | En otro lugar del país | Sexo al nacer | Hombres,1042
censo_ind_migracion_1_2_lugar_de_nacimiento_en_otro_lugar_del_pais_sexo_al_nacer_mujeres,migracion,1.2,"Población por lugar de nacimiento y sexo al nacer, según provincia, cantón y parroquia de residencia",,,Lugar de nacimiento | En otro lugar del país | Sexo al nacer | Mujeres,1042
censo_ind_migracion_1_2_lugar_de_nacimiento_en_otro_lugar_del_pais_sexo_al_nacer_numero_total_de_personas_que_nacieron_en_otro_lugar_del_pais,migracion,1.2,"Población por lugar de nacimiento y sexo al nacer, según provincia, cantón y parroquia de residencia",,,Lugar de nacimiento | En otro lugar del país | Sexo al nacer | Número total de personas que nacieron en otro lugar del país,1042
censo_ind_migracion_1_2_lugar_de_nacimiento_en_otro_pais_sexo_al_nacer_numero_total_de_personas_que_nacieron_en_otro_pais,migracion,1.2,"Población por lugar de nacimiento y sexo al nacer, según provincia, cantón y parroquia de residencia",,,Lugar de nacimiento | En otro país | Sexo al nacer | Número total de personas que nacieron en otro país,1042
censo_ind_migracion_1_2_numero_total_de_personas,migracion,1.2,"Población por lugar de nacimiento y sexo al nacer, según provincia, cantón y parroquia de residencia",,,Número total de personas,1042
censo_ind_migracion_3_2_lugar_de_residencia_hace_5_anos_en_esta_cuidad_o_parroquia_rural_sexo_al_nacer_hombres,migracion,3.2,"Población de 5 años o más por lugar de residencia 5 años antes del censo y sexo al nacer, según provincia, cantón y parroquia de residencia actual",,,Lugar de residencia hace 5 años | En esta cuidad o parroquia rural | Sexo al nacer | Hombres,1042
censo_ind_migracion_3_2_lugar_de_residencia_hace_5_anos_en_esta_cuidad_o_parroquia_rural_sexo_al_nacer_mujeres,migracion,3.2,"Población de 5 años o más por lugar de residencia 5 años antes del censo y sexo al nacer, según provincia, cantón y parroquia de residencia actual",,,Lugar de residencia hace 5 años | En esta cuidad o parroquia rural | Sexo al nacer | Mujeres,1042
censo_ind_migracion_3_2_lugar_de_residencia_hace_5_anos_en_esta_cuidad_o_parroquia_rural_sexo_al_nacer_numero_de_personas_de_5_anos_o_mas_que_residian_en_esta_ciudad_o_parroquia_rural_hace_5_anos,migracion,3.2,"Población de 5 años o más por lugar de residencia 5 años antes del censo y sexo al nacer, según provincia, cantón y parroquia de residencia actual",,,Lugar de residencia hace 5 años | En esta cuidad o parroquia rural | Sexo al nacer | Número de personas de 5 años o más que residían en esta ciudad o parroquia rural hace 5 años,1042
censo_ind_migracion_3_2_lugar_de_residencia_hace_5_anos_en_otro_lugar_del_pais_sexo_al_nacer_hombres,migracion,3.2,"Población de 5 años o más por lugar de residencia 5 años antes del censo y sexo al nacer, según provincia, cantón y parroquia de residencia actual",,,Lugar de residencia hace 5 años | En otro lugar del país | Sexo al nacer | Hombres,1037
censo_ind_migracion_3_2_lugar_de_residencia_hace_5_anos_en_otro_lugar_del_pais_sexo_al_nacer_mujeres,migracion,3.2,"Población de 5 años o más por lugar de residencia 5 años antes del censo y sexo al nacer, según provincia, cantón y parroquia de residencia actual",,,Lugar de residencia hace 5 años | En otro lugar del país | Sexo al nacer | Mujeres,1039
censo_ind_migracion_3_2_lugar_de_residencia_hace_5_anos_en_otro_lugar_del_pais_sexo_al_nacer_numero_de_personas_de_5_anos_o_mas_que_residian_en_otro_lugar_del_pais_hace_5_anos,migracion,3.2,"Población de 5 años o más por lugar de residencia 5 años antes del censo y sexo al nacer, según provincia, cantón y parroquia de residencia actual",,,Lugar de residencia hace 5 años | En otro lugar del país | Sexo al nacer | Número de personas de 5 años o más que residían en otro lugar del país hace 5 años,1042
censo_ind_migracion_3_2_lugar_de_residencia_hace_5_anos_en_otro_pais_sexo_al_nacer_numero_de_personas_de_5_anos_o_mas_que_residian_en_otro_pais_hace_5_anos,migracion,3.2,"Población de 5 años o más por lugar de residencia 5 años antes del censo y sexo al nacer, según provincia, cantón y parroquia de residencia actual",,,Lugar de residencia hace 5 años | En otro país | Sexo al nacer | Número de personas de 5 años o más que residían en otro país hace 5 años,1042
censo_ind_migracion_3_2_numero_de_personas_de_5_anos_o_mas_en_esta_cuidad_o_parroquia_rural,migracion,3.2,"Población de 5 años o más por lugar de residencia 5 años antes del censo y sexo al nacer, según provincia, cantón y parroquia de residencia actual",,,Número de personas de 5 años o más | En esta cuidad o parroquia rural,1042
censo_ind_pobreza_nbi_10_2_rural_condicion_de_pobreza_por_necesidades_basicas_insatisfechas_nbi_no_pobres,pobreza_nbi,10.2,"Hogares por  composición del NBI según provincia, cantón, parroquia y área de residencia",Rural,,Condición de Pobreza por Necesidades Básicas Insatisfechas NBI | No pobres,1026
censo_ind_pobreza_nbi_10_2_rural_condicion_de_pobreza_por_necesidades_basicas_insatisfechas_nbi_pobres_composicion_de_la_pobreza_por_nbi_pobre_por_carencia_en_dos_o_mas_componentes,pobreza_nbi,10.2,"Hogares por  composición del NBI según provincia, cantón, parroquia y área de residencia",Rural,,Condición de Pobreza por Necesidades Básicas Insatisfechas NBI | Pobres | Composición de la pobreza por NBI | Pobre por carencia en dos o más componentes,1037
censo_ind_pobreza_nbi_10_2_rural_condicion_de_pobreza_por_necesidades_basicas_insatisfechas_nbi_pobres_composicion_de_la_pobreza_por_nbi_pobre_solo_por_no_disponibilidad_de_servicios_basicos_de_la_vivienda,pobreza_nbi,10.2,"Hogares por  composición del NBI según provincia, cantón, parroquia y área de residencia",Rural,,Condición de Pobreza por Necesidades Básicas Insatisfechas NBI | Pobres | Composición de la pobreza por NBI | Pobre solo por no disponibilidad de servicios básicos de la vivienda,1039
censo_ind_pobreza_nbi_10_2_rural_numero_total_de_hogares,pobreza_nbi,10.2,"Hogares por  composición del NBI según provincia, cantón, parroquia y área de residencia",Rural,,Número total de hogares,1039
censo_ind_pobreza_nbi_10_2_total_geografia_condicion_de_pobreza_por_necesidades_basicas_insatisfechas_nbi_no_pobres,pobreza_nbi,10.2,"Hogares por  composición del NBI según provincia, cantón, parroquia y área de residencia",Total 10 de Agosto,,Condición de Pobreza por Necesidades Básicas Insatisfechas NBI | No pobres,1031
censo_ind_pobreza_nbi_10_2_total_geografia_condicion_de_pobreza_por_necesidades_basicas_insatisfechas_nbi_pobres_composicion_de_la_pobreza_por_nbi_pobre_por_carencia_en_dos_o_mas_componentes,pobreza_nbi,10.2,"Hogares por  composición del NBI según provincia, cantón, parroquia y área de residencia",Total 10 de Agosto,,Condición de Pobreza por Necesidades Básicas Insatisfechas NBI | Pobres | Composición de la pobreza por NBI | Pobre por carencia en dos o más componentes,1041
censo_ind_pobreza_nbi_10_2_total_geografia_condicion_de_pobreza_por_necesidades_basicas_insatisfechas_nbi_pobres_composicion_de_la_pobreza_por_nbi_pobre_solo_por_no_disponibilidad_de_servicios_basicos_de_la_vivienda,pobreza_nbi,10.2,"Hogares por  composición del NBI según provincia, cantón, parroquia y área de residencia",Total 10 de Agosto,,Condición de Pobreza por Necesidades Básicas Insatisfechas NBI | Pobres | Composición de la pobreza por NBI | Pobre solo por no disponibilidad de servicios básicos de la vivienda,1042
censo_ind_pobreza_nbi_10_2_total_geografia_numero_total_de_hogares,pobreza_nbi,10.2,"Hogares por  composición del NBI según provincia, cantón, parroquia y área de residencia",Total 10 de Agosto,,Número total de hogares,1042
censo_ind_pobreza_nbi_1_2_rural_condicion_de_pobreza_por_necesidades_basicas_insatisfechas_nbi_no_pobres_sexo_al_nacer_hombres,pobreza_nbi,1.2,"Población en viviendas particulares por condición de pobreza por NBI y sexo al nacer, según provincia, cantón, parroquia y área de residencia",Rural,,Condición de Pobreza por Necesidades Básicas Insatisfechas NBI | No pobres | Sexo al nacer | Hombres,1025
censo_ind_pobreza_nbi_1_2_rural_condicion_de_pobreza_por_necesidades_basicas_insatisfechas_nbi_no_pobres_sexo_al_nacer_mujeres,pobreza_nbi,1.2,"Población en viviendas particulares por condición de pobreza por NBI y sexo al nacer, según provincia, cantón, parroquia y área de residencia",Rural,,Condición de Pobreza por Necesidades Básicas Insatisfechas NBI | No pobres | Sexo al nacer | Mujeres,1026
censo_ind_pobreza_nbi_1_2_rural_condicion_de_pobreza_por_necesidades_basicas_insatisfechas_nbi_pobres_sexo_al_nacer_hombres,pobreza_nbi,1.2,"Población en viviendas particulares por condición de pobreza por NBI y sexo al nacer, según provincia, cantón, parroquia y área de residencia",Rural,,Condición de Pobreza por Necesidades Básicas Insatisfechas NBI | Pobres | Sexo al nacer | Hombres,1039
censo_ind_pobreza_nbi_1_2_rural_condicion_de_pobreza_por_necesidades_basicas_insatisfechas_nbi_pobres_sexo_al_nacer_mujeres,pobreza_nbi,1.2,"Población en viviendas particulares por condición de pobreza por NBI y sexo al nacer, según provincia, cantón, parroquia y área de residencia",Rural,,Condición de Pobreza por Necesidades Básicas Insatisfechas NBI | Pobres | Sexo al nacer | Mujeres,1039
censo_ind_pobreza_nbi_1_2_rural_condicion_de_pobreza_por_necesidades_basicas_insatisfechas_nbi_total_no_pobres_sexo_al_nacer_mujeres,pobreza_nbi,1.2,"Población en viviendas particulares por condición de pobreza por NBI y sexo al nacer, según provincia, cantón, parroquia y área de residencia",Rural,,"Condición de Pobreza por Necesidades Básicas Insatisfechas NBI | Total
No pobres | Sexo al nacer | Mujeres",1039
censo_ind_pobreza_nbi_1_2_rural_condicion_de_pobreza_por_necesidades_basicas_insatisfechas_nbi_total_pobres_sexo_al_nacer_mujeres,pobreza_nbi,1.2,"Población en viviendas particulares por condición de pobreza por NBI y sexo al nacer, según provincia, cantón, parroquia y área de residencia",Rural,,"Condición de Pobreza por Necesidades Básicas Insatisfechas NBI | Total
Pobres | Sexo al nacer | Mujeres",1039
censo_ind_pobreza_nbi_1_2_rural_numero_total_de_personas_en_viviendas_particulares,pobreza_nbi,1.2,"Población en viviendas particulares por condición de pobreza por NBI y sexo al nacer, según provincia, cantón, parroquia y área de residencia",Rural,,Número total de personas en viviendas particulares,1039
censo_ind_pobreza_nbi_1_2_total_geografia_condicion_de_pobreza_por_necesidades_basicas_insatisfechas_nbi_no_pobres_sexo_al_nacer_hombres,pobreza_nbi,1.2,"Población en viviendas particulares por condición de pobreza por NBI y sexo al nacer, según provincia, cantón, parroquia y área de residencia",Total 10 de Agosto,,Condición de Pobreza por Necesidades Básicas Insatisfechas NBI | No pobres | Sexo al nacer | Hombres,1030
censo_ind_pobreza_nbi_1_2_total_geografia_condicion_de_pobreza_por_necesidades_basicas_insatisfechas_nbi_no_pobres_sexo_al_nacer_mujeres,pobreza_nbi,1.2,"Población en viviendas particulares por condición de pobreza por NBI y sexo al nacer, según provincia, cantón, parroquia y área de residencia",Total 10 de Agosto,,Condición de Pobreza por Necesidades Básicas Insatisfechas NBI | No pobres | Sexo al nacer | Mujeres,1031
censo_ind_pobreza_nbi_1_2_total_geografia_condicion_de_pobreza_por_necesidades_basicas_insatisfechas_nbi_pobres_sexo_al_nacer_hombres,pobreza_nbi,1.2,"Población en viviendas particulares por condición de pobreza por NBI y sexo al nacer, según provincia, cantón, parroquia y área de residencia",Total 10 de Agosto,,Condición de Pobreza por Necesidades Básicas Insatisfechas NBI | Pobres | Sexo al nacer | Hombres,1042
censo_ind_pobreza_nbi_1_2_total_geografia_condicion_de_pobreza_por_necesidades_basicas_insatisfechas_nbi_pobres_sexo_al_nacer_mujeres,pobreza_nbi,1.2,"Población en viviendas particulares por condición de pobreza por NBI y sexo al nacer, según provincia, cantón, parroquia y área de residencia",Total 10 de Agosto,,Condición de Pobreza por Necesidades Básicas Insatisfechas NBI | Pobres | Sexo al nacer | Mujeres,1042
censo_ind_pobreza_nbi_1_2_total_geografia_condicion_de_pobreza_por_necesidades_basicas_insatisfechas_nbi_total_no_pobres_sexo_al_nacer_mujeres,pobreza_nbi,1.2,"Población en viviendas particulares por condición de pobreza por NBI y sexo al nacer, según provincia, cantón, parroquia y área de residencia",Total 10 de Agosto,,"Condición de Pobreza por Necesidades Básicas Insatisfechas NBI | Total
No pobres | Sexo al nacer | Mujeres",1042
censo_ind_pobreza_nbi_1_2_total_geografia_condicion_de_pobreza_por_necesidades_basicas_insatisfechas_nbi_total_pobres_sexo_al_nacer_mujeres,pobreza_nbi,1.2,"Población en viviendas particulares por condición de pobreza por NBI y sexo al nacer, según provincia, cantón, parroquia y área de residencia",Total 10 de Agosto,,"Condición de Pobreza por Necesidades Básicas Insatisfechas NBI | Total
Pobres | Sexo al nacer | Mujeres",1042
censo_ind_pobreza_nbi_1_2_total_geografia_numero_total_de_personas_en_viviendas_particulares,pobreza_nbi,1.2,"Población en viviendas particulares por condición de pobreza por NBI y sexo al nacer, según provincia, cantón, parroquia y área de residencia",Total 10 de Agosto,,Número total de personas en viviendas particulares,1042
censo_ind_pobreza_nbi_2_2_mestiza_o_condicion_de_pobreza_por_necesidades_basicas_insatisfechas_nbi_no_pobres_sexo_al_nacer_hombres,pobreza_nbi,2.2,"Población en viviendas particulares por condición de pobreza por NBI y sexo al nacer, según provincia, cantón, parroquia y autoidentificación étnica",Mestiza/o,,Condición de Pobreza por Necesidades Básicas Insatisfechas NBI | No pobres | Sexo al nacer | Hombres,1006
censo_ind_pobreza_nbi_2_2_mestiza_o_condicion_de_pobreza_por_necesidades_basicas_insatisfechas_nbi_no_pobres_sexo_al_nacer_mujeres,pobreza_nbi,2.2,"Población en viviendas particulares por condición de pobreza por NBI y sexo al nacer, según provincia, cantón, parroquia y autoidentificación étnica",Mestiza/o,,Condición de Pobreza por Necesidades Básicas Insatisfechas NBI | No pobres | Sexo al nacer | Mujeres,1004
censo_ind_pobreza_nbi_2_2_mestiza_o_condicion_de_pobreza_por_necesidades_basicas_insatisfechas_nbi_pobres_sexo_al_nacer_hombres,pobreza_nbi,2.2,"Población en viviendas particulares por condición de pobreza por NBI y sexo al nacer, según provincia, cantón, parroquia y autoidentificación étnica",Mestiza/o,,Condición de Pobreza por Necesidades Básicas Insatisfechas NBI | Pobres | Sexo al nacer | Hombres,1030
censo_ind_pobreza_nbi_2_2_mestiza_o_condicion_de_pobreza_por_necesidades_basicas_insatisfechas_nbi_pobres_sexo_al_nacer_mujeres,pobreza_nbi,2.2,"Población en viviendas particulares por condición de pobreza por NBI y sexo al nacer, según provincia, cantón, parroquia y autoidentificación étnica",Mestiza/o,,Condición de Pobreza por Necesidades Básicas Insatisfechas NBI | Pobres | Sexo al nacer | Mujeres,1027
censo_ind_pobreza_nbi_2_2_mestiza_o_numero_total_de_personas_en_viviendas_particulares,pobreza_nbi,2.2,"Población en viviendas particulares por condición de pobreza por NBI y sexo al nacer, según provincia, cantón, parroquia y autoidentificación étnica",Mestiza/o,,Número total de personas en viviendas particulares,1035
censo_ind_pobreza_nbi_2_2_total_geografia_condicion_de_pobreza_por_necesidades_basicas_insatisfechas_nbi_no_pobres_sexo_al_nacer_hombres,pobreza_nbi,2.2,"Población en viviendas particulares por condición de pobreza por NBI y sexo al nacer, según provincia, cantón, parroquia y autoidentificación étnica",Total 10 de Agosto,,Condición de Pobreza por Necesidades Básicas Insatisfechas NBI | No pobres | Sexo al nacer | Hombres,1030
censo_ind_pobreza_nbi_2_2_total_geografia_condicion_de_pobreza_por_necesidades_basicas_insatisfechas_nbi_no_pobres_sexo_al_nacer_mujeres,pobreza_nbi,2.2,"Población en viviendas particulares por condición de pobreza por NBI y sexo al nacer, según provincia, cantón, parroquia y autoidentificación étnica",Total 10 de Agosto,,Condición de Pobreza por Necesidades Básicas Insatisfechas NBI | No pobres | Sexo al nacer | Mujeres,1031
censo_ind_pobreza_nbi_2_2_total_geografia_condicion_de_pobreza_por_necesidades_basicas_insatisfechas_nbi_pobres_sexo_al_nacer_hombres,pobreza_nbi,2.2,"Población en viviendas particulares por condición de pobreza por NBI y sexo al nacer, según provincia, cantón, parroquia y autoidentificación étnica",Total 10 de Agosto,,Condición de Pobreza por Necesidades Básicas Insatisfechas NBI | Pobres | Sexo al nacer | Hombres,1042
censo_ind_pobreza_nbi_2_2_total_geografia_condicion_de_pobreza_por_necesidades_basicas_insatisfechas_nbi_pobres_sexo_al_nacer_mujeres,pobreza_nbi,2.2,"Población en viviendas particulares por condición de pobreza por NBI y sexo al nacer, según provincia, cantón, parroquia y autoidentificación étnica",Total 10 de Agosto,,Condición de Pobreza por Necesidades Básicas Insatisfechas NBI | Pobres | Sexo al nacer | Mujeres,1042
censo_ind_pobreza_nbi_2_2_total_geografia_numero_total_de_personas_en_viviendas_particulares,pobreza_nbi,2.2,"Población en viviendas particulares por condición de pobreza por NBI y sexo al nacer, según provincia, cantón, parroquia y autoidentificación étnica",Total 10 de Agosto,,Número total de personas en viviendas particulares,1042
censo_ind_pobreza_nbi_3_2_85_o_mas_condicion_de_pobreza_por_necesidades_basicas_insatisfechas_nbi_pobres_sexo_al_nacer_hombres,pobreza_nbi,3.2,"Población en viviendas particulares por condición de pobreza por NBI y sexo al nacer, según provincia, cantón, parroquia de residencia y grupos quinquenales de edad",85 o más,,Condición de Pobreza por Necesidades Básicas Insatisfechas NBI | Pobres | Sexo al nacer | Hombres,1016
censo_ind_pobreza_nbi_3_2_85_o_mas_condicion_de_pobreza_por_necesidades_basicas_insatisfechas_nbi_pobres_sexo_al_nacer_mujeres,pobreza_nbi,3.2,"Población en viviendas particulares por condición de pobreza por NBI y sexo al nacer, según provincia, cantón, parroquia de residencia y grupos quinquenales de edad",85 o más,,Condición de Pobreza por Necesidades Básicas Insatisfechas NBI | Pobres | Sexo al nacer | Mujeres,1009
censo_ind_pobreza_nbi_3_2_85_o_mas_numero_total_de_personas_en_viviendas_particulares,pobreza_nbi,3.2,"Población en viviendas particulares por condición de pobreza por NBI y sexo al nacer, según provincia, cantón, parroquia de residencia y grupos quinquenales de edad",85 o más,,Número total de personas en viviendas particulares,1034
censo_ind_pobreza_nbi_3_2_de_0_4_condicion_de_pobreza_por_necesidades_basicas_insatisfechas_nbi_no_pobres_sexo_al_nacer_hombres,pobreza_nbi,3.2,"Población en viviendas particulares por condición de pobreza por NBI y sexo al nacer, según provincia, cantón, parroquia de residencia y grupos quinquenales de edad",De 0-4,,Condición de Pobreza por Necesidades Básicas Insatisfechas NBI | No pobres | Sexo al nacer | Hombres,1006
censo_ind_pobreza_nbi_3_2_de_0_4_condicion_de_pobreza_por_necesidades_basicas_insatisfechas_nbi_no_pobres_sexo_al_nacer_mujeres,pobreza_nbi,3.2,"Población en viviendas particulares por condición de pobreza por NBI y sexo al nacer, según provincia, cantón, parroquia de residencia y grupos quinquenales de edad",De 0-4,,Condición de Pobreza por Necesidades Básicas Insatisfechas NBI | No pobres | Sexo al nacer | Mujeres,1000
censo_ind_pobreza_nbi_3_2_de_0_4_condicion_de_pobreza_por_necesidades_basicas_insatisfechas_nbi_pobres_sexo_al_nacer_hombres,pobreza_nbi,3.2,"Población en viviendas particulares por condición de pobreza por NBI y sexo al nacer, según provincia, cantón, parroquia de residencia y grupos quinquenales de edad",De 0-4,,Condición de Pobreza por Necesidades Básicas Insatisfechas NBI | Pobres | Sexo al nacer | Hombres,1040
censo_ind_pobreza_nbi_3_2_de_0_4_condicion_de_pobreza_por_necesidades_basicas_insatisfechas_nbi_pobres_sexo_al_nacer_mujeres,pobreza_nbi,3.2,"Población en viviendas particulares por condición de pobreza por NBI y sexo al nacer, según provincia, cantón, parroquia de residencia y grupos quinquenales de edad",De 0-4,,Condición de Pobreza por Necesidades Básicas Insatisfechas NBI | Pobres | Sexo al nacer | Mujeres,1040
censo_ind_pobreza_nbi_3_2_de_0_4_numero_total_de_personas_en_viviendas_particulares,pobreza_nbi,3.2,"Población en viviendas particulares por condición de pobreza por NBI y sexo al nacer, según provincia, cantón, parroquia de residencia y grupos quinquenales de edad",De 0-4,,Número total de personas en viviendas particulares,1042
censo_ind_pobreza_nbi_3_2_de_10_14_condicion_de_pobreza_por_necesidades_basicas_insatisfechas_nbi_no_pobres_sexo_al_nacer_hombres,pobreza_nbi,3.2,"Población en viviendas particulares por condición de pobreza por NBI y sexo al nacer, según provincia, cantón, parroquia de residencia y grupos quinquenales de edad",De 10-14,,Condición de Pobreza por Necesidades Básicas Insatisfechas NBI | No pobres | Sexo al nacer | Hombres,1004
censo_ind_pobreza_nbi_3_2_de_10_14_condicion_de_pobreza_por_necesidades_basicas_insatisfechas_nbi_no_pobres_sexo_al_nacer_mujeres,pobreza_nbi,3.2,"Población en viviendas particulares por condición de pobreza por NBI y sexo al nacer, según provincia, cantón, parroquia de residencia y grupos quinquenales de edad",De 10-14,,Condición de Pobreza por Necesidades Básicas Insatisfechas NBI | No pobres | Sexo al nacer | Mujeres,1010
censo_ind_pobreza_nbi_3_2_de_10_14_condicion_de_pobreza_por_necesidades_basicas_insatisfechas_nbi_pobres_sexo_al_nacer_hombres,pobreza_nbi,3.2,"Población en viviendas particulares por condición de pobreza por NBI y sexo al nacer, según provincia, cantón, parroquia de residencia y grupos quinquenales de edad",De 10-14,,Condición de Pobreza por Necesidades Básicas Insatisfechas NBI | Pobres | Sexo al nacer | Hombres,1041
censo_ind_pobreza_nbi_3_2_de_10_14_condicion_de_pobreza_por_necesidades_basicas_insatisfechas_nbi_pobres_sexo_al_nacer_mujeres,pobreza_nbi,3.2,"Población en viviendas particulares por condición de pobreza por NBI y sexo al nacer, según provincia, cantón, parroquia de residencia y grupos quinquenales de edad",De 10-14,,Condición de Pobreza por Necesidades Básicas Insatisfechas NBI | Pobres | Sexo al nacer | Mujeres,1042
censo_ind_pobreza_nbi_3_2_de_10_14_numero_total_de_personas_en_viviendas_particulares,pobreza_nbi,3.2,"Población en viviendas particulares por condición de pobreza por NBI y sexo al nacer, según provincia, cantón, parroquia de residencia y grupos quinquenales de edad",De 10-14,,Número total de personas en viviendas particulares,1042
censo_ind_pobreza_nbi_3_2_de_15_19_condicion_de_pobreza_por_necesidades_basicas_insatisfechas_nbi_no_pobres_sexo_al_nacer_hombres,pobreza_nbi,3.2,"Población en viviendas particulares por condición de pobreza por NBI y sexo al nacer, según provincia, cantón, parroquia de residencia y grupos quinquenales de edad",De 15-19,,Condición de Pobreza por Necesidades Básicas Insatisfechas NBI | No pobres | Sexo al nacer | Hombres,1010
censo_ind_pobreza_nbi_3_2_de_15_19_condicion_de_pobreza_por_necesidades_basicas_insatisfechas_nbi_no_pobres_sexo_al_nacer_mujeres,pobreza_nbi,3.2,"Población en viviendas particulares por condición de pobreza por NBI y sexo al nacer, según provincia, cantón, parroquia de residencia y grupos quinquenales de edad",De 15-19,,Condición de Pobreza por Necesidades Básicas Insatisfechas NBI | No pobres | Sexo al nacer | Mujeres,1007
censo_ind_pobreza_nbi_3_2_de_15_19_condicion_de_pobreza_por_necesidades_basicas_insatisfechas_nbi_pobres_sexo_al_nacer_hombres,pobreza_nbi,3.2,"Población en viviendas particulares por condición de pobreza por NBI y sexo al nacer, según provincia, cantón, parroquia de residencia y grupos quinquenales de edad",De 15-19,,Condición de Pobreza por Necesidades Básicas Insatisfechas NBI | Pobres | Sexo al nacer | Hombres,1042
censo_ind_pobreza_nbi_3_2_de_15_19_condicion_de_pobreza_por_necesidades_basicas_insatisfechas_nbi_pobres_sexo_al_nacer_mujeres,pobreza_nbi,3.2,"Población en viviendas particulares por condición de pobreza por NBI y sexo al nacer, según provincia, cantón, parroquia de residencia y grupos quinquenales de edad",De 15-19,,Condición de Pobreza por Necesidades Básicas Insatisfechas NBI | Pobres | Sexo al nacer | Mujeres,1040
censo_ind_pobreza_nbi_3_2_de_15_19_numero_total_de_personas_en_viviendas_particulares,pobreza_nbi,3.2,"Población en viviendas particulares por condición de pobreza por NBI y sexo al nacer, según provincia, cantón, parroquia de residencia y grupos quinquenales de edad",De 15-19,,Número total de personas en viviendas particulares,1042
censo_ind_pobreza_nbi_3_2_de_20_24_condicion_de_pobreza_por_necesidades_basicas_insatisfechas_nbi_no_pobres_sexo_al_nacer_hombres,pobreza_nbi,3.2,"Población en viviendas particulares por condición de pobreza por NBI y sexo al nacer, según provincia, cantón, parroquia de residencia y grupos quinquenales de edad",De 20-24,,Condición de Pobreza por Necesidades Básicas Insatisfechas NBI | No pobres | Sexo al nacer | Hombres,1010
censo_ind_pobreza_nbi_3_2_de_20_24_condicion_de_pobreza_por_necesidades_basicas_insatisfechas_nbi_no_pobres_sexo_al_nacer_mujeres,pobreza_nbi,3.2,"Población en viviendas particulares por condición de pobreza por NBI y sexo al nacer, según provincia, cantón, parroquia de residencia y grupos quinquenales de edad",De 20-24,,Condición de Pobreza por Necesidades Básicas Insatisfechas NBI | No pobres | Sexo al nacer | Mujeres,1007
censo_ind_pobreza_nbi_3_2_de_20_24_condicion_de_pobreza_por_necesidades_basicas_insatisfechas_nbi_pobres_sexo_al_nacer_hombres,pobreza_nbi,3.2,"Población en viviendas particulares por condición de pobreza por NBI y sexo al nacer, según provincia, cantón, parroquia de residencia y grupos quinquenales de edad",De 20-24,,Condición de Pobreza por Necesidades Básicas Insatisfechas NBI | Pobres | Sexo al nacer | Hombres,1042
censo_ind_pobreza_nbi_3_2_de_20_24_condicion_de_pobreza_por_necesidades_basicas_insatisfechas_nbi_pobres_sexo_al_nacer_mujeres,pobreza_nbi,3.2,"Población en viviendas particulares por condición de pobreza por NBI y sexo al nacer, según provincia, cantón, parroquia de residencia y grupos quinquenales de edad",De 20-24,,Condición de Pobreza por Necesidades Básicas Insatisfechas NBI | Pobres | Sexo al nacer | Mujeres,1042
censo_ind_pobreza_nbi_3_2_de_20_24_numero_total_de_personas_en_viviendas_particulares,pobreza_nbi,3.2,"Población en viviendas particulares por condición de pobreza por NBI y sexo al nacer, según provincia, cantón, parroquia de residencia y grupos quinquenales de edad",De 20-24,,Número total de personas en viviendas particulares,1042
censo_ind_pobreza_nbi_3_2_de_25_29_condicion_de_pobreza_por_necesidades_basicas_insatisfechas_nbi_no_pobres_sexo_al_nacer_hombres,pobreza_nbi,3.2,"Población en viviendas particulares por condición de pobreza por NBI y sexo al nacer, según provincia, cantón, parroquia de residencia y grupos quinquenales de edad",De 25-29,,Condición de Pobreza por Necesidades Básicas Insatisfechas NBI | No pobres | Sexo al nacer | Hombres,998
censo_ind_pobreza_nbi_3_2_de_25_29_condicion_de_pobreza_por_necesidades_basicas_insatisfechas_nbi_no_pobres_sexo_al_nacer_mujeres,pobreza_nbi,3.2,"Población en viviendas particulares por condición de pobreza por NBI y sexo al nacer, según provincia, cantón, parroquia de residencia y grupos quinquenales de edad",De 25-29,,Condición de Pobreza por Necesidades Básicas Insatisfechas NBI | No pobres | Sexo al nacer | Mujeres,1009
censo_ind_pobreza_nbi_3_2_de_25_29_condicion_de_pobreza_por_necesidades_basicas_insatisfechas_nbi_pobres_sexo_al_nacer_hombres,pobreza_nbi,3.2,"Población en viviendas particulares por condición de pobreza por NBI y sexo al nacer, según provincia, cantón, parroquia de residencia y grupos quinquenales de edad",De 25-29,,Condición de Pobreza por Necesidades Básicas Insatisfechas NBI | Pobres | Sexo al nacer | Hombres,1042
censo_ind_pobreza_nbi_3_2_de_25_29_condicion_de_pobreza_por_necesidades_basicas_insatisfechas_nbi_pobres_sexo_al_nacer_mujeres,pobreza_nbi,3.2,"Población en viviendas particulares por condición de pobreza por NBI y sexo al nacer, según provincia, cantón, parroquia de residencia y grupos quinquenales de edad",De 25-29,,Condición de Pobreza por Necesidades Básicas Insatisfechas NBI | Pobres | Sexo al nacer | Mujeres,1041
censo_ind_pobreza_nbi_3_2_de_25_29_numero_total_de_personas_en_viviendas_particulares,pobreza_nbi,3.2,"Población en viviendas particulares por condición de pobreza por NBI y sexo al nacer, según provincia, cantón, parroquia de residencia y grupos quinquenales de edad",De 25-29,,Número total de personas en viviendas particulares,1042
censo_ind_pobreza_nbi_3_2_de_30_34_condicion_de_pobreza_por_necesidades_basicas_insatisfechas_nbi_no_pobres_sexo_al_nacer_hombres,pobreza_nbi,3.2,"Población en viviendas particulares por condición de pobreza por NBI y sexo al nacer, según provincia, cantón, parroquia de residencia y grupos quinquenales de edad",De 30-34,,Condición de Pobreza por Necesidades Básicas Insatisfechas NBI | No pobres | Sexo al nacer | Hombres,1003
censo_ind_pobreza_nbi_3_2_de_30_34_condicion_de_pobreza_por_necesidades_basicas_insatisfechas_nbi_no_pobres_sexo_al_nacer_mujeres,pobreza_nbi,3.2,"Población en viviendas particulares por condición de pobreza por NBI y sexo al nacer, según provincia, cantón, parroquia de residencia y grupos quinquenales de edad",De 30-34,,Condición de Pobreza por Necesidades Básicas Insatisfechas NBI | No pobres | Sexo al nacer | Mujeres,1003
censo_ind_pobreza_nbi_3_2_de_30_34_condicion_de_pobreza_por_necesidades_basicas_insatisfechas_nbi_pobres_sexo_al_nacer_hombres,pobreza_nbi,3.2,"Población en viviendas particulares por condición de pobreza por NBI y sexo al nacer, según provincia, cantón, parroquia de residencia y grupos quinquenales de edad",De 30-34,,Condición de Pobreza por Necesidades Básicas Insatisfechas NBI | Pobres | Sexo al nacer | Hombres,1040
censo_ind_pobreza_nbi_3_2_de_30_34_condicion_de_pobreza_por_necesidades_basicas_insatisfechas_nbi_pobres_sexo_al_nacer_mujeres,pobreza_nbi,3.2,"Población en viviendas particulares por condición de pobreza por NBI y sexo al nacer, según provincia, cantón, parroquia de residencia y grupos quinquenales de edad",De 30-34,,Condición de Pobreza por Necesidades Básicas Insatisfechas NBI | Pobres | Sexo al nacer | Mujeres,1040
censo_ind_pobreza_nbi_3_2_de_30_34_numero_total_de_personas_en_viviendas_particulares,pobreza_nbi,3.2,"Población en viviendas particulares por condición de pobreza por NBI y sexo al nacer, según provincia, cantón, parroquia de residencia y grupos quinquenales de edad",De 30-34,,Número total de personas en viviendas particulares,1042
censo_ind_pobreza_nbi_3_2_de_35_39_condicion_de_pobreza_por_necesidades_basicas_insatisfechas_nbi_no_pobres_sexo_al_nacer_hombres,pobreza_nbi,3.2,"Población en viviendas particulares por condición de pobreza por NBI y sexo al nacer, según provincia, cantón, parroquia de residencia y grupos quinquenales de edad",De 35-39,,Condición de Pobreza por Necesidades Básicas Insatisfechas NBI | No pobres | Sexo al nacer | Hombres,1003
censo_ind_pobreza_nbi_3_2_de_35_39_condicion_de_pobreza_por_necesidades_basicas_insatisfechas_nbi_no_pobres_sexo_al_nacer_mujeres,pobreza_nbi,3.2,"Población en viviendas particulares por condición de pobreza por NBI y sexo al nacer, según provincia, cantón, parroquia de residencia y grupos quinquenales de edad",De 35-39,,Condición de Pobreza por Necesidades Básicas Insatisfechas NBI | No pobres | Sexo al nacer | Mujeres,1004
censo_ind_pobreza_nbi_3_2_de_35_39_condicion_de_pobreza_por_necesidades_basicas_insatisfechas_nbi_pobres_sexo_al_nacer_hombres,pobreza_nbi,3.2,"Población en viviendas particulares por condición de pobreza por NBI y sexo al nacer, según provincia, cantón, parroquia de residencia y grupos quinquenales de edad",De 35-39,,Condición de Pobreza por Necesidades Básicas Insatisfechas NBI | Pobres | Sexo al nacer | Hombres,1040
censo_ind_pobreza_nbi_3_2_de_35_39_condicion_de_pobreza_por_necesidades_basicas_insatisfechas_nbi_pobres_sexo_al_nacer_mujeres,pobreza_nbi,3.2,"Población en viviendas particulares por condición de pobreza por NBI y sexo al nacer, según provincia, cantón, parroquia de residencia y grupos quinquenales de edad",De 35-39,,Condición de Pobreza por Necesidades Básicas Insatisfechas NBI | Pobres | Sexo al nacer | Mujeres,1040
censo_ind_pobreza_nbi_3_2_de_35_39_numero_total_de_personas_en_viviendas_particulares,pobreza_nbi,3.2,"Población en viviendas particulares por condición de pobreza por NBI y sexo al nacer, según provincia, cantón, parroquia de residencia y grupos quinquenales de edad",De 35-39,,Número total de personas en viviendas particulares,1042
censo_ind_pobreza_nbi_3_2_de_40_44_condicion_de_pobreza_por_necesidades_basicas_insatisfechas_nbi_no_pobres_sexo_al_nacer_hombres,pobreza_nbi,3.2,"Población en viviendas particulares por condición de pobreza por NBI y sexo al nacer, según provincia, cantón, parroquia de residencia y grupos quinquenales de edad",De 40-44,,Condición de Pobreza por Necesidades Básicas Insatisfechas NBI | No pobres | Sexo al nacer | Hombres,997
censo_ind_pobreza_nbi_3_2_de_40_44_condicion_de_pobreza_por_necesidades_basicas_insatisfechas_nbi_no_pobres_sexo_al_nacer_mujeres,pobreza_nbi,3.2,"Población en viviendas particulares por condición de pobreza por NBI y sexo al nacer, según provincia, cantón, parroquia de residencia y grupos quinquenales de edad",De 40-44,,Condición de Pobreza por Necesidades Básicas Insatisfechas NBI | No pobres | Sexo al nacer | Mujeres,994
censo_ind_pobreza_nbi_3_2_de_40_44_condicion_de_pobreza_por_necesidades_basicas_insatisfechas_nbi_pobres_sexo_al_nacer_hombres,pobreza_nbi,3.2,"Población en viviendas particulares por condición de pobreza por NBI y sexo al nacer, según provincia, cantón, parroquia de residencia y grupos quinquenales de edad",De 40-44,,Condición de Pobreza por Necesidades Básicas Insatisfechas NBI | Pobres | Sexo al nacer | Hombres,1040
censo_ind_pobreza_nbi_3_2_de_40_44_condicion_de_pobreza_por_necesidades_basicas_insatisfechas_nbi_pobres_sexo_al_nacer_mujeres,pobreza_nbi,3.2,"Población en viviendas particulares por condición de pobreza por NBI y sexo al nacer, según provincia, cantón, parroquia de residencia y grupos quinquenales de edad",De 40-44,,Condición de Pobreza por Necesidades Básicas Insatisfechas NBI | Pobres | Sexo al nacer | Mujeres,1041
censo_ind_pobreza_nbi_3_2_de_40_44_numero_total_de_personas_en_viviendas_particulares,pobreza_nbi,3.2,"Población en viviendas particulares por condición de pobreza por NBI y sexo al nacer, según provincia, cantón, parroquia de residencia y grupos quinquenales de edad",De 40-44,,Número total de personas en viviendas particulares,1042
censo_ind_pobreza_nbi_3_2_de_45_49_condicion_de_pobreza_por_necesidades_basicas_insatisfechas_nbi_no_pobres_sexo_al_nacer_hombres,pobreza_nbi,3.2,"Población en viviendas particulares por condición de pobreza por NBI y sexo al nacer, según provincia, cantón, parroquia de residencia y grupos quinquenales de edad",De 45-49,,Condición de Pobreza por Necesidades Básicas Insatisfechas NBI | No pobres | Sexo al nacer | Hombres,996
censo_ind_pobreza_nbi_3_2_de_45_49_condicion_de_pobreza_por_necesidades_basicas_insatisfechas_nbi_no_pobres_sexo_al_nacer_mujeres,pobreza_nbi,3.2,"Población en viviendas particulares por condición de pobreza por NBI y sexo al nacer, según provincia, cantón, parroquia de residencia y grupos quinquenales de edad",De 45-49,,Condición de Pobreza por Necesidades Básicas Insatisfechas NBI | No pobres | Sexo al nacer | Mujeres,1002
censo_ind_pobreza_nbi_3_2_de_45_49_condicion_de_pobreza_por_necesidades_basicas_insatisfechas_nbi_pobres_sexo_al_nacer_hombres,pobreza_nbi,3.2,"Población en viviendas particulares por condición de pobreza por NBI y sexo al nacer, según provincia, cantón, parroquia de residencia y grupos quinquenales de edad",De 45-49,,Condición de Pobreza por Necesidades Básicas Insatisfechas NBI | Pobres | Sexo al nacer | Hombres,1039
censo_ind_pobreza_nbi_3_2_de_45_49_condicion_de_pobreza_por_necesidades_basicas_insatisfechas_nbi_pobres_sexo_al_nacer_mujeres,pobreza_nbi,3.2,"Población en viviendas particulares por condición de pobreza por NBI y sexo al nacer, según provincia, cantón, parroquia de residencia y grupos quinquenales de edad",De 45-49,,Condición de Pobreza por Necesidades Básicas Insatisfechas NBI | Pobres | Sexo al nacer | Mujeres,1040
censo_ind_pobreza_nbi_3_2_de_45_49_numero_total_de_personas_en_viviendas_particulares,pobreza_nbi,3.2,"Población en viviendas particulares por condición de pobreza por NBI y sexo al nacer, según provincia, cantón, parroquia de residencia y grupos quinquenales de edad",De 45-49,,Número total de personas en viviendas particulares,1042
censo_ind_pobreza_nbi_3_2_de_50_54_condicion_de_pobreza_por_necesidades_basicas_insatisfechas_nbi_no_pobres_sexo_al_nacer_hombres,pobreza_nbi,3.2,"Población en viviendas particulares por condición de pobreza por NBI y sexo al nacer, según provincia, cantón, parroquia de residencia y grupos quinquenales de edad",De 50-54,,Condición de Pobreza por Necesidades Básicas Insatisfechas NBI | No pobres | Sexo al nacer | Hombres,994
censo_ind_pobreza_nbi_3_2_de_50_54_condicion_de_pobreza_por_necesidades_basicas_insatisfechas_nbi_no_pobres_sexo_al_nacer_mujeres,pobreza_nbi,3.2,"Población en viviendas particulares por condición de pobreza por NBI y sexo al nacer, según provincia, cantón, parroquia de residencia y grupos quinquenales de edad",De 50-54,,Condición de Pobreza por Necesidades Básicas Insatisfechas NBI | No pobres | Sexo al nacer | Mujeres,994
censo_ind_pobreza_nbi_3_2_de_50_54_condicion_de_pobreza_por_necesidades_basicas_insatisfechas_nbi_pobres_sexo_al_nacer_hombres,pobreza_nbi,3.2,"Población en viviendas particulares por condición de pobreza por NBI y sexo al nacer, según provincia, cantón, parroquia de residencia y grupos quinquenales de edad",De 50-54,,Condición de Pobreza por Necesidades Básicas Insatisfechas NBI | Pobres | Sexo al nacer | Hombres,1041
censo_ind_pobreza_nbi_3_2_de_50_54_condicion_de_pobreza_por_necesidades_basicas_insatisfechas_nbi_pobres_sexo_al_nacer_mujeres,pobreza_nbi,3.2,"Población en viviendas particulares por condición de pobreza por NBI y sexo al nacer, según provincia, cantón, parroquia de residencia y grupos quinquenales de edad",De 50-54,,Condición de Pobreza por Necesidades Básicas Insatisfechas NBI | Pobres | Sexo al nacer | Mujeres,1038
censo_ind_pobreza_nbi_3_2_de_50_54_numero_total_de_personas_en_viviendas_particulares,pobreza_nbi,3.2,"Población en viviendas particulares por condición de pobreza por NBI y sexo al nacer, según provincia, cantón, parroquia de residencia y grupos quinquenales de edad",De 50-54,,Número total de personas en viviendas particulares,1042
censo_ind_pobreza_nbi_3_2_de_55_59_condicion_de_pobreza_por_necesidades_basicas_insatisfechas_nbi_no_pobres_sexo_al_nacer_hombres,pobreza_nbi,3.2,"Población en viviendas particulares por condición de pobreza por NBI y sexo al nacer, según provincia, cantón, parroquia de residencia y grupos quinquenales de edad",De 55-59,,Condición de Pobreza por Necesidades Básicas Insatisfechas NBI | No pobres | Sexo al nacer | Hombres,989
censo_ind_pobreza_nbi_3_2_de_55_59_condicion_de_pobreza_por_necesidades_basicas_insatisfechas_nbi_no_pobres_sexo_al_nacer_mujeres,pobreza_nbi,3.2,"Población en viviendas particulares por condición de pobreza por NBI y sexo al nacer, según provincia, cantón, parroquia de residencia y grupos quinquenales de edad",De 55-59,,Condición de Pobreza por Necesidades Básicas Insatisfechas NBI | No pobres | Sexo al nacer | Mujeres,989
censo_ind_pobreza_nbi_3_2_de_55_59_condicion_de_pobreza_por_necesidades_basicas_insatisfechas_nbi_pobres_sexo_al_nacer_hombres,pobreza_nbi,3.2,"Población en viviendas particulares por condición de pobreza por NBI y sexo al nacer, según provincia, cantón, parroquia de residencia y grupos quinquenales de edad",De 55-59,,Condición de Pobreza por Necesidades Básicas Insatisfechas NBI | Pobres | Sexo al nacer | Hombres,1040
censo_ind_pobreza_nbi_3_2_de_55_59_condicion_de_pobreza_por_necesidades_basicas_insatisfechas_nbi_pobres_sexo_al_nacer_mujeres,pobreza_nbi,3.2,"Población en viviendas particulares por condición de pobreza por NBI y sexo al nacer, según provincia, cantón, parroquia de residencia y grupos quinquenales de edad",De 55-59,,Condición de Pobreza por Necesidades Básicas Insatisfechas NBI | Pobres | Sexo al nacer | Mujeres,1038
censo_ind_pobreza_nbi_3_2_de_55_59_numero_total_de_personas_en_viviendas_particulares,pobreza_nbi,3.2,"Población en viviendas particulares por condición de pobreza por NBI y sexo al nacer, según provincia, cantón, parroquia de residencia y grupos quinquenales de edad",De 55-59,,Número total de personas en viviendas particulares,1041
censo_ind_pobreza_nbi_3_2_de_5_9_condicion_de_pobreza_por_necesidades_basicas_insatisfechas_nbi_no_pobres_sexo_al_nacer_hombres,pobreza_nbi,3.2,"Población en viviendas particulares por condición de pobreza por NBI y sexo al nacer, según provincia, cantón, parroquia de residencia y grupos quinquenales de edad",De 5-9,,Condición de Pobreza por Necesidades Básicas Insatisfechas NBI | No pobres | Sexo al nacer | Hombres,1003
censo_ind_pobreza_nbi_3_2_de_5_9_condicion_de_pobreza_por_necesidades_basicas_insatisfechas_nbi_no_pobres_sexo_al_nacer_mujeres,pobreza_nbi,3.2,"Población en viviendas particulares por condición de pobreza por NBI y sexo al nacer, según provincia, cantón, parroquia de residencia y grupos quinquenales de edad",De 5-9,,Condición de Pobreza por Necesidades Básicas Insatisfechas NBI | No pobres | Sexo al nacer | Mujeres,1006
censo_ind_pobreza_nbi_3_2_de_5_9_condicion_de_pobreza_por_necesidades_basicas_insatisfechas_nbi_pobres_sexo_al_nacer_hombres,pobreza_nbi,3.2,"Población en viviendas particulares por condición de pobreza por NBI y sexo al nacer, según provincia, cantón, parroquia de residencia y grupos quinquenales de edad",De 5-9,,Condición de Pobreza por Necesidades Básicas Insatisfechas NBI | Pobres | Sexo al nacer | Hombres,1041
censo_ind_pobreza_nbi_3_2_de_5_9_condicion_de_pobreza_por_necesidades_basicas_insatisfechas_nbi_pobres_sexo_al_nacer_mujeres,pobreza_nbi,3.2,"Población en viviendas particulares por condición de pobreza por NBI y sexo al nacer, según provincia, cantón, parroquia de residencia y grupos quinquenales de edad",De 5-9,,Condición de Pobreza por Necesidades Básicas Insatisfechas NBI | Pobres | Sexo al nacer | Mujeres,1042
censo_ind_pobreza_nbi_3_2_de_5_9_numero_total_de_personas_en_viviendas_particulares,pobreza_nbi,3.2,"Población en viviendas particulares por condición de pobreza por NBI y sexo al nacer, según provincia, cantón, parroquia de residencia y grupos quinquenales de edad",De 5-9,,Número total de personas en viviendas particulares,1042
censo_ind_pobreza_nbi_3_2_de_60_64_condicion_de_pobreza_por_necesidades_basicas_insatisfechas_nbi_pobres_sexo_al_nacer_hombres,pobreza_nbi,3.2,"Población en viviendas particulares por condición de pobreza por NBI y sexo al nacer, según provincia, cantón, parroquia de residencia y grupos quinquenales de edad",De 60-64,,Condición de Pobreza por Necesidades Básicas Insatisfechas NBI | Pobres | Sexo al nacer | Hombres,1039
censo_ind_pobreza_nbi_3_2_de_60_64_condicion_de_pobreza_por_necesidades_basicas_insatisfechas_nbi_pobres_sexo_al_nacer_mujeres,pobreza_nbi,3.2,"Población en viviendas particulares por condición de pobreza por NBI y sexo al nacer, según provincia, cantón, parroquia de residencia y grupos quinquenales de edad",De 60-64,,Condición de Pobreza por Necesidades Básicas Insatisfechas NBI | Pobres | Sexo al nacer | Mujeres,1036
censo_ind_pobreza_nbi_3_2_de_60_64_numero_total_de_personas_en_viviendas_particulares,pobreza_nbi,3.2,"Población en viviendas particulares por condición de pobreza por NBI y sexo al nacer, según provincia, cantón, parroquia de residencia y grupos quinquenales de edad",De 60-64,,Número total de personas en viviendas particulares,1042
censo_ind_pobreza_nbi_3_2_de_65_69_condicion_de_pobreza_por_necesidades_basicas_insatisfechas_nbi_pobres_sexo_al_nacer_hombres,pobreza_nbi,3.2,"Población en viviendas particulares por condición de pobreza por NBI y sexo al nacer, según provincia, cantón, parroquia de residencia y grupos quinquenales de edad",De 65-69,,Condición de Pobreza por Necesidades Básicas Insatisfechas NBI | Pobres | Sexo al nacer | Hombres,1040
censo_ind_pobreza_nbi_3_2_de_65_69_condicion_de_pobreza_por_necesidades_basicas_insatisfechas_nbi_pobres_sexo_al_nacer_mujeres,pobreza_nbi,3.2,"Población en viviendas particulares por condición de pobreza por NBI y sexo al nacer, según provincia, cantón, parroquia de residencia y grupos quinquenales de edad",De 65-69,,Condición de Pobreza por Necesidades Básicas Insatisfechas NBI | Pobres | Sexo al nacer | Mujeres,1036
censo_ind_pobreza_nbi_3_2_de_65_69_numero_total_de_personas_en_viviendas_particulares,pobreza_nbi,3.2,"Población en viviendas particulares por condición de pobreza por NBI y sexo al nacer, según provincia, cantón, parroquia de residencia y grupos quinquenales de edad",De 65-69,,Número total de personas en viviendas particulares,1042
censo_ind_pobreza_nbi_3_2_de_70_74_condicion_de_pobreza_por_necesidades_basicas_insatisfechas_nbi_pobres_sexo_al_nacer_hombres,pobreza_nbi,3.2,"Población en viviendas particulares por condición de pobreza por NBI y sexo al nacer, según provincia, cantón, parroquia de residencia y grupos quinquenales de edad",De 70-74,,Condición de Pobreza por Necesidades Básicas Insatisfechas NBI | Pobres | Sexo al nacer | Hombres,1038
censo_ind_pobreza_nbi_3_2_de_70_74_condicion_de_pobreza_por_necesidades_basicas_insatisfechas_nbi_pobres_sexo_al_nacer_mujeres,pobreza_nbi,3.2,"Población en viviendas particulares por condición de pobreza por NBI y sexo al nacer, según provincia, cantón, parroquia de residencia y grupos quinquenales de edad",De 70-74,,Condición de Pobreza por Necesidades Básicas Insatisfechas NBI | Pobres | Sexo al nacer | Mujeres,1032
censo_ind_pobreza_nbi_3_2_de_70_74_numero_total_de_personas_en_viviendas_particulares,pobreza_nbi,3.2,"Población en viviendas particulares por condición de pobreza por NBI y sexo al nacer, según provincia, cantón, parroquia de residencia y grupos quinquenales de edad",De 70-74,,Número total de personas en viviendas particulares,1042
censo_ind_pobreza_nbi_3_2_de_75_79_condicion_de_pobreza_por_necesidades_basicas_insatisfechas_nbi_pobres_sexo_al_nacer_hombres,pobreza_nbi,3.2,"Población en viviendas particulares por condición de pobreza por NBI y sexo al nacer, según provincia, cantón, parroquia de residencia y grupos quinquenales de edad",De 75-79,,Condición de Pobreza por Necesidades Básicas Insatisfechas NBI | Pobres | Sexo al nacer | Hombres,1034
censo_ind_pobreza_nbi_3_2_de_75_79_condicion_de_pobreza_por_necesidades_basicas_insatisfechas_nbi_pobres_sexo_al_nacer_mujeres,pobreza_nbi,3.2,"Población en viviendas particulares por condición de pobreza por NBI y sexo al nacer, según provincia, cantón, parroquia de residencia y grupos quinquenales de edad",De 75-79,,Condición de Pobreza por Necesidades Básicas Insatisfechas NBI | Pobres | Sexo al nacer | Mujeres,1027
censo_ind_pobreza_nbi_3_2_de_75_79_numero_total_de_personas_en_viviendas_particulares,pobreza_nbi,3.2,"Población en viviendas particulares por condición de pobreza por NBI y sexo al nacer, según provincia, cantón, parroquia de residencia y grupos quinquenales de edad",De 75-79,,Número total de personas en viviendas particulares,1042
censo_ind_pobreza_nbi_3_2_de_80_84_condicion_de_pobreza_por_necesidades_basicas_insatisfechas_nbi_pobres_sexo_al_nacer_hombres,pobreza_nbi,3.2,"Población en viviendas particulares por condición de pobreza por NBI y sexo al nacer, según provincia, cantón, parroquia de residencia y grupos quinquenales de edad",De 80-84,,Condición de Pobreza por Necesidades Básicas Insatisfechas NBI | Pobres | Sexo al nacer | Hombres,1016
censo_ind_pobreza_nbi_3_2_de_80_84_condicion_de_pobreza_por_necesidades_basicas_insatisfechas_nbi_pobres_sexo_al_nacer_mujeres,pobreza_nbi,3.2,"Población en viviendas particulares por condición de pobreza por NBI y sexo al nacer, según provincia, cantón, parroquia de residencia y grupos quinquenales de edad",De 80-84,,Condición de Pobreza por Necesidades Básicas Insatisfechas NBI | Pobres | Sexo al nacer | Mujeres,1019
censo_ind_pobreza_nbi_3_2_de_80_84_numero_total_de_personas_en_viviendas_particulares,pobreza_nbi,3.2,"Población en viviendas particulares por condición de pobreza por NBI y sexo al nacer, según provincia, cantón, parroquia de residencia y grupos quinquenales de edad",De 80-84,,Número total de personas en viviendas particulares,1037
censo_ind_pobreza_nbi_3_2_total_geografia_condicion_de_pobreza_por_necesidades_basicas_insatisfechas_nbi_no_pobres_sexo_al_nacer_hombres,pobreza_nbi,3.2,"Población en viviendas particulares por condición de pobreza por NBI y sexo al nacer, según provincia, cantón, parroquia de residencia y grupos quinquenales de edad",Total 10 de Agosto,,Condición de Pobreza por Necesidades Básicas Insatisfechas NBI | No pobres | Sexo al nacer | Hombres,1030
censo_ind_pobreza_nbi_3_2_total_geografia_condicion_de_pobreza_por_necesidades_basicas_insatisfechas_nbi_no_pobres_sexo_al_nacer_mujeres,pobreza_nbi,3.2,"Población en viviendas particulares por condición de pobreza por NBI y sexo al nacer, según provincia, cantón, parroquia de residencia y grupos quinquenales de edad",Total 10 de Agosto,,Condición de Pobreza por Necesidades Básicas Insatisfechas NBI | No pobres | Sexo al nacer | Mujeres,1031
censo_ind_pobreza_nbi_3_2_total_geografia_condicion_de_pobreza_por_necesidades_basicas_insatisfechas_nbi_pobres_sexo_al_nacer_hombres,pobreza_nbi,3.2,"Población en viviendas particulares por condición de pobreza por NBI y sexo al nacer, según provincia, cantón, parroquia de residencia y grupos quinquenales de edad",Total 10 de Agosto,,Condición de Pobreza por Necesidades Básicas Insatisfechas NBI | Pobres | Sexo al nacer | Hombres,1042
censo_ind_pobreza_nbi_3_2_total_geografia_condicion_de_pobreza_por_necesidades_basicas_insatisfechas_nbi_pobres_sexo_al_nacer_mujeres,pobreza_nbi,3.2,"Población en viviendas particulares por condición de pobreza por NBI y sexo al nacer, según provincia, cantón, parroquia de residencia y grupos quinquenales de edad",Total 10 de Agosto,,Condición de Pobreza por Necesidades Básicas Insatisfechas NBI | Pobres | Sexo al nacer | Mujeres,1042
censo_ind_pobreza_nbi_3_2_total_geografia_numero_total_de_personas_en_viviendas_particulares,pobreza_nbi,3.2,"Población en viviendas particulares por condición de pobreza por NBI y sexo al nacer, según provincia, cantón, parroquia de residencia y grupos quinquenales de edad",Total 10 de Agosto,,Número total de personas en viviendas particulares,1042
censo_ind_pobreza_nbi_4_2_rural_condicion_de_pobreza_por_necesidades_basicas_insatisfechas_nbi_en_pobreza_extrema_sexo_al_nacer_hombres,pobreza_nbi,4.2,"Población en viviendas particulares por condición de pobreza extrema por NBI y sexo al nacer, según provincia, cantón, parroquia y área de residencia",Rural,,Condición de Pobreza por Necesidades Básicas Insatisfechas NBI | En pobreza extrema | Sexo al nacer | Hombres,1037
censo_ind_pobreza_nbi_4_2_rural_condicion_de_pobreza_por_necesidades_basicas_insatisfechas_nbi_en_pobreza_extrema_sexo_al_nacer_mujeres,pobreza_nbi,4.2,"Población en viviendas particulares por condición de pobreza extrema por NBI y sexo al nacer, según provincia, cantón, parroquia y área de residencia",Rural,,Condición de Pobreza por Necesidades Básicas Insatisfechas NBI | En pobreza extrema | Sexo al nacer | Mujeres,1037
censo_ind_pobreza_nbi_4_2_rural_condicion_de_pobreza_por_necesidades_basicas_insatisfechas_nbi_no_en_pobreza_extrema_sexo_al_nacer_hombres,pobreza_nbi,4.2,"Población en viviendas particulares por condición de pobreza extrema por NBI y sexo al nacer, según provincia, cantón, parroquia y área de residencia",Rural,,Condición de Pobreza por Necesidades Básicas Insatisfechas NBI | No en pobreza extrema | Sexo al nacer | Hombres,1039
censo_ind_pobreza_nbi_4_2_rural_condicion_de_pobreza_por_necesidades_basicas_insatisfechas_nbi_no_en_pobreza_extrema_sexo_al_nacer_mujeres,pobreza_nbi,4.2,"Población en viviendas particulares por condición de pobreza extrema por NBI y sexo al nacer, según provincia, cantón, parroquia y área de residencia",Rural,,Condición de Pobreza por Necesidades Básicas Insatisfechas NBI | No en pobreza extrema | Sexo al nacer | Mujeres,1038
censo_ind_pobreza_nbi_4_2_rural_condicion_de_pobreza_por_necesidades_basicas_insatisfechas_nbi_total_poblacion_en_extrema_pobreza_sexo_al_nacer_mujeres,pobreza_nbi,4.2,"Población en viviendas particulares por condición de pobreza extrema por NBI y sexo al nacer, según provincia, cantón, parroquia y área de residencia",Rural,,"Condición de Pobreza por Necesidades Básicas Insatisfechas NBI | Total población 
En extrema pobreza | Sexo al nacer | Mujeres",1037
censo_ind_pobreza_nbi_4_2_rural_condicion_de_pobreza_por_necesidades_basicas_insatisfechas_nbi_total_poblacion_no_en_pobreza_extrema_sexo_al_nacer_mujeres,pobreza_nbi,4.2,"Población en viviendas particulares por condición de pobreza extrema por NBI y sexo al nacer, según provincia, cantón, parroquia y área de residencia",Rural,,"Condición de Pobreza por Necesidades Básicas Insatisfechas NBI | Total población 
No en pobreza extrema | Sexo al nacer | Mujeres",1039
censo_ind_pobreza_nbi_4_2_rural_numero_total_de_personas_en_viviendas_particulares,pobreza_nbi,4.2,"Población en viviendas particulares por condición de pobreza extrema por NBI y sexo al nacer, según provincia, cantón, parroquia y área de residencia",Rural,,Número total de personas en viviendas particulares,1039
censo_ind_pobreza_nbi_4_2_total_geografia_condicion_de_pobreza_por_necesidades_basicas_insatisfechas_nbi_en_pobreza_extrema_sexo_al_nacer_hombres,pobreza_nbi,4.2,"Población en viviendas particulares por condición de pobreza extrema por NBI y sexo al nacer, según provincia, cantón, parroquia y área de residencia",Total 10 de Agosto,,Condición de Pobreza por Necesidades Básicas Insatisfechas NBI | En pobreza extrema | Sexo al nacer | Hombres,1041
censo_ind_pobreza_nbi_4_2_total_geografia_condicion_de_pobreza_por_necesidades_basicas_insatisfechas_nbi_en_pobreza_extrema_sexo_al_nacer_mujeres,pobreza_nbi,4.2,"Población en viviendas particulares por condición de pobreza extrema por NBI y sexo al nacer, según provincia, cantón, parroquia y área de residencia",Total 10 de Agosto,,Condición de Pobreza por Necesidades Básicas Insatisfechas NBI | En pobreza extrema | Sexo al nacer | Mujeres,1041
censo_ind_pobreza_nbi_4_2_total_geografia_condicion_de_pobreza_por_necesidades_basicas_insatisfechas_nbi_no_en_pobreza_extrema_sexo_al_nacer_hombres,pobreza_nbi,4.2,"Población en viviendas particulares por condición de pobreza extrema por NBI y sexo al nacer, según provincia, cantón, parroquia y área de residencia",Total 10 de Agosto,,Condición de Pobreza por Necesidades Básicas Insatisfechas NBI | No en pobreza extrema | Sexo al nacer | Hombres,1042
censo_ind_pobreza_nbi_4_2_total_geografia_condicion_de_pobreza_por_necesidades_basicas_insatisfechas_nbi_no_en_pobreza_extrema_sexo_al_nacer_mujeres,pobreza_nbi,4.2,"Población en viviendas particulares por condición de pobreza extrema por NBI y sexo al nacer, según provincia, cantón, parroquia y área de residencia",Total 10 de Agosto,,Condición de Pobreza por Necesidades Básicas Insatisfechas NBI | No en pobreza extrema | Sexo al nacer | Mujeres,1042
censo_ind_pobreza_nbi_4_2_total_geografia_condicion_de_pobreza_por_necesidades_basicas_insatisfechas_nbi_total_poblacion_en_extrema_pobreza_sexo_al_nacer_mujeres,pobreza_nbi,4.2,"Población en viviendas particulares por condición de pobreza extrema por NBI y sexo al nacer, según provincia, cantón, parroquia y área de residencia",Total 10 de Agosto,,"Condición de Pobreza por Necesidades Básicas Insatisfechas NBI | Total población 
En extrema pobreza | Sexo al nacer | Mujeres",1041
censo_ind_pobreza_nbi_4_2_total_geografia_condicion_de_pobreza_por_necesidades_basicas_insatisfechas_nbi_total_poblacion_no_en_pobreza_extrema_sexo_al_nacer_mujeres,pobreza_nbi,4.2,"Población en viviendas particulares por condición de pobreza extrema por NBI y sexo al nacer, según provincia, cantón, parroquia y área de residencia",Total 10 de Agosto,,"Condición de Pobreza por Necesidades Básicas Insatisfechas NBI | Total población 
No en pobreza extrema | Sexo al nacer | Mujeres",1042
censo_ind_pobreza_nbi_4_2_total_geografia_numero_total_de_personas_en_viviendas_particulares,pobreza_nbi,4.2,"Población en viviendas particulares por condición de pobreza extrema por NBI y sexo al nacer, según provincia, cantón, parroquia y área de residencia",Total 10 de Agosto,,Número total de personas en viviendas particulares,1042
censo_ind_pobreza_nbi_5_2_mestiza_o_condicion_de_pobreza_extrema_por_necesidades_basicas_insatisfechas_nbi_en_pobreza_extrema_sexo_al_nacer_hombres,pobreza_nbi,5.2,"Población en viviendas particulares por condición de pobreza extrema por NBI y sexo al nacer, según provincia, cantón, parroquia y autoidentificación étnica",Mestiza/o,,Condición de Pobreza Extrema por Necesidades Básicas Insatisfechas NBI | En pobreza extrema | Sexo al nacer | Hombres,1015
censo_ind_pobreza_nbi_5_2_mestiza_o_condicion_de_pobreza_extrema_por_necesidades_basicas_insatisfechas_nbi_en_pobreza_extrema_sexo_al_nacer_mujeres,pobreza_nbi,5.2,"Población en viviendas particulares por condición de pobreza extrema por NBI y sexo al nacer, según provincia, cantón, parroquia y autoidentificación étnica",Mestiza/o,,Condición de Pobreza Extrema por Necesidades Básicas Insatisfechas NBI | En pobreza extrema | Sexo al nacer | Mujeres,1011
censo_ind_pobreza_nbi_5_2_mestiza_o_condicion_de_pobreza_extrema_por_necesidades_basicas_insatisfechas_nbi_no_en_pobreza_extrema_sexo_al_nacer_hombres,pobreza_nbi,5.2,"Población en viviendas particulares por condición de pobreza extrema por NBI y sexo al nacer, según provincia, cantón, parroquia y autoidentificación étnica",Mestiza/o,,Condición de Pobreza Extrema por Necesidades Básicas Insatisfechas NBI | No en pobreza extrema | Sexo al nacer | Hombres,1032
censo_ind_pobreza_nbi_5_2_mestiza_o_condicion_de_pobreza_extrema_por_necesidades_basicas_insatisfechas_nbi_no_en_pobreza_extrema_sexo_al_nacer_mujeres,pobreza_nbi,5.2,"Población en viviendas particulares por condición de pobreza extrema por NBI y sexo al nacer, según provincia, cantón, parroquia y autoidentificación étnica",Mestiza/o,,Condición de Pobreza Extrema por Necesidades Básicas Insatisfechas NBI | No en pobreza extrema | Sexo al nacer | Mujeres,1029
censo_ind_pobreza_nbi_5_2_mestiza_o_numero_total_de_personas_en_viviendas_particulares,pobreza_nbi,5.2,"Población en viviendas particulares por condición de pobreza extrema por NBI y sexo al nacer, según provincia, cantón, parroquia y autoidentificación étnica",Mestiza/o,,Número total de personas en viviendas particulares,1035
censo_ind_pobreza_nbi_5_2_total_geografia_condicion_de_pobreza_extrema_por_necesidades_basicas_insatisfechas_nbi_en_pobreza_extrema_sexo_al_nacer_hombres,pobreza_nbi,5.2,"Población en viviendas particulares por condición de pobreza extrema por NBI y sexo al nacer, según provincia, cantón, parroquia y autoidentificación étnica",Total 10 de Agosto,,Condición de Pobreza Extrema por Necesidades Básicas Insatisfechas NBI | En pobreza extrema | Sexo al nacer | Hombres,1041
censo_ind_pobreza_nbi_5_2_total_geografia_condicion_de_pobreza_extrema_por_necesidades_basicas_insatisfechas_nbi_en_pobreza_extrema_sexo_al_nacer_mujeres,pobreza_nbi,5.2,"Población en viviendas particulares por condición de pobreza extrema por NBI y sexo al nacer, según provincia, cantón, parroquia y autoidentificación étnica",Total 10 de Agosto,,Condición de Pobreza Extrema por Necesidades Básicas Insatisfechas NBI | En pobreza extrema | Sexo al nacer | Mujeres,1041
censo_ind_pobreza_nbi_5_2_total_geografia_condicion_de_pobreza_extrema_por_necesidades_basicas_insatisfechas_nbi_no_en_pobreza_extrema_sexo_al_nacer_hombres,pobreza_nbi,5.2,"Población en viviendas particulares por condición de pobreza extrema por NBI y sexo al nacer, según provincia, cantón, parroquia y autoidentificación étnica",Total 10 de Agosto,,Condición de Pobreza Extrema por Necesidades Básicas Insatisfechas NBI | No en pobreza extrema | Sexo al nacer | Hombres,1042
censo_ind_pobreza_nbi_5_2_total_geografia_condicion_de_pobreza_extrema_por_necesidades_basicas_insatisfechas_nbi_no_en_pobreza_extrema_sexo_al_nacer_mujeres,pobreza_nbi,5.2,"Población en viviendas particulares por condición de pobreza extrema por NBI y sexo al nacer, según provincia, cantón, parroquia y autoidentificación étnica",Total 10 de Agosto,,Condición de Pobreza Extrema por Necesidades Básicas Insatisfechas NBI | No en pobreza extrema | Sexo al nacer | Mujeres,1042
censo_ind_pobreza_nbi_5_2_total_geografia_numero_total_de_personas_en_viviendas_particulares,pobreza_nbi,5.2,"Población en viviendas particulares por condición de pobreza extrema por NBI y sexo al nacer, según provincia, cantón, parroquia y autoidentificación étnica",Total 10 de Agosto,,Número total de personas en viviendas particulares,1042
censo_ind_pobreza_nbi_6_2_85_o_mas_condicion_de_pobreza_extrema_por_necesidades_basicas_insatisfechas_nbi_no_en_pobreza_extrema_sexo_al_nacer_hombres,pobreza_nbi,6.2,"Población en viviendas particulares por condición de pobreza extrema por NBI y sexo al nacer, según provincia, cantón, parroquia de residencia y grupos quinquenales de edad",85 o más,,Condición de Pobreza Extrema por Necesidades Básicas Insatisfechas NBI | No en pobreza extrema | Sexo al nacer | Hombres,1012
censo_ind_pobreza_nbi_6_2_85_o_mas_condicion_de_pobreza_extrema_por_necesidades_basicas_insatisfechas_nbi_no_en_pobreza_extrema_sexo_al_nacer_mujeres,pobreza_nbi,6.2,"Población en viviendas particulares por condición de pobreza extrema por NBI y sexo al nacer, según provincia, cantón, parroquia de residencia y grupos quinquenales de edad",85 o más,,Condición de Pobreza Extrema por Necesidades Básicas Insatisfechas NBI | No en pobreza extrema | Sexo al nacer | Mujeres,1011
censo_ind_pobreza_nbi_6_2_85_o_mas_numero_total_de_personas_en_viviendas_particulares,pobreza_nbi,6.2,"Población en viviendas particulares por condición de pobreza extrema por NBI y sexo al nacer, según provincia, cantón, parroquia de residencia y grupos quinquenales de edad",85 o más,,Número total de personas en viviendas particulares,1034
censo_ind_pobreza_nbi_6_2_de_0_4_condicion_de_pobreza_extrema_por_necesidades_basicas_insatisfechas_nbi_en_pobreza_extrema_sexo_al_nacer_hombres,pobreza_nbi,6.2,"Población en viviendas particulares por condición de pobreza extrema por NBI y sexo al nacer, según provincia, cantón, parroquia de residencia y grupos quinquenales de edad",De 0-4,,Condición de Pobreza Extrema por Necesidades Básicas Insatisfechas NBI | En pobreza extrema | Sexo al nacer | Hombres,1023
censo_ind_pobreza_nbi_6_2_de_0_4_condicion_de_pobreza_extrema_por_necesidades_basicas_insatisfechas_nbi_en_pobreza_extrema_sexo_al_nacer_mujeres,pobreza_nbi,6.2,"Población en viviendas particulares por condición de pobreza extrema por NBI y sexo al nacer, según provincia, cantón, parroquia de residencia y grupos quinquenales de edad",De 0-4,,Condición de Pobreza Extrema por Necesidades Básicas Insatisfechas NBI | En pobreza extrema | Sexo al nacer | Mujeres,1018
censo_ind_pobreza_nbi_6_2_de_0_4_condicion_de_pobreza_extrema_por_necesidades_basicas_insatisfechas_nbi_no_en_pobreza_extrema_sexo_al_nacer_hombres,pobreza_nbi,6.2,"Población en viviendas particulares por condición de pobreza extrema por NBI y sexo al nacer, según provincia, cantón, parroquia de residencia y grupos quinquenales de edad",De 0-4,,Condición de Pobreza Extrema por Necesidades Básicas Insatisfechas NBI | No en pobreza extrema | Sexo al nacer | Hombres,1039
censo_ind_pobreza_nbi_6_2_de_0_4_condicion_de_pobreza_extrema_por_necesidades_basicas_insatisfechas_nbi_no_en_pobreza_extrema_sexo_al_nacer_mujeres,pobreza_nbi,6.2,"Población en viviendas particulares por condición de pobreza extrema por NBI y sexo al nacer, según provincia, cantón, parroquia de residencia y grupos quinquenales de edad",De 0-4,,Condición de Pobreza Extrema por Necesidades Básicas Insatisfechas NBI | No en pobreza extrema | Sexo al nacer | Mujeres,1041
censo_ind_pobreza_nbi_6_2_de_0_4_numero_total_de_personas_en_viviendas_particulares,pobreza_nbi,6.2,"Población en viviendas particulares por condición de pobreza extrema por NBI y sexo al nacer, según provincia, cantón, parroquia de residencia y grupos quinquenales de edad",De 0-4,,Número total de personas en viviendas particulares,1042
censo_ind_pobreza_nbi_6_2_de_10_14_condicion_de_pobreza_extrema_por_necesidades_basicas_insatisfechas_nbi_en_pobreza_extrema_sexo_al_nacer_hombres,pobreza_nbi,6.2,"Población en viviendas particulares por condición de pobreza extrema por NBI y sexo al nacer, según provincia, cantón, parroquia de residencia y grupos quinquenales de edad",De 10-14,,Condición de Pobreza Extrema por Necesidades Básicas Insatisfechas NBI | En pobreza extrema | Sexo al nacer | Hombres,1026
censo_ind_pobreza_nbi_6_2_de_10_14_condicion_de_pobreza_extrema_por_necesidades_basicas_insatisfechas_nbi_en_pobreza_extrema_sexo_al_nacer_mujeres,pobreza_nbi,6.2,"Población en viviendas particulares por condición de pobreza extrema por NBI y sexo al nacer, según provincia, cantón, parroquia de residencia y grupos quinquenales de edad",De 10-14,,Condición de Pobreza Extrema por Necesidades Básicas Insatisfechas NBI | En pobreza extrema | Sexo al nacer | Mujeres,1024
censo_ind_pobreza_nbi_6_2_de_10_14_condicion_de_pobreza_extrema_por_necesidades_basicas_insatisfechas_nbi_no_en_pobreza_extrema_sexo_al_nacer_hombres,pobreza_nbi,6.2,"Población en viviendas particulares por condición de pobreza extrema por NBI y sexo al nacer, según provincia, cantón, parroquia de residencia y grupos quinquenales de edad",De 10-14,,Condición de Pobreza Extrema por Necesidades Básicas Insatisfechas NBI | No en pobreza extrema | Sexo al nacer | Hombres,1041
censo_ind_pobreza_nbi_6_2_de_10_14_condicion_de_pobreza_extrema_por_necesidades_basicas_insatisfechas_nbi_no_en_pobreza_extrema_sexo_al_nacer_mujeres,pobreza_nbi,6.2,"Población en viviendas particulares por condición de pobreza extrema por NBI y sexo al nacer, según provincia, cantón, parroquia de residencia y grupos quinquenales de edad",De 10-14,,Condición de Pobreza Extrema por Necesidades Básicas Insatisfechas NBI | No en pobreza extrema | Sexo al nacer | Mujeres,1041
censo_ind_pobreza_nbi_6_2_de_10_14_numero_total_de_personas_en_viviendas_particulares,pobreza_nbi,6.2,"Población en viviendas particulares por condición de pobreza extrema por NBI y sexo al nacer, según provincia, cantón, parroquia de residencia y grupos quinquenales de edad",De 10-14,,Número total de personas en viviendas particulares,1042
censo_ind_pobreza_nbi_6_2_de_15_19_condicion_de_pobreza_extrema_por_necesidades_basicas_insatisfechas_nbi_en_pobreza_extrema_sexo_al_nacer_hombres,pobreza_nbi,6.2,"Población en viviendas particulares por condición de pobreza extrema por NBI y sexo al nacer, según provincia, cantón, parroquia de residencia y grupos quinquenales de edad",De 15-19,,Condición de Pobreza Extrema por Necesidades Básicas Insatisfechas NBI | En pobreza extrema | Sexo al nacer | Hombres,1021
censo_ind_pobreza_nbi_6_2_de_15_19_condicion_de_pobreza_extrema_por_necesidades_basicas_insatisfechas_nbi_en_pobreza_extrema_sexo_al_nacer_mujeres,pobreza_nbi,6.2,"Población en viviendas particulares por condición de pobreza extrema por NBI y sexo al nacer, según provincia, cantón, parroquia de residencia y grupos quinquenales de edad",De 15-19,,Condición de Pobreza Extrema por Necesidades Básicas Insatisfechas NBI | En pobreza extrema | Sexo al nacer | Mujeres,1024
censo_ind_pobreza_nbi_6_2_de_15_19_condicion_de_pobreza_extrema_por_necesidades_basicas_insatisfechas_nbi_no_en_pobreza_extrema_sexo_al_nacer_hombres,pobreza_nbi,6.2,"Población en viviendas particulares por condición de pobreza extrema por NBI y sexo al nacer, según provincia, cantón, parroquia de residencia y grupos quinquenales de edad",De 15-19,,Condición de Pobreza Extrema por Necesidades Básicas Insatisfechas NBI | No en pobreza extrema | Sexo al nacer | Hombres,1039
censo_ind_pobreza_nbi_6_2_de_15_19_condicion_de_pobreza_extrema_por_necesidades_basicas_insatisfechas_nbi_no_en_pobreza_extrema_sexo_al_nacer_mujeres,pobreza_nbi,6.2,"Población en viviendas particulares por condición de pobreza extrema por NBI y sexo al nacer, según provincia, cantón, parroquia de residencia y grupos quinquenales de edad",De 15-19,,Condición de Pobreza Extrema por Necesidades Básicas Insatisfechas NBI | No en pobreza extrema | Sexo al nacer | Mujeres,1040
censo_ind_pobreza_nbi_6_2_de_15_19_numero_total_de_personas_en_viviendas_particulares,pobreza_nbi,6.2,"Población en viviendas particulares por condición de pobreza extrema por NBI y sexo al nacer, según provincia, cantón, parroquia de residencia y grupos quinquenales de edad",De 15-19,,Número total de personas en viviendas particulares,1042
censo_ind_pobreza_nbi_6_2_de_20_24_condicion_de_pobreza_extrema_por_necesidades_basicas_insatisfechas_nbi_en_pobreza_extrema_sexo_al_nacer_hombres,pobreza_nbi,6.2,"Población en viviendas particulares por condición de pobreza extrema por NBI y sexo al nacer, según provincia, cantón, parroquia de residencia y grupos quinquenales de edad",De 20-24,,Condición de Pobreza Extrema por Necesidades Básicas Insatisfechas NBI | En pobreza extrema | Sexo al nacer | Hombres,1014
censo_ind_pobreza_nbi_6_2_de_20_24_condicion_de_pobreza_extrema_por_necesidades_basicas_insatisfechas_nbi_en_pobreza_extrema_sexo_al_nacer_mujeres,pobreza_nbi,6.2,"Población en viviendas particulares por condición de pobreza extrema por NBI y sexo al nacer, según provincia, cantón, parroquia de residencia y grupos quinquenales de edad",De 20-24,,Condición de Pobreza Extrema por Necesidades Básicas Insatisfechas NBI | En pobreza extrema | Sexo al nacer | Mujeres,1015
censo_ind_pobreza_nbi_6_2_de_20_24_condicion_de_pobreza_extrema_por_necesidades_basicas_insatisfechas_nbi_no_en_pobreza_extrema_sexo_al_nacer_hombres,pobreza_nbi,6.2,"Población en viviendas particulares por condición de pobreza extrema por NBI y sexo al nacer, según provincia, cantón, parroquia de residencia y grupos quinquenales de edad",De 20-24,,Condición de Pobreza Extrema por Necesidades Básicas Insatisfechas NBI | No en pobreza extrema | Sexo al nacer | Hombres,1042
censo_ind_pobreza_nbi_6_2_de_20_24_condicion_de_pobreza_extrema_por_necesidades_basicas_insatisfechas_nbi_no_en_pobreza_extrema_sexo_al_nacer_mujeres,pobreza_nbi,6.2,"Población en viviendas particulares por condición de pobreza extrema por NBI y sexo al nacer, según provincia, cantón, parroquia de residencia y grupos quinquenales de edad",De 20-24,,Condición de Pobreza Extrema por Necesidades Básicas Insatisfechas NBI | No en pobreza extrema | Sexo al nacer | Mujeres,1040
censo_ind_pobreza_nbi_6_2_de_20_24_numero_total_de_personas_en_viviendas_particulares,pobreza_nbi,6.2,"Población en viviendas particulares por condición de pobreza extrema por NBI y sexo al nacer, según provincia, cantón, parroquia de residencia y grupos quinquenales de edad",De 20-24,,Número total de personas en viviendas particulares,1042
censo_ind_pobreza_nbi_6_2_de_25_29_condicion_de_pobreza_extrema_por_necesidades_basicas_insatisfechas_nbi_en_pobreza_extrema_sexo_al_nacer_hombres,pobreza_nbi,6.2,"Población en viviendas particulares por condición de pobreza extrema por NBI y sexo al nacer, según provincia, cantón, parroquia de residencia y grupos quinquenales de edad",De 25-29,,Condición de Pobreza Extrema por Necesidades Básicas Insatisfechas NBI | En pobreza extrema | Sexo al nacer | Hombres,1015
censo_ind_pobreza_nbi_6_2_de_25_29_condicion_de_pobreza_extrema_por_necesidades_basicas_insatisfechas_nbi_en_pobreza_extrema_sexo_al_nacer_mujeres,pobreza_nbi,6.2,"Población en viviendas particulares por condición de pobreza extrema por NBI y sexo al nacer, según provincia, cantón, parroquia de residencia y grupos quinquenales de edad",De 25-29,,Condición de Pobreza Extrema por Necesidades Básicas Insatisfechas NBI | En pobreza extrema | Sexo al nacer | Mujeres,1025
censo_ind_pobreza_nbi_6_2_de_25_29_condicion_de_pobreza_extrema_por_necesidades_basicas_insatisfechas_nbi_no_en_pobreza_extrema_sexo_al_nacer_hombres,pobreza_nbi,6.2,"Población en viviendas particulares por condición de pobreza extrema por NBI y sexo al nacer, según provincia, cantón, parroquia de residencia y grupos quinquenales de edad",De 25-29,,Condición de Pobreza Extrema por Necesidades Básicas Insatisfechas NBI | No en pobreza extrema | Sexo al nacer | Hombres,1041
censo_ind_pobreza_nbi_6_2_de_25_29_condicion_de_pobreza_extrema_por_necesidades_basicas_insatisfechas_nbi_no_en_pobreza_extrema_sexo_al_nacer_mujeres,pobreza_nbi,6.2,"Población en viviendas particulares por condición de pobreza extrema por NBI y sexo al nacer, según provincia, cantón, parroquia de residencia y grupos quinquenales de edad",De 25-29,,Condición de Pobreza Extrema por Necesidades Básicas Insatisfechas NBI | No en pobreza extrema | Sexo al nacer | Mujeres,1040
censo_ind_pobreza_nbi_6_2_de_25_29_numero_total_de_personas_en_viviendas_particulares,pobreza_nbi,6.2,"Población en viviendas particulares por condición de pobreza extrema por NBI y sexo al nacer, según provincia, cantón, parroquia de residencia y grupos quinquenales de edad",De 25-29,,Número total de personas en viviendas particulares,1042
censo_ind_pobreza_nbi_6_2_de_30_34_condicion_de_pobreza_extrema_por_necesidades_basicas_insatisfechas_nbi_en_pobreza_extrema_sexo_al_nacer_hombres,pobreza_nbi,6.2,"Población en viviendas particulares por condición de pobreza extrema por NBI y sexo al nacer, según provincia, cantón, parroquia de residencia y grupos quinquenales de edad",De 30-34,,Condición de Pobreza Extrema por Necesidades Básicas Insatisfechas NBI | En pobreza extrema | Sexo al nacer | Hombres,1009
censo_ind_pobreza_nbi_6_2_de_30_34_condicion_de_pobreza_extrema_por_necesidades_basicas_insatisfechas_nbi_en_pobreza_extrema_sexo_al_nacer_mujeres,pobreza_nbi,6.2,"Población en viviendas particulares por condición de pobreza extrema por NBI y sexo al nacer, según provincia, cantón, parroquia de residencia y grupos quinquenales de edad",De 30-34,,Condición de Pobreza Extrema por Necesidades Básicas Insatisfechas NBI | En pobreza extrema | Sexo al nacer | Mujeres,1017
censo_ind_pobreza_nbi_6_2_de_30_34_condicion_de_pobreza_extrema_por_necesidades_basicas_insatisfechas_nbi_no_en_pobreza_extrema_sexo_al_nacer_hombres,pobreza_nbi,6.2,"Población en viviendas particulares por condición de pobreza extrema por NBI y sexo al nacer, según provincia, cantón, parroquia de residencia y grupos quinquenales de edad",De 30-34,,Condición de Pobreza Extrema por Necesidades Básicas Insatisfechas NBI | No en pobreza extrema | Sexo al nacer | Hombres,1039
censo_ind_pobreza_nbi_6_2_de_30_34_condicion_de_pobreza_extrema_por_necesidades_basicas_insatisfechas_nbi_no_en_pobreza_extrema_sexo_al_nacer_mujeres,pobreza_nbi,6.2,"Población en viviendas particulares por condición de pobreza extrema por NBI y sexo al nacer, según provincia, cantón, parroquia de residencia y grupos quinquenales de edad",De 30-34,,Condición de Pobreza Extrema por Necesidades Básicas Insatisfechas NBI | No en pobreza extrema | Sexo al nacer | Mujeres,1039
censo_ind_pobreza_nbi_6_2_de_30_34_numero_total_de_personas_en_viviendas_particulares,pobreza_nbi,6.2,"Población en viviendas particulares por condición de pobreza extrema por NBI y sexo al nacer, según provincia, cantón, parroquia de residencia y grupos quinquenales de edad",De 30-34,,Número total de personas en viviendas particulares,1042
censo_ind_pobreza_nbi_6_2_de_35_39_condicion_de_pobreza_extrema_por_necesidades_basicas_insatisfechas_nbi_en_pobreza_extrema_sexo_al_nacer_hombres,pobreza_nbi,6.2,"Población en viviendas particulares por condición de pobreza extrema por NBI y sexo al nacer, según provincia, cantón, parroquia de residencia y grupos quinquenales de edad",De 35-39,,Condición de Pobreza Extrema por Necesidades Básicas Insatisfechas NBI | En pobreza extrema | Sexo al nacer | Hombres,1016
censo_ind_pobreza_nbi_6_2_de_35_39_condicion_de_pobreza_extrema_por_necesidades_basicas_insatisfechas_nbi_en_pobreza_extrema_sexo_al_nacer_mujeres,pobreza_nbi,6.2,"Población en viviendas particulares por condición de pobreza extrema por NBI y sexo al nacer, según provincia, cantón, parroquia de residencia y grupos quinquenales de edad",De 35-39,,Condición de Pobreza Extrema por Necesidades Básicas Insatisfechas NBI | En pobreza extrema | Sexo al nacer | Mujeres,1019
censo_ind_pobreza_nbi_6_2_de_35_39_condicion_de_pobreza_extrema_por_necesidades_basicas_insatisfechas_nbi_no_en_pobreza_extrema_sexo_al_nacer_hombres,pobreza_nbi,6.2,"Población en viviendas particulares por condición de pobreza extrema por NBI y sexo al nacer, según provincia, cantón, parroquia de residencia y grupos quinquenales de edad",De 35-39,,Condición de Pobreza Extrema por Necesidades Básicas Insatisfechas NBI | No en pobreza extrema | Sexo al nacer | Hombres,1038
censo_ind_pobreza_nbi_6_2_de_35_39_condicion_de_pobreza_extrema_por_necesidades_basicas_insatisfechas_nbi_no_en_pobreza_extrema_sexo_al_nacer_mujeres,pobreza_nbi,6.2,"Población en viviendas particulares por condición de pobreza extrema por NBI y sexo al nacer, según provincia, cantón, parroquia de residencia y grupos quinquenales de edad",De 35-39,,Condición de Pobreza Extrema por Necesidades Básicas Insatisfechas NBI | No en pobreza extrema | Sexo al nacer | Mujeres,1039
censo_ind_pobreza_nbi_6_2_de_35_39_numero_total_de_personas_en_viviendas_particulares,pobreza_nbi,6.2,"Población en viviendas particulares por condición de pobreza extrema por NBI y sexo al nacer, según provincia, cantón, parroquia de residencia y grupos quinquenales de edad",De 35-39,,Número total de personas en viviendas particulares,1042
censo_ind_pobreza_nbi_6_2_de_40_44_condicion_de_pobreza_extrema_por_necesidades_basicas_insatisfechas_nbi_en_pobreza_extrema_sexo_al_nacer_hombres,pobreza_nbi,6.2,"Población en viviendas particulares por condición de pobreza extrema por NBI y sexo al nacer, según provincia, cantón, parroquia de residencia y grupos quinquenales de edad",De 40-44,,Condición de Pobreza Extrema por Necesidades Básicas Insatisfechas NBI | En pobreza extrema | Sexo al nacer | Hombres,1006
censo_ind_pobreza_nbi_6_2_de_40_44_condicion_de_pobreza_extrema_por_necesidades_basicas_insatisfechas_nbi_en_pobreza_extrema_sexo_al_nacer_mujeres,pobreza_nbi,6.2,"Población en viviendas particulares por condición de pobreza extrema por NBI y sexo al nacer, según provincia, cantón, parroquia de residencia y grupos quinquenales de edad",De 40-44,,Condición de Pobreza Extrema por Necesidades Básicas Insatisfechas NBI | En pobreza extrema | Sexo al nacer | Mujeres,999
censo_ind_pobreza_nbi_6_2_de_40_44_condicion_de_pobreza_extrema_por_necesidades_basicas_insatisfechas_nbi_no_en_pobreza_extrema_sexo_al_nacer_hombres,pobreza_nbi,6.2,"Población en viviendas particulares por condición de pobreza extrema por NBI y sexo al nacer, según provincia, cantón, parroquia de residencia y grupos quinquenales de edad",De 40-44,,Condición de Pobreza Extrema por Necesidades Básicas Insatisfechas NBI | No en pobreza extrema | Sexo al nacer | Hombres,1039
censo_ind_pobreza_nbi_6_2_de_40_44_condicion_de_pobreza_extrema_por_necesidades_basicas_insatisfechas_nbi_no_en_pobreza_extrema_sexo_al_nacer_mujeres,pobreza_nbi,6.2,"Población en viviendas particulares por condición de pobreza extrema por NBI y sexo al nacer, según provincia, cantón, parroquia de residencia y grupos quinquenales de edad",De 40-44,,Condición de Pobreza Extrema por Necesidades Básicas Insatisfechas NBI | No en pobreza extrema | Sexo al nacer | Mujeres,1040
censo_ind_pobreza_nbi_6_2_de_40_44_numero_total_de_personas_en_viviendas_particulares,pobreza_nbi,6.2,"Población en viviendas particulares por condición de pobreza extrema por NBI y sexo al nacer, según provincia, cantón, parroquia de residencia y grupos quinquenales de edad",De 40-44,,Número total de personas en viviendas particulares,1042
censo_ind_pobreza_nbi_6_2_de_45_49_condicion_de_pobreza_extrema_por_necesidades_basicas_insatisfechas_nbi_en_pobreza_extrema_sexo_al_nacer_hombres,pobreza_nbi,6.2,"Población en viviendas particulares por condición de pobreza extrema por NBI y sexo al nacer, según provincia, cantón, parroquia de residencia y grupos quinquenales de edad",De 45-49,,Condición de Pobreza Extrema por Necesidades Básicas Insatisfechas NBI | En pobreza extrema | Sexo al nacer | Hombres,989
censo_ind_pobreza_nbi_6_2_de_45_49_condicion_de_pobreza_extrema_por_necesidades_basicas_insatisfechas_nbi_en_pobreza_extrema_sexo_al_nacer_mujeres,pobreza_nbi,6.2,"Población en viviendas particulares por condición de pobreza extrema por NBI y sexo al nacer, según provincia, cantón, parroquia de residencia y grupos quinquenales de edad",De 45-49,,Condición de Pobreza Extrema por Necesidades Básicas Insatisfechas NBI | En pobreza extrema | Sexo al nacer | Mujeres,997
censo_ind_pobreza_nbi_6_2_de_45_49_condicion_de_pobreza_extrema_por_necesidades_basicas_insatisfechas_nbi_no_en_pobreza_extrema_sexo_al_nacer_hombres,pobreza_nbi,6.2,"Población en viviendas particulares por condición de pobreza extrema por NBI y sexo al nacer, según provincia, cantón, parroquia de residencia y grupos quinquenales de edad",De 45-49,,Condición de Pobreza Extrema por Necesidades Básicas Insatisfechas NBI | No en pobreza extrema | Sexo al nacer | Hombres,1040
censo_ind_pobreza_nbi_6_2_de_45_49_condicion_de_pobreza_extrema_por_necesidades_basicas_insatisfechas_nbi_no_en_pobreza_extrema_sexo_al_nacer_mujeres,pobreza_nbi,6.2,"Población en viviendas particulares por condición de pobreza extrema por NBI y sexo al nacer, según provincia, cantón, parroquia de residencia y grupos quinquenales de edad",De 45-49,,Condición de Pobreza Extrema por Necesidades Básicas Insatisfechas NBI | No en pobreza extrema | Sexo al nacer | Mujeres,1041
censo_ind_pobreza_nbi_6_2_de_45_49_numero_total_de_personas_en_viviendas_particulares,pobreza_nbi,6.2,"Población en viviendas particulares por condición de pobreza extrema por NBI y sexo al nacer, según provincia, cantón, parroquia de residencia y grupos quinquenales de edad",De 45-49,,Número total de personas en viviendas particulares,1042
censo_ind_pobreza_nbi_6_2_de_50_54_condicion_de_pobreza_extrema_por_necesidades_basicas_insatisfechas_nbi_no_en_pobreza_extrema_sexo_al_nacer_hombres,pobreza_nbi,6.2,"Población en viviendas particulares por condición de pobreza extrema por NBI y sexo al nacer, según provincia, cantón, parroquia de residencia y grupos quinquenales de edad",De 50-54,,Condición de Pobreza Extrema por Necesidades Básicas Insatisfechas NBI | No en pobreza extrema | Sexo al nacer | Hombres,1040
censo_ind_pobreza_nbi_6_2_de_50_54_condicion_de_pobreza_extrema_por_necesidades_basicas_insatisfechas_nbi_no_en_pobreza_extrema_sexo_al_nacer_mujeres,pobreza_nbi,6.2,"Población en viviendas particulares por condición de pobreza extrema por NBI y sexo al nacer, según provincia, cantón, parroquia de residencia y grupos quinquenales de edad",De 50-54,,Condición de Pobreza Extrema por Necesidades Básicas Insatisfechas NBI | No en pobreza extrema | Sexo al nacer | Mujeres,1039
censo_ind_pobreza_nbi_6_2_de_50_54_numero_total_de_personas_en_viviendas_particulares,pobreza_nbi,6.2,"Población en viviendas particulares por condición de pobreza extrema por NBI y sexo al nacer, según provincia, cantón, parroquia de residencia y grupos quinquenales de edad",De 50-54,,Número total de personas en viviendas particulares,1042
censo_ind_pobreza_nbi_6_2_de_55_59_condicion_de_pobreza_extrema_por_necesidades_basicas_insatisfechas_nbi_no_en_pobreza_extrema_sexo_al_nacer_hombres,pobreza_nbi,6.2,"Población en viviendas particulares por condición de pobreza extrema por NBI y sexo al nacer, según provincia, cantón, parroquia de residencia y grupos quinquenales de edad",De 55-59,,Condición de Pobreza Extrema por Necesidades Básicas Insatisfechas NBI | No en pobreza extrema | Sexo al nacer | Hombres,1039
censo_ind_pobreza_nbi_6_2_de_55_59_condicion_de_pobreza_extrema_por_necesidades_basicas_insatisfechas_nbi_no_en_pobreza_extrema_sexo_al_nacer_mujeres,pobreza_nbi,6.2,"Población en viviendas particulares por condición de pobreza extrema por NBI y sexo al nacer, según provincia, cantón, parroquia de residencia y grupos quinquenales de edad",De 55-59,,Condición de Pobreza Extrema por Necesidades Básicas Insatisfechas NBI | No en pobreza extrema | Sexo al nacer | Mujeres,1039
censo_ind_pobreza_nbi_6_2_de_55_59_numero_total_de_personas_en_viviendas_particulares,pobreza_nbi,6.2,"Población en viviendas particulares por condición de pobreza extrema por NBI y sexo al nacer, según provincia, cantón, parroquia de residencia y grupos quinquenales de edad",De 55-59,,Número total de personas en viviendas particulares,1041
censo_ind_pobreza_nbi_6_2_de_5_9_condicion_de_pobreza_extrema_por_necesidades_basicas_insatisfechas_nbi_en_pobreza_extrema_sexo_al_nacer_hombres,pobreza_nbi,6.2,"Población en viviendas particulares por condición de pobreza extrema por NBI y sexo al nacer, según provincia, cantón, parroquia de residencia y grupos quinquenales de edad",De 5-9,,Condición de Pobreza Extrema por Necesidades Básicas Insatisfechas NBI | En pobreza extrema | Sexo al nacer | Hombres,1030
censo_ind_pobreza_nbi_6_2_de_5_9_condicion_de_pobreza_extrema_por_necesidades_basicas_insatisfechas_nbi_en_pobreza_extrema_sexo_al_nacer_mujeres,pobreza_nbi,6.2,"Población en viviendas particulares por condición de pobreza extrema por NBI y sexo al nacer, según provincia, cantón, parroquia de residencia y grupos quinquenales de edad",De 5-9,,Condición de Pobreza Extrema por Necesidades Básicas Insatisfechas NBI | En pobreza extrema | Sexo al nacer | Mujeres,1024
censo_ind_pobreza_nbi_6_2_de_5_9_condicion_de_pobreza_extrema_por_necesidades_basicas_insatisfechas_nbi_no_en_pobreza_extrema_sexo_al_nacer_hombres,pobreza_nbi,6.2,"Población en viviendas particulares por condición de pobreza extrema por NBI y sexo al nacer, según provincia, cantón, parroquia de residencia y grupos quinquenales de edad",De 5-9,,Condición de Pobreza Extrema por Necesidades Básicas Insatisfechas NBI | No en pobreza extrema | Sexo al nacer | Hombres,1040
censo_ind_pobreza_nbi_6_2_de_5_9_condicion_de_pobreza_extrema_por_necesidades_basicas_insatisfechas_nbi_no_en_pobreza_extrema_sexo_al_nacer_mujeres,pobreza_nbi,6.2,"Población en viviendas particulares por condición de pobreza extrema por NBI y sexo al nacer, según provincia, cantón, parroquia de residencia y grupos quinquenales de edad",De 5-9,,Condición de Pobreza Extrema por Necesidades Básicas Insatisfechas NBI | No en pobreza extrema | Sexo al nacer | Mujeres,1040
censo_ind_pobreza_nbi_6_2_de_5_9_numero_total_de_personas_en_viviendas_particulares,pobreza_nbi,6.2,"Población en viviendas particulares por condición de pobreza extrema por NBI y sexo al nacer, según provincia, cantón, parroquia de residencia y grupos quinquenales de edad",De 5-9,,Número total de personas en viviendas particulares,1042
censo_ind_pobreza_nbi_6_2_de_60_64_condicion_de_pobreza_extrema_por_necesidades_basicas_insatisfechas_nbi_no_en_pobreza_extrema_sexo_al_nacer_hombres,pobreza_nbi,6.2,"Población en viviendas particulares por condición de pobreza extrema por NBI y sexo al nacer, según provincia, cantón, parroquia de residencia y grupos quinquenales de edad",De 60-64,,Condición de Pobreza Extrema por Necesidades Básicas Insatisfechas NBI | No en pobreza extrema | Sexo al nacer | Hombres,1037
censo_ind_pobreza_nbi_6_2_de_60_64_condicion_de_pobreza_extrema_por_necesidades_basicas_insatisfechas_nbi_no_en_pobreza_extrema_sexo_al_nacer_mujeres,pobreza_nbi,6.2,"Población en viviendas particulares por condición de pobreza extrema por NBI y sexo al nacer, según provincia, cantón, parroquia de residencia y grupos quinquenales de edad",De 60-64,,Condición de Pobreza Extrema por Necesidades Básicas Insatisfechas NBI | No en pobreza extrema | Sexo al nacer | Mujeres,1038
censo_ind_pobreza_nbi_6_2_de_60_64_numero_total_de_personas_en_viviendas_particulares,pobreza_nbi,6.2,"Población en viviendas particulares por condición de pobreza extrema por NBI y sexo al nacer, según provincia, cantón, parroquia de residencia y grupos quinquenales de edad",De 60-64,,Número total de personas en viviendas particulares,1042
censo_ind_pobreza_nbi_6_2_de_65_69_condicion_de_pobreza_extrema_por_necesidades_basicas_insatisfechas_nbi_no_en_pobreza_extrema_sexo_al_nacer_hombres,pobreza_nbi,6.2,"Población en viviendas particulares por condición de pobreza extrema por NBI y sexo al nacer, según provincia, cantón, parroquia de residencia y grupos quinquenales de edad",De 65-69,,Condición de Pobreza Extrema por Necesidades Básicas Insatisfechas NBI | No en pobreza extrema | Sexo al nacer | Hombres,1039
censo_ind_pobreza_nbi_6_2_de_65_69_condicion_de_pobreza_extrema_por_necesidades_basicas_insatisfechas_nbi_no_en_pobreza_extrema_sexo_al_nacer_mujeres,pobreza_nbi,6.2,"Población en viviendas particulares por condición de pobreza extrema por NBI y sexo al nacer, según provincia, cantón, parroquia de residencia y grupos quinquenales de edad",De 65-69,,Condición de Pobreza Extrema por Necesidades Básicas Insatisfechas NBI | No en pobreza extrema | Sexo al nacer | Mujeres,1037
censo_ind_pobreza_nbi_6_2_de_65_69_numero_total_de_personas_en_viviendas_particulares,pobreza_nbi,6.2,"Población en viviendas particulares por condición de pobreza extrema por NBI y sexo al nacer, según provincia, cantón, parroquia de residencia y grupos quinquenales de edad",De 65-69,,Número total de personas en viviendas particulares,1042
censo_ind_pobreza_nbi_6_2_de_70_74_condicion_de_pobreza_extrema_por_necesidades_basicas_insatisfechas_nbi_no_en_pobreza_extrema_sexo_al_nacer_hombres,pobreza_nbi,6.2,"Población en viviendas particulares por condición de pobreza extrema por NBI y sexo al nacer, según provincia, cantón, parroquia de residencia y grupos quinquenales de edad",De 70-74,,Condición de Pobreza Extrema por Necesidades Básicas Insatisfechas NBI | No en pobreza extrema | Sexo al nacer | Hombres,1037
censo_ind_pobreza_nbi_6_2_de_70_74_condicion_de_pobreza_extrema_por_necesidades_basicas_insatisfechas_nbi_no_en_pobreza_extrema_sexo_al_nacer_mujeres,pobreza_nbi,6.2,"Población en viviendas particulares por condición de pobreza extrema por NBI y sexo al nacer, según provincia, cantón, parroquia de residencia y grupos quinquenales de edad",De 70-74,,Condición de Pobreza Extrema por Necesidades Básicas Insatisfechas NBI | No en pobreza extrema | Sexo al nacer | Mujeres,1034
censo_ind_pobreza_nbi_6_2_de_70_74_numero_total_de_personas_en_viviendas_particulares,pobreza_nbi,6.2,"Población en viviendas particulares por condición de pobreza extrema por NBI y sexo al nacer, según provincia, cantón, parroquia de residencia y grupos quinquenales de edad",De 70-74,,Número total de personas en viviendas particulares,1042
censo_ind_pobreza_nbi_6_2_de_75_79_condicion_de_pobreza_extrema_por_necesidades_basicas_insatisfechas_nbi_no_en_pobreza_extrema_sexo_al_nacer_hombres,pobreza_nbi,6.2,"Población en viviendas particulares por condición de pobreza extrema por NBI y sexo al nacer, según provincia, cantón, parroquia de residencia y grupos quinquenales de edad",De 75-79,,Condición de Pobreza Extrema por Necesidades Básicas Insatisfechas NBI | No en pobreza extrema | Sexo al nacer | Hombres,1029
censo_ind_pobreza_nbi_6_2_de_75_79_condicion_de_pobreza_extrema_por_necesidades_basicas_insatisfechas_nbi_no_en_pobreza_extrema_sexo_al_nacer_mujeres,pobreza_nbi,6.2,"Población en viviendas particulares por condición de pobreza extrema por NBI y sexo al nacer, según provincia, cantón, parroquia de residencia y grupos quinquenales de edad",De 75-79,,Condición de Pobreza Extrema por Necesidades Básicas Insatisfechas NBI | No en pobreza extrema | Sexo al nacer | Mujeres,1026
censo_ind_pobreza_nbi_6_2_de_75_79_numero_total_de_personas_en_viviendas_particulares,pobreza_nbi,6.2,"Población en viviendas particulares por condición de pobreza extrema por NBI y sexo al nacer, según provincia, cantón, parroquia de residencia y grupos quinquenales de edad",De 75-79,,Número total de personas en viviendas particulares,1042
censo_ind_pobreza_nbi_6_2_de_80_84_condicion_de_pobreza_extrema_por_necesidades_basicas_insatisfechas_nbi_no_en_pobreza_extrema_sexo_al_nacer_hombres,pobreza_nbi,6.2,"Población en viviendas particulares por condición de pobreza extrema por NBI y sexo al nacer, según provincia, cantón, parroquia de residencia y grupos quinquenales de edad",De 80-84,,Condición de Pobreza Extrema por Necesidades Básicas Insatisfechas NBI | No en pobreza extrema | Sexo al nacer | Hombres,1014
censo_ind_pobreza_nbi_6_2_de_80_84_condicion_de_pobreza_extrema_por_necesidades_basicas_insatisfechas_nbi_no_en_pobreza_extrema_sexo_al_nacer_mujeres,pobreza_nbi,6.2,"Población en viviendas particulares por condición de pobreza extrema por NBI y sexo al nacer, según provincia, cantón, parroquia de residencia y grupos quinquenales de edad",De 80-84,,Condición de Pobreza Extrema por Necesidades Básicas Insatisfechas NBI | No en pobreza extrema | Sexo al nacer | Mujeres,1019
censo_ind_pobreza_nbi_6_2_de_80_84_numero_total_de_personas_en_viviendas_particulares,pobreza_nbi,6.2,"Población en viviendas particulares por condición de pobreza extrema por NBI y sexo al nacer, según provincia, cantón, parroquia de residencia y grupos quinquenales de edad",De 80-84,,Número total de personas en viviendas particulares,1037
censo_ind_pobreza_nbi_6_2_total_geografia_condicion_de_pobreza_extrema_por_necesidades_basicas_insatisfechas_nbi_en_pobreza_extrema_sexo_al_nacer_hombres,pobreza_nbi,6.2,"Población en viviendas particulares por condición de pobreza extrema por NBI y sexo al nacer, según provincia, cantón, parroquia de residencia y grupos quinquenales de edad",Total 10 de Agosto,,Condición de Pobreza Extrema por Necesidades Básicas Insatisfechas NBI | En pobreza extrema | Sexo al nacer | Hombres,1041
censo_ind_pobreza_nbi_6_2_total_geografia_condicion_de_pobreza_extrema_por_necesidades_basicas_insatisfechas_nbi_en_pobreza_extrema_sexo_al_nacer_mujeres,pobreza_nbi,6.2,"Población en viviendas particulares por condición de pobreza extrema por NBI y sexo al nacer, según provincia, cantón, parroquia de residencia y grupos quinquenales de edad",Total 10 de Agosto,,Condición de Pobreza Extrema por Necesidades Básicas Insatisfechas NBI | En pobreza extrema | Sexo al nacer | Mujeres,1041
censo_ind_pobreza_nbi_6_2_total_geografia_condicion_de_pobreza_extrema_por_necesidades_basicas_insatisfechas_nbi_no_en_pobreza_extrema_sexo_al_nacer_hombres,pobreza_nbi,6.2,"Población en viviendas particulares por condición de pobreza extrema por NBI y sexo al nacer, según provincia, cantón, parroquia de residencia y grupos quinquenales de edad",Total 10 de Agosto,,Condición de Pobreza Extrema por Necesidades Básicas Insatisfechas NBI | No en pobreza extrema | Sexo al nacer | Hombres,1042
censo_ind_pobreza_nbi_6_2_total_geografia_condicion_de_pobreza_extrema_por_necesidades_basicas_insatisfechas_nbi_no_en_pobreza_extrema_sexo_al_nacer_mujeres,pobreza_nbi,6.2,"Población en viviendas particulares por condición de pobreza extrema por NBI y sexo al nacer, según provincia, cantón, parroquia de residencia y grupos quinquenales de edad",Total 10 de Agosto,,Condición de Pobreza Extrema por Necesidades Básicas Insatisfechas NBI | No en pobreza extrema | Sexo al nacer | Mujeres,1042
censo_ind_pobreza_nbi_6_2_total_geografia_numero_total_de_personas_en_viviendas_particulares,pobreza_nbi,6.2,"Población en viviendas particulares por condición de pobreza extrema por NBI y sexo al nacer, según provincia, cantón, parroquia de residencia y grupos quinquenales de edad",Total 10 de Agosto,,Número total de personas en viviendas particulares,1042
censo_ind_pobreza_nbi_7_2_rural_condicion_de_pobreza_por_necesidades_basicas_insatisfechas_nbi_no_pobres,pobreza_nbi,7.2,"Población en viviendas particulares por composición  del NBI, según provincia, cantón, parroquia y área de residencia",Rural,,Condición de Pobreza por Necesidades Básicas Insatisfechas NBI | No pobres,1026
censo_ind_pobreza_nbi_7_2_rural_condicion_de_pobreza_por_necesidades_basicas_insatisfechas_nbi_pobres_composicion_de_la_pobreza_por_nbi_pobre_por_carencia_en_dos_o_mas_componentes,pobreza_nbi,7.2,"Población en viviendas particulares por composición  del NBI, según provincia, cantón, parroquia y área de residencia",Rural,,Condición de Pobreza por Necesidades Básicas Insatisfechas NBI | Pobres | Composición de la pobreza por NBI | Pobre por carencia en dos o más componentes,1037
censo_ind_pobreza_nbi_7_2_rural_condicion_de_pobreza_por_necesidades_basicas_insatisfechas_nbi_pobres_composicion_de_la_pobreza_por_nbi_pobre_solo_por_no_disponibilidad_de_servicios_basicos_de_la_vivienda,pobreza_nbi,7.2,"Población en viviendas particulares por composición  del NBI, según provincia, cantón, parroquia y área de residencia",Rural,,Condición de Pobreza por Necesidades Básicas Insatisfechas NBI | Pobres | Composición de la pobreza por NBI | Pobre solo por no disponibilidad de servicios básicos de la vivienda,1039
censo_ind_pobreza_nbi_7_2_rural_numero_total_de_personas_en_viviendas_particulares,pobreza_nbi,7.2,"Población en viviendas particulares por composición  del NBI, según provincia, cantón, parroquia y área de residencia",Rural,,Número total de personas en viviendas particulares,1039
censo_ind_pobreza_nbi_7_2_total_geografia_condicion_de_pobreza_por_necesidades_basicas_insatisfechas_nbi_no_pobres,pobreza_nbi,7.2,"Población en viviendas particulares por composición  del NBI, según provincia, cantón, parroquia y área de residencia",Total 10 de Agosto,,Condición de Pobreza por Necesidades Básicas Insatisfechas NBI | No pobres,1031
censo_ind_pobreza_nbi_7_2_total_geografia_condicion_de_pobreza_por_necesidades_basicas_insatisfechas_nbi_pobres_composicion_de_la_pobreza_por_nbi_pobre_por_carencia_en_dos_o_mas_componentes,pobreza_nbi,7.2,"Población en viviendas particulares por composición  del NBI, según provincia, cantón, parroquia y área de residencia",Total 10 de Agosto,,Condición de Pobreza por Necesidades Básicas Insatisfechas NBI | Pobres | Composición de la pobreza por NBI | Pobre por carencia en dos o más componentes,1041
censo_ind_pobreza_nbi_7_2_total_geografia_condicion_de_pobreza_por_necesidades_basicas_insatisfechas_nbi_pobres_composicion_de_la_pobreza_por_nbi_pobre_solo_por_no_disponibilidad_de_servicios_basicos_de_la_vivienda,pobreza_nbi,7.2,"Población en viviendas particulares por composición  del NBI, según provincia, cantón, parroquia y área de residencia",Total 10 de Agosto,,Condición de Pobreza por Necesidades Básicas Insatisfechas NBI | Pobres | Composición de la pobreza por NBI | Pobre solo por no disponibilidad de servicios básicos de la vivienda,1042
censo_ind_pobreza_nbi_7_2_total_geografia_numero_total_de_personas_en_viviendas_particulares,pobreza_nbi,7.2,"Población en viviendas particulares por composición  del NBI, según provincia, cantón, parroquia y área de residencia",Total 10 de Agosto,,Número total de personas en viviendas particulares,1042
censo_ind_pobreza_nbi_8_2_rural_condicion_de_pobreza_por_necesidades_basicas_insatisfechas_nbi_no_pobres,pobreza_nbi,8.2,"Hogares por condición de pobreza por NBI según provincia, cantón, parroquia y área de residencia",Rural,,Condición de Pobreza por Necesidades Básicas Insatisfechas NBI | No pobres,1026
censo_ind_pobreza_nbi_8_2_rural_condicion_de_pobreza_por_necesidades_basicas_insatisfechas_nbi_pobres,pobreza_nbi,8.2,"Hogares por condición de pobreza por NBI según provincia, cantón, parroquia y área de residencia",Rural,,Condición de Pobreza por Necesidades Básicas Insatisfechas NBI | Pobres,1039
censo_ind_pobreza_nbi_8_2_rural_numero_total_de_hogares,pobreza_nbi,8.2,"Hogares por condición de pobreza por NBI según provincia, cantón, parroquia y área de residencia",Rural,,Número total de hogares,1039
censo_ind_pobreza_nbi_8_2_total_geografia_condicion_de_pobreza_por_necesidades_basicas_insatisfechas_nbi_no_pobres,pobreza_nbi,8.2,"Hogares por condición de pobreza por NBI según provincia, cantón, parroquia y área de residencia",Total 10 de Agosto,,Condición de Pobreza por Necesidades Básicas Insatisfechas NBI | No pobres,1031
censo_ind_pobreza_nbi_8_2_total_geografia_condicion_de_pobreza_por_necesidades_basicas_insatisfechas_nbi_pobres,pobreza_nbi,8.2,"Hogares por condición de pobreza por NBI según provincia, cantón, parroquia y área de residencia",Total 10 de Agosto,,Condición de Pobreza por Necesidades Básicas Insatisfechas NBI | Pobres,1042
censo_ind_pobreza_nbi_8_2_total_geografia_numero_total_de_hogares,pobreza_nbi,8.2,"Hogares por condición de pobreza por NBI según provincia, cantón, parroquia y área de residencia",Total 10 de Agosto,,Número total de hogares,1042
censo_ind_pobreza_nbi_9_2_rural_condicion_de_pobreza_extrema_por_necesidades_basicas_insatisfechas_nbi_en_pobreza_extrema,pobreza_nbi,9.2,"Hogares por condición de pobreza extrema por NBI según provincia, cantón, parroquia y área de residencia",Rural,,Condición de Pobreza Extrema por Necesidades Básicas Insatisfechas NBI | En pobreza extrema,1037
censo_ind_pobreza_nbi_9_2_rural_condicion_de_pobreza_extrema_por_necesidades_basicas_insatisfechas_nbi_no_en_pobreza_extrema,pobreza_nbi,9.2,"Hogares por condición de pobreza extrema por NBI según provincia, cantón, parroquia y área de residencia",Rural,,Condición de Pobreza Extrema por Necesidades Básicas Insatisfechas NBI | No en pobreza extrema,1039
censo_ind_pobreza_nbi_9_2_rural_numero_total_de_hogares,pobreza_nbi,9.2,"Hogares por condición de pobreza extrema por NBI según provincia, cantón, parroquia y área de residencia",Rural,,Número total de hogares,1039
censo_ind_pobreza_nbi_9_2_total_geografia_condicion_de_pobreza_extrema_por_necesidades_basicas_insatisfechas_nbi_en_pobreza_extrema,pobreza_nbi,9.2,"Hogares por condición de pobreza extrema por NBI según provincia, cantón, parroquia y área de residencia",Total 10 de Agosto,,Condición de Pobreza Extrema por Necesidades Básicas Insatisfechas NBI | En pobreza extrema,1041
censo_ind_pobreza_nbi_9_2_total_geografia_condicion_de_pobreza_extrema_por_necesidades_basicas_insatisfechas_nbi_no_en_pobreza_extrema,pobreza_nbi,9.2,"Hogares por condición de pobreza extrema por NBI según provincia, cantón, parroquia y área de residencia",Total 10 de Agosto,,Condición de Pobreza Extrema por Necesidades Básicas Insatisfechas NBI | No en pobreza extrema,1042
censo_ind_pobreza_nbi_9_2_total_geografia_numero_total_de_hogares,pobreza_nbi,9.2,"Hogares por condición de pobreza extrema por NBI según provincia, cantón, parroquia y área de residencia",Total 10 de Agosto,,Número total de hogares,1042
censo_ind_servicios_vivienda_1_2_acceso_a_servicios_basicos_agua_por_red_publica_a,servicios_vivienda,1.2,"Viviendas particulares ocupadas por acceso a servicios básicos según provincia, cantón y parroquia",,,Acceso a servicios básicos | Agua por red pública (a),1041
censo_ind_servicios_vivienda_1_2_acceso_a_servicios_basicos_energia_electrica_de_red_publica,servicios_vivienda,1.2,"Viviendas particulares ocupadas por acceso a servicios básicos según provincia, cantón y parroquia",,,Acceso a servicios básicos | Energía eléctrica de red pública,1041
censo_ind_servicios_vivienda_1_2_acceso_a_servicios_basicos_recoleccion_de_basura_b,servicios_vivienda,1.2,"Viviendas particulares ocupadas por acceso a servicios básicos según provincia, cantón y parroquia",,,Acceso a servicios básicos | Recolección de basura (b),1032
censo_ind_servicios_vivienda_1_2_acceso_a_servicios_basicos_red_publica_de_alcantarillado_c,servicios_vivienda,1.2,"Viviendas particulares ocupadas por acceso a servicios básicos según provincia, cantón y parroquia",,,Acceso a servicios básicos | Red pública de alcantarillado (c),1023
censo_ind_servicios_vivienda_2_2_no_recibe_agua_por_tuberia_sino_por_otros_medios_fuente_de_abastecimiento_de_agua_otras_fuentes_rio_vertiente_acequia_canal_o_grieta_o_agua_lluvia,servicios_vivienda,2.2,"Viviendas particulares ocupadas por fuente de abastecimiento de agua, según provincia, cantón, parroquia y forma de recepción del agua en la vivienda","No recibe agua por tubería, sino por otros medios",,"Fuente de abastecimiento de agua | Otras fuentes (río, vertiente, acequia, canal o grieta o agua lluvia)",1032
censo_ind_servicios_vivienda_2_2_no_recibe_agua_por_tuberia_sino_por_otros_medios_numero_total_de_viviendas_particulares_ocupadas,servicios_vivienda,2.2,"Viviendas particulares ocupadas por fuente de abastecimiento de agua, según provincia, cantón, parroquia y forma de recepción del agua en la vivienda","No recibe agua por tubería, sino por otros medios",,Número total de viviendas particulares ocupadas,1035
censo_ind_servicios_vivienda_2_2_por_tuberia_dentro_de_la_vivienda_fuente_de_abastecimiento_de_agua_empresa_publica_municipio,servicios_vivienda,2.2,"Viviendas particulares ocupadas por fuente de abastecimiento de agua, según provincia, cantón, parroquia y forma de recepción del agua en la vivienda","Por tubería, dentro de la vivienda",,Fuente de abastecimiento de agua | Empresa pública/Municipio,999
censo_ind_servicios_vivienda_2_2_por_tuberia_dentro_de_la_vivienda_fuente_de_abastecimiento_de_agua_juntas_de_agua_organizaciones_comunitarias_gad_parroquial,servicios_vivienda,2.2,"Viviendas particulares ocupadas por fuente de abastecimiento de agua, según provincia, cantón, parroquia y forma de recepción del agua en la vivienda","Por tubería, dentro de la vivienda",,Fuente de abastecimiento de agua | Juntas de agua/Organizaciones comunitarias/GAD parroquial,1028
censo_ind_servicios_vivienda_2_2_por_tuberia_dentro_de_la_vivienda_fuente_de_abastecimiento_de_agua_otras_fuentes_rio_vertiente_acequia_canal_o_grieta_o_agua_lluvia,servicios_vivienda,2.2,"Viviendas particulares ocupadas por fuente de abastecimiento de agua, según provincia, cantón, parroquia y forma de recepción del agua en la vivienda","Por tubería, dentro de la vivienda",,"Fuente de abastecimiento de agua | Otras fuentes (río, vertiente, acequia, canal o grieta o agua lluvia)",991
censo_ind_servicios_vivienda_2_2_por_tuberia_dentro_de_la_vivienda_numero_total_de_viviendas_particulares_ocupadas,servicios_vivienda,2.2,"Viviendas particulares ocupadas por fuente de abastecimiento de agua, según provincia, cantón, parroquia y forma de recepción del agua en la vivienda","Por tubería, dentro de la vivienda",,Número total de viviendas particulares ocupadas,1042
censo_ind_servicios_vivienda_2_2_por_tuberia_fuera_de_la_vivienda_pero_dentro_del_edificio_lote_o_terreno_fuente_de_abastecimiento_de_agua_juntas_de_agua_organizaciones_comunitarias_gad_parroquial,servicios_vivienda,2.2,"Viviendas particulares ocupadas por fuente de abastecimiento de agua, según provincia, cantón, parroquia y forma de recepción del agua en la vivienda","Por tubería, fuera de la vivienda pero dentro del edificio, lote o terreno",,Fuente de abastecimiento de agua | Juntas de agua/Organizaciones comunitarias/GAD parroquial,1013
censo_ind_servicios_vivienda_2_2_por_tuberia_fuera_de_la_vivienda_pero_dentro_del_edificio_lote_o_terreno_numero_total_de_viviendas_particulares_ocupadas,servicios_vivienda,2.2,"Viviendas particulares ocupadas por fuente de abastecimiento de agua, según provincia, cantón, parroquia y forma de recepción del agua en la vivienda","Por tubería, fuera de la vivienda pero dentro del edificio, lote o terreno",,Número total de viviendas particulares ocupadas,1040
censo_ind_servicios_vivienda_2_2_por_tuberia_fuera_del_edificio_lote_o_terreno_numero_total_de_viviendas_particulares_ocupadas,servicios_vivienda,2.2,"Viviendas particulares ocupadas por fuente de abastecimiento de agua, según provincia, cantón, parroquia y forma de recepción del agua en la vivienda","Por tubería, fuera del edificio, lote o terreno",,Número total de viviendas particulares ocupadas,1009
censo_ind_servicios_vivienda_2_2_total_geografia_fuente_de_abastecimiento_de_agua_empresa_publica_municipio,servicios_vivienda,2.2,"Viviendas particulares ocupadas por fuente de abastecimiento de agua, según provincia, cantón, parroquia y forma de recepción del agua en la vivienda",Total 10 de Agosto,,Fuente de abastecimiento de agua | Empresa pública/Municipio,1015
censo_ind_servicios_vivienda_2_2_total_geografia_fuente_de_abastecimiento_de_agua_juntas_de_agua_organizaciones_comunitarias_gad_parroquial,servicios_vivienda,2.2,"Viviendas particulares ocupadas por fuente de abastecimiento de agua, según provincia, cantón, parroquia y forma de recepción del agua en la vivienda",Total 10 de Agosto,,Fuente de abastecimiento de agua | Juntas de agua/Organizaciones comunitarias/GAD parroquial,1033
censo_ind_servicios_vivienda_2_2_total_geografia_fuente_de_abastecimiento_de_agua_otras_fuentes_rio_vertiente_acequia_canal_o_grieta_o_agua_lluvia,servicios_vivienda,2.2,"Viviendas particulares ocupadas por fuente de abastecimiento de agua, según provincia, cantón, parroquia y forma de recepción del agua en la vivienda",Total 10 de Agosto,,"Fuente de abastecimiento de agua | Otras fuentes (río, vertiente, acequia, canal o grieta o agua lluvia)",1041
censo_ind_servicios_vivienda_2_2_total_geografia_numero_total_de_viviendas_particulares_ocupadas,servicios_vivienda,2.2,"Viviendas particulares ocupadas por fuente de abastecimiento de agua, según provincia, cantón, parroquia y forma de recepción del agua en la vivienda",Total 10 de Agosto,,Número total de viviendas particulares ocupadas,1042
censo_ind_servicios_vivienda_3_2_numero_total_de_viviendas_particulares_ocupadas,servicios_vivienda,3.2,"Viviendas particulares ocupadas por tipo de servicio higiénico de la vivienda, según provincia, cantón y parroquia",,,Número total de viviendas particulares ocupadas,1042
censo_ind_servicios_vivienda_3_2_tipo_de_servicio_higienico_en_la_vivienda_inodoro_o_escusado_conectado_a_pozo_ciego,servicios_vivienda,3.2,"Viviendas particulares ocupadas por tipo de servicio higiénico de la vivienda, según provincia, cantón y parroquia",,,"Tipo de servicio higiénico en la vivienda | Inodoro o escusado, conectado a pozo ciego",1025
censo_ind_servicios_vivienda_3_2_tipo_de_servicio_higienico_en_la_vivienda_inodoro_o_escusado_conectado_a_pozo_septico,servicios_vivienda,3.2,"Viviendas particulares ocupadas por tipo de servicio higiénico de la vivienda, según provincia, cantón y parroquia",,,"Tipo de servicio higiénico en la vivienda | Inodoro o escusado, conectado a pozo séptico",1041
censo_ind_servicios_vivienda_3_2_tipo_de_servicio_higienico_en_la_vivienda_inodoro_o_escusado_conectado_a_red_publica_de_alcaltarillado,servicios_vivienda,3.2,"Viviendas particulares ocupadas por tipo de servicio higiénico de la vivienda, según provincia, cantón y parroquia",,,"Tipo de servicio higiénico en la vivienda | Inodoro o escusado, conectado a red pública de alcaltarillado",1023
censo_ind_servicios_vivienda_3_2_tipo_de_servicio_higienico_en_la_vivienda_no_tiene,servicios_vivienda,3.2,"Viviendas particulares ocupadas por tipo de servicio higiénico de la vivienda, según provincia, cantón y parroquia",,,Tipo de servicio higiénico en la vivienda | No tiene,1034
censo_ind_servicios_vivienda_4_2_energia_electrica_proveniente_de_la_red_publica_no,servicios_vivienda,4.2,"Viviendas particulares ocupadas por disponibilidad de energía eléctrica proveniente de la red pública, según provincia, cantón y parroquia",,,Energía eléctrica proveniente de la red pública | No,1030
censo_ind_servicios_vivienda_4_2_energia_electrica_proveniente_de_la_red_publica_si,servicios_vivienda,4.2,"Viviendas particulares ocupadas por disponibilidad de energía eléctrica proveniente de la red pública, según provincia, cantón y parroquia",,,Energía eléctrica proveniente de la red pública | Si,1041
censo_ind_servicios_vivienda_4_2_numero_total_de_viviendas_particulares_ocupadas,servicios_vivienda,4.2,"Viviendas particulares ocupadas por disponibilidad de energía eléctrica proveniente de la red pública, según provincia, cantón y parroquia",,,Número total de viviendas particulares ocupadas,1042
censo_ind_servicios_vivienda_6_2_forma_de_eliminacion_de_basura_la_entierra,servicios_vivienda,6.2,"Viviendas particulares ocupadas  por forma de eliminación de basura, según provincia, cantón y parroquia",,,Forma de eliminación de basura | La entierra,989
censo_ind_servicios_vivienda_6_2_forma_de_eliminacion_de_basura_la_quema,servicios_vivienda,6.2,"Viviendas particulares ocupadas  por forma de eliminación de basura, según provincia, cantón y parroquia",,,Forma de eliminación de basura | La quema,1039
censo_ind_servicios_vivienda_6_2_forma_de_eliminacion_de_basura_por_carro_recolector,servicios_vivienda,6.2,"Viviendas particulares ocupadas  por forma de eliminación de basura, según provincia, cantón y parroquia",,,Forma de eliminación de basura | Por carro recolector,1029
censo_ind_servicios_vivienda_6_2_numero_total_de_viviendas_particulares_ocupadas,servicios_vivienda,6.2,"Viviendas particulares ocupadas  por forma de eliminación de basura, según provincia, cantón y parroquia",,,Número total de viviendas particulares ocupadas,1042
censo_ind_servicios_vivienda_7_2_inodoro_o_escusado_conectado_a_pozo_ciego_numero_total_de_viviendas_particulares_ocupadas,servicios_vivienda,7.2,"Viviendas particulares ocupadas  por fuente de abastecimiento de agua, según provincia, cantón, parroquia  y tipo de servicio higiénico","Inodoro o escusado, conectado a pozo ciego",,Número total de viviendas particulares ocupadas,1025
censo_ind_servicios_vivienda_7_2_inodoro_o_escusado_conectado_a_pozo_septico_fuente_de_abastecimiento_de_agua_juntas_de_agua_organizaciones_comunitarias_gad_parroquial,servicios_vivienda,7.2,"Viviendas particulares ocupadas  por fuente de abastecimiento de agua, según provincia, cantón, parroquia  y tipo de servicio higiénico","Inodoro o escusado, conectado a pozo séptico",,Fuente de abastecimiento de agua | Juntas de agua/Organizaciones comunitarias/GAD parroquial,1022
censo_ind_servicios_vivienda_7_2_inodoro_o_escusado_conectado_a_pozo_septico_fuente_de_abastecimiento_de_agua_otras_fuentes_rio_vertiente_acequia_canal_o_grieta_o_agua_lluvia,servicios_vivienda,7.2,"Viviendas particulares ocupadas  por fuente de abastecimiento de agua, según provincia, cantón, parroquia  y tipo de servicio higiénico","Inodoro o escusado, conectado a pozo séptico",,"Fuente de abastecimiento de agua | Otras fuentes (río, vertiente, acequia, canal o grieta o agua lluvia)",1022
censo_ind_servicios_vivienda_7_2_inodoro_o_escusado_conectado_a_pozo_septico_numero_total_de_viviendas_particulares_ocupadas,servicios_vivienda,7.2,"Viviendas particulares ocupadas  por fuente de abastecimiento de agua, según provincia, cantón, parroquia  y tipo de servicio higiénico","Inodoro o escusado, conectado a pozo séptico",,Número total de viviendas particulares ocupadas,1041
censo_ind_servicios_vivienda_7_2_inodoro_o_escusado_conectado_a_red_publica_de_alcantarillado_numero_total_de_viviendas_particulares_ocupadas,servicios_vivienda,7.2,"Viviendas particulares ocupadas  por fuente de abastecimiento de agua, según provincia, cantón, parroquia  y tipo de servicio higiénico","Inodoro o escusado, conectado a red pública de alcantarillado",,Número total de viviendas particulares ocupadas,1023
censo_ind_servicios_vivienda_7_2_no_tiene_fuente_de_abastecimiento_de_agua_otras_fuentes_rio_vertiente_acequia_canal_o_grieta_o_agua_lluvia,servicios_vivienda,7.2,"Viviendas particulares ocupadas  por fuente de abastecimiento de agua, según provincia, cantón, parroquia  y tipo de servicio higiénico",No tiene,,"Fuente de abastecimiento de agua | Otras fuentes (río, vertiente, acequia, canal o grieta o agua lluvia)",1009
censo_ind_servicios_vivienda_7_2_no_tiene_numero_total_de_viviendas_particulares_ocupadas,servicios_vivienda,7.2,"Viviendas particulares ocupadas  por fuente de abastecimiento de agua, según provincia, cantón, parroquia  y tipo de servicio higiénico",No tiene,,Número total de viviendas particulares ocupadas,1034
censo_ind_servicios_vivienda_7_2_total_geografia_fuente_de_abastecimiento_de_agua_empresa_publica_municipio,servicios_vivienda,7.2,"Viviendas particulares ocupadas  por fuente de abastecimiento de agua, según provincia, cantón, parroquia  y tipo de servicio higiénico",Total 10 de Agosto,,Fuente de abastecimiento de agua | Empresa pública/Municipio,1015
censo_ind_servicios_vivienda_7_2_total_geografia_fuente_de_abastecimiento_de_agua_juntas_de_agua_organizaciones_comunitarias_gad_parroquial,servicios_vivienda,7.2,"Viviendas particulares ocupadas  por fuente de abastecimiento de agua, según provincia, cantón, parroquia  y tipo de servicio higiénico",Total 10 de Agosto,,Fuente de abastecimiento de agua | Juntas de agua/Organizaciones comunitarias/GAD parroquial,1033
censo_ind_servicios_vivienda_7_2_total_geografia_fuente_de_abastecimiento_de_agua_otras_fuentes_rio_vertiente_acequia_canal_o_grieta_o_agua_lluvia,servicios_vivienda,7.2,"Viviendas particulares ocupadas  por fuente de abastecimiento de agua, según provincia, cantón, parroquia  y tipo de servicio higiénico",Total 10 de Agosto,,"Fuente de abastecimiento de agua | Otras fuentes (río, vertiente, acequia, canal o grieta o agua lluvia)",1041
censo_ind_servicios_vivienda_7_2_total_geografia_numero_total_de_viviendas_particulares_ocupadas,servicios_vivienda,7.2,"Viviendas particulares ocupadas  por fuente de abastecimiento de agua, según provincia, cantón, parroquia  y tipo de servicio higiénico",Total 10 de Agosto,,Número total de viviendas particulares ocupadas,1042
censo_ind_tic_1_2_hombres_uso_de_tic_en_los_ultimos_3_meses_uso_de_computadora_o_laptop_no,tic,1.2,"Población de 5 años o más por uso de TIC en los últimos 3 meses, según cantón, parroquia de residencia y sexo al nacer",Hombres,,Uso de TIC en los últimos 3 meses | Uso de computadora o laptop | No,1042
censo_ind_tic_1_2_hombres_uso_de_tic_en_los_ultimos_3_meses_uso_de_computadora_o_laptop_si,tic,1.2,"Población de 5 años o más por uso de TIC en los últimos 3 meses, según cantón, parroquia de residencia y sexo al nacer",Hombres,,Uso de TIC en los últimos 3 meses | Uso de computadora o laptop | Sí,1042
censo_ind_tic_1_2_hombres_uso_de_tic_en_los_ultimos_3_meses_uso_de_internet_no,tic,1.2,"Población de 5 años o más por uso de TIC en los últimos 3 meses, según cantón, parroquia de residencia y sexo al nacer",Hombres,,Uso de TIC en los últimos 3 meses | Uso de internet | No,1042
censo_ind_tic_1_2_hombres_uso_de_tic_en_los_ultimos_3_meses_uso_de_internet_si,tic,1.2,"Población de 5 años o más por uso de TIC en los últimos 3 meses, según cantón, parroquia de residencia y sexo al nacer",Hombres,,Uso de TIC en los últimos 3 meses | Uso de internet | Sí,1042
censo_ind_tic_1_2_hombres_uso_de_tic_en_los_ultimos_3_meses_uso_de_tablet_no,tic,1.2,"Población de 5 años o más por uso de TIC en los últimos 3 meses, según cantón, parroquia de residencia y sexo al nacer",Hombres,,Uso de TIC en los últimos 3 meses | Uso de tablet | No,1042
censo_ind_tic_1_2_hombres_uso_de_tic_en_los_ultimos_3_meses_uso_de_tablet_si,tic,1.2,"Población de 5 años o más por uso de TIC en los últimos 3 meses, según cantón, parroquia de residencia y sexo al nacer",Hombres,,Uso de TIC en los últimos 3 meses | Uso de tablet | Sí,1030
censo_ind_tic_1_2_hombres_uso_de_tic_en_los_ultimos_3_meses_uso_de_telefono_celular_no,tic,1.2,"Población de 5 años o más por uso de TIC en los últimos 3 meses, según cantón, parroquia de residencia y sexo al nacer",Hombres,,Uso de TIC en los últimos 3 meses | Uso de teléfono celular | No,1042
censo_ind_tic_1_2_hombres_uso_de_tic_en_los_ultimos_3_meses_uso_de_telefono_celular_si,tic,1.2,"Población de 5 años o más por uso de TIC en los últimos 3 meses, según cantón, parroquia de residencia y sexo al nacer",Hombres,,Uso de TIC en los últimos 3 meses | Uso de teléfono celular | Sí,1042
censo_ind_tic_1_2_mujeres_uso_de_tic_en_los_ultimos_3_meses_uso_de_computadora_o_laptop_no,tic,1.2,"Población de 5 años o más por uso de TIC en los últimos 3 meses, según cantón, parroquia de residencia y sexo al nacer",Mujeres,,Uso de TIC en los últimos 3 meses | Uso de computadora o laptop | No,1042
censo_ind_tic_1_2_mujeres_uso_de_tic_en_los_ultimos_3_meses_uso_de_computadora_o_laptop_si,tic,1.2,"Población de 5 años o más por uso de TIC en los últimos 3 meses, según cantón, parroquia de residencia y sexo al nacer",Mujeres,,Uso de TIC en los últimos 3 meses | Uso de computadora o laptop | Sí,1042
censo_ind_tic_1_2_mujeres_uso_de_tic_en_los_ultimos_3_meses_uso_de_internet_no,tic,1.2,"Población de 5 años o más por uso de TIC en los últimos 3 meses, según cantón, parroquia de residencia y sexo al nacer",Mujeres,,Uso de TIC en los últimos 3 meses | Uso de internet | No,1042
censo_ind_tic_1_2_mujeres_uso_de_tic_en_los_ultimos_3_meses_uso_de_internet_si,tic,1.2,"Población de 5 años o más por uso de TIC en los últimos 3 meses, según cantón, parroquia de residencia y sexo al nacer",Mujeres,,Uso de TIC en los últimos 3 meses | Uso de internet | Sí,1042
censo_ind_tic_1_2_mujeres_uso_de_tic_en_los_ultimos_3_meses_uso_de_tablet_no,tic,1.2,"Población de 5 años o más por uso de TIC en los últimos 3 meses, según cantón, parroquia de residencia y sexo al nacer",Mujeres,,Uso de TIC en los últimos 3 meses | Uso de tablet | No,1042
censo_ind_tic_1_2_mujeres_uso_de_tic_en_los_ultimos_3_meses_uso_de_tablet_si,tic,1.2,"Población de 5 años o más por uso de TIC en los últimos 3 meses, según cantón, parroquia de residencia y sexo al nacer",Mujeres,,Uso de TIC en los últimos 3 meses | Uso de tablet | Sí,1028
censo_ind_tic_1_2_mujeres_uso_de_tic_en_los_ultimos_3_meses_uso_de_telefono_celular_no,tic,1.2,"Población de 5 años o más por uso de TIC en los últimos 3 meses, según cantón, parroquia de residencia y sexo al nacer",Mujeres,,Uso de TIC en los últimos 3 meses | Uso de teléfono celular | No,1042
censo_ind_tic_1_2_mujeres_uso_de_tic_en_los_ultimos_3_meses_uso_de_telefono_celular_si,tic,1.2,"Población de 5 años o más por uso de TIC en los últimos 3 meses, según cantón, parroquia de residencia y sexo al nacer",Mujeres,,Uso de TIC en los últimos 3 meses | Uso de teléfono celular | Sí,1042
censo_ind_tic_1_2_total_geografia_uso_de_tic_en_los_ultimos_3_meses_uso_de_computadora_o_laptop_no,tic,1.2,"Población de 5 años o más por uso de TIC en los últimos 3 meses, según cantón, parroquia de residencia y sexo al nacer",Total 10 de Agosto,,Uso de TIC en los últimos 3 meses | Uso de computadora o laptop | No,1042
censo_ind_tic_1_2_total_geografia_uso_de_tic_en_los_ultimos_3_meses_uso_de_computadora_o_laptop_si,tic,1.2,"Población de 5 años o más por uso de TIC en los últimos 3 meses, según cantón, parroquia de residencia y sexo al nacer",Total 10 de Agosto,,Uso de TIC en los últimos 3 meses | Uso de computadora o laptop | Sí,1042
censo_ind_tic_1_2_total_geografia_uso_de_tic_en_los_ultimos_3_meses_uso_de_internet_no,tic,1.2,"Población de 5 años o más por uso de TIC en los últimos 3 meses, según cantón, parroquia de residencia y sexo al nacer",Total 10 de Agosto,,Uso de TIC en los últimos 3 meses | Uso de internet | No,1042
censo_ind_tic_1_2_total_geografia_uso_de_tic_en_los_ultimos_3_meses_uso_de_internet_si,tic,1.2,"Población de 5 años o más por uso de TIC en los últimos 3 meses, según cantón, parroquia de residencia y sexo al nacer",Total 10 de Agosto,,Uso de TIC en los últimos 3 meses | Uso de internet | Sí,1042
censo_ind_tic_1_2_total_geografia_uso_de_tic_en_los_ultimos_3_meses_uso_de_tablet_no,tic,1.2,"Población de 5 años o más por uso de TIC en los últimos 3 meses, según cantón, parroquia de residencia y sexo al nacer",Total 10 de Agosto,,Uso de TIC en los últimos 3 meses | Uso de tablet | No,1042
censo_ind_tic_1_2_total_geografia_uso_de_tic_en_los_ultimos_3_meses_uso_de_tablet_si,tic,1.2,"Población de 5 años o más por uso de TIC en los últimos 3 meses, según cantón, parroquia de residencia y sexo al nacer",Total 10 de Agosto,,Uso de TIC en los últimos 3 meses | Uso de tablet | Sí,1037
censo_ind_tic_1_2_total_geografia_uso_de_tic_en_los_ultimos_3_meses_uso_de_telefono_celular_no,tic,1.2,"Población de 5 años o más por uso de TIC en los últimos 3 meses, según cantón, parroquia de residencia y sexo al nacer",Total 10 de Agosto,,Uso de TIC en los últimos 3 meses | Uso de teléfono celular | No,1042
censo_ind_tic_1_2_total_geografia_uso_de_tic_en_los_ultimos_3_meses_uso_de_telefono_celular_si,tic,1.2,"Población de 5 años o más por uso de TIC en los últimos 3 meses, según cantón, parroquia de residencia y sexo al nacer",Total 10 de Agosto,,Uso de TIC en los últimos 3 meses | Uso de teléfono celular | Sí,1042
censo_ind_tic_3_2_disponibilidad_de_bienes_y_servicios_tic_computadora_de_escritorio_o_laptop_no,tic,3.2,"Hogares según disponibilidad de bienes y servicios TIC (teléfono convencional, celular, televisión pagada, internet o computadora de escritorio o laptop), según provincia, cantón y parroquia de residencia",,,Disponibilidad de bienes y servicios TIC | Computadora (de escritorio o laptop) | No,1042
censo_ind_tic_3_2_disponibilidad_de_bienes_y_servicios_tic_computadora_de_escritorio_o_laptop_si,tic,3.2,"Hogares según disponibilidad de bienes y servicios TIC (teléfono convencional, celular, televisión pagada, internet o computadora de escritorio o laptop), según provincia, cantón y parroquia de residencia",,,Disponibilidad de bienes y servicios TIC | Computadora (de escritorio o laptop) | Sí,1042
censo_ind_tic_3_2_disponibilidad_de_bienes_y_servicios_tic_internet_fijo_no,tic,3.2,"Hogares según disponibilidad de bienes y servicios TIC (teléfono convencional, celular, televisión pagada, internet o computadora de escritorio o laptop), según provincia, cantón y parroquia de residencia",,,Disponibilidad de bienes y servicios TIC | Internet fijo | No,1042
censo_ind_tic_3_2_disponibilidad_de_bienes_y_servicios_tic_internet_fijo_si,tic,3.2,"Hogares según disponibilidad de bienes y servicios TIC (teléfono convencional, celular, televisión pagada, internet o computadora de escritorio o laptop), según provincia, cantón y parroquia de residencia",,,Disponibilidad de bienes y servicios TIC | Internet fijo | Sí,1042
censo_ind_tic_3_2_disponibilidad_de_bienes_y_servicios_tic_telefono_celular_no,tic,3.2,"Hogares según disponibilidad de bienes y servicios TIC (teléfono convencional, celular, televisión pagada, internet o computadora de escritorio o laptop), según provincia, cantón y parroquia de residencia",,,Disponibilidad de bienes y servicios TIC | Teléfono celular | No,1042
censo_ind_tic_3_2_disponibilidad_de_bienes_y_servicios_tic_telefono_celular_si,tic,3.2,"Hogares según disponibilidad de bienes y servicios TIC (teléfono convencional, celular, televisión pagada, internet o computadora de escritorio o laptop), según provincia, cantón y parroquia de residencia",,,Disponibilidad de bienes y servicios TIC | Teléfono celular | Sí,1042
censo_ind_tic_3_2_disponibilidad_de_bienes_y_servicios_tic_telefono_convencional_no,tic,3.2,"Hogares según disponibilidad de bienes y servicios TIC (teléfono convencional, celular, televisión pagada, internet o computadora de escritorio o laptop), según provincia, cantón y parroquia de residencia",,,Disponibilidad de bienes y servicios TIC | Teléfono convencional | No,1042
censo_ind_tic_3_2_disponibilidad_de_bienes_y_servicios_tic_telefono_convencional_si,tic,3.2,"Hogares según disponibilidad de bienes y servicios TIC (teléfono convencional, celular, televisión pagada, internet o computadora de escritorio o laptop), según provincia, cantón y parroquia de residencia",,,Disponibilidad de bienes y servicios TIC | Teléfono convencional | Sí,1033
censo_ind_tic_3_2_disponibilidad_de_bienes_y_servicios_tic_television_pagada_no,tic,3.2,"Hogares según disponibilidad de bienes y servicios TIC (teléfono convencional, celular, televisión pagada, internet o computadora de escritorio o laptop), según provincia, cantón y parroquia de residencia",,,Disponibilidad de bienes y servicios TIC | Televisión pagada | No,1042
censo_ind_tic_3_2_disponibilidad_de_bienes_y_servicios_tic_television_pagada_si,tic,3.2,"Hogares según disponibilidad de bienes y servicios TIC (teléfono convencional, celular, televisión pagada, internet o computadora de escritorio o laptop), según provincia, cantón y parroquia de residencia",,,Disponibilidad de bienes y servicios TIC | Televisión pagada | Sí,1041
censo_ind_trabajo_1_2_hombres_la_semana_pasada_atendio_un_negocio_propio,trabajo,1.2,"Población de 5 años o más por  actividad realizada la semana pasada, según provincia, cantón, parroquia de residencia y sexo al nacer",Hombres,,La semana pasada (…): | Atendió un negocio propio?,1006
censo_ind_trabajo_1_2_hombres_la_semana_pasada_hizo_o_ayudo_en_labores_agricolas_cria_de_animales_o_pesca,trabajo,1.2,"Población de 5 años o más por  actividad realizada la semana pasada, según provincia, cantón, parroquia de residencia y sexo al nacer",Hombres,,"La semana pasada (…): | Hizo o ayudó en labores agrícolas, cría de animales o pesca?",1041
censo_ind_trabajo_1_2_hombres_la_semana_pasada_no_trabajo,trabajo,1.2,"Población de 5 años o más por  actividad realizada la semana pasada, según provincia, cantón, parroquia de residencia y sexo al nacer",Hombres,,La semana pasada (…): | No trabajó,1042
censo_ind_trabajo_1_2_hombres_la_semana_pasada_realizo_algun_trabajo_ocasional_cachuelo_o_chaucha_por_un_pago,trabajo,1.2,"Población de 5 años o más por  actividad realizada la semana pasada, según provincia, cantón, parroquia de residencia y sexo al nacer",Hombres,,La semana pasada (…): | Realizó algún trabajo ocasional (cachuelo o chaucha) por un pago?,1022
censo_ind_trabajo_1_2_hombres_la_semana_pasada_trabajo_al_menos_una_hora_para_generar_un_ingreso,trabajo,1.2,"Población de 5 años o más por  actividad realizada la semana pasada, según provincia, cantón, parroquia de residencia y sexo al nacer",Hombres,,La semana pasada (…): | Trabajó al menos una hora para generar un ingreso?,1042
censo_ind_trabajo_1_2_hombres_numero_total_de_personas_de_5_anos_o_mas,trabajo,1.2,"Población de 5 años o más por  actividad realizada la semana pasada, según provincia, cantón, parroquia de residencia y sexo al nacer",Hombres,,Número total de personas de 5 años o más,1042
censo_ind_trabajo_1_2_mujeres_la_semana_pasada_atendio_un_negocio_propio,trabajo,1.2,"Población de 5 años o más por  actividad realizada la semana pasada, según provincia, cantón, parroquia de residencia y sexo al nacer",Mujeres,,La semana pasada (…): | Atendió un negocio propio?,1010
censo_ind_trabajo_1_2_mujeres_la_semana_pasada_ayudo_en_algun_negocio_o_empleo_de_algun_miembro_de_su_hogar,trabajo,1.2,"Población de 5 años o más por  actividad realizada la semana pasada, según provincia, cantón, parroquia de residencia y sexo al nacer",Mujeres,,La semana pasada (…): | Ayudó en algún negocio o empleo de algún miembro de su hogar?,990
censo_ind_trabajo_1_2_mujeres_la_semana_pasada_hizo_o_ayudo_en_labores_agricolas_cria_de_animales_o_pesca,trabajo,1.2,"Población de 5 años o más por  actividad realizada la semana pasada, según provincia, cantón, parroquia de residencia y sexo al nacer",Mujeres,,"La semana pasada (…): | Hizo o ayudó en labores agrícolas, cría de animales o pesca?",1036
censo_ind_trabajo_1_2_mujeres_la_semana_pasada_no_trabajo,trabajo,1.2,"Población de 5 años o más por  actividad realizada la semana pasada, según provincia, cantón, parroquia de residencia y sexo al nacer",Mujeres,,La semana pasada (…): | No trabajó,1042
censo_ind_trabajo_1_2_mujeres_la_semana_pasada_trabajo_al_menos_una_hora_para_generar_un_ingreso,trabajo,1.2,"Población de 5 años o más por  actividad realizada la semana pasada, según provincia, cantón, parroquia de residencia y sexo al nacer",Mujeres,,La semana pasada (…): | Trabajó al menos una hora para generar un ingreso?,1041
censo_ind_trabajo_1_2_mujeres_numero_total_de_personas_de_5_anos_o_mas,trabajo,1.2,"Población de 5 años o más por  actividad realizada la semana pasada, según provincia, cantón, parroquia de residencia y sexo al nacer",Mujeres,,Número total de personas de 5 años o más,1042
censo_ind_trabajo_1_2_total_geografia_la_semana_pasada_atendio_un_negocio_propio,trabajo,1.2,"Población de 5 años o más por  actividad realizada la semana pasada, según provincia, cantón, parroquia de residencia y sexo al nacer",Total 10 de Agosto,,La semana pasada (…): | Atendió un negocio propio?,1030
censo_ind_trabajo_1_2_total_geografia_la_semana_pasada_ayudo_en_algun_negocio_o_empleo_de_algun_miembro_de_su_hogar,trabajo,1.2,"Población de 5 años o más por  actividad realizada la semana pasada, según provincia, cantón, parroquia de residencia y sexo al nacer",Total 10 de Agosto,,La semana pasada (…): | Ayudó en algún negocio o empleo de algún miembro de su hogar?,1017
censo_ind_trabajo_1_2_total_geografia_la_semana_pasada_hizo_o_ayudo_en_labores_agricolas_cria_de_animales_o_pesca,trabajo,1.2,"Población de 5 años o más por  actividad realizada la semana pasada, según provincia, cantón, parroquia de residencia y sexo al nacer",Total 10 de Agosto,,"La semana pasada (…): | Hizo o ayudó en labores agrícolas, cría de animales o pesca?",1041
censo_ind_trabajo_1_2_total_geografia_la_semana_pasada_no_trabajo,trabajo,1.2,"Población de 5 años o más por  actividad realizada la semana pasada, según provincia, cantón, parroquia de residencia y sexo al nacer",Total 10 de Agosto,,La semana pasada (…): | No trabajó,1042
censo_ind_trabajo_1_2_total_geografia_la_semana_pasada_realizo_algun_trabajo_ocasional_cachuelo_o_chaucha_por_un_pago,trabajo,1.2,"Población de 5 años o más por  actividad realizada la semana pasada, según provincia, cantón, parroquia de residencia y sexo al nacer",Total 10 de Agosto,,La semana pasada (…): | Realizó algún trabajo ocasional (cachuelo o chaucha) por un pago?,1027
censo_ind_trabajo_1_2_total_geografia_la_semana_pasada_trabajo_al_menos_una_hora_para_generar_un_ingreso,trabajo,1.2,"Población de 5 años o más por  actividad realizada la semana pasada, según provincia, cantón, parroquia de residencia y sexo al nacer",Total 10 de Agosto,,La semana pasada (…): | Trabajó al menos una hora para generar un ingreso?,1042
censo_ind_trabajo_1_2_total_geografia_numero_total_de_personas_de_5_anos_o_mas,trabajo,1.2,"Población de 5 años o más por  actividad realizada la semana pasada, según provincia, cantón, parroquia de residencia y sexo al nacer",Total 10 de Agosto,,Número total de personas de 5 años o más,1042
censo_ind_trabajo_3_2_hombres_condicion_de_actividad_en_la_fuerza_de_trabajo_condicion_de_ocupacion_desocupada,trabajo,3.2,"Población de 15 años o más por condición de actividad y de ocupación, según provincia, cantón, parroquia de residencia y sexo al nacer",Hombres,,Condición de actividad | En la fuerza de trabajo | Condición de ocupación | Desocupada,1038
censo_ind_trabajo_3_2_hombres_condicion_de_actividad_en_la_fuerza_de_trabajo_condicion_de_ocupacion_ocupada,trabajo,3.2,"Población de 15 años o más por condición de actividad y de ocupación, según provincia, cantón, parroquia de residencia y sexo al nacer",Hombres,,Condición de actividad | En la fuerza de trabajo | Condición de ocupación | Ocupada,1042
censo_ind_trabajo_3_2_hombres_condicion_de_actividad_fuera_de_la_fuerza_de_trabajo_condicion_de_ocupacion_desocupada,trabajo,3.2,"Población de 15 años o más por condición de actividad y de ocupación, según provincia, cantón, parroquia de residencia y sexo al nacer",Hombres,,Condición de actividad | Fuera de la fuerza de trabajo | Condición de ocupación | Desocupada,1042
censo_ind_trabajo_3_2_hombres_numero_total_de_personas_de_15_anos_o_mas,trabajo,3.2,"Población de 15 años o más por condición de actividad y de ocupación, según provincia, cantón, parroquia de residencia y sexo al nacer",Hombres,,Número total de personas de 15 años o más,1042
censo_ind_trabajo_3_2_mujeres_condicion_de_actividad_en_la_fuerza_de_trabajo_condicion_de_ocupacion_desocupada,trabajo,3.2,"Población de 15 años o más por condición de actividad y de ocupación, según provincia, cantón, parroquia de residencia y sexo al nacer",Mujeres,,Condición de actividad | En la fuerza de trabajo | Condición de ocupación | Desocupada,1040
censo_ind_trabajo_3_2_mujeres_condicion_de_actividad_en_la_fuerza_de_trabajo_condicion_de_ocupacion_ocupada,trabajo,3.2,"Población de 15 años o más por condición de actividad y de ocupación, según provincia, cantón, parroquia de residencia y sexo al nacer",Mujeres,,Condición de actividad | En la fuerza de trabajo | Condición de ocupación | Ocupada,1041
censo_ind_trabajo_3_2_mujeres_condicion_de_actividad_fuera_de_la_fuerza_de_trabajo_condicion_de_ocupacion_desocupada,trabajo,3.2,"Población de 15 años o más por condición de actividad y de ocupación, según provincia, cantón, parroquia de residencia y sexo al nacer",Mujeres,,Condición de actividad | Fuera de la fuerza de trabajo | Condición de ocupación | Desocupada,1042
censo_ind_trabajo_3_2_mujeres_numero_total_de_personas_de_15_anos_o_mas,trabajo,3.2,"Población de 15 años o más por condición de actividad y de ocupación, según provincia, cantón, parroquia de residencia y sexo al nacer",Mujeres,,Número total de personas de 15 años o más,1042
censo_ind_trabajo_3_2_total_geografia_condicion_de_actividad_en_la_fuerza_de_trabajo_condicion_de_ocupacion_desocupada,trabajo,3.2,"Población de 15 años o más por condición de actividad y de ocupación, según provincia, cantón, parroquia de residencia y sexo al nacer",Total 10 de Agosto,,Condición de actividad | En la fuerza de trabajo | Condición de ocupación | Desocupada,1041
censo_ind_trabajo_3_2_total_geografia_condicion_de_actividad_en_la_fuerza_de_trabajo_condicion_de_ocupacion_ocupada,trabajo,3.2,"Población de 15 años o más por condición de actividad y de ocupación, según provincia, cantón, parroquia de residencia y sexo al nacer",Total 10 de Agosto,,Condición de actividad | En la fuerza de trabajo | Condición de ocupación | Ocupada,1042
censo_ind_trabajo_3_2_total_geografia_condicion_de_actividad_fuera_de_la_fuerza_de_trabajo_condicion_de_ocupacion_desocupada,trabajo,3.2,"Población de 15 años o más por condición de actividad y de ocupación, según provincia, cantón, parroquia de residencia y sexo al nacer",Total 10 de Agosto,,Condición de actividad | Fuera de la fuerza de trabajo | Condición de ocupación | Desocupada,1042
censo_ind_trabajo_3_2_total_geografia_numero_total_de_personas_de_15_anos_o_mas,trabajo,3.2,"Población de 15 años o más por condición de actividad y de ocupación, según provincia, cantón, parroquia de residencia y sexo al nacer",Total 10 de Agosto,,Número total de personas de 15 años o más,1042
