rate_feature_id,numerator_feature_id,denominator_feature_id,numerator_metric,denominator_metric,table_name
censo_rate_autoidentificacion_cultura_sin_numero_hombres_autoidentificacion_segun_cultura_y_costumbres_mestiza_o,censo_ind_autoidentificacion_cultura_sin_numero_hombres_autoidentificacion_segun_cultura_y_costumbres_mestiza_o,censo_ind_autoidentificacion_cultura_sin_numero_hombres_numero_total_de_personas,Autoidentificación según cultura y costumbres | Mestiza/o,Número total de personas,"Población por autoidentificación según cultura y costumbres, según provincia, cantón, parroquia de residencia y sexo al nacer"
censo_rate_autoidentificacion_cultura_sin_numero_mujeres_autoidentificacion_segun_cultura_y_costumbres_mestiza_o,censo_ind_autoidentificacion_cultura_sin_numero_mujeres_autoidentificacion_segun_cultura_y_costumbres_mestiza_o,censo_ind_autoidentificacion_cultura_sin_numero_mujeres_numero_total_de_personas,Autoidentificación según cultura y costumbres | Mestiza/o,Número total de personas,"Población por autoidentificación según cultura y costumbres, según provincia, cantón, parroquia de residencia y sexo al nacer"
censo_rate_autoidentificacion_cultura_sin_numero_total_geografia_autoidentificacion_segun_cultura_y_costumbres_mestiza_o,censo_ind_autoidentificacion_cultura_sin_numero_total_geografia_autoidentificacion_segun_cultura_y_costumbres_mestiza_o,censo_ind_autoidentificacion_cultura_sin_numero_total_geografia_numero_total_de_personas,Autoidentificación según cultura y costumbres | Mestiza/o,Número total de personas,"Población por autoidentificación según cultura y costumbres, según provincia, cantón, parroquia de residencia y sexo al nacer"
censo_rate_composicion_hogar_1_2_numero_de_miembros_del_hogar_1_persona,censo_ind_composicion_hogar_1_2_numero_de_miembros_del_hogar_1_persona,censo_ind_composicion_hogar_1_2_numero_total_de_hogares,Número de miembros del hogar | 1 persona,Número total de hogares,"Hogares por número de miembros del hogar, según provincia, cantón y parroquia"
censo_rate_composicion_hogar_1_2_numero_de_miembros_del_hogar_2_personas,censo_ind_composicion_hogar_1_2_numero_de_miembros_del_hogar_2_personas,censo_ind_composicion_hogar_1_2_numero_total_de_hogares,Número de miembros del hogar | 2 personas,Número total de hogares,"Hogares por número de miembros del hogar, según provincia, cantón y parroquia"
censo_rate_composicion_hogar_1_2_numero_de_miembros_del_hogar_3_personas,censo_ind_composicion_hogar_1_2_numero_de_miembros_del_hogar_3_personas,censo_ind_composicion_hogar_1_2_numero_total_de_hogares,Número de miembros del hogar | 3 personas,Número total de hogares,"Hogares por número de miembros del hogar, según provincia, cantón y parroquia"
censo_rate_composicion_hogar_1_2_numero_de_miembros_del_hogar_4_personas,censo_ind_composicion_hogar_1_2_numero_de_miembros_del_hogar_4_personas,censo_ind_composicion_hogar_1_2_numero_total_de_hogares,Número de miembros del hogar | 4 personas,Número total de hogares,"Hogares por número de miembros del hogar, según provincia, cantón y parroquia"
censo_rate_composicion_hogar_1_2_numero_de_miembros_del_hogar_5_personas_o_mas,censo_ind_composicion_hogar_1_2_numero_de_miembros_del_hogar_5_personas_o_mas,censo_ind_composicion_hogar_1_2_numero_total_de_hogares,Número de miembros del hogar | 5 personas o más,Número total de hogares,"Hogares por número de miembros del hogar, según provincia, cantón y parroquia"
censo_rate_composicion_hogar_2_2_hombres_numero_de_miembros_del_hogar_1_persona,censo_ind_composicion_hogar_2_2_hombres_numero_de_miembros_del_hogar_1_persona,censo_ind_composicion_hogar_2_2_hombres_numero_total_de_hogares,Número de miembros del hogar | 1 persona,Número total de hogares,"Hogares por número de miembros del hogar, según provincia, cantón, parroquia y sexo del representante del hogar"
censo_rate_composicion_hogar_2_2_hombres_numero_de_miembros_del_hogar_2_personas,censo_ind_composicion_hogar_2_2_hombres_numero_de_miembros_del_hogar_2_personas,censo_ind_composicion_hogar_2_2_hombres_numero_total_de_hogares,Número de miembros del hogar | 2 personas,Número total de hogares,"Hogares por número de miembros del hogar, según provincia, cantón, parroquia y sexo del representante del hogar"
censo_rate_composicion_hogar_2_2_hombres_numero_de_miembros_del_hogar_3_personas,censo_ind_composicion_hogar_2_2_hombres_numero_de_miembros_del_hogar_3_personas,censo_ind_composicion_hogar_2_2_hombres_numero_total_de_hogares,Número de miembros del hogar | 3 personas,Número total de hogares,"Hogares por número de miembros del hogar, según provincia, cantón, parroquia y sexo del representante del hogar"
censo_rate_composicion_hogar_2_2_hombres_numero_de_miembros_del_hogar_4_personas,censo_ind_composicion_hogar_2_2_hombres_numero_de_miembros_del_hogar_4_personas,censo_ind_composicion_hogar_2_2_hombres_numero_total_de_hogares,Número de miembros del hogar | 4 personas,Número total de hogares,"Hogares por número de miembros del hogar, según provincia, cantón, parroquia y sexo del representante del hogar"
censo_rate_composicion_hogar_2_2_hombres_numero_de_miembros_del_hogar_5_personas_o_mas,censo_ind_composicion_hogar_2_2_hombres_numero_de_miembros_del_hogar_5_personas_o_mas,censo_ind_composicion_hogar_2_2_hombres_numero_total_de_hogares,Número de miembros del hogar | 5 personas o más,Número total de hogares,"Hogares por número de miembros del hogar, según provincia, cantón, parroquia y sexo del representante del hogar"
censo_rate_composicion_hogar_2_2_mujeres_numero_de_miembros_del_hogar_1_persona,censo_ind_composicion_hogar_2_2_mujeres_numero_de_miembros_del_hogar_1_persona,censo_ind_composicion_hogar_2_2_mujeres_numero_total_de_hogares,Número de miembros del hogar | 1 persona,Número total de hogares,"Hogares por número de miembros del hogar, según provincia, cantón, parroquia y sexo del representante del hogar"
censo_rate_composicion_hogar_2_2_mujeres_numero_de_miembros_del_hogar_2_personas,censo_ind_composicion_hogar_2_2_mujeres_numero_de_miembros_del_hogar_2_personas,censo_ind_composicion_hogar_2_2_mujeres_numero_total_de_hogares,Número de miembros del hogar | 2 personas,Número total de hogares,"Hogares por número de miembros del hogar, según provincia, cantón, parroquia y sexo del representante del hogar"
censo_rate_composicion_hogar_2_2_mujeres_numero_de_miembros_del_hogar_3_personas,censo_ind_composicion_hogar_2_2_mujeres_numero_de_miembros_del_hogar_3_personas,censo_ind_composicion_hogar_2_2_mujeres_numero_total_de_hogares,Número de miembros del hogar | 3 personas,Número total de hogares,"Hogares por número de miembros del hogar, según provincia, cantón, parroquia y sexo del representante del hogar"
censo_rate_composicion_hogar_2_2_mujeres_numero_de_miembros_del_hogar_4_personas,censo_ind_composicion_hogar_2_2_mujeres_numero_de_miembros_del_hogar_4_personas,censo_ind_composicion_hogar_2_2_mujeres_numero_total_de_hogares,Número de miembros del hogar | 4 personas,Número total de hogares,"Hogares por número de miembros del hogar, según provincia, cantón, parroquia y sexo del representante del hogar"
censo_rate_composicion_hogar_2_2_mujeres_numero_de_miembros_del_hogar_5_personas_o_mas,censo_ind_composicion_hogar_2_2_mujeres_numero_de_miembros_del_hogar_5_personas_o_mas,censo_ind_composicion_hogar_2_2_mujeres_numero_total_de_hogares,Número de miembros del hogar | 5 personas o más,Número total de hogares,"Hogares por número de miembros del hogar, según provincia, cantón, parroquia y sexo del representante del hogar"
censo_rate_composicion_hogar_2_2_total_geografia_numero_de_miembros_del_hogar_1_persona,censo_ind_composicion_hogar_2_2_total_geografia_numero_de_miembros_del_hogar_1_persona,censo_ind_composicion_hogar_2_2_total_geografia_numero_total_de_hogares,Número de miembros del hogar | 1 persona,Número total de hogares,"Hogares por número de miembros del hogar, según provincia, cantón, parroquia y sexo del representante del hogar"
censo_rate_composicion_hogar_2_2_total_geografia_numero_de_miembros_del_hogar_2_personas,censo_ind_composicion_hogar_2_2_total_geografia_numero_de_miembros_del_hogar_2_personas,censo_ind_composicion_hogar_2_2_total_geografia_numero_total_de_hogares,Número de miembros del hogar | 2 personas,Número total de hogares,"Hogares por número de miembros del hogar, según provincia, cantón, parroquia y sexo del representante del hogar"
censo_rate_composicion_hogar_2_2_total_geografia_numero_de_miembros_del_hogar_3_personas,censo_ind_composicion_hogar_2_2_total_geografia_numero_de_miembros_del_hogar_3_personas,censo_ind_composicion_hogar_2_2_total_geografia_numero_total_de_hogares,Número de miembros del hogar | 3 personas,Número total de hogares,"Hogares por número de miembros del hogar, según provincia, cantón, parroquia y sexo del representante del hogar"
censo_rate_composicion_hogar_2_2_total_geografia_numero_de_miembros_del_hogar_4_personas,censo_ind_composicion_hogar_2_2_total_geografia_numero_de_miembros_del_hogar_4_personas,censo_ind_composicion_hogar_2_2_total_geografia_numero_total_de_hogares,Número de miembros del hogar | 4 personas,Número total de hogares,"Hogares por número de miembros del hogar, según provincia, cantón, parroquia y sexo del representante del hogar"
censo_rate_composicion_hogar_2_2_total_geografia_numero_de_miembros_del_hogar_5_personas_o_mas,censo_ind_composicion_hogar_2_2_total_geografia_numero_de_miembros_del_hogar_5_personas_o_mas,censo_ind_composicion_hogar_2_2_total_geografia_numero_total_de_hogares,Número de miembros del hogar | 5 personas o más,Número total de hogares,"Hogares por número de miembros del hogar, según provincia, cantón, parroquia y sexo del representante del hogar"
censo_rate_condiciones_vida_2_2_arrendada_anticresis_numero_de_personas_por_cuarto_exclusivo_para_dormir_1_persona_por_cuarto_o_menos,censo_ind_condiciones_vida_2_2_arrendada_anticresis_numero_de_personas_por_cuarto_exclusivo_para_dormir_1_persona_por_cuarto_o_menos,censo_ind_condiciones_vida_2_2_arrendada_anticresis_numero_total_de_hogares,Número de personas por cuarto exclusivo para dormir | 1 persona por cuarto o menos,Número total de hogares,"Hogares por número de personas por cuarto exclusivo para dormir, según provincia, cantón, parroquia de residencia y condición de tenencia de la vivienda"
censo_rate_condiciones_vida_2_2_arrendada_anticresis_numero_de_personas_por_cuarto_exclusivo_para_dormir_mas_de_1_y_hasta_3_personas_por_cuarto,censo_ind_condiciones_vida_2_2_arrendada_anticresis_numero_de_personas_por_cuarto_exclusivo_para_dormir_mas_de_1_y_hasta_3_personas_por_cuarto,censo_ind_condiciones_vida_2_2_arrendada_anticresis_numero_total_de_hogares,Número de personas por cuarto exclusivo para dormir | Más de 1 y hasta 3 personas por cuarto,Número total de hogares,"Hogares por número de personas por cuarto exclusivo para dormir, según provincia, cantón, parroquia de residencia y condición de tenencia de la vivienda"
censo_rate_condiciones_vida_2_2_presatada_o_cedida_no_paga_numero_de_personas_por_cuarto_exclusivo_para_dormir_1_persona_por_cuarto_o_menos,censo_ind_condiciones_vida_2_2_presatada_o_cedida_no_paga_numero_de_personas_por_cuarto_exclusivo_para_dormir_1_persona_por_cuarto_o_menos,censo_ind_condiciones_vida_2_2_presatada_o_cedida_no_paga_numero_total_de_hogares,Número de personas por cuarto exclusivo para dormir | 1 persona por cuarto o menos,Número total de hogares,"Hogares por número de personas por cuarto exclusivo para dormir, según provincia, cantón, parroquia de residencia y condición de tenencia de la vivienda"
censo_rate_condiciones_vida_2_2_presatada_o_cedida_no_paga_numero_de_personas_por_cuarto_exclusivo_para_dormir_mas_de_1_y_hasta_3_personas_por_cuarto,censo_ind_condiciones_vida_2_2_presatada_o_cedida_no_paga_numero_de_personas_por_cuarto_exclusivo_para_dormir_mas_de_1_y_hasta_3_personas_por_cuarto,censo_ind_condiciones_vida_2_2_presatada_o_cedida_no_paga_numero_total_de_hogares,Número de personas por cuarto exclusivo para dormir | Más de 1 y hasta 3 personas por cuarto,Número total de hogares,"Hogares por número de personas por cuarto exclusivo para dormir, según provincia, cantón, parroquia de residencia y condición de tenencia de la vivienda"
censo_rate_condiciones_vida_2_2_presatada_o_cedida_no_paga_numero_de_personas_por_cuarto_exclusivo_para_dormir_mas_de_3_y_hasta_5_personas_por_cuarto,censo_ind_condiciones_vida_2_2_presatada_o_cedida_no_paga_numero_de_personas_por_cuarto_exclusivo_para_dormir_mas_de_3_y_hasta_5_personas_por_cuarto,censo_ind_condiciones_vida_2_2_presatada_o_cedida_no_paga_numero_total_de_hogares,Número de personas por cuarto exclusivo para dormir | Más de 3 y hasta 5 personas por cuarto,Número total de hogares,"Hogares por número de personas por cuarto exclusivo para dormir, según provincia, cantón, parroquia de residencia y condición de tenencia de la vivienda"
censo_rate_condiciones_vida_2_2_propia_regalada_donada_heredada_o_por_posesion_numero_de_personas_por_cuarto_exclusivo_para_dormir_1_persona_por_cuarto_o_menos,censo_ind_condiciones_vida_2_2_propia_regalada_donada_heredada_o_por_posesion_numero_de_personas_por_cuarto_exclusivo_para_dormir_1_persona_por_cuarto_o_menos,censo_ind_condiciones_vida_2_2_propia_regalada_donada_heredada_o_por_posesion_numero_total_de_hogares,Número de personas por cuarto exclusivo para dormir | 1 persona por cuarto o menos,Número total de hogares,"Hogares por número de personas por cuarto exclusivo para dormir, según provincia, cantón, parroquia de residencia y condición de tenencia de la vivienda"
censo_rate_condiciones_vida_2_2_propia_regalada_donada_heredada_o_por_posesion_numero_de_personas_por_cuarto_exclusivo_para_dormir_mas_de_1_y_hasta_3_personas_por_cuarto,censo_ind_condiciones_vida_2_2_propia_regalada_donada_heredada_o_por_posesion_numero_de_personas_por_cuarto_exclusivo_para_dormir_mas_de_1_y_hasta_3_personas_por_cuarto,censo_ind_condiciones_vida_2_2_propia_regalada_donada_heredada_o_por_posesion_numero_total_de_hogares,Número de personas por cuarto exclusivo para dormir | Más de 1 y hasta 3 personas por cuarto,Número total de hogares,"Hogares por número de personas por cuarto exclusivo para dormir, según provincia, cantón, parroquia de residencia y condición de tenencia de la vivienda"
censo_rate_condiciones_vida_2_2_propia_y_la_estan_pagando_numero_de_personas_por_cuarto_exclusivo_para_dormir_mas_de_1_y_hasta_3_personas_por_cuarto,censo_ind_condiciones_vida_2_2_propia_y_la_estan_pagando_numero_de_personas_por_cuarto_exclusivo_para_dormir_mas_de_1_y_hasta_3_personas_por_cuarto,censo_ind_condiciones_vida_2_2_propia_y_la_estan_pagando_numero_total_de_hogares,Número de personas por cuarto exclusivo para dormir | Más de 1 y hasta 3 personas por cuarto,Número total de hogares,"Hogares por número de personas por cuarto exclusivo para dormir, según provincia, cantón, parroquia de residencia y condición de tenencia de la vivienda"
censo_rate_condiciones_vida_2_2_propia_y_totalmente_pagada_numero_de_personas_por_cuarto_exclusivo_para_dormir_1_persona_por_cuarto_o_menos,censo_ind_condiciones_vida_2_2_propia_y_totalmente_pagada_numero_de_personas_por_cuarto_exclusivo_para_dormir_1_persona_por_cuarto_o_menos,censo_ind_condiciones_vida_2_2_propia_y_totalmente_pagada_numero_total_de_hogares,Número de personas por cuarto exclusivo para dormir | 1 persona por cuarto o menos,Número total de hogares,"Hogares por número de personas por cuarto exclusivo para dormir, según provincia, cantón, parroquia de residencia y condición de tenencia de la vivienda"
censo_rate_condiciones_vida_2_2_propia_y_totalmente_pagada_numero_de_personas_por_cuarto_exclusivo_para_dormir_mas_de_1_y_hasta_3_personas_por_cuarto,censo_ind_condiciones_vida_2_2_propia_y_totalmente_pagada_numero_de_personas_por_cuarto_exclusivo_para_dormir_mas_de_1_y_hasta_3_personas_por_cuarto,censo_ind_condiciones_vida_2_2_propia_y_totalmente_pagada_numero_total_de_hogares,Número de personas por cuarto exclusivo para dormir | Más de 1 y hasta 3 personas por cuarto,Número total de hogares,"Hogares por número de personas por cuarto exclusivo para dormir, según provincia, cantón, parroquia de residencia y condición de tenencia de la vivienda"
censo_rate_condiciones_vida_2_2_propia_y_totalmente_pagada_numero_de_personas_por_cuarto_exclusivo_para_dormir_mas_de_3_y_hasta_5_personas_por_cuarto,censo_ind_condiciones_vida_2_2_propia_y_totalmente_pagada_numero_de_personas_por_cuarto_exclusivo_para_dormir_mas_de_3_y_hasta_5_personas_por_cuarto,censo_ind_condiciones_vida_2_2_propia_y_totalmente_pagada_numero_total_de_hogares,Número de personas por cuarto exclusivo para dormir | Más de 3 y hasta 5 personas por cuarto,Número total de hogares,"Hogares por número de personas por cuarto exclusivo para dormir, según provincia, cantón, parroquia de residencia y condición de tenencia de la vivienda"
censo_rate_condiciones_vida_2_2_total_geografia_numero_de_personas_por_cuarto_exclusivo_para_dormir_1_persona_por_cuarto_o_menos,censo_ind_condiciones_vida_2_2_total_geografia_numero_de_personas_por_cuarto_exclusivo_para_dormir_1_persona_por_cuarto_o_menos,censo_ind_condiciones_vida_2_2_total_geografia_numero_total_de_hogares,Número de personas por cuarto exclusivo para dormir | 1 persona por cuarto o menos,Número total de hogares,"Hogares por número de personas por cuarto exclusivo para dormir, según provincia, cantón, parroquia de residencia y condición de tenencia de la vivienda"
censo_rate_condiciones_vida_2_2_total_geografia_numero_de_personas_por_cuarto_exclusivo_para_dormir_hogares_con_0_cuartos,censo_ind_condiciones_vida_2_2_total_geografia_numero_de_personas_por_cuarto_exclusivo_para_dormir_hogares_con_0_cuartos,censo_ind_condiciones_vida_2_2_total_geografia_numero_total_de_hogares,Número de personas por cuarto exclusivo para dormir | Hogares con 0 cuartos,Número total de hogares,"Hogares por número de personas por cuarto exclusivo para dormir, según provincia, cantón, parroquia de residencia y condición de tenencia de la vivienda"
censo_rate_condiciones_vida_2_2_total_geografia_numero_de_personas_por_cuarto_exclusivo_para_dormir_mas_de_1_y_hasta_3_personas_por_cuarto,censo_ind_condiciones_vida_2_2_total_geografia_numero_de_personas_por_cuarto_exclusivo_para_dormir_mas_de_1_y_hasta_3_personas_por_cuarto,censo_ind_condiciones_vida_2_2_total_geografia_numero_total_de_hogares,Número de personas por cuarto exclusivo para dormir | Más de 1 y hasta 3 personas por cuarto,Número total de hogares,"Hogares por número de personas por cuarto exclusivo para dormir, según provincia, cantón, parroquia de residencia y condición de tenencia de la vivienda"
censo_rate_condiciones_vida_2_2_total_geografia_numero_de_personas_por_cuarto_exclusivo_para_dormir_mas_de_3_y_hasta_5_personas_por_cuarto,censo_ind_condiciones_vida_2_2_total_geografia_numero_de_personas_por_cuarto_exclusivo_para_dormir_mas_de_3_y_hasta_5_personas_por_cuarto,censo_ind_condiciones_vida_2_2_total_geografia_numero_total_de_hogares,Número de personas por cuarto exclusivo para dormir | Más de 3 y hasta 5 personas por cuarto,Número total de hogares,"Hogares por número de personas por cuarto exclusivo para dormir, según provincia, cantón, parroquia de residencia y condición de tenencia de la vivienda"
censo_rate_condiciones_vida_2_2_total_geografia_numero_de_personas_por_cuarto_exclusivo_para_dormir_mas_de_5_personas_por_cuarto,censo_ind_condiciones_vida_2_2_total_geografia_numero_de_personas_por_cuarto_exclusivo_para_dormir_mas_de_5_personas_por_cuarto,censo_ind_condiciones_vida_2_2_total_geografia_numero_total_de_hogares,Número de personas por cuarto exclusivo para dormir | Más de 5 personas por cuarto,Número total de hogares,"Hogares por número de personas por cuarto exclusivo para dormir, según provincia, cantón, parroquia de residencia y condición de tenencia de la vivienda"
censo_rate_condiciones_vida_3_2_disponibilidad_de_cuarto_o_espacio_exclusivo_para_cocinar_no_principal_combustible_o_energia_que_utiliza_para_cocinar_gas_de_tanque_o_cilindro,censo_ind_condiciones_vida_3_2_disponibilidad_de_cuarto_o_espacio_exclusivo_para_cocinar_no_principal_combustible_o_energia_que_utiliza_para_cocinar_gas_de_tanque_o_cilindro,censo_ind_condiciones_vida_3_2_numero_total_de_hogares,Disponibilidad de cuarto o espacio exclusivo para cocinar | No | Principal combustible  o energía que utiliza para cocinar | Gas de tanque o cilindro,Número total de hogares,"Hogares por disponibilidad de cuarto o espacio exclusivo para cocinar y principal combustible o energía que utiliza para cocinar, según provincia, cantón y parroquia de residencia"
censo_rate_condiciones_vida_3_2_disponibilidad_de_cuarto_o_espacio_exclusivo_para_cocinar_no_principal_combustible_o_energia_que_utiliza_para_cocinar_numero_de_hogares_que_no_cuentan_con_un_cuarto_o_espacio_exclusivo_para_cocinar,censo_ind_condiciones_vida_3_2_disponibilidad_de_cuarto_o_espacio_exclusivo_para_cocinar_no_principal_combustible_o_energia_que_utiliza_para_cocinar_numero_de_hogares_que_no_cuentan_con_un_cuarto_o_espacio_exclusivo_para_cocinar,censo_ind_condiciones_vida_3_2_numero_total_de_hogares,Disponibilidad de cuarto o espacio exclusivo para cocinar | No | Principal combustible  o energía que utiliza para cocinar | Número de hogares que no cuentan con un cuarto o espacio exclusivo para cocinar,Número total de hogares,"Hogares por disponibilidad de cuarto o espacio exclusivo para cocinar y principal combustible o energía que utiliza para cocinar, según provincia, cantón y parroquia de residencia"
censo_rate_condiciones_vida_3_2_disponibilidad_de_cuarto_o_espacio_exclusivo_para_cocinar_si_principal_combustible_o_energia_que_utiliza_para_cocinar_gas_de_tanque_o_cilindro,censo_ind_condiciones_vida_3_2_disponibilidad_de_cuarto_o_espacio_exclusivo_para_cocinar_si_principal_combustible_o_energia_que_utiliza_para_cocinar_gas_de_tanque_o_cilindro,censo_ind_condiciones_vida_3_2_numero_total_de_hogares,Disponibilidad de cuarto o espacio exclusivo para cocinar | Si | Principal combustible  o energía que utiliza para cocinar | Gas de tanque o cilindro,Número total de hogares,"Hogares por disponibilidad de cuarto o espacio exclusivo para cocinar y principal combustible o energía que utiliza para cocinar, según provincia, cantón y parroquia de residencia"
censo_rate_condiciones_vida_3_2_disponibilidad_de_cuarto_o_espacio_exclusivo_para_cocinar_si_principal_combustible_o_energia_que_utiliza_para_cocinar_lena_o_carbon,censo_ind_condiciones_vida_3_2_disponibilidad_de_cuarto_o_espacio_exclusivo_para_cocinar_si_principal_combustible_o_energia_que_utiliza_para_cocinar_lena_o_carbon,censo_ind_condiciones_vida_3_2_numero_total_de_hogares,Disponibilidad de cuarto o espacio exclusivo para cocinar | Si | Principal combustible  o energía que utiliza para cocinar | Leña o carbón,Número total de hogares,"Hogares por disponibilidad de cuarto o espacio exclusivo para cocinar y principal combustible o energía que utiliza para cocinar, según provincia, cantón y parroquia de residencia"
censo_rate_condiciones_vida_3_2_disponibilidad_de_cuarto_o_espacio_exclusivo_para_cocinar_si_principal_combustible_o_energia_que_utiliza_para_cocinar_numero_de_hogares_que_cuentan_con_un_cuarto_o_espacio_exclusivo_para_cocinar,censo_ind_condiciones_vida_3_2_disponibilidad_de_cuarto_o_espacio_exclusivo_para_cocinar_si_principal_combustible_o_energia_que_utiliza_para_cocinar_numero_de_hogares_que_cuentan_con_un_cuarto_o_espacio_exclusivo_para_cocinar,censo_ind_condiciones_vida_3_2_numero_total_de_hogares,Disponibilidad de cuarto o espacio exclusivo para cocinar | Si | Principal combustible  o energía que utiliza para cocinar | Número de hogares que cuentan con un cuarto o espacio exclusivo para cocinar,Número total de hogares,"Hogares por disponibilidad de cuarto o espacio exclusivo para cocinar y principal combustible o energía que utiliza para cocinar, según provincia, cantón y parroquia de residencia"
censo_rate_condiciones_vida_4_2_de_uso_exclusivo_del_hogar_tipo_de_servicio_higienico_disponible_en_la_vivienda_inodoro_o_escusado_conectado_a_pozo_ciego,censo_ind_condiciones_vida_4_2_de_uso_exclusivo_del_hogar_tipo_de_servicio_higienico_disponible_en_la_vivienda_inodoro_o_escusado_conectado_a_pozo_ciego,censo_ind_condiciones_vida_4_2_de_uso_exclusivo_del_hogar_numero_total_de_hogares,"Tipo de servicio higiénico disponible en la vivienda | Inodoro o escusado, conectado a pozo ciego",Número total de hogares,"Hogares por tipo de servicio higiénico de la vivienda, según  provincia, cantón, parroquia  de residencia y condición de exclusividad del servicio higiénico"
censo_rate_condiciones_vida_4_2_de_uso_exclusivo_del_hogar_tipo_de_servicio_higienico_disponible_en_la_vivienda_inodoro_o_escusado_conectado_a_pozo_septico,censo_ind_condiciones_vida_4_2_de_uso_exclusivo_del_hogar_tipo_de_servicio_higienico_disponible_en_la_vivienda_inodoro_o_escusado_conectado_a_pozo_septico,censo_ind_condiciones_vida_4_2_de_uso_exclusivo_del_hogar_numero_total_de_hogares,"Tipo de servicio higiénico disponible en la vivienda | Inodoro o escusado, conectado a pozo séptico",Número total de hogares,"Hogares por tipo de servicio higiénico de la vivienda, según  provincia, cantón, parroquia  de residencia y condición de exclusividad del servicio higiénico"
censo_rate_condiciones_vida_4_2_de_uso_exclusivo_del_hogar_tipo_de_servicio_higienico_disponible_en_la_vivienda_inodoro_o_escusado_conectado_a_red_publica_de_alcantarillado,censo_ind_condiciones_vida_4_2_de_uso_exclusivo_del_hogar_tipo_de_servicio_higienico_disponible_en_la_vivienda_inodoro_o_escusado_conectado_a_red_publica_de_alcantarillado,censo_ind_condiciones_vida_4_2_de_uso_exclusivo_del_hogar_numero_total_de_hogares,"Tipo de servicio higiénico disponible en la vivienda | Inodoro o escusado, conectado a red pública de alcantarillado",Número total de hogares,"Hogares por tipo de servicio higiénico de la vivienda, según  provincia, cantón, parroquia  de residencia y condición de exclusividad del servicio higiénico"
censo_rate_condiciones_vida_4_2_no_tiene_tipo_de_servicio_higienico_disponible_en_la_vivienda_no_tiene,censo_ind_condiciones_vida_4_2_no_tiene_tipo_de_servicio_higienico_disponible_en_la_vivienda_no_tiene,censo_ind_condiciones_vida_4_2_no_tiene_numero_total_de_hogares,Tipo de servicio higiénico disponible en la vivienda | No tiene,Número total de hogares,"Hogares por tipo de servicio higiénico de la vivienda, según  provincia, cantón, parroquia  de residencia y condición de exclusividad del servicio higiénico"
censo_rate_condiciones_vida_4_2_total_geografia_tipo_de_servicio_higienico_disponible_en_la_vivienda_inodoro_o_escusado_conectado_a_pozo_ciego,censo_ind_condiciones_vida_4_2_total_geografia_tipo_de_servicio_higienico_disponible_en_la_vivienda_inodoro_o_escusado_conectado_a_pozo_ciego,censo_ind_condiciones_vida_4_2_total_geografia_numero_total_de_hogares,"Tipo de servicio higiénico disponible en la vivienda | Inodoro o escusado, conectado a pozo ciego",Número total de hogares,"Hogares por tipo de servicio higiénico de la vivienda, según  provincia, cantón, parroquia  de residencia y condición de exclusividad del servicio higiénico"
censo_rate_condiciones_vida_4_2_total_geografia_tipo_de_servicio_higienico_disponible_en_la_vivienda_inodoro_o_escusado_conectado_a_pozo_septico,censo_ind_condiciones_vida_4_2_total_geografia_tipo_de_servicio_higienico_disponible_en_la_vivienda_inodoro_o_escusado_conectado_a_pozo_septico,censo_ind_condiciones_vida_4_2_total_geografia_numero_total_de_hogares,"Tipo de servicio higiénico disponible en la vivienda | Inodoro o escusado, conectado a pozo séptico",Número total de hogares,"Hogares por tipo de servicio higiénico de la vivienda, según  provincia, cantón, parroquia  de residencia y condición de exclusividad del servicio higiénico"
censo_rate_condiciones_vida_4_2_total_geografia_tipo_de_servicio_higienico_disponible_en_la_vivienda_inodoro_o_escusado_conectado_a_red_publica_de_alcantarillado,censo_ind_condiciones_vida_4_2_total_geografia_tipo_de_servicio_higienico_disponible_en_la_vivienda_inodoro_o_escusado_conectado_a_red_publica_de_alcantarillado,censo_ind_condiciones_vida_4_2_total_geografia_numero_total_de_hogares,"Tipo de servicio higiénico disponible en la vivienda | Inodoro o escusado, conectado a red pública de alcantarillado",Número total de hogares,"Hogares por tipo de servicio higiénico de la vivienda, según  provincia, cantón, parroquia  de residencia y condición de exclusividad del servicio higiénico"
censo_rate_condiciones_vida_4_2_total_geografia_tipo_de_servicio_higienico_disponible_en_la_vivienda_no_tiene,censo_ind_condiciones_vida_4_2_total_geografia_tipo_de_servicio_higienico_disponible_en_la_vivienda_no_tiene,censo_ind_condiciones_vida_4_2_total_geografia_numero_total_de_hogares,Tipo de servicio higiénico disponible en la vivienda | No tiene,Número total de hogares,"Hogares por tipo de servicio higiénico de la vivienda, según  provincia, cantón, parroquia  de residencia y condición de exclusividad del servicio higiénico"
censo_rate_condiciones_vida_5_2_compartido_con_varios_hogares_condicion_de_exclusividad_del_servicio_higienico_inodoro_o_escusado_compartido_con_varios_hogares,censo_ind_condiciones_vida_5_2_compartido_con_varios_hogares_condicion_de_exclusividad_del_servicio_higienico_inodoro_o_escusado_compartido_con_varios_hogares,censo_ind_condiciones_vida_5_2_compartido_con_varios_hogares_numero_total_de_hogares,"Condición de exclusividad del servicio higiénico, inodoro o escusado | Compartido con varios hogares",Número total de hogares,"Hogares por condición de exclusividad del servicio higienico o escusado, según provincia, cantón, parroquia de residencia y condición de exclusividad de las instalaciones y/o ducha para bañarse"
censo_rate_condiciones_vida_5_2_de_uso_exclusivo_del_hogar_condicion_de_exclusividad_del_servicio_higienico_inodoro_o_escusado_de_uso_exclusivo_del_hogar,censo_ind_condiciones_vida_5_2_de_uso_exclusivo_del_hogar_condicion_de_exclusividad_del_servicio_higienico_inodoro_o_escusado_de_uso_exclusivo_del_hogar,censo_ind_condiciones_vida_5_2_de_uso_exclusivo_del_hogar_numero_total_de_hogares,"Condición de exclusividad del servicio higiénico, inodoro o escusado | De uso exclusivo del hogar",Número total de hogares,"Hogares por condición de exclusividad del servicio higienico o escusado, según provincia, cantón, parroquia de residencia y condición de exclusividad de las instalaciones y/o ducha para bañarse"
censo_rate_condiciones_vida_5_2_no_tiene_condicion_de_exclusividad_del_servicio_higienico_inodoro_o_escusado_de_uso_exclusivo_del_hogar,censo_ind_condiciones_vida_5_2_no_tiene_condicion_de_exclusividad_del_servicio_higienico_inodoro_o_escusado_de_uso_exclusivo_del_hogar,censo_ind_condiciones_vida_5_2_no_tiene_numero_total_de_hogares,"Condición de exclusividad del servicio higiénico, inodoro o escusado | De uso exclusivo del hogar",Número total de hogares,"Hogares por condición de exclusividad del servicio higienico o escusado, según provincia, cantón, parroquia de residencia y condición de exclusividad de las instalaciones y/o ducha para bañarse"
censo_rate_condiciones_vida_5_2_no_tiene_condicion_de_exclusividad_del_servicio_higienico_inodoro_o_escusado_no_tiene,censo_ind_condiciones_vida_5_2_no_tiene_condicion_de_exclusividad_del_servicio_higienico_inodoro_o_escusado_no_tiene,censo_ind_condiciones_vida_5_2_no_tiene_numero_total_de_hogares,"Condición de exclusividad del servicio higiénico, inodoro o escusado | No tiene",Número total de hogares,"Hogares por condición de exclusividad del servicio higienico o escusado, según provincia, cantón, parroquia de residencia y condición de exclusividad de las instalaciones y/o ducha para bañarse"
censo_rate_condiciones_vida_5_2_total_geografia_condicion_de_exclusividad_del_servicio_higienico_inodoro_o_escusado_compartido_con_varios_hogares,censo_ind_condiciones_vida_5_2_total_geografia_condicion_de_exclusividad_del_servicio_higienico_inodoro_o_escusado_compartido_con_varios_hogares,censo_ind_condiciones_vida_5_2_total_geografia_numero_total_de_hogares,"Condición de exclusividad del servicio higiénico, inodoro o escusado | Compartido con varios hogares",Número total de hogares,"Hogares por condición de exclusividad del servicio higienico o escusado, según provincia, cantón, parroquia de residencia y condición de exclusividad de las instalaciones y/o ducha para bañarse"
censo_rate_condiciones_vida_5_2_total_geografia_condicion_de_exclusividad_del_servicio_higienico_inodoro_o_escusado_de_uso_exclusivo_del_hogar,censo_ind_condiciones_vida_5_2_total_geografia_condicion_de_exclusividad_del_servicio_higienico_inodoro_o_escusado_de_uso_exclusivo_del_hogar,censo_ind_condiciones_vida_5_2_total_geografia_numero_total_de_hogares,"Condición de exclusividad del servicio higiénico, inodoro o escusado | De uso exclusivo del hogar",Número total de hogares,"Hogares por condición de exclusividad del servicio higienico o escusado, según provincia, cantón, parroquia de residencia y condición de exclusividad de las instalaciones y/o ducha para bañarse"
censo_rate_condiciones_vida_5_2_total_geografia_condicion_de_exclusividad_del_servicio_higienico_inodoro_o_escusado_no_tiene,censo_ind_condiciones_vida_5_2_total_geografia_condicion_de_exclusividad_del_servicio_higienico_inodoro_o_escusado_no_tiene,censo_ind_condiciones_vida_5_2_total_geografia_numero_total_de_hogares,"Condición de exclusividad del servicio higiénico, inodoro o escusado | No tiene",Número total de hogares,"Hogares por condición de exclusividad del servicio higienico o escusado, según provincia, cantón, parroquia de residencia y condición de exclusividad de las instalaciones y/o ducha para bañarse"
censo_rate_condiciones_vida_6_2_la_beben_tal_como_llega_al_hogar_fuente_de_abastecimiento_de_agua_de_la_vivienda_juntas_de_agua_organizaciones_comunitarias_gad_parroquial,censo_ind_condiciones_vida_6_2_la_beben_tal_como_llega_al_hogar_fuente_de_abastecimiento_de_agua_de_la_vivienda_juntas_de_agua_organizaciones_comunitarias_gad_parroquial,censo_ind_condiciones_vida_6_2_la_beben_tal_como_llega_al_hogar_numero_total_de_hogares,Fuente de abastecimiento de agua de la vivienda | Juntas de agua/Organizaciones comunitarias/GAD parroquial,Número total de hogares,"Hogares por fuente de abastecimiento de agua de la vivienda, según  provincia, cantón, parroquia de residencia y tratamiento que realizan al agua para beber"
censo_rate_condiciones_vida_6_2_la_beben_tal_como_llega_al_hogar_fuente_de_abastecimiento_de_agua_de_la_vivienda_otras_fuentes_rio_vertiente_canal_grieta_o_agua_lluvia,censo_ind_condiciones_vida_6_2_la_beben_tal_como_llega_al_hogar_fuente_de_abastecimiento_de_agua_de_la_vivienda_otras_fuentes_rio_vertiente_canal_grieta_o_agua_lluvia,censo_ind_condiciones_vida_6_2_la_beben_tal_como_llega_al_hogar_numero_total_de_hogares,"Fuente de abastecimiento de agua de la vivienda | Otras fuentes (río, vertiente, canal, grieta o agua lluvia)",Número total de hogares,"Hogares por fuente de abastecimiento de agua de la vivienda, según  provincia, cantón, parroquia de residencia y tratamiento que realizan al agua para beber"
censo_rate_condiciones_vida_6_2_la_hierven_fuente_de_abastecimiento_de_agua_de_la_vivienda_juntas_de_agua_organizaciones_comunitarias_gad_parroquial,censo_ind_condiciones_vida_6_2_la_hierven_fuente_de_abastecimiento_de_agua_de_la_vivienda_juntas_de_agua_organizaciones_comunitarias_gad_parroquial,censo_ind_condiciones_vida_6_2_la_hierven_numero_total_de_hogares,Fuente de abastecimiento de agua de la vivienda | Juntas de agua/Organizaciones comunitarias/GAD parroquial,Número total de hogares,"Hogares por fuente de abastecimiento de agua de la vivienda, según  provincia, cantón, parroquia de residencia y tratamiento que realizan al agua para beber"
censo_rate_condiciones_vida_6_2_la_hierven_fuente_de_abastecimiento_de_agua_de_la_vivienda_otras_fuentes_rio_vertiente_canal_grieta_o_agua_lluvia,censo_ind_condiciones_vida_6_2_la_hierven_fuente_de_abastecimiento_de_agua_de_la_vivienda_otras_fuentes_rio_vertiente_canal_grieta_o_agua_lluvia,censo_ind_condiciones_vida_6_2_la_hierven_numero_total_de_hogares,"Fuente de abastecimiento de agua de la vivienda | Otras fuentes (río, vertiente, canal, grieta o agua lluvia)",Número total de hogares,"Hogares por fuente de abastecimiento de agua de la vivienda, según  provincia, cantón, parroquia de residencia y tratamiento que realizan al agua para beber"
censo_rate_condiciones_vida_6_2_total_geografia_fuente_de_abastecimiento_de_agua_de_la_vivienda_empresa_publica_municipio,censo_ind_condiciones_vida_6_2_total_geografia_fuente_de_abastecimiento_de_agua_de_la_vivienda_empresa_publica_municipio,censo_ind_condiciones_vida_6_2_total_geografia_numero_total_de_hogares,Fuente de abastecimiento de agua de la vivienda | Empresa pública/Municipio,Número total de hogares,"Hogares por fuente de abastecimiento de agua de la vivienda, según  provincia, cantón, parroquia de residencia y tratamiento que realizan al agua para beber"
censo_rate_condiciones_vida_6_2_total_geografia_fuente_de_abastecimiento_de_agua_de_la_vivienda_juntas_de_agua_organizaciones_comunitarias_gad_parroquial,censo_ind_condiciones_vida_6_2_total_geografia_fuente_de_abastecimiento_de_agua_de_la_vivienda_juntas_de_agua_organizaciones_comunitarias_gad_parroquial,censo_ind_condiciones_vida_6_2_total_geografia_numero_total_de_hogares,Fuente de abastecimiento de agua de la vivienda | Juntas de agua/Organizaciones comunitarias/GAD parroquial,Número total de hogares,"Hogares por fuente de abastecimiento de agua de la vivienda, según  provincia, cantón, parroquia de residencia y tratamiento que realizan al agua para beber"
censo_rate_condiciones_vida_6_2_total_geografia_fuente_de_abastecimiento_de_agua_de_la_vivienda_otras_fuentes_rio_vertiente_canal_grieta_o_agua_lluvia,censo_ind_condiciones_vida_6_2_total_geografia_fuente_de_abastecimiento_de_agua_de_la_vivienda_otras_fuentes_rio_vertiente_canal_grieta_o_agua_lluvia,censo_ind_condiciones_vida_6_2_total_geografia_numero_total_de_hogares,"Fuente de abastecimiento de agua de la vivienda | Otras fuentes (río, vertiente, canal, grieta o agua lluvia)",Número total de hogares,"Hogares por fuente de abastecimiento de agua de la vivienda, según  provincia, cantón, parroquia de residencia y tratamiento que realizan al agua para beber"
censo_rate_condiciones_vivienda_1_2_tipo_de_vivienda_viviendas_particulares_de_temporada_o_vacacional,censo_ind_condiciones_vivienda_1_2_tipo_de_vivienda_viviendas_particulares_de_temporada_o_vacacional,censo_ind_condiciones_vivienda_1_2_tipo_de_vivienda_viviendas_particulares_total_viviendas_particulares,Tipo de vivienda | Viviendas particulares | De temporada o vacacional,Tipo de vivienda | Viviendas particulares | Total viviendas particulares,"Viviendas por tipo de vivienda (particulares  y colectivas) y condición de ocupación, según provincia, cantón y parroquia"
censo_rate_condiciones_vivienda_1_2_tipo_de_vivienda_viviendas_particulares_desocupada,censo_ind_condiciones_vivienda_1_2_tipo_de_vivienda_viviendas_particulares_desocupada,censo_ind_condiciones_vivienda_1_2_tipo_de_vivienda_viviendas_particulares_total_viviendas_particulares,Tipo de vivienda | Viviendas particulares | Desocupada,Tipo de vivienda | Viviendas particulares | Total viviendas particulares,"Viviendas por tipo de vivienda (particulares  y colectivas) y condición de ocupación, según provincia, cantón y parroquia"
censo_rate_condiciones_vivienda_1_2_tipo_de_vivienda_viviendas_particulares_en_construccion,censo_ind_condiciones_vivienda_1_2_tipo_de_vivienda_viviendas_particulares_en_construccion,censo_ind_condiciones_vivienda_1_2_tipo_de_vivienda_viviendas_particulares_total_viviendas_particulares,Tipo de vivienda | Viviendas particulares | En construcción,Tipo de vivienda | Viviendas particulares | Total viviendas particulares,"Viviendas por tipo de vivienda (particulares  y colectivas) y condición de ocupación, según provincia, cantón y parroquia"
censo_rate_condiciones_vivienda_1_2_tipo_de_vivienda_viviendas_particulares_ocupada_con_personas_ausentes,censo_ind_condiciones_vivienda_1_2_tipo_de_vivienda_viviendas_particulares_ocupada_con_personas_ausentes,censo_ind_condiciones_vivienda_1_2_tipo_de_vivienda_viviendas_particulares_total_viviendas_particulares,Tipo de vivienda | Viviendas particulares | Ocupada con personas ausentes,Tipo de vivienda | Viviendas particulares | Total viviendas particulares,"Viviendas por tipo de vivienda (particulares  y colectivas) y condición de ocupación, según provincia, cantón y parroquia"
censo_rate_condiciones_vivienda_1_2_tipo_de_vivienda_viviendas_particulares_ocupada_con_personas_presentes,censo_ind_condiciones_vivienda_1_2_tipo_de_vivienda_viviendas_particulares_ocupada_con_personas_presentes,censo_ind_condiciones_vivienda_1_2_tipo_de_vivienda_viviendas_particulares_total_viviendas_particulares,Tipo de vivienda | Viviendas particulares | Ocupada con personas presentes,Tipo de vivienda | Viviendas particulares | Total viviendas particulares,"Viviendas por tipo de vivienda (particulares  y colectivas) y condición de ocupación, según provincia, cantón y parroquia"
censo_rate_condiciones_vivienda_3_2_tipo_de_vivienda_casa_o_villa,censo_ind_condiciones_vivienda_3_2_tipo_de_vivienda_casa_o_villa,censo_ind_condiciones_vivienda_3_2_numero_total_de_viviendas_particulares,Tipo de vivienda | Casa o villa,Número total de viviendas particulares,"Viviendas particulares por tipo de vivienda, según provincia, cantón y parroquia"
censo_rate_condiciones_vivienda_3_2_tipo_de_vivienda_mediagua,censo_ind_condiciones_vivienda_3_2_tipo_de_vivienda_mediagua,censo_ind_condiciones_vivienda_3_2_numero_total_de_viviendas_particulares,Tipo de vivienda | Mediagua,Número total de viviendas particulares,"Viviendas particulares por tipo de vivienda, según provincia, cantón y parroquia"
censo_rate_condiciones_vivienda_4_2_fibrocemento_asbesto_eternit_eurolit_tipo_de_vivienda_casa_o_villa,censo_ind_condiciones_vivienda_4_2_fibrocemento_asbesto_eternit_eurolit_tipo_de_vivienda_casa_o_villa,censo_ind_condiciones_vivienda_4_2_fibrocemento_asbesto_eternit_eurolit_numero_total_de_viviendas_particulares_ocupadas,Tipo de vivienda | Casa o villa,Número total de viviendas particulares ocupadas,"Viviendas particulares ocupadas por tipo de vivienda, según provincia, cantón, parroquia y material  predominante del techo"
censo_rate_condiciones_vivienda_4_2_hormigon_losa_cemento_tipo_de_vivienda_casa_o_villa,censo_ind_condiciones_vivienda_4_2_hormigon_losa_cemento_tipo_de_vivienda_casa_o_villa,censo_ind_condiciones_vivienda_4_2_hormigon_losa_cemento_numero_total_de_viviendas_particulares_ocupadas,Tipo de vivienda | Casa o villa,Número total de viviendas particulares ocupadas,"Viviendas particulares ocupadas por tipo de vivienda, según provincia, cantón, parroquia y material  predominante del techo"
censo_rate_condiciones_vivienda_4_2_teja_tipo_de_vivienda_casa_o_villa,censo_ind_condiciones_vivienda_4_2_teja_tipo_de_vivienda_casa_o_villa,censo_ind_condiciones_vivienda_4_2_teja_numero_total_de_viviendas_particulares_ocupadas,Tipo de vivienda | Casa o villa,Número total de viviendas particulares ocupadas,"Viviendas particulares ocupadas por tipo de vivienda, según provincia, cantón, parroquia y material  predominante del techo"
censo_rate_condiciones_vivienda_4_2_total_geografia_tipo_de_vivienda_casa_o_villa,censo_ind_condiciones_vivienda_4_2_total_geografia_tipo_de_vivienda_casa_o_villa,censo_ind_condiciones_vivienda_4_2_total_geografia_numero_total_de_viviendas_particulares_ocupadas,Tipo de vivienda | Casa o villa,Número total de viviendas particulares ocupadas,"Viviendas particulares ocupadas por tipo de vivienda, según provincia, cantón, parroquia y material  predominante del techo"
censo_rate_condiciones_vivienda_4_2_total_geografia_tipo_de_vivienda_mediagua,censo_ind_condiciones_vivienda_4_2_total_geografia_tipo_de_vivienda_mediagua,censo_ind_condiciones_vivienda_4_2_total_geografia_numero_total_de_viviendas_particulares_ocupadas,Tipo de vivienda | Mediagua,Número total de viviendas particulares ocupadas,"Viviendas particulares ocupadas por tipo de vivienda, según provincia, cantón, parroquia y material  predominante del techo"
censo_rate_condiciones_vivienda_4_2_zinc_aluminio_lamina_o_plancha_metalica_tipo_de_vivienda_casa_o_villa,censo_ind_condiciones_vivienda_4_2_zinc_aluminio_lamina_o_plancha_metalica_tipo_de_vivienda_casa_o_villa,censo_ind_condiciones_vivienda_4_2_zinc_aluminio_lamina_o_plancha_metalica_numero_total_de_viviendas_particulares_ocupadas,Tipo de vivienda | Casa o villa,Número total de viviendas particulares ocupadas,"Viviendas particulares ocupadas por tipo de vivienda, según provincia, cantón, parroquia y material  predominante del techo"
censo_rate_condiciones_vivienda_4_2_zinc_aluminio_lamina_o_plancha_metalica_tipo_de_vivienda_mediagua,censo_ind_condiciones_vivienda_4_2_zinc_aluminio_lamina_o_plancha_metalica_tipo_de_vivienda_mediagua,censo_ind_condiciones_vivienda_4_2_zinc_aluminio_lamina_o_plancha_metalica_numero_total_de_viviendas_particulares_ocupadas,Tipo de vivienda | Mediagua,Número total de viviendas particulares ocupadas,"Viviendas particulares ocupadas por tipo de vivienda, según provincia, cantón, parroquia y material  predominante del techo"
censo_rate_condiciones_vivienda_5_2_hormigon_tipo_de_vivienda_casa_o_villa,censo_ind_condiciones_vivienda_5_2_hormigon_tipo_de_vivienda_casa_o_villa,censo_ind_condiciones_vivienda_5_2_hormigon_numero_total_de_viviendas_particulares_ocupadas,Tipo de vivienda | Casa o villa,Número total de viviendas particulares ocupadas,"Viviendas particulares ocupadas por tipo de vivienda, según provincia, cantón, parroquia y material predominante de las paredes exteriores"
censo_rate_condiciones_vivienda_5_2_ladrillo_o_bloque_tipo_de_vivienda_casa_o_villa,censo_ind_condiciones_vivienda_5_2_ladrillo_o_bloque_tipo_de_vivienda_casa_o_villa,censo_ind_condiciones_vivienda_5_2_ladrillo_o_bloque_numero_total_de_viviendas_particulares_ocupadas,Tipo de vivienda | Casa o villa,Número total de viviendas particulares ocupadas,"Viviendas particulares ocupadas por tipo de vivienda, según provincia, cantón, parroquia y material predominante de las paredes exteriores"
censo_rate_condiciones_vivienda_5_2_madera_tipo_de_vivienda_casa_o_villa,censo_ind_condiciones_vivienda_5_2_madera_tipo_de_vivienda_casa_o_villa,censo_ind_condiciones_vivienda_5_2_madera_numero_total_de_viviendas_particulares_ocupadas,Tipo de vivienda | Casa o villa,Número total de viviendas particulares ocupadas,"Viviendas particulares ocupadas por tipo de vivienda, según provincia, cantón, parroquia y material predominante de las paredes exteriores"
censo_rate_condiciones_vivienda_5_2_total_geografia_tipo_de_vivienda_casa_o_villa,censo_ind_condiciones_vivienda_5_2_total_geografia_tipo_de_vivienda_casa_o_villa,censo_ind_condiciones_vivienda_5_2_total_geografia_numero_total_de_viviendas_particulares_ocupadas,Tipo de vivienda | Casa o villa,Número total de viviendas particulares ocupadas,"Viviendas particulares ocupadas por tipo de vivienda, según provincia, cantón, parroquia y material predominante de las paredes exteriores"
censo_rate_condiciones_vivienda_5_2_total_geografia_tipo_de_vivienda_mediagua,censo_ind_condiciones_vivienda_5_2_total_geografia_tipo_de_vivienda_mediagua,censo_ind_condiciones_vivienda_5_2_total_geografia_numero_total_de_viviendas_particulares_ocupadas,Tipo de vivienda | Mediagua,Número total de viviendas particulares ocupadas,"Viviendas particulares ocupadas por tipo de vivienda, según provincia, cantón, parroquia y material predominante de las paredes exteriores"
censo_rate_condiciones_vivienda_6_2_ceramica_baldosa_vinil_o_porcelanato_tipo_de_vivienda_casa_o_villa,censo_ind_condiciones_vivienda_6_2_ceramica_baldosa_vinil_o_porcelanato_tipo_de_vivienda_casa_o_villa,censo_ind_condiciones_vivienda_6_2_ceramica_baldosa_vinil_o_porcelanato_numero_total_de_viviendas_particulares_ocupadas,Tipo de vivienda | Casa o villa,Número total de viviendas particulares ocupadas,"Viviendas particulares ocupadas por tipo de vivienda, según provincia, cantón, parroquia y material  predominante del piso"
censo_rate_condiciones_vivienda_6_2_ladrillo_o_cemento_tipo_de_vivienda_casa_o_villa,censo_ind_condiciones_vivienda_6_2_ladrillo_o_cemento_tipo_de_vivienda_casa_o_villa,censo_ind_condiciones_vivienda_6_2_ladrillo_o_cemento_numero_total_de_viviendas_particulares_ocupadas,Tipo de vivienda | Casa o villa,Número total de viviendas particulares ocupadas,"Viviendas particulares ocupadas por tipo de vivienda, según provincia, cantón, parroquia y material  predominante del piso"
censo_rate_condiciones_vivienda_6_2_tabla_sin_tratar_tipo_de_vivienda_casa_o_villa,censo_ind_condiciones_vivienda_6_2_tabla_sin_tratar_tipo_de_vivienda_casa_o_villa,censo_ind_condiciones_vivienda_6_2_tabla_sin_tratar_numero_total_de_viviendas_particulares_ocupadas,Tipo de vivienda | Casa o villa,Número total de viviendas particulares ocupadas,"Viviendas particulares ocupadas por tipo de vivienda, según provincia, cantón, parroquia y material  predominante del piso"
censo_rate_condiciones_vivienda_6_2_total_geografia_tipo_de_vivienda_casa_o_villa,censo_ind_condiciones_vivienda_6_2_total_geografia_tipo_de_vivienda_casa_o_villa,censo_ind_condiciones_vivienda_6_2_total_geografia_numero_total_de_viviendas_particulares_ocupadas,Tipo de vivienda | Casa o villa,Número total de viviendas particulares ocupadas,"Viviendas particulares ocupadas por tipo de vivienda, según provincia, cantón, parroquia y material  predominante del piso"
censo_rate_condiciones_vivienda_6_2_total_geografia_tipo_de_vivienda_mediagua,censo_ind_condiciones_vivienda_6_2_total_geografia_tipo_de_vivienda_mediagua,censo_ind_condiciones_vivienda_6_2_total_geografia_numero_total_de_viviendas_particulares_ocupadas,Tipo de vivienda | Mediagua,Número total de viviendas particulares ocupadas,"Viviendas particulares ocupadas por tipo de vivienda, según provincia, cantón, parroquia y material  predominante del piso"
censo_rate_condiciones_vivienda_7_2_bueno_tipo_de_vivienda_casa_o_villa,censo_ind_condiciones_vivienda_7_2_bueno_tipo_de_vivienda_casa_o_villa,censo_ind_condiciones_vivienda_7_2_bueno_numero_total_de_viviendas_particulares_ocupadas,Tipo de vivienda | Casa o villa,Número total de viviendas particulares ocupadas,"Viviendas particulares ocupadas con personas presentes por material predominante del techo, según provincia, cantón, parroquia y estado del techo"
censo_rate_condiciones_vivienda_7_2_malo_tipo_de_vivienda_casa_o_villa,censo_ind_condiciones_vivienda_7_2_malo_tipo_de_vivienda_casa_o_villa,censo_ind_condiciones_vivienda_7_2_malo_numero_total_de_viviendas_particulares_ocupadas,Tipo de vivienda | Casa o villa,Número total de viviendas particulares ocupadas,"Viviendas particulares ocupadas con personas presentes por material predominante del techo, según provincia, cantón, parroquia y estado del techo"
censo_rate_condiciones_vivienda_7_2_regular_tipo_de_vivienda_casa_o_villa,censo_ind_condiciones_vivienda_7_2_regular_tipo_de_vivienda_casa_o_villa,censo_ind_condiciones_vivienda_7_2_regular_numero_total_de_viviendas_particulares_ocupadas,Tipo de vivienda | Casa o villa,Número total de viviendas particulares ocupadas,"Viviendas particulares ocupadas con personas presentes por material predominante del techo, según provincia, cantón, parroquia y estado del techo"
censo_rate_condiciones_vivienda_7_2_regular_tipo_de_vivienda_mediagua,censo_ind_condiciones_vivienda_7_2_regular_tipo_de_vivienda_mediagua,censo_ind_condiciones_vivienda_7_2_regular_numero_total_de_viviendas_particulares_ocupadas,Tipo de vivienda | Mediagua,Número total de viviendas particulares ocupadas,"Viviendas particulares ocupadas con personas presentes por material predominante del techo, según provincia, cantón, parroquia y estado del techo"
censo_rate_condiciones_vivienda_7_2_total_geografia_tipo_de_vivienda_casa_o_villa,censo_ind_condiciones_vivienda_7_2_total_geografia_tipo_de_vivienda_casa_o_villa,censo_ind_condiciones_vivienda_7_2_total_geografia_numero_total_de_viviendas_particulares_ocupadas,Tipo de vivienda | Casa o villa,Número total de viviendas particulares ocupadas,"Viviendas particulares ocupadas con personas presentes por material predominante del techo, según provincia, cantón, parroquia y estado del techo"
censo_rate_condiciones_vivienda_7_2_total_geografia_tipo_de_vivienda_mediagua,censo_ind_condiciones_vivienda_7_2_total_geografia_tipo_de_vivienda_mediagua,censo_ind_condiciones_vivienda_7_2_total_geografia_numero_total_de_viviendas_particulares_ocupadas,Tipo de vivienda | Mediagua,Número total de viviendas particulares ocupadas,"Viviendas particulares ocupadas con personas presentes por material predominante del techo, según provincia, cantón, parroquia y estado del techo"
censo_rate_condiciones_vivienda_8_2_bueno_tipo_de_vivienda_casa_o_villa,censo_ind_condiciones_vivienda_8_2_bueno_tipo_de_vivienda_casa_o_villa,censo_ind_condiciones_vivienda_8_2_bueno_numero_total_de_viviendas_particulares_ocupadas,Tipo de vivienda | Casa o villa,Número total de viviendas particulares ocupadas,"Viviendas particulares  ocupadas con personas presentes por material predominante de  las paredes exteriores de la vivienda, según provincia, cantón, parroquia y estado de las paredes  exteriores"
censo_rate_condiciones_vivienda_8_2_malo_tipo_de_vivienda_casa_o_villa,censo_ind_condiciones_vivienda_8_2_malo_tipo_de_vivienda_casa_o_villa,censo_ind_condiciones_vivienda_8_2_malo_numero_total_de_viviendas_particulares_ocupadas,Tipo de vivienda | Casa o villa,Número total de viviendas particulares ocupadas,"Viviendas particulares  ocupadas con personas presentes por material predominante de  las paredes exteriores de la vivienda, según provincia, cantón, parroquia y estado de las paredes  exteriores"
censo_rate_condiciones_vivienda_8_2_regular_tipo_de_vivienda_casa_o_villa,censo_ind_condiciones_vivienda_8_2_regular_tipo_de_vivienda_casa_o_villa,censo_ind_condiciones_vivienda_8_2_regular_numero_total_de_viviendas_particulares_ocupadas,Tipo de vivienda | Casa o villa,Número total de viviendas particulares ocupadas,"Viviendas particulares  ocupadas con personas presentes por material predominante de  las paredes exteriores de la vivienda, según provincia, cantón, parroquia y estado de las paredes  exteriores"
censo_rate_condiciones_vivienda_8_2_regular_tipo_de_vivienda_mediagua,censo_ind_condiciones_vivienda_8_2_regular_tipo_de_vivienda_mediagua,censo_ind_condiciones_vivienda_8_2_regular_numero_total_de_viviendas_particulares_ocupadas,Tipo de vivienda | Mediagua,Número total de viviendas particulares ocupadas,"Viviendas particulares  ocupadas con personas presentes por material predominante de  las paredes exteriores de la vivienda, según provincia, cantón, parroquia y estado de las paredes  exteriores"
censo_rate_condiciones_vivienda_8_2_total_geografia_tipo_de_vivienda_casa_o_villa,censo_ind_condiciones_vivienda_8_2_total_geografia_tipo_de_vivienda_casa_o_villa,censo_ind_condiciones_vivienda_8_2_total_geografia_numero_total_de_viviendas_particulares_ocupadas,Tipo de vivienda | Casa o villa,Número total de viviendas particulares ocupadas,"Viviendas particulares  ocupadas con personas presentes por material predominante de  las paredes exteriores de la vivienda, según provincia, cantón, parroquia y estado de las paredes  exteriores"
censo_rate_condiciones_vivienda_8_2_total_geografia_tipo_de_vivienda_mediagua,censo_ind_condiciones_vivienda_8_2_total_geografia_tipo_de_vivienda_mediagua,censo_ind_condiciones_vivienda_8_2_total_geografia_numero_total_de_viviendas_particulares_ocupadas,Tipo de vivienda | Mediagua,Número total de viviendas particulares ocupadas,"Viviendas particulares  ocupadas con personas presentes por material predominante de  las paredes exteriores de la vivienda, según provincia, cantón, parroquia y estado de las paredes  exteriores"
censo_rate_condiciones_vivienda_9_2_bueno_tipo_de_vivienda_casa_o_villa,censo_ind_condiciones_vivienda_9_2_bueno_tipo_de_vivienda_casa_o_villa,censo_ind_condiciones_vivienda_9_2_bueno_numero_total_de_viviendas_particulares_ocupadas,Tipo de vivienda | Casa o villa,Número total de viviendas particulares ocupadas,"Viviendas particulares  ocupadas con personas presentes por material predominante del piso de la vivienda, según provincia, cantón, parroquia y estado del piso"
censo_rate_condiciones_vivienda_9_2_malo_tipo_de_vivienda_casa_o_villa,censo_ind_condiciones_vivienda_9_2_malo_tipo_de_vivienda_casa_o_villa,censo_ind_condiciones_vivienda_9_2_malo_numero_total_de_viviendas_particulares_ocupadas,Tipo de vivienda | Casa o villa,Número total de viviendas particulares ocupadas,"Viviendas particulares  ocupadas con personas presentes por material predominante del piso de la vivienda, según provincia, cantón, parroquia y estado del piso"
censo_rate_condiciones_vivienda_9_2_regular_tipo_de_vivienda_casa_o_villa,censo_ind_condiciones_vivienda_9_2_regular_tipo_de_vivienda_casa_o_villa,censo_ind_condiciones_vivienda_9_2_regular_numero_total_de_viviendas_particulares_ocupadas,Tipo de vivienda | Casa o villa,Número total de viviendas particulares ocupadas,"Viviendas particulares  ocupadas con personas presentes por material predominante del piso de la vivienda, según provincia, cantón, parroquia y estado del piso"
censo_rate_condiciones_vivienda_9_2_regular_tipo_de_vivienda_mediagua,censo_ind_condiciones_vivienda_9_2_regular_tipo_de_vivienda_mediagua,censo_ind_condiciones_vivienda_9_2_regular_numero_total_de_viviendas_particulares_ocupadas,Tipo de vivienda | Mediagua,Número total de viviendas particulares ocupadas,"Viviendas particulares  ocupadas con personas presentes por material predominante del piso de la vivienda, según provincia, cantón, parroquia y estado del piso"
censo_rate_condiciones_vivienda_9_2_total_geografia_tipo_de_vivienda_casa_o_villa,censo_ind_condiciones_vivienda_9_2_total_geografia_tipo_de_vivienda_casa_o_villa,censo_ind_condiciones_vivienda_9_2_total_geografia_numero_total_de_viviendas_particulares_ocupadas,Tipo de vivienda | Casa o villa,Número total de viviendas particulares ocupadas,"Viviendas particulares  ocupadas con personas presentes por material predominante del piso de la vivienda, según provincia, cantón, parroquia y estado del piso"
censo_rate_condiciones_vivienda_9_2_total_geografia_tipo_de_vivienda_mediagua,censo_ind_condiciones_vivienda_9_2_total_geografia_tipo_de_vivienda_mediagua,censo_ind_condiciones_vivienda_9_2_total_geografia_numero_total_de_viviendas_particulares_ocupadas,Tipo de vivienda | Mediagua,Número total de viviendas particulares ocupadas,"Viviendas particulares  ocupadas con personas presentes por material predominante del piso de la vivienda, según provincia, cantón, parroquia y estado del piso"
censo_rate_condiciones_vivienda_10_2_1_hogar_tipo_de_vivienda_casa_o_villa,censo_ind_condiciones_vivienda_10_2_1_hogar_tipo_de_vivienda_casa_o_villa,censo_ind_condiciones_vivienda_10_2_1_hogar_numero_total_de_viviendas_particulares_ocupadas,Tipo de vivienda | Casa o villa,Número total de viviendas particulares ocupadas,"Viviendas particulares ocupadas  por tipo de vivienda, según provincia, cantón, parroquia y número de hogares en la vivienda"
censo_rate_condiciones_vivienda_10_2_1_hogar_tipo_de_vivienda_mediagua,censo_ind_condiciones_vivienda_10_2_1_hogar_tipo_de_vivienda_mediagua,censo_ind_condiciones_vivienda_10_2_1_hogar_numero_total_de_viviendas_particulares_ocupadas,Tipo de vivienda | Mediagua,Número total de viviendas particulares ocupadas,"Viviendas particulares ocupadas  por tipo de vivienda, según provincia, cantón, parroquia y número de hogares en la vivienda"
censo_rate_condiciones_vivienda_10_2_2_hogares_tipo_de_vivienda_casa_o_villa,censo_ind_condiciones_vivienda_10_2_2_hogares_tipo_de_vivienda_casa_o_villa,censo_ind_condiciones_vivienda_10_2_2_hogares_numero_total_de_viviendas_particulares_ocupadas,Tipo de vivienda | Casa o villa,Número total de viviendas particulares ocupadas,"Viviendas particulares ocupadas  por tipo de vivienda, según provincia, cantón, parroquia y número de hogares en la vivienda"
censo_rate_condiciones_vivienda_10_2_total_geografia_tipo_de_vivienda_casa_o_villa,censo_ind_condiciones_vivienda_10_2_total_geografia_tipo_de_vivienda_casa_o_villa,censo_ind_condiciones_vivienda_10_2_total_geografia_numero_total_de_viviendas_particulares_ocupadas,Tipo de vivienda | Casa o villa,Número total de viviendas particulares ocupadas,"Viviendas particulares ocupadas  por tipo de vivienda, según provincia, cantón, parroquia y número de hogares en la vivienda"
censo_rate_condiciones_vivienda_10_2_total_geografia_tipo_de_vivienda_mediagua,censo_ind_condiciones_vivienda_10_2_total_geografia_tipo_de_vivienda_mediagua,censo_ind_condiciones_vivienda_10_2_total_geografia_numero_total_de_viviendas_particulares_ocupadas,Tipo de vivienda | Mediagua,Número total de viviendas particulares ocupadas,"Viviendas particulares ocupadas  por tipo de vivienda, según provincia, cantón, parroquia y número de hogares en la vivienda"
censo_rate_dificultades_funcionales_sin_numero_85_o_mas_condicion_de_dificultad_funcional_permanente_con_dificultad_funcional_permanente_sexo_al_nacer_hombres,censo_ind_dificultades_funcionales_sin_numero_85_o_mas_condicion_de_dificultad_funcional_permanente_con_dificultad_funcional_permanente_sexo_al_nacer_hombres,censo_ind_dificultades_funcionales_sin_numero_85_o_mas_condicion_de_dificultad_funcional_permanente_con_dificultad_funcional_permanente_sexo_al_nacer_numero_total_de_personas_con_mucha_o_total_dificultad_o_limitacion_permanente_en_una_o_mas_esferas_de_funcionamiento,Condición de dificultad funcional permanente | Con dificultad funcional permanente | Sexo al nacer | Hombres,Condición de dificultad funcional permanente | Con dificultad funcional permanente | Sexo al nacer | Número total de personas con mucha o total dificultad o limitación permanente en una o más esferas de funcionamiento,"Población de 5 años o más por condición de dificultad funcional permanente y sexo al nacer, según provincia, cantón, parroquia de residencia y grupos quinquenales de edad"
censo_rate_dificultades_funcionales_sin_numero_85_o_mas_condicion_de_dificultad_funcional_permanente_con_dificultad_funcional_permanente_sexo_al_nacer_mujeres,censo_ind_dificultades_funcionales_sin_numero_85_o_mas_condicion_de_dificultad_funcional_permanente_con_dificultad_funcional_permanente_sexo_al_nacer_mujeres,censo_ind_dificultades_funcionales_sin_numero_85_o_mas_condicion_de_dificultad_funcional_permanente_con_dificultad_funcional_permanente_sexo_al_nacer_numero_total_de_personas_con_mucha_o_total_dificultad_o_limitacion_permanente_en_una_o_mas_esferas_de_funcionamiento,Condición de dificultad funcional permanente | Con dificultad funcional permanente | Sexo al nacer | Mujeres,Condición de dificultad funcional permanente | Con dificultad funcional permanente | Sexo al nacer | Número total de personas con mucha o total dificultad o limitación permanente en una o más esferas de funcionamiento,"Población de 5 años o más por condición de dificultad funcional permanente y sexo al nacer, según provincia, cantón, parroquia de residencia y grupos quinquenales de edad"
censo_rate_dificultades_funcionales_sin_numero_de_10_14_condicion_de_dificultad_funcional_permanente_sin_dificultad_funcional_permanente_sexo_al_nacer_hombres,censo_ind_dificultades_funcionales_sin_numero_de_10_14_condicion_de_dificultad_funcional_permanente_sin_dificultad_funcional_permanente_sexo_al_nacer_hombres,censo_ind_dificultades_funcionales_sin_numero_de_10_14_condicion_de_dificultad_funcional_permanente_sin_dificultad_funcional_permanente_sexo_al_nacer_numero_total_de_personas_sin_dificultad_o_limitacion_permanente,Condición de dificultad funcional permanente | Sin dificultad funcional permanente | Sexo al nacer | Hombres,Condición de dificultad funcional permanente | Sin dificultad funcional permanente | Sexo al nacer | Número total de personas sin dificultad o limitación permanente,"Población de 5 años o más por condición de dificultad funcional permanente y sexo al nacer, según provincia, cantón, parroquia de residencia y grupos quinquenales de edad"
censo_rate_dificultades_funcionales_sin_numero_de_10_14_condicion_de_dificultad_funcional_permanente_sin_dificultad_funcional_permanente_sexo_al_nacer_mujeres,censo_ind_dificultades_funcionales_sin_numero_de_10_14_condicion_de_dificultad_funcional_permanente_sin_dificultad_funcional_permanente_sexo_al_nacer_mujeres,censo_ind_dificultades_funcionales_sin_numero_de_10_14_condicion_de_dificultad_funcional_permanente_sin_dificultad_funcional_permanente_sexo_al_nacer_numero_total_de_personas_sin_dificultad_o_limitacion_permanente,Condición de dificultad funcional permanente | Sin dificultad funcional permanente | Sexo al nacer | Mujeres,Condición de dificultad funcional permanente | Sin dificultad funcional permanente | Sexo al nacer | Número total de personas sin dificultad o limitación permanente,"Población de 5 años o más por condición de dificultad funcional permanente y sexo al nacer, según provincia, cantón, parroquia de residencia y grupos quinquenales de edad"
censo_rate_dificultades_funcionales_sin_numero_de_15_19_condicion_de_dificultad_funcional_permanente_sin_dificultad_funcional_permanente_sexo_al_nacer_hombres,censo_ind_dificultades_funcionales_sin_numero_de_15_19_condicion_de_dificultad_funcional_permanente_sin_dificultad_funcional_permanente_sexo_al_nacer_hombres,censo_ind_dificultades_funcionales_sin_numero_de_15_19_condicion_de_dificultad_funcional_permanente_sin_dificultad_funcional_permanente_sexo_al_nacer_numero_total_de_personas_sin_dificultad_o_limitacion_permanente,Condición de dificultad funcional permanente | Sin dificultad funcional permanente | Sexo al nacer | Hombres,Condición de dificultad funcional permanente | Sin dificultad funcional permanente | Sexo al nacer | Número total de personas sin dificultad o limitación permanente,"Población de 5 años o más por condición de dificultad funcional permanente y sexo al nacer, según provincia, cantón, parroquia de residencia y grupos quinquenales de edad"
censo_rate_dificultades_funcionales_sin_numero_de_15_19_condicion_de_dificultad_funcional_permanente_sin_dificultad_funcional_permanente_sexo_al_nacer_mujeres,censo_ind_dificultades_funcionales_sin_numero_de_15_19_condicion_de_dificultad_funcional_permanente_sin_dificultad_funcional_permanente_sexo_al_nacer_mujeres,censo_ind_dificultades_funcionales_sin_numero_de_15_19_condicion_de_dificultad_funcional_permanente_sin_dificultad_funcional_permanente_sexo_al_nacer_numero_total_de_personas_sin_dificultad_o_limitacion_permanente,Condición de dificultad funcional permanente | Sin dificultad funcional permanente | Sexo al nacer | Mujeres,Condición de dificultad funcional permanente | Sin dificultad funcional permanente | Sexo al nacer | Número total de personas sin dificultad o limitación permanente,"Población de 5 años o más por condición de dificultad funcional permanente y sexo al nacer, según provincia, cantón, parroquia de residencia y grupos quinquenales de edad"
censo_rate_dificultades_funcionales_sin_numero_de_20_24_condicion_de_dificultad_funcional_permanente_sin_dificultad_funcional_permanente_sexo_al_nacer_hombres,censo_ind_dificultades_funcionales_sin_numero_de_20_24_condicion_de_dificultad_funcional_permanente_sin_dificultad_funcional_permanente_sexo_al_nacer_hombres,censo_ind_dificultades_funcionales_sin_numero_de_20_24_condicion_de_dificultad_funcional_permanente_sin_dificultad_funcional_permanente_sexo_al_nacer_numero_total_de_personas_sin_dificultad_o_limitacion_permanente,Condición de dificultad funcional permanente | Sin dificultad funcional permanente | Sexo al nacer | Hombres,Condición de dificultad funcional permanente | Sin dificultad funcional permanente | Sexo al nacer | Número total de personas sin dificultad o limitación permanente,"Población de 5 años o más por condición de dificultad funcional permanente y sexo al nacer, según provincia, cantón, parroquia de residencia y grupos quinquenales de edad"
censo_rate_dificultades_funcionales_sin_numero_de_20_24_condicion_de_dificultad_funcional_permanente_sin_dificultad_funcional_permanente_sexo_al_nacer_mujeres,censo_ind_dificultades_funcionales_sin_numero_de_20_24_condicion_de_dificultad_funcional_permanente_sin_dificultad_funcional_permanente_sexo_al_nacer_mujeres,censo_ind_dificultades_funcionales_sin_numero_de_20_24_condicion_de_dificultad_funcional_permanente_sin_dificultad_funcional_permanente_sexo_al_nacer_numero_total_de_personas_sin_dificultad_o_limitacion_permanente,Condición de dificultad funcional permanente | Sin dificultad funcional permanente | Sexo al nacer | Mujeres,Condición de dificultad funcional permanente | Sin dificultad funcional permanente | Sexo al nacer | Número total de personas sin dificultad o limitación permanente,"Población de 5 años o más por condición de dificultad funcional permanente y sexo al nacer, según provincia, cantón, parroquia de residencia y grupos quinquenales de edad"
censo_rate_dificultades_funcionales_sin_numero_de_25_29_condicion_de_dificultad_funcional_permanente_sin_dificultad_funcional_permanente_sexo_al_nacer_hombres,censo_ind_dificultades_funcionales_sin_numero_de_25_29_condicion_de_dificultad_funcional_permanente_sin_dificultad_funcional_permanente_sexo_al_nacer_hombres,censo_ind_dificultades_funcionales_sin_numero_de_25_29_condicion_de_dificultad_funcional_permanente_sin_dificultad_funcional_permanente_sexo_al_nacer_numero_total_de_personas_sin_dificultad_o_limitacion_permanente,Condición de dificultad funcional permanente | Sin dificultad funcional permanente | Sexo al nacer | Hombres,Condición de dificultad funcional permanente | Sin dificultad funcional permanente | Sexo al nacer | Número total de personas sin dificultad o limitación permanente,"Población de 5 años o más por condición de dificultad funcional permanente y sexo al nacer, según provincia, cantón, parroquia de residencia y grupos quinquenales de edad"
censo_rate_dificultades_funcionales_sin_numero_de_25_29_condicion_de_dificultad_funcional_permanente_sin_dificultad_funcional_permanente_sexo_al_nacer_mujeres,censo_ind_dificultades_funcionales_sin_numero_de_25_29_condicion_de_dificultad_funcional_permanente_sin_dificultad_funcional_permanente_sexo_al_nacer_mujeres,censo_ind_dificultades_funcionales_sin_numero_de_25_29_condicion_de_dificultad_funcional_permanente_sin_dificultad_funcional_permanente_sexo_al_nacer_numero_total_de_personas_sin_dificultad_o_limitacion_permanente,Condición de dificultad funcional permanente | Sin dificultad funcional permanente | Sexo al nacer | Mujeres,Condición de dificultad funcional permanente | Sin dificultad funcional permanente | Sexo al nacer | Número total de personas sin dificultad o limitación permanente,"Población de 5 años o más por condición de dificultad funcional permanente y sexo al nacer, según provincia, cantón, parroquia de residencia y grupos quinquenales de edad"
censo_rate_dificultades_funcionales_sin_numero_de_30_34_condicion_de_dificultad_funcional_permanente_sin_dificultad_funcional_permanente_sexo_al_nacer_hombres,censo_ind_dificultades_funcionales_sin_numero_de_30_34_condicion_de_dificultad_funcional_permanente_sin_dificultad_funcional_permanente_sexo_al_nacer_hombres,censo_ind_dificultades_funcionales_sin_numero_de_30_34_condicion_de_dificultad_funcional_permanente_sin_dificultad_funcional_permanente_sexo_al_nacer_numero_total_de_personas_sin_dificultad_o_limitacion_permanente,Condición de dificultad funcional permanente | Sin dificultad funcional permanente | Sexo al nacer | Hombres,Condición de dificultad funcional permanente | Sin dificultad funcional permanente | Sexo al nacer | Número total de personas sin dificultad o limitación permanente,"Población de 5 años o más por condición de dificultad funcional permanente y sexo al nacer, según provincia, cantón, parroquia de residencia y grupos quinquenales de edad"
censo_rate_dificultades_funcionales_sin_numero_de_30_34_condicion_de_dificultad_funcional_permanente_sin_dificultad_funcional_permanente_sexo_al_nacer_mujeres,censo_ind_dificultades_funcionales_sin_numero_de_30_34_condicion_de_dificultad_funcional_permanente_sin_dificultad_funcional_permanente_sexo_al_nacer_mujeres,censo_ind_dificultades_funcionales_sin_numero_de_30_34_condicion_de_dificultad_funcional_permanente_sin_dificultad_funcional_permanente_sexo_al_nacer_numero_total_de_personas_sin_dificultad_o_limitacion_permanente,Condición de dificultad funcional permanente | Sin dificultad funcional permanente | Sexo al nacer | Mujeres,Condición de dificultad funcional permanente | Sin dificultad funcional permanente | Sexo al nacer | Número total de personas sin dificultad o limitación permanente,"Población de 5 años o más por condición de dificultad funcional permanente y sexo al nacer, según provincia, cantón, parroquia de residencia y grupos quinquenales de edad"
censo_rate_dificultades_funcionales_sin_numero_de_35_39_condicion_de_dificultad_funcional_permanente_sin_dificultad_funcional_permanente_sexo_al_nacer_hombres,censo_ind_dificultades_funcionales_sin_numero_de_35_39_condicion_de_dificultad_funcional_permanente_sin_dificultad_funcional_permanente_sexo_al_nacer_hombres,censo_ind_dificultades_funcionales_sin_numero_de_35_39_condicion_de_dificultad_funcional_permanente_sin_dificultad_funcional_permanente_sexo_al_nacer_numero_total_de_personas_sin_dificultad_o_limitacion_permanente,Condición de dificultad funcional permanente | Sin dificultad funcional permanente | Sexo al nacer | Hombres,Condición de dificultad funcional permanente | Sin dificultad funcional permanente | Sexo al nacer | Número total de personas sin dificultad o limitación permanente,"Población de 5 años o más por condición de dificultad funcional permanente y sexo al nacer, según provincia, cantón, parroquia de residencia y grupos quinquenales de edad"
censo_rate_dificultades_funcionales_sin_numero_de_35_39_condicion_de_dificultad_funcional_permanente_sin_dificultad_funcional_permanente_sexo_al_nacer_mujeres,censo_ind_dificultades_funcionales_sin_numero_de_35_39_condicion_de_dificultad_funcional_permanente_sin_dificultad_funcional_permanente_sexo_al_nacer_mujeres,censo_ind_dificultades_funcionales_sin_numero_de_35_39_condicion_de_dificultad_funcional_permanente_sin_dificultad_funcional_permanente_sexo_al_nacer_numero_total_de_personas_sin_dificultad_o_limitacion_permanente,Condición de dificultad funcional permanente | Sin dificultad funcional permanente | Sexo al nacer | Mujeres,Condición de dificultad funcional permanente | Sin dificultad funcional permanente | Sexo al nacer | Número total de personas sin dificultad o limitación permanente,"Población de 5 años o más por condición de dificultad funcional permanente y sexo al nacer, según provincia, cantón, parroquia de residencia y grupos quinquenales de edad"
censo_rate_dificultades_funcionales_sin_numero_de_40_44_condicion_de_dificultad_funcional_permanente_sin_dificultad_funcional_permanente_sexo_al_nacer_hombres,censo_ind_dificultades_funcionales_sin_numero_de_40_44_condicion_de_dificultad_funcional_permanente_sin_dificultad_funcional_permanente_sexo_al_nacer_hombres,censo_ind_dificultades_funcionales_sin_numero_de_40_44_condicion_de_dificultad_funcional_permanente_sin_dificultad_funcional_permanente_sexo_al_nacer_numero_total_de_personas_sin_dificultad_o_limitacion_permanente,Condición de dificultad funcional permanente | Sin dificultad funcional permanente | Sexo al nacer | Hombres,Condición de dificultad funcional permanente | Sin dificultad funcional permanente | Sexo al nacer | Número total de personas sin dificultad o limitación permanente,"Población de 5 años o más por condición de dificultad funcional permanente y sexo al nacer, según provincia, cantón, parroquia de residencia y grupos quinquenales de edad"
censo_rate_dificultades_funcionales_sin_numero_de_40_44_condicion_de_dificultad_funcional_permanente_sin_dificultad_funcional_permanente_sexo_al_nacer_mujeres,censo_ind_dificultades_funcionales_sin_numero_de_40_44_condicion_de_dificultad_funcional_permanente_sin_dificultad_funcional_permanente_sexo_al_nacer_mujeres,censo_ind_dificultades_funcionales_sin_numero_de_40_44_condicion_de_dificultad_funcional_permanente_sin_dificultad_funcional_permanente_sexo_al_nacer_numero_total_de_personas_sin_dificultad_o_limitacion_permanente,Condición de dificultad funcional permanente | Sin dificultad funcional permanente | Sexo al nacer | Mujeres,Condición de dificultad funcional permanente | Sin dificultad funcional permanente | Sexo al nacer | Número total de personas sin dificultad o limitación permanente,"Población de 5 años o más por condición de dificultad funcional permanente y sexo al nacer, según provincia, cantón, parroquia de residencia y grupos quinquenales de edad"
censo_rate_dificultades_funcionales_sin_numero_de_45_49_condicion_de_dificultad_funcional_permanente_sin_dificultad_funcional_permanente_sexo_al_nacer_hombres,censo_ind_dificultades_funcionales_sin_numero_de_45_49_condicion_de_dificultad_funcional_permanente_sin_dificultad_funcional_permanente_sexo_al_nacer_hombres,censo_ind_dificultades_funcionales_sin_numero_de_45_49_condicion_de_dificultad_funcional_permanente_sin_dificultad_funcional_permanente_sexo_al_nacer_numero_total_de_personas_sin_dificultad_o_limitacion_permanente,Condición de dificultad funcional permanente | Sin dificultad funcional permanente | Sexo al nacer | Hombres,Condición de dificultad funcional permanente | Sin dificultad funcional permanente | Sexo al nacer | Número total de personas sin dificultad o limitación permanente,"Población de 5 años o más por condición de dificultad funcional permanente y sexo al nacer, según provincia, cantón, parroquia de residencia y grupos quinquenales de edad"
censo_rate_dificultades_funcionales_sin_numero_de_45_49_condicion_de_dificultad_funcional_permanente_sin_dificultad_funcional_permanente_sexo_al_nacer_mujeres,censo_ind_dificultades_funcionales_sin_numero_de_45_49_condicion_de_dificultad_funcional_permanente_sin_dificultad_funcional_permanente_sexo_al_nacer_mujeres,censo_ind_dificultades_funcionales_sin_numero_de_45_49_condicion_de_dificultad_funcional_permanente_sin_dificultad_funcional_permanente_sexo_al_nacer_numero_total_de_personas_sin_dificultad_o_limitacion_permanente,Condición de dificultad funcional permanente | Sin dificultad funcional permanente | Sexo al nacer | Mujeres,Condición de dificultad funcional permanente | Sin dificultad funcional permanente | Sexo al nacer | Número total de personas sin dificultad o limitación permanente,"Población de 5 años o más por condición de dificultad funcional permanente y sexo al nacer, según provincia, cantón, parroquia de residencia y grupos quinquenales de edad"
censo_rate_dificultades_funcionales_sin_numero_de_5_9_condicion_de_dificultad_funcional_permanente_sin_dificultad_funcional_permanente_sexo_al_nacer_hombres,censo_ind_dificultades_funcionales_sin_numero_de_5_9_condicion_de_dificultad_funcional_permanente_sin_dificultad_funcional_permanente_sexo_al_nacer_hombres,censo_ind_dificultades_funcionales_sin_numero_de_5_9_condicion_de_dificultad_funcional_permanente_sin_dificultad_funcional_permanente_sexo_al_nacer_numero_total_de_personas_sin_dificultad_o_limitacion_permanente,Condición de dificultad funcional permanente | Sin dificultad funcional permanente | Sexo al nacer | Hombres,Condición de dificultad funcional permanente | Sin dificultad funcional permanente | Sexo al nacer | Número total de personas sin dificultad o limitación permanente,"Población de 5 años o más por condición de dificultad funcional permanente y sexo al nacer, según provincia, cantón, parroquia de residencia y grupos quinquenales de edad"
censo_rate_dificultades_funcionales_sin_numero_de_5_9_condicion_de_dificultad_funcional_permanente_sin_dificultad_funcional_permanente_sexo_al_nacer_mujeres,censo_ind_dificultades_funcionales_sin_numero_de_5_9_condicion_de_dificultad_funcional_permanente_sin_dificultad_funcional_permanente_sexo_al_nacer_mujeres,censo_ind_dificultades_funcionales_sin_numero_de_5_9_condicion_de_dificultad_funcional_permanente_sin_dificultad_funcional_permanente_sexo_al_nacer_numero_total_de_personas_sin_dificultad_o_limitacion_permanente,Condición de dificultad funcional permanente | Sin dificultad funcional permanente | Sexo al nacer | Mujeres,Condición de dificultad funcional permanente | Sin dificultad funcional permanente | Sexo al nacer | Número total de personas sin dificultad o limitación permanente,"Población de 5 años o más por condición de dificultad funcional permanente y sexo al nacer, según provincia, cantón, parroquia de residencia y grupos quinquenales de edad"
censo_rate_dificultades_funcionales_sin_numero_de_50_54_condicion_de_dificultad_funcional_permanente_con_dificultad_funcional_permanente_sexo_al_nacer_hombres,censo_ind_dificultades_funcionales_sin_numero_de_50_54_condicion_de_dificultad_funcional_permanente_con_dificultad_funcional_permanente_sexo_al_nacer_hombres,censo_ind_dificultades_funcionales_sin_numero_de_50_54_condicion_de_dificultad_funcional_permanente_con_dificultad_funcional_permanente_sexo_al_nacer_numero_total_de_personas_con_mucha_o_total_dificultad_o_limitacion_permanente_en_una_o_mas_esferas_de_funcionamiento,Condición de dificultad funcional permanente | Con dificultad funcional permanente | Sexo al nacer | Hombres,Condición de dificultad funcional permanente | Con dificultad funcional permanente | Sexo al nacer | Número total de personas con mucha o total dificultad o limitación permanente en una o más esferas de funcionamiento,"Población de 5 años o más por condición de dificultad funcional permanente y sexo al nacer, según provincia, cantón, parroquia de residencia y grupos quinquenales de edad"
censo_rate_dificultades_funcionales_sin_numero_de_50_54_condicion_de_dificultad_funcional_permanente_con_dificultad_funcional_permanente_sexo_al_nacer_mujeres,censo_ind_dificultades_funcionales_sin_numero_de_50_54_condicion_de_dificultad_funcional_permanente_con_dificultad_funcional_permanente_sexo_al_nacer_mujeres,censo_ind_dificultades_funcionales_sin_numero_de_50_54_condicion_de_dificultad_funcional_permanente_con_dificultad_funcional_permanente_sexo_al_nacer_numero_total_de_personas_con_mucha_o_total_dificultad_o_limitacion_permanente_en_una_o_mas_esferas_de_funcionamiento,Condición de dificultad funcional permanente | Con dificultad funcional permanente | Sexo al nacer | Mujeres,Condición de dificultad funcional permanente | Con dificultad funcional permanente | Sexo al nacer | Número total de personas con mucha o total dificultad o limitación permanente en una o más esferas de funcionamiento,"Población de 5 años o más por condición de dificultad funcional permanente y sexo al nacer, según provincia, cantón, parroquia de residencia y grupos quinquenales de edad"
censo_rate_dificultades_funcionales_sin_numero_de_50_54_condicion_de_dificultad_funcional_permanente_sin_dificultad_funcional_permanente_sexo_al_nacer_hombres,censo_ind_dificultades_funcionales_sin_numero_de_50_54_condicion_de_dificultad_funcional_permanente_sin_dificultad_funcional_permanente_sexo_al_nacer_hombres,censo_ind_dificultades_funcionales_sin_numero_de_50_54_condicion_de_dificultad_funcional_permanente_sin_dificultad_funcional_permanente_sexo_al_nacer_numero_total_de_personas_sin_dificultad_o_limitacion_permanente,Condición de dificultad funcional permanente | Sin dificultad funcional permanente | Sexo al nacer | Hombres,Condición de dificultad funcional permanente | Sin dificultad funcional permanente | Sexo al nacer | Número total de personas sin dificultad o limitación permanente,"Población de 5 años o más por condición de dificultad funcional permanente y sexo al nacer, según provincia, cantón, parroquia de residencia y grupos quinquenales de edad"
censo_rate_dificultades_funcionales_sin_numero_de_50_54_condicion_de_dificultad_funcional_permanente_sin_dificultad_funcional_permanente_sexo_al_nacer_mujeres,censo_ind_dificultades_funcionales_sin_numero_de_50_54_condicion_de_dificultad_funcional_permanente_sin_dificultad_funcional_permanente_sexo_al_nacer_mujeres,censo_ind_dificultades_funcionales_sin_numero_de_50_54_condicion_de_dificultad_funcional_permanente_sin_dificultad_funcional_permanente_sexo_al_nacer_numero_total_de_personas_sin_dificultad_o_limitacion_permanente,Condición de dificultad funcional permanente | Sin dificultad funcional permanente | Sexo al nacer | Mujeres,Condición de dificultad funcional permanente | Sin dificultad funcional permanente | Sexo al nacer | Número total de personas sin dificultad o limitación permanente,"Población de 5 años o más por condición de dificultad funcional permanente y sexo al nacer, según provincia, cantón, parroquia de residencia y grupos quinquenales de edad"
censo_rate_dificultades_funcionales_sin_numero_de_55_59_condicion_de_dificultad_funcional_permanente_con_dificultad_funcional_permanente_sexo_al_nacer_hombres,censo_ind_dificultades_funcionales_sin_numero_de_55_59_condicion_de_dificultad_funcional_permanente_con_dificultad_funcional_permanente_sexo_al_nacer_hombres,censo_ind_dificultades_funcionales_sin_numero_de_55_59_condicion_de_dificultad_funcional_permanente_con_dificultad_funcional_permanente_sexo_al_nacer_numero_total_de_personas_con_mucha_o_total_dificultad_o_limitacion_permanente_en_una_o_mas_esferas_de_funcionamiento,Condición de dificultad funcional permanente | Con dificultad funcional permanente | Sexo al nacer | Hombres,Condición de dificultad funcional permanente | Con dificultad funcional permanente | Sexo al nacer | Número total de personas con mucha o total dificultad o limitación permanente en una o más esferas de funcionamiento,"Población de 5 años o más por condición de dificultad funcional permanente y sexo al nacer, según provincia, cantón, parroquia de residencia y grupos quinquenales de edad"
censo_rate_dificultades_funcionales_sin_numero_de_55_59_condicion_de_dificultad_funcional_permanente_con_dificultad_funcional_permanente_sexo_al_nacer_mujeres,censo_ind_dificultades_funcionales_sin_numero_de_55_59_condicion_de_dificultad_funcional_permanente_con_dificultad_funcional_permanente_sexo_al_nacer_mujeres,censo_ind_dificultades_funcionales_sin_numero_de_55_59_condicion_de_dificultad_funcional_permanente_con_dificultad_funcional_permanente_sexo_al_nacer_numero_total_de_personas_con_mucha_o_total_dificultad_o_limitacion_permanente_en_una_o_mas_esferas_de_funcionamiento,Condición de dificultad funcional permanente | Con dificultad funcional permanente | Sexo al nacer | Mujeres,Condición de dificultad funcional permanente | Con dificultad funcional permanente | Sexo al nacer | Número total de personas con mucha o total dificultad o limitación permanente en una o más esferas de funcionamiento,"Población de 5 años o más por condición de dificultad funcional permanente y sexo al nacer, según provincia, cantón, parroquia de residencia y grupos quinquenales de edad"
censo_rate_dificultades_funcionales_sin_numero_de_55_59_condicion_de_dificultad_funcional_permanente_sin_dificultad_funcional_permanente_sexo_al_nacer_hombres,censo_ind_dificultades_funcionales_sin_numero_de_55_59_condicion_de_dificultad_funcional_permanente_sin_dificultad_funcional_permanente_sexo_al_nacer_hombres,censo_ind_dificultades_funcionales_sin_numero_de_55_59_condicion_de_dificultad_funcional_permanente_sin_dificultad_funcional_permanente_sexo_al_nacer_numero_total_de_personas_sin_dificultad_o_limitacion_permanente,Condición de dificultad funcional permanente | Sin dificultad funcional permanente | Sexo al nacer | Hombres,Condición de dificultad funcional permanente | Sin dificultad funcional permanente | Sexo al nacer | Número total de personas sin dificultad o limitación permanente,"Población de 5 años o más por condición de dificultad funcional permanente y sexo al nacer, según provincia, cantón, parroquia de residencia y grupos quinquenales de edad"
censo_rate_dificultades_funcionales_sin_numero_de_55_59_condicion_de_dificultad_funcional_permanente_sin_dificultad_funcional_permanente_sexo_al_nacer_mujeres,censo_ind_dificultades_funcionales_sin_numero_de_55_59_condicion_de_dificultad_funcional_permanente_sin_dificultad_funcional_permanente_sexo_al_nacer_mujeres,censo_ind_dificultades_funcionales_sin_numero_de_55_59_condicion_de_dificultad_funcional_permanente_sin_dificultad_funcional_permanente_sexo_al_nacer_numero_total_de_personas_sin_dificultad_o_limitacion_permanente,Condición de dificultad funcional permanente | Sin dificultad funcional permanente | Sexo al nacer | Mujeres,Condición de dificultad funcional permanente | Sin dificultad funcional permanente | Sexo al nacer | Número total de personas sin dificultad o limitación permanente,"Población de 5 años o más por condición de dificultad funcional permanente y sexo al nacer, según provincia, cantón, parroquia de residencia y grupos quinquenales de edad"
censo_rate_dificultades_funcionales_sin_numero_de_60_64_condicion_de_dificultad_funcional_permanente_con_dificultad_funcional_permanente_sexo_al_nacer_hombres,censo_ind_dificultades_funcionales_sin_numero_de_60_64_condicion_de_dificultad_funcional_permanente_con_dificultad_funcional_permanente_sexo_al_nacer_hombres,censo_ind_dificultades_funcionales_sin_numero_de_60_64_condicion_de_dificultad_funcional_permanente_con_dificultad_funcional_permanente_sexo_al_nacer_numero_total_de_personas_con_mucha_o_total_dificultad_o_limitacion_permanente_en_una_o_mas_esferas_de_funcionamiento,Condición de dificultad funcional permanente | Con dificultad funcional permanente | Sexo al nacer | Hombres,Condición de dificultad funcional permanente | Con dificultad funcional permanente | Sexo al nacer | Número total de personas con mucha o total dificultad o limitación permanente en una o más esferas de funcionamiento,"Población de 5 años o más por condición de dificultad funcional permanente y sexo al nacer, según provincia, cantón, parroquia de residencia y grupos quinquenales de edad"
censo_rate_dificultades_funcionales_sin_numero_de_60_64_condicion_de_dificultad_funcional_permanente_con_dificultad_funcional_permanente_sexo_al_nacer_mujeres,censo_ind_dificultades_funcionales_sin_numero_de_60_64_condicion_de_dificultad_funcional_permanente_con_dificultad_funcional_permanente_sexo_al_nacer_mujeres,censo_ind_dificultades_funcionales_sin_numero_de_60_64_condicion_de_dificultad_funcional_permanente_con_dificultad_funcional_permanente_sexo_al_nacer_numero_total_de_personas_con_mucha_o_total_dificultad_o_limitacion_permanente_en_una_o_mas_esferas_de_funcionamiento,Condición de dificultad funcional permanente | Con dificultad funcional permanente | Sexo al nacer | Mujeres,Condición de dificultad funcional permanente | Con dificultad funcional permanente | Sexo al nacer | Número total de personas con mucha o total dificultad o limitación permanente en una o más esferas de funcionamiento,"Población de 5 años o más por condición de dificultad funcional permanente y sexo al nacer, según provincia, cantón, parroquia de residencia y grupos quinquenales de edad"
censo_rate_dificultades_funcionales_sin_numero_de_60_64_condicion_de_dificultad_funcional_permanente_sin_dificultad_funcional_permanente_sexo_al_nacer_hombres,censo_ind_dificultades_funcionales_sin_numero_de_60_64_condicion_de_dificultad_funcional_permanente_sin_dificultad_funcional_permanente_sexo_al_nacer_hombres,censo_ind_dificultades_funcionales_sin_numero_de_60_64_condicion_de_dificultad_funcional_permanente_sin_dificultad_funcional_permanente_sexo_al_nacer_numero_total_de_personas_sin_dificultad_o_limitacion_permanente,Condición de dificultad funcional permanente | Sin dificultad funcional permanente | Sexo al nacer | Hombres,Condición de dificultad funcional permanente | Sin dificultad funcional permanente | Sexo al nacer | Número total de personas sin dificultad o limitación permanente,"Población de 5 años o más por condición de dificultad funcional permanente y sexo al nacer, según provincia, cantón, parroquia de residencia y grupos quinquenales de edad"
censo_rate_dificultades_funcionales_sin_numero_de_60_64_condicion_de_dificultad_funcional_permanente_sin_dificultad_funcional_permanente_sexo_al_nacer_mujeres,censo_ind_dificultades_funcionales_sin_numero_de_60_64_condicion_de_dificultad_funcional_permanente_sin_dificultad_funcional_permanente_sexo_al_nacer_mujeres,censo_ind_dificultades_funcionales_sin_numero_de_60_64_condicion_de_dificultad_funcional_permanente_sin_dificultad_funcional_permanente_sexo_al_nacer_numero_total_de_personas_sin_dificultad_o_limitacion_permanente,Condición de dificultad funcional permanente | Sin dificultad funcional permanente | Sexo al nacer | Mujeres,Condición de dificultad funcional permanente | Sin dificultad funcional permanente | Sexo al nacer | Número total de personas sin dificultad o limitación permanente,"Población de 5 años o más por condición de dificultad funcional permanente y sexo al nacer, según provincia, cantón, parroquia de residencia y grupos quinquenales de edad"
censo_rate_dificultades_funcionales_sin_numero_de_65_69_condicion_de_dificultad_funcional_permanente_con_dificultad_funcional_permanente_sexo_al_nacer_hombres,censo_ind_dificultades_funcionales_sin_numero_de_65_69_condicion_de_dificultad_funcional_permanente_con_dificultad_funcional_permanente_sexo_al_nacer_hombres,censo_ind_dificultades_funcionales_sin_numero_de_65_69_condicion_de_dificultad_funcional_permanente_con_dificultad_funcional_permanente_sexo_al_nacer_numero_total_de_personas_con_mucha_o_total_dificultad_o_limitacion_permanente_en_una_o_mas_esferas_de_funcionamiento,Condición de dificultad funcional permanente | Con dificultad funcional permanente | Sexo al nacer | Hombres,Condición de dificultad funcional permanente | Con dificultad funcional permanente | Sexo al nacer | Número total de personas con mucha o total dificultad o limitación permanente en una o más esferas de funcionamiento,"Población de 5 años o más por condición de dificultad funcional permanente y sexo al nacer, según provincia, cantón, parroquia de residencia y grupos quinquenales de edad"
censo_rate_dificultades_funcionales_sin_numero_de_65_69_condicion_de_dificultad_funcional_permanente_con_dificultad_funcional_permanente_sexo_al_nacer_mujeres,censo_ind_dificultades_funcionales_sin_numero_de_65_69_condicion_de_dificultad_funcional_permanente_con_dificultad_funcional_permanente_sexo_al_nacer_mujeres,censo_ind_dificultades_funcionales_sin_numero_de_65_69_condicion_de_dificultad_funcional_permanente_con_dificultad_funcional_permanente_sexo_al_nacer_numero_total_de_personas_con_mucha_o_total_dificultad_o_limitacion_permanente_en_una_o_mas_esferas_de_funcionamiento,Condición de dificultad funcional permanente | Con dificultad funcional permanente | Sexo al nacer | Mujeres,Condición de dificultad funcional permanente | Con dificultad funcional permanente | Sexo al nacer | Número total de personas con mucha o total dificultad o limitación permanente en una o más esferas de funcionamiento,"Población de 5 años o más por condición de dificultad funcional permanente y sexo al nacer, según provincia, cantón, parroquia de residencia y grupos quinquenales de edad"
censo_rate_dificultades_funcionales_sin_numero_de_65_69_condicion_de_dificultad_funcional_permanente_sin_dificultad_funcional_permanente_sexo_al_nacer_hombres,censo_ind_dificultades_funcionales_sin_numero_de_65_69_condicion_de_dificultad_funcional_permanente_sin_dificultad_funcional_permanente_sexo_al_nacer_hombres,censo_ind_dificultades_funcionales_sin_numero_de_65_69_condicion_de_dificultad_funcional_permanente_sin_dificultad_funcional_permanente_sexo_al_nacer_numero_total_de_personas_sin_dificultad_o_limitacion_permanente,Condición de dificultad funcional permanente | Sin dificultad funcional permanente | Sexo al nacer | Hombres,Condición de dificultad funcional permanente | Sin dificultad funcional permanente | Sexo al nacer | Número total de personas sin dificultad o limitación permanente,"Población de 5 años o más por condición de dificultad funcional permanente y sexo al nacer, según provincia, cantón, parroquia de residencia y grupos quinquenales de edad"
censo_rate_dificultades_funcionales_sin_numero_de_65_69_condicion_de_dificultad_funcional_permanente_sin_dificultad_funcional_permanente_sexo_al_nacer_mujeres,censo_ind_dificultades_funcionales_sin_numero_de_65_69_condicion_de_dificultad_funcional_permanente_sin_dificultad_funcional_permanente_sexo_al_nacer_mujeres,censo_ind_dificultades_funcionales_sin_numero_de_65_69_condicion_de_dificultad_funcional_permanente_sin_dificultad_funcional_permanente_sexo_al_nacer_numero_total_de_personas_sin_dificultad_o_limitacion_permanente,Condición de dificultad funcional permanente | Sin dificultad funcional permanente | Sexo al nacer | Mujeres,Condición de dificultad funcional permanente | Sin dificultad funcional permanente | Sexo al nacer | Número total de personas sin dificultad o limitación permanente,"Población de 5 años o más por condición de dificultad funcional permanente y sexo al nacer, según provincia, cantón, parroquia de residencia y grupos quinquenales de edad"
censo_rate_dificultades_funcionales_sin_numero_de_70_74_condicion_de_dificultad_funcional_permanente_con_dificultad_funcional_permanente_sexo_al_nacer_hombres,censo_ind_dificultades_funcionales_sin_numero_de_70_74_condicion_de_dificultad_funcional_permanente_con_dificultad_funcional_permanente_sexo_al_nacer_hombres,censo_ind_dificultades_funcionales_sin_numero_de_70_74_condicion_de_dificultad_funcional_permanente_con_dificultad_funcional_permanente_sexo_al_nacer_numero_total_de_personas_con_mucha_o_total_dificultad_o_limitacion_permanente_en_una_o_mas_esferas_de_funcionamiento,Condición de dificultad funcional permanente | Con dificultad funcional permanente | Sexo al nacer | Hombres,Condición de dificultad funcional permanente | Con dificultad funcional permanente | Sexo al nacer | Número total de personas con mucha o total dificultad o limitación permanente en una o más esferas de funcionamiento,"Población de 5 años o más por condición de dificultad funcional permanente y sexo al nacer, según provincia, cantón, parroquia de residencia y grupos quinquenales de edad"
censo_rate_dificultades_funcionales_sin_numero_de_70_74_condicion_de_dificultad_funcional_permanente_con_dificultad_funcional_permanente_sexo_al_nacer_mujeres,censo_ind_dificultades_funcionales_sin_numero_de_70_74_condicion_de_dificultad_funcional_permanente_con_dificultad_funcional_permanente_sexo_al_nacer_mujeres,censo_ind_dificultades_funcionales_sin_numero_de_70_74_condicion_de_dificultad_funcional_permanente_con_dificultad_funcional_permanente_sexo_al_nacer_numero_total_de_personas_con_mucha_o_total_dificultad_o_limitacion_permanente_en_una_o_mas_esferas_de_funcionamiento,Condición de dificultad funcional permanente | Con dificultad funcional permanente | Sexo al nacer | Mujeres,Condición de dificultad funcional permanente | Con dificultad funcional permanente | Sexo al nacer | Número total de personas con mucha o total dificultad o limitación permanente en una o más esferas de funcionamiento,"Población de 5 años o más por condición de dificultad funcional permanente y sexo al nacer, según provincia, cantón, parroquia de residencia y grupos quinquenales de edad"
censo_rate_dificultades_funcionales_sin_numero_de_70_74_condicion_de_dificultad_funcional_permanente_sin_dificultad_funcional_permanente_sexo_al_nacer_hombres,censo_ind_dificultades_funcionales_sin_numero_de_70_74_condicion_de_dificultad_funcional_permanente_sin_dificultad_funcional_permanente_sexo_al_nacer_hombres,censo_ind_dificultades_funcionales_sin_numero_de_70_74_condicion_de_dificultad_funcional_permanente_sin_dificultad_funcional_permanente_sexo_al_nacer_numero_total_de_personas_sin_dificultad_o_limitacion_permanente,Condición de dificultad funcional permanente | Sin dificultad funcional permanente | Sexo al nacer | Hombres,Condición de dificultad funcional permanente | Sin dificultad funcional permanente | Sexo al nacer | Número total de personas sin dificultad o limitación permanente,"Población de 5 años o más por condición de dificultad funcional permanente y sexo al nacer, según provincia, cantón, parroquia de residencia y grupos quinquenales de edad"
censo_rate_dificultades_funcionales_sin_numero_de_70_74_condicion_de_dificultad_funcional_permanente_sin_dificultad_funcional_permanente_sexo_al_nacer_mujeres,censo_ind_dificultades_funcionales_sin_numero_de_70_74_condicion_de_dificultad_funcional_permanente_sin_dificultad_funcional_permanente_sexo_al_nacer_mujeres,censo_ind_dificultades_funcionales_sin_numero_de_70_74_condicion_de_dificultad_funcional_permanente_sin_dificultad_funcional_permanente_sexo_al_nacer_numero_total_de_personas_sin_dificultad_o_limitacion_permanente,Condición de dificultad funcional permanente | Sin dificultad funcional permanente | Sexo al nacer | Mujeres,Condición de dificultad funcional permanente | Sin dificultad funcional permanente | Sexo al nacer | Número total de personas sin dificultad o limitación permanente,"Población de 5 años o más por condición de dificultad funcional permanente y sexo al nacer, según provincia, cantón, parroquia de residencia y grupos quinquenales de edad"
censo_rate_dificultades_funcionales_sin_numero_de_75_79_condicion_de_dificultad_funcional_permanente_con_dificultad_funcional_permanente_sexo_al_nacer_hombres,censo_ind_dificultades_funcionales_sin_numero_de_75_79_condicion_de_dificultad_funcional_permanente_con_dificultad_funcional_permanente_sexo_al_nacer_hombres,censo_ind_dificultades_funcionales_sin_numero_de_75_79_condicion_de_dificultad_funcional_permanente_con_dificultad_funcional_permanente_sexo_al_nacer_numero_total_de_personas_con_mucha_o_total_dificultad_o_limitacion_permanente_en_una_o_mas_esferas_de_funcionamiento,Condición de dificultad funcional permanente | Con dificultad funcional permanente | Sexo al nacer | Hombres,Condición de dificultad funcional permanente | Con dificultad funcional permanente | Sexo al nacer | Número total de personas con mucha o total dificultad o limitación permanente en una o más esferas de funcionamiento,"Población de 5 años o más por condición de dificultad funcional permanente y sexo al nacer, según provincia, cantón, parroquia de residencia y grupos quinquenales de edad"
censo_rate_dificultades_funcionales_sin_numero_de_75_79_condicion_de_dificultad_funcional_permanente_con_dificultad_funcional_permanente_sexo_al_nacer_mujeres,censo_ind_dificultades_funcionales_sin_numero_de_75_79_condicion_de_dificultad_funcional_permanente_con_dificultad_funcional_permanente_sexo_al_nacer_mujeres,censo_ind_dificultades_funcionales_sin_numero_de_75_79_condicion_de_dificultad_funcional_permanente_con_dificultad_funcional_permanente_sexo_al_nacer_numero_total_de_personas_con_mucha_o_total_dificultad_o_limitacion_permanente_en_una_o_mas_esferas_de_funcionamiento,Condición de dificultad funcional permanente | Con dificultad funcional permanente | Sexo al nacer | Mujeres,Condición de dificultad funcional permanente | Con dificultad funcional permanente | Sexo al nacer | Número total de personas con mucha o total dificultad o limitación permanente en una o más esferas de funcionamiento,"Población de 5 años o más por condición de dificultad funcional permanente y sexo al nacer, según provincia, cantón, parroquia de residencia y grupos quinquenales de edad"
censo_rate_dificultades_funcionales_sin_numero_de_75_79_condicion_de_dificultad_funcional_permanente_sin_dificultad_funcional_permanente_sexo_al_nacer_hombres,censo_ind_dificultades_funcionales_sin_numero_de_75_79_condicion_de_dificultad_funcional_permanente_sin_dificultad_funcional_permanente_sexo_al_nacer_hombres,censo_ind_dificultades_funcionales_sin_numero_de_75_79_condicion_de_dificultad_funcional_permanente_sin_dificultad_funcional_permanente_sexo_al_nacer_numero_total_de_personas_sin_dificultad_o_limitacion_permanente,Condición de dificultad funcional permanente | Sin dificultad funcional permanente | Sexo al nacer | Hombres,Condición de dificultad funcional permanente | Sin dificultad funcional permanente | Sexo al nacer | Número total de personas sin dificultad o limitación permanente,"Población de 5 años o más por condición de dificultad funcional permanente y sexo al nacer, según provincia, cantón, parroquia de residencia y grupos quinquenales de edad"
censo_rate_dificultades_funcionales_sin_numero_de_75_79_condicion_de_dificultad_funcional_permanente_sin_dificultad_funcional_permanente_sexo_al_nacer_mujeres,censo_ind_dificultades_funcionales_sin_numero_de_75_79_condicion_de_dificultad_funcional_permanente_sin_dificultad_funcional_permanente_sexo_al_nacer_mujeres,censo_ind_dificultades_funcionales_sin_numero_de_75_79_condicion_de_dificultad_funcional_permanente_sin_dificultad_funcional_permanente_sexo_al_nacer_numero_total_de_personas_sin_dificultad_o_limitacion_permanente,Condición de dificultad funcional permanente | Sin dificultad funcional permanente | Sexo al nacer | Mujeres,Condición de dificultad funcional permanente | Sin dificultad funcional permanente | Sexo al nacer | Número total de personas sin dificultad o limitación permanente,"Población de 5 años o más por condición de dificultad funcional permanente y sexo al nacer, según provincia, cantón, parroquia de residencia y grupos quinquenales de edad"
censo_rate_dificultades_funcionales_sin_numero_de_80_84_condicion_de_dificultad_funcional_permanente_con_dificultad_funcional_permanente_sexo_al_nacer_hombres,censo_ind_dificultades_funcionales_sin_numero_de_80_84_condicion_de_dificultad_funcional_permanente_con_dificultad_funcional_permanente_sexo_al_nacer_hombres,censo_ind_dificultades_funcionales_sin_numero_de_80_84_condicion_de_dificultad_funcional_permanente_con_dificultad_funcional_permanente_sexo_al_nacer_numero_total_de_personas_con_mucha_o_total_dificultad_o_limitacion_permanente_en_una_o_mas_esferas_de_funcionamiento,Condición de dificultad funcional permanente | Con dificultad funcional permanente | Sexo al nacer | Hombres,Condición de dificultad funcional permanente | Con dificultad funcional permanente | Sexo al nacer | Número total de personas con mucha o total dificultad o limitación permanente en una o más esferas de funcionamiento,"Población de 5 años o más por condición de dificultad funcional permanente y sexo al nacer, según provincia, cantón, parroquia de residencia y grupos quinquenales de edad"
censo_rate_dificultades_funcionales_sin_numero_de_80_84_condicion_de_dificultad_funcional_permanente_con_dificultad_funcional_permanente_sexo_al_nacer_mujeres,censo_ind_dificultades_funcionales_sin_numero_de_80_84_condicion_de_dificultad_funcional_permanente_con_dificultad_funcional_permanente_sexo_al_nacer_mujeres,censo_ind_dificultades_funcionales_sin_numero_de_80_84_condicion_de_dificultad_funcional_permanente_con_dificultad_funcional_permanente_sexo_al_nacer_numero_total_de_personas_con_mucha_o_total_dificultad_o_limitacion_permanente_en_una_o_mas_esferas_de_funcionamiento,Condición de dificultad funcional permanente | Con dificultad funcional permanente | Sexo al nacer | Mujeres,Condición de dificultad funcional permanente | Con dificultad funcional permanente | Sexo al nacer | Número total de personas con mucha o total dificultad o limitación permanente en una o más esferas de funcionamiento,"Población de 5 años o más por condición de dificultad funcional permanente y sexo al nacer, según provincia, cantón, parroquia de residencia y grupos quinquenales de edad"
censo_rate_dificultades_funcionales_sin_numero_de_80_84_condicion_de_dificultad_funcional_permanente_sin_dificultad_funcional_permanente_sexo_al_nacer_hombres,censo_ind_dificultades_funcionales_sin_numero_de_80_84_condicion_de_dificultad_funcional_permanente_sin_dificultad_funcional_permanente_sexo_al_nacer_hombres,censo_ind_dificultades_funcionales_sin_numero_de_80_84_condicion_de_dificultad_funcional_permanente_sin_dificultad_funcional_permanente_sexo_al_nacer_numero_total_de_personas_sin_dificultad_o_limitacion_permanente,Condición de dificultad funcional permanente | Sin dificultad funcional permanente | Sexo al nacer | Hombres,Condición de dificultad funcional permanente | Sin dificultad funcional permanente | Sexo al nacer | Número total de personas sin dificultad o limitación permanente,"Población de 5 años o más por condición de dificultad funcional permanente y sexo al nacer, según provincia, cantón, parroquia de residencia y grupos quinquenales de edad"
censo_rate_dificultades_funcionales_sin_numero_de_80_84_condicion_de_dificultad_funcional_permanente_sin_dificultad_funcional_permanente_sexo_al_nacer_mujeres,censo_ind_dificultades_funcionales_sin_numero_de_80_84_condicion_de_dificultad_funcional_permanente_sin_dificultad_funcional_permanente_sexo_al_nacer_mujeres,censo_ind_dificultades_funcionales_sin_numero_de_80_84_condicion_de_dificultad_funcional_permanente_sin_dificultad_funcional_permanente_sexo_al_nacer_numero_total_de_personas_sin_dificultad_o_limitacion_permanente,Condición de dificultad funcional permanente | Sin dificultad funcional permanente | Sexo al nacer | Mujeres,Condición de dificultad funcional permanente | Sin dificultad funcional permanente | Sexo al nacer | Número total de personas sin dificultad o limitación permanente,"Población de 5 años o más por condición de dificultad funcional permanente y sexo al nacer, según provincia, cantón, parroquia de residencia y grupos quinquenales de edad"
censo_rate_dificultades_funcionales_sin_numero_hombres_condicion_de_dificultad_funcional_permanente_con_dificultad_funcional_permanente_numero_y_esferas_de_funcionamiento_en_varias_esferas_de_funcionamiento,censo_ind_dificultades_funcionales_sin_numero_hombres_condicion_de_dificultad_funcional_permanente_con_dificultad_funcional_permanente_numero_y_esferas_de_funcionamiento_en_varias_esferas_de_funcionamiento,censo_ind_dificultades_funcionales_sin_numero_hombres_numero_total_de_personas,Condición de dificultad funcional permanente | Con dificultad funcional permanente | Número y esferas de funcionamiento | En varias esferas de funcionamiento,Número total de personas,"Población de 5 años o más por condición de dificultad funcional permanente y número y esferas de funcionamiento, según provincia, cantón, parroquia de residencia y sexo al nacer"
censo_rate_dificultades_funcionales_sin_numero_hombres_condicion_de_dificultad_funcional_permanente_con_dificultad_funcional_permanente_numero_y_esferas_de_funcionamiento_solo_para_camitar_o_subir_o_bajar_gradas_escaleras,censo_ind_dificultades_funcionales_sin_numero_hombres_condicion_de_dificultad_funcional_permanente_con_dificultad_funcional_permanente_numero_y_esferas_de_funcionamiento_solo_para_camitar_o_subir_o_bajar_gradas_escaleras,censo_ind_dificultades_funcionales_sin_numero_hombres_numero_total_de_personas,"Condición de dificultad funcional permanente | Con dificultad funcional permanente | Número y esferas de funcionamiento | Solo para camitar, o subir o bajar gradas/escaleras",Número total de personas,"Población de 5 años o más por condición de dificultad funcional permanente y número y esferas de funcionamiento, según provincia, cantón, parroquia de residencia y sexo al nacer"
censo_rate_dificultades_funcionales_sin_numero_hombres_condicion_de_dificultad_funcional_permanente_con_dificultad_funcional_permanente_numero_y_esferas_de_funcionamiento_solo_para_oir_aun_usando_aparado_auditivo,censo_ind_dificultades_funcionales_sin_numero_hombres_condicion_de_dificultad_funcional_permanente_con_dificultad_funcional_permanente_numero_y_esferas_de_funcionamiento_solo_para_oir_aun_usando_aparado_auditivo,censo_ind_dificultades_funcionales_sin_numero_hombres_numero_total_de_personas,"Condición de dificultad funcional permanente | Con dificultad funcional permanente | Número y esferas de funcionamiento | Solo para oír, aún usando aparado auditivo",Número total de personas,"Población de 5 años o más por condición de dificultad funcional permanente y número y esferas de funcionamiento, según provincia, cantón, parroquia de residencia y sexo al nacer"
censo_rate_dificultades_funcionales_sin_numero_hombres_condicion_de_dificultad_funcional_permanente_con_dificultad_funcional_permanente_numero_y_esferas_de_funcionamiento_solo_para_recordar_entender_o_concentrarse,censo_ind_dificultades_funcionales_sin_numero_hombres_condicion_de_dificultad_funcional_permanente_con_dificultad_funcional_permanente_numero_y_esferas_de_funcionamiento_solo_para_recordar_entender_o_concentrarse,censo_ind_dificultades_funcionales_sin_numero_hombres_numero_total_de_personas,"Condición de dificultad funcional permanente | Con dificultad funcional permanente | Número y esferas de funcionamiento | Solo para recordar, entender o concentrarse",Número total de personas,"Población de 5 años o más por condición de dificultad funcional permanente y número y esferas de funcionamiento, según provincia, cantón, parroquia de residencia y sexo al nacer"
censo_rate_dificultades_funcionales_sin_numero_hombres_condicion_de_dificultad_funcional_permanente_con_dificultad_funcional_permanente_numero_y_esferas_de_funcionamiento_solo_para_ver_aun_usando_lentes,censo_ind_dificultades_funcionales_sin_numero_hombres_condicion_de_dificultad_funcional_permanente_con_dificultad_funcional_permanente_numero_y_esferas_de_funcionamiento_solo_para_ver_aun_usando_lentes,censo_ind_dificultades_funcionales_sin_numero_hombres_numero_total_de_personas,"Condición de dificultad funcional permanente | Con dificultad funcional permanente | Número y esferas de funcionamiento | Solo para ver, aún usando lentes",Número total de personas,"Población de 5 años o más por condición de dificultad funcional permanente y número y esferas de funcionamiento, según provincia, cantón, parroquia de residencia y sexo al nacer"
censo_rate_dificultades_funcionales_sin_numero_hombres_condicion_de_dificultad_funcional_permanente_sin_dificultad_funcional_permanente,censo_ind_dificultades_funcionales_sin_numero_hombres_condicion_de_dificultad_funcional_permanente_sin_dificultad_funcional_permanente,censo_ind_dificultades_funcionales_sin_numero_hombres_numero_total_de_personas,Condición de dificultad funcional permanente | Sin dificultad funcional permanente,Número total de personas,"Población de 5 años o más por condición de dificultad funcional permanente y número y esferas de funcionamiento, según provincia, cantón, parroquia de residencia y sexo al nacer"
censo_rate_dificultades_funcionales_sin_numero_hombres_esfera_de_funcionamiento_banarse_vestirse_alimentarse_por_si_mismo_condicion_de_dificultad_funcional_permanente_con_dificultad_funcional_permanente,censo_ind_dificultades_funcionales_sin_numero_hombres_esfera_de_funcionamiento_banarse_vestirse_alimentarse_por_si_mismo_condicion_de_dificultad_funcional_permanente_con_dificultad_funcional_permanente,censo_ind_dificultades_funcionales_sin_numero_hombres_numero_total_de_personas,"Esfera de funcionamiento | Bañarse, vestirse, alimentarse por sí mismo | Condición de dificultad funcional permanente | Con dificultad funcional permanente",Número total de personas,"Población de 5 años o más por condición de dificultad funcional permanente en cada esfera de funcionamiento, según provincia, cantón, parroquia de residencia y sexo al nacer"
censo_rate_dificultades_funcionales_sin_numero_hombres_esfera_de_funcionamiento_banarse_vestirse_alimentarse_por_si_mismo_condicion_de_dificultad_funcional_permanente_sin_dificultad_funcional_permanente,censo_ind_dificultades_funcionales_sin_numero_hombres_esfera_de_funcionamiento_banarse_vestirse_alimentarse_por_si_mismo_condicion_de_dificultad_funcional_permanente_sin_dificultad_funcional_permanente,censo_ind_dificultades_funcionales_sin_numero_hombres_numero_total_de_personas,"Esfera de funcionamiento | Bañarse, vestirse, alimentarse por sí mismo | Condición de dificultad funcional permanente | Sin dificultad funcional permanente",Número total de personas,"Población de 5 años o más por condición de dificultad funcional permanente en cada esfera de funcionamiento, según provincia, cantón, parroquia de residencia y sexo al nacer"
censo_rate_dificultades_funcionales_sin_numero_hombres_esfera_de_funcionamiento_caminar_o_subir_o_bajar_gradas_escaleras_condicion_de_dificultad_funcional_permanente_con_dificultad_funcional_permanente,censo_ind_dificultades_funcionales_sin_numero_hombres_esfera_de_funcionamiento_caminar_o_subir_o_bajar_gradas_escaleras_condicion_de_dificultad_funcional_permanente_con_dificultad_funcional_permanente,censo_ind_dificultades_funcionales_sin_numero_hombres_numero_total_de_personas,"Esfera de funcionamiento | Caminar, o subir o bajar gradas/escaleras | Condición de dificultad funcional permanente | Con dificultad funcional permanente",Número total de personas,"Población de 5 años o más por condición de dificultad funcional permanente en cada esfera de funcionamiento, según provincia, cantón, parroquia de residencia y sexo al nacer"
censo_rate_dificultades_funcionales_sin_numero_hombres_esfera_de_funcionamiento_caminar_o_subir_o_bajar_gradas_escaleras_condicion_de_dificultad_funcional_permanente_sin_dificultad_funcional_permanente,censo_ind_dificultades_funcionales_sin_numero_hombres_esfera_de_funcionamiento_caminar_o_subir_o_bajar_gradas_escaleras_condicion_de_dificultad_funcional_permanente_sin_dificultad_funcional_permanente,censo_ind_dificultades_funcionales_sin_numero_hombres_numero_total_de_personas,"Esfera de funcionamiento | Caminar, o subir o bajar gradas/escaleras | Condición de dificultad funcional permanente | Sin dificultad funcional permanente",Número total de personas,"Población de 5 años o más por condición de dificultad funcional permanente en cada esfera de funcionamiento, según provincia, cantón, parroquia de residencia y sexo al nacer"
censo_rate_dificultades_funcionales_sin_numero_hombres_esfera_de_funcionamiento_hablar_cominicarse_o_conversar_condicion_de_dificultad_funcional_permanente_con_dificultad_funcional_permanente,censo_ind_dificultades_funcionales_sin_numero_hombres_esfera_de_funcionamiento_hablar_cominicarse_o_conversar_condicion_de_dificultad_funcional_permanente_con_dificultad_funcional_permanente,censo_ind_dificultades_funcionales_sin_numero_hombres_numero_total_de_personas,"Esfera de funcionamiento | Hablar, cominicarse o conversar | Condición de dificultad funcional permanente | Con dificultad funcional permanente",Número total de personas,"Población de 5 años o más por condición de dificultad funcional permanente en cada esfera de funcionamiento, según provincia, cantón, parroquia de residencia y sexo al nacer"
censo_rate_dificultades_funcionales_sin_numero_hombres_esfera_de_funcionamiento_hablar_cominicarse_o_conversar_condicion_de_dificultad_funcional_permanente_sin_dificultad_funcional_permanente,censo_ind_dificultades_funcionales_sin_numero_hombres_esfera_de_funcionamiento_hablar_cominicarse_o_conversar_condicion_de_dificultad_funcional_permanente_sin_dificultad_funcional_permanente,censo_ind_dificultades_funcionales_sin_numero_hombres_numero_total_de_personas,"Esfera de funcionamiento | Hablar, cominicarse o conversar | Condición de dificultad funcional permanente | Sin dificultad funcional permanente",Número total de personas,"Población de 5 años o más por condición de dificultad funcional permanente en cada esfera de funcionamiento, según provincia, cantón, parroquia de residencia y sexo al nacer"
censo_rate_dificultades_funcionales_sin_numero_hombres_esfera_de_funcionamiento_oir_aun_usando_aparato_auditivo_condicion_de_dificultad_funcional_permanente_con_dificultad_funcional_permanente,censo_ind_dificultades_funcionales_sin_numero_hombres_esfera_de_funcionamiento_oir_aun_usando_aparato_auditivo_condicion_de_dificultad_funcional_permanente_con_dificultad_funcional_permanente,censo_ind_dificultades_funcionales_sin_numero_hombres_numero_total_de_personas,"Esfera de funcionamiento | Oír, aun usando aparato auditivo | Condición de dificultad funcional permanente | Con dificultad funcional permanente",Número total de personas,"Población de 5 años o más por condición de dificultad funcional permanente en cada esfera de funcionamiento, según provincia, cantón, parroquia de residencia y sexo al nacer"
censo_rate_dificultades_funcionales_sin_numero_hombres_esfera_de_funcionamiento_oir_aun_usando_aparato_auditivo_condicion_de_dificultad_funcional_permanente_sin_dificultad_funcional_permanente,censo_ind_dificultades_funcionales_sin_numero_hombres_esfera_de_funcionamiento_oir_aun_usando_aparato_auditivo_condicion_de_dificultad_funcional_permanente_sin_dificultad_funcional_permanente,censo_ind_dificultades_funcionales_sin_numero_hombres_numero_total_de_personas,"Esfera de funcionamiento | Oír, aun usando aparato auditivo | Condición de dificultad funcional permanente | Sin dificultad funcional permanente",Número total de personas,"Población de 5 años o más por condición de dificultad funcional permanente en cada esfera de funcionamiento, según provincia, cantón, parroquia de residencia y sexo al nacer"
censo_rate_dificultades_funcionales_sin_numero_hombres_esfera_de_funcionamiento_recordar_entender_o_concentrarse_condicion_de_dificultad_funcional_permanente_con_dificultad_funcional_permanente,censo_ind_dificultades_funcionales_sin_numero_hombres_esfera_de_funcionamiento_recordar_entender_o_concentrarse_condicion_de_dificultad_funcional_permanente_con_dificultad_funcional_permanente,censo_ind_dificultades_funcionales_sin_numero_hombres_numero_total_de_personas,"Esfera de funcionamiento | Recordar, entender o concentrarse | Condición de dificultad funcional permanente | Con dificultad funcional permanente",Número total de personas,"Población de 5 años o más por condición de dificultad funcional permanente en cada esfera de funcionamiento, según provincia, cantón, parroquia de residencia y sexo al nacer"
censo_rate_dificultades_funcionales_sin_numero_hombres_esfera_de_funcionamiento_recordar_entender_o_concentrarse_condicion_de_dificultad_funcional_permanente_sin_dificultad_funcional_permanente,censo_ind_dificultades_funcionales_sin_numero_hombres_esfera_de_funcionamiento_recordar_entender_o_concentrarse_condicion_de_dificultad_funcional_permanente_sin_dificultad_funcional_permanente,censo_ind_dificultades_funcionales_sin_numero_hombres_numero_total_de_personas,"Esfera de funcionamiento | Recordar, entender o concentrarse | Condición de dificultad funcional permanente | Sin dificultad funcional permanente",Número total de personas,"Población de 5 años o más por condición de dificultad funcional permanente en cada esfera de funcionamiento, según provincia, cantón, parroquia de residencia y sexo al nacer"
censo_rate_dificultades_funcionales_sin_numero_hombres_esfera_de_funcionamiento_ver_aun_usando_lentes_condicion_de_dificultad_funcional_permanente_con_dificultad_funcional_permanente,censo_ind_dificultades_funcionales_sin_numero_hombres_esfera_de_funcionamiento_ver_aun_usando_lentes_condicion_de_dificultad_funcional_permanente_con_dificultad_funcional_permanente,censo_ind_dificultades_funcionales_sin_numero_hombres_numero_total_de_personas,"Esfera de funcionamiento | Ver, aun usando lentes | Condición de dificultad funcional permanente | Con dificultad funcional permanente",Número total de personas,"Población de 5 años o más por condición de dificultad funcional permanente en cada esfera de funcionamiento, según provincia, cantón, parroquia de residencia y sexo al nacer"
censo_rate_dificultades_funcionales_sin_numero_hombres_esfera_de_funcionamiento_ver_aun_usando_lentes_condicion_de_dificultad_funcional_permanente_sin_dificultad_funcional_permanente,censo_ind_dificultades_funcionales_sin_numero_hombres_esfera_de_funcionamiento_ver_aun_usando_lentes_condicion_de_dificultad_funcional_permanente_sin_dificultad_funcional_permanente,censo_ind_dificultades_funcionales_sin_numero_hombres_numero_total_de_personas,"Esfera de funcionamiento | Ver, aun usando lentes | Condición de dificultad funcional permanente | Sin dificultad funcional permanente",Número total de personas,"Población de 5 años o más por condición de dificultad funcional permanente en cada esfera de funcionamiento, según provincia, cantón, parroquia de residencia y sexo al nacer"
censo_rate_dificultades_funcionales_sin_numero_mujeres_condicion_de_dificultad_funcional_permanente_con_dificultad_funcional_permanente_numero_y_esferas_de_funcionamiento_en_varias_esferas_de_funcionamiento,censo_ind_dificultades_funcionales_sin_numero_mujeres_condicion_de_dificultad_funcional_permanente_con_dificultad_funcional_permanente_numero_y_esferas_de_funcionamiento_en_varias_esferas_de_funcionamiento,censo_ind_dificultades_funcionales_sin_numero_mujeres_numero_total_de_personas,Condición de dificultad funcional permanente | Con dificultad funcional permanente | Número y esferas de funcionamiento | En varias esferas de funcionamiento,Número total de personas,"Población de 5 años o más por condición de dificultad funcional permanente y número y esferas de funcionamiento, según provincia, cantón, parroquia de residencia y sexo al nacer"
censo_rate_dificultades_funcionales_sin_numero_mujeres_condicion_de_dificultad_funcional_permanente_con_dificultad_funcional_permanente_numero_y_esferas_de_funcionamiento_solo_para_camitar_o_subir_o_bajar_gradas_escaleras,censo_ind_dificultades_funcionales_sin_numero_mujeres_condicion_de_dificultad_funcional_permanente_con_dificultad_funcional_permanente_numero_y_esferas_de_funcionamiento_solo_para_camitar_o_subir_o_bajar_gradas_escaleras,censo_ind_dificultades_funcionales_sin_numero_mujeres_numero_total_de_personas,"Condición de dificultad funcional permanente | Con dificultad funcional permanente | Número y esferas de funcionamiento | Solo para camitar, o subir o bajar gradas/escaleras",Número total de personas,"Población de 5 años o más por condición de dificultad funcional permanente y número y esferas de funcionamiento, según provincia, cantón, parroquia de residencia y sexo al nacer"
censo_rate_dificultades_funcionales_sin_numero_mujeres_condicion_de_dificultad_funcional_permanente_con_dificultad_funcional_permanente_numero_y_esferas_de_funcionamiento_solo_para_recordar_entender_o_concentrarse,censo_ind_dificultades_funcionales_sin_numero_mujeres_condicion_de_dificultad_funcional_permanente_con_dificultad_funcional_permanente_numero_y_esferas_de_funcionamiento_solo_para_recordar_entender_o_concentrarse,censo_ind_dificultades_funcionales_sin_numero_mujeres_numero_total_de_personas,"Condición de dificultad funcional permanente | Con dificultad funcional permanente | Número y esferas de funcionamiento | Solo para recordar, entender o concentrarse",Número total de personas,"Población de 5 años o más por condición de dificultad funcional permanente y número y esferas de funcionamiento, según provincia, cantón, parroquia de residencia y sexo al nacer"
censo_rate_dificultades_funcionales_sin_numero_mujeres_condicion_de_dificultad_funcional_permanente_con_dificultad_funcional_permanente_numero_y_esferas_de_funcionamiento_solo_para_ver_aun_usando_lentes,censo_ind_dificultades_funcionales_sin_numero_mujeres_condicion_de_dificultad_funcional_permanente_con_dificultad_funcional_permanente_numero_y_esferas_de_funcionamiento_solo_para_ver_aun_usando_lentes,censo_ind_dificultades_funcionales_sin_numero_mujeres_numero_total_de_personas,"Condición de dificultad funcional permanente | Con dificultad funcional permanente | Número y esferas de funcionamiento | Solo para ver, aún usando lentes",Número total de personas,"Población de 5 años o más por condición de dificultad funcional permanente y número y esferas de funcionamiento, según provincia, cantón, parroquia de residencia y sexo al nacer"
censo_rate_dificultades_funcionales_sin_numero_mujeres_condicion_de_dificultad_funcional_permanente_sin_dificultad_funcional_permanente,censo_ind_dificultades_funcionales_sin_numero_mujeres_condicion_de_dificultad_funcional_permanente_sin_dificultad_funcional_permanente,censo_ind_dificultades_funcionales_sin_numero_mujeres_numero_total_de_personas,Condición de dificultad funcional permanente | Sin dificultad funcional permanente,Número total de personas,"Población de 5 años o más por condición de dificultad funcional permanente y número y esferas de funcionamiento, según provincia, cantón, parroquia de residencia y sexo al nacer"
censo_rate_dificultades_funcionales_sin_numero_mujeres_esfera_de_funcionamiento_banarse_vestirse_alimentarse_por_si_mismo_condicion_de_dificultad_funcional_permanente_con_dificultad_funcional_permanente,censo_ind_dificultades_funcionales_sin_numero_mujeres_esfera_de_funcionamiento_banarse_vestirse_alimentarse_por_si_mismo_condicion_de_dificultad_funcional_permanente_con_dificultad_funcional_permanente,censo_ind_dificultades_funcionales_sin_numero_mujeres_numero_total_de_personas,"Esfera de funcionamiento | Bañarse, vestirse, alimentarse por sí mismo | Condición de dificultad funcional permanente | Con dificultad funcional permanente",Número total de personas,"Población de 5 años o más por condición de dificultad funcional permanente en cada esfera de funcionamiento, según provincia, cantón, parroquia de residencia y sexo al nacer"
censo_rate_dificultades_funcionales_sin_numero_mujeres_esfera_de_funcionamiento_banarse_vestirse_alimentarse_por_si_mismo_condicion_de_dificultad_funcional_permanente_sin_dificultad_funcional_permanente,censo_ind_dificultades_funcionales_sin_numero_mujeres_esfera_de_funcionamiento_banarse_vestirse_alimentarse_por_si_mismo_condicion_de_dificultad_funcional_permanente_sin_dificultad_funcional_permanente,censo_ind_dificultades_funcionales_sin_numero_mujeres_numero_total_de_personas,"Esfera de funcionamiento | Bañarse, vestirse, alimentarse por sí mismo | Condición de dificultad funcional permanente | Sin dificultad funcional permanente",Número total de personas,"Población de 5 años o más por condición de dificultad funcional permanente en cada esfera de funcionamiento, según provincia, cantón, parroquia de residencia y sexo al nacer"
censo_rate_dificultades_funcionales_sin_numero_mujeres_esfera_de_funcionamiento_caminar_o_subir_o_bajar_gradas_escaleras_condicion_de_dificultad_funcional_permanente_con_dificultad_funcional_permanente,censo_ind_dificultades_funcionales_sin_numero_mujeres_esfera_de_funcionamiento_caminar_o_subir_o_bajar_gradas_escaleras_condicion_de_dificultad_funcional_permanente_con_dificultad_funcional_permanente,censo_ind_dificultades_funcionales_sin_numero_mujeres_numero_total_de_personas,"Esfera de funcionamiento | Caminar, o subir o bajar gradas/escaleras | Condición de dificultad funcional permanente | Con dificultad funcional permanente",Número total de personas,"Población de 5 años o más por condición de dificultad funcional permanente en cada esfera de funcionamiento, según provincia, cantón, parroquia de residencia y sexo al nacer"
censo_rate_dificultades_funcionales_sin_numero_mujeres_esfera_de_funcionamiento_caminar_o_subir_o_bajar_gradas_escaleras_condicion_de_dificultad_funcional_permanente_sin_dificultad_funcional_permanente,censo_ind_dificultades_funcionales_sin_numero_mujeres_esfera_de_funcionamiento_caminar_o_subir_o_bajar_gradas_escaleras_condicion_de_dificultad_funcional_permanente_sin_dificultad_funcional_permanente,censo_ind_dificultades_funcionales_sin_numero_mujeres_numero_total_de_personas,"Esfera de funcionamiento | Caminar, o subir o bajar gradas/escaleras | Condición de dificultad funcional permanente | Sin dificultad funcional permanente",Número total de personas,"Población de 5 años o más por condición de dificultad funcional permanente en cada esfera de funcionamiento, según provincia, cantón, parroquia de residencia y sexo al nacer"
censo_rate_dificultades_funcionales_sin_numero_mujeres_esfera_de_funcionamiento_hablar_cominicarse_o_conversar_condicion_de_dificultad_funcional_permanente_con_dificultad_funcional_permanente,censo_ind_dificultades_funcionales_sin_numero_mujeres_esfera_de_funcionamiento_hablar_cominicarse_o_conversar_condicion_de_dificultad_funcional_permanente_con_dificultad_funcional_permanente,censo_ind_dificultades_funcionales_sin_numero_mujeres_numero_total_de_personas,"Esfera de funcionamiento | Hablar, cominicarse o conversar | Condición de dificultad funcional permanente | Con dificultad funcional permanente",Número total de personas,"Población de 5 años o más por condición de dificultad funcional permanente en cada esfera de funcionamiento, según provincia, cantón, parroquia de residencia y sexo al nacer"
censo_rate_dificultades_funcionales_sin_numero_mujeres_esfera_de_funcionamiento_hablar_cominicarse_o_conversar_condicion_de_dificultad_funcional_permanente_sin_dificultad_funcional_permanente,censo_ind_dificultades_funcionales_sin_numero_mujeres_esfera_de_funcionamiento_hablar_cominicarse_o_conversar_condicion_de_dificultad_funcional_permanente_sin_dificultad_funcional_permanente,censo_ind_dificultades_funcionales_sin_numero_mujeres_numero_total_de_personas,"Esfera de funcionamiento | Hablar, cominicarse o conversar | Condición de dificultad funcional permanente | Sin dificultad funcional permanente",Número total de personas,"Población de 5 años o más por condición de dificultad funcional permanente en cada esfera de funcionamiento, según provincia, cantón, parroquia de residencia y sexo al nacer"
censo_rate_dificultades_funcionales_sin_numero_mujeres_esfera_de_funcionamiento_oir_aun_usando_aparato_auditivo_condicion_de_dificultad_funcional_permanente_con_dificultad_funcional_permanente,censo_ind_dificultades_funcionales_sin_numero_mujeres_esfera_de_funcionamiento_oir_aun_usando_aparato_auditivo_condicion_de_dificultad_funcional_permanente_con_dificultad_funcional_permanente,censo_ind_dificultades_funcionales_sin_numero_mujeres_numero_total_de_personas,"Esfera de funcionamiento | Oír, aun usando aparato auditivo | Condición de dificultad funcional permanente | Con dificultad funcional permanente",Número total de personas,"Población de 5 años o más por condición de dificultad funcional permanente en cada esfera de funcionamiento, según provincia, cantón, parroquia de residencia y sexo al nacer"
censo_rate_dificultades_funcionales_sin_numero_mujeres_esfera_de_funcionamiento_oir_aun_usando_aparato_auditivo_condicion_de_dificultad_funcional_permanente_sin_dificultad_funcional_permanente,censo_ind_dificultades_funcionales_sin_numero_mujeres_esfera_de_funcionamiento_oir_aun_usando_aparato_auditivo_condicion_de_dificultad_funcional_permanente_sin_dificultad_funcional_permanente,censo_ind_dificultades_funcionales_sin_numero_mujeres_numero_total_de_personas,"Esfera de funcionamiento | Oír, aun usando aparato auditivo | Condición de dificultad funcional permanente | Sin dificultad funcional permanente",Número total de personas,"Población de 5 años o más por condición de dificultad funcional permanente en cada esfera de funcionamiento, según provincia, cantón, parroquia de residencia y sexo al nacer"
censo_rate_dificultades_funcionales_sin_numero_mujeres_esfera_de_funcionamiento_recordar_entender_o_concentrarse_condicion_de_dificultad_funcional_permanente_con_dificultad_funcional_permanente,censo_ind_dificultades_funcionales_sin_numero_mujeres_esfera_de_funcionamiento_recordar_entender_o_concentrarse_condicion_de_dificultad_funcional_permanente_con_dificultad_funcional_permanente,censo_ind_dificultades_funcionales_sin_numero_mujeres_numero_total_de_personas,"Esfera de funcionamiento | Recordar, entender o concentrarse | Condición de dificultad funcional permanente | Con dificultad funcional permanente",Número total de personas,"Población de 5 años o más por condición de dificultad funcional permanente en cada esfera de funcionamiento, según provincia, cantón, parroquia de residencia y sexo al nacer"
censo_rate_dificultades_funcionales_sin_numero_mujeres_esfera_de_funcionamiento_recordar_entender_o_concentrarse_condicion_de_dificultad_funcional_permanente_sin_dificultad_funcional_permanente,censo_ind_dificultades_funcionales_sin_numero_mujeres_esfera_de_funcionamiento_recordar_entender_o_concentrarse_condicion_de_dificultad_funcional_permanente_sin_dificultad_funcional_permanente,censo_ind_dificultades_funcionales_sin_numero_mujeres_numero_total_de_personas,"Esfera de funcionamiento | Recordar, entender o concentrarse | Condición de dificultad funcional permanente | Sin dificultad funcional permanente",Número total de personas,"Población de 5 años o más por condición de dificultad funcional permanente en cada esfera de funcionamiento, según provincia, cantón, parroquia de residencia y sexo al nacer"
censo_rate_dificultades_funcionales_sin_numero_mujeres_esfera_de_funcionamiento_ver_aun_usando_lentes_condicion_de_dificultad_funcional_permanente_con_dificultad_funcional_permanente,censo_ind_dificultades_funcionales_sin_numero_mujeres_esfera_de_funcionamiento_ver_aun_usando_lentes_condicion_de_dificultad_funcional_permanente_con_dificultad_funcional_permanente,censo_ind_dificultades_funcionales_sin_numero_mujeres_numero_total_de_personas,"Esfera de funcionamiento | Ver, aun usando lentes | Condición de dificultad funcional permanente | Con dificultad funcional permanente",Número total de personas,"Población de 5 años o más por condición de dificultad funcional permanente en cada esfera de funcionamiento, según provincia, cantón, parroquia de residencia y sexo al nacer"
censo_rate_dificultades_funcionales_sin_numero_mujeres_esfera_de_funcionamiento_ver_aun_usando_lentes_condicion_de_dificultad_funcional_permanente_sin_dificultad_funcional_permanente,censo_ind_dificultades_funcionales_sin_numero_mujeres_esfera_de_funcionamiento_ver_aun_usando_lentes_condicion_de_dificultad_funcional_permanente_sin_dificultad_funcional_permanente,censo_ind_dificultades_funcionales_sin_numero_mujeres_numero_total_de_personas,"Esfera de funcionamiento | Ver, aun usando lentes | Condición de dificultad funcional permanente | Sin dificultad funcional permanente",Número total de personas,"Población de 5 años o más por condición de dificultad funcional permanente en cada esfera de funcionamiento, según provincia, cantón, parroquia de residencia y sexo al nacer"
censo_rate_dificultades_funcionales_sin_numero_total_geografia_condicion_de_dificultad_funcional_permanente_con_dificultad_funcional_permanente_numero_y_esferas_de_funcionamiento_en_varias_esferas_de_funcionamiento,censo_ind_dificultades_funcionales_sin_numero_total_geografia_condicion_de_dificultad_funcional_permanente_con_dificultad_funcional_permanente_numero_y_esferas_de_funcionamiento_en_varias_esferas_de_funcionamiento,censo_ind_dificultades_funcionales_sin_numero_total_geografia_numero_total_de_personas,Condición de dificultad funcional permanente | Con dificultad funcional permanente | Número y esferas de funcionamiento | En varias esferas de funcionamiento,Número total de personas,"Población de 5 años o más por condición de dificultad funcional permanente y número y esferas de funcionamiento, según provincia, cantón, parroquia de residencia y sexo al nacer"
censo_rate_dificultades_funcionales_sin_numero_total_geografia_condicion_de_dificultad_funcional_permanente_con_dificultad_funcional_permanente_numero_y_esferas_de_funcionamiento_solo_para_camitar_o_subir_o_bajar_gradas_escaleras,censo_ind_dificultades_funcionales_sin_numero_total_geografia_condicion_de_dificultad_funcional_permanente_con_dificultad_funcional_permanente_numero_y_esferas_de_funcionamiento_solo_para_camitar_o_subir_o_bajar_gradas_escaleras,censo_ind_dificultades_funcionales_sin_numero_total_geografia_numero_total_de_personas,"Condición de dificultad funcional permanente | Con dificultad funcional permanente | Número y esferas de funcionamiento | Solo para camitar, o subir o bajar gradas/escaleras",Número total de personas,"Población de 5 años o más por condición de dificultad funcional permanente y número y esferas de funcionamiento, según provincia, cantón, parroquia de residencia y sexo al nacer"
censo_rate_dificultades_funcionales_sin_numero_total_geografia_condicion_de_dificultad_funcional_permanente_con_dificultad_funcional_permanente_numero_y_esferas_de_funcionamiento_solo_para_oir_aun_usando_aparado_auditivo,censo_ind_dificultades_funcionales_sin_numero_total_geografia_condicion_de_dificultad_funcional_permanente_con_dificultad_funcional_permanente_numero_y_esferas_de_funcionamiento_solo_para_oir_aun_usando_aparado_auditivo,censo_ind_dificultades_funcionales_sin_numero_total_geografia_numero_total_de_personas,"Condición de dificultad funcional permanente | Con dificultad funcional permanente | Número y esferas de funcionamiento | Solo para oír, aún usando aparado auditivo",Número total de personas,"Población de 5 años o más por condición de dificultad funcional permanente y número y esferas de funcionamiento, según provincia, cantón, parroquia de residencia y sexo al nacer"
censo_rate_dificultades_funcionales_sin_numero_total_geografia_condicion_de_dificultad_funcional_permanente_con_dificultad_funcional_permanente_numero_y_esferas_de_funcionamiento_solo_para_recordar_entender_o_concentrarse,censo_ind_dificultades_funcionales_sin_numero_total_geografia_condicion_de_dificultad_funcional_permanente_con_dificultad_funcional_permanente_numero_y_esferas_de_funcionamiento_solo_para_recordar_entender_o_concentrarse,censo_ind_dificultades_funcionales_sin_numero_total_geografia_numero_total_de_personas,"Condición de dificultad funcional permanente | Con dificultad funcional permanente | Número y esferas de funcionamiento | Solo para recordar, entender o concentrarse",Número total de personas,"Población de 5 años o más por condición de dificultad funcional permanente y número y esferas de funcionamiento, según provincia, cantón, parroquia de residencia y sexo al nacer"
censo_rate_dificultades_funcionales_sin_numero_total_geografia_condicion_de_dificultad_funcional_permanente_con_dificultad_funcional_permanente_numero_y_esferas_de_funcionamiento_solo_para_ver_aun_usando_lentes,censo_ind_dificultades_funcionales_sin_numero_total_geografia_condicion_de_dificultad_funcional_permanente_con_dificultad_funcional_permanente_numero_y_esferas_de_funcionamiento_solo_para_ver_aun_usando_lentes,censo_ind_dificultades_funcionales_sin_numero_total_geografia_numero_total_de_personas,"Condición de dificultad funcional permanente | Con dificultad funcional permanente | Número y esferas de funcionamiento | Solo para ver, aún usando lentes",Número total de personas,"Población de 5 años o más por condición de dificultad funcional permanente y número y esferas de funcionamiento, según provincia, cantón, parroquia de residencia y sexo al nacer"
censo_rate_dificultades_funcionales_sin_numero_total_geografia_condicion_de_dificultad_funcional_permanente_con_dificultad_funcional_permanente_sexo_al_nacer_hombres,censo_ind_dificultades_funcionales_sin_numero_total_geografia_condicion_de_dificultad_funcional_permanente_con_dificultad_funcional_permanente_sexo_al_nacer_hombres,censo_ind_dificultades_funcionales_sin_numero_total_geografia_condicion_de_dificultad_funcional_permanente_con_dificultad_funcional_permanente_sexo_al_nacer_numero_total_de_personas_con_mucha_o_total_dificultad_o_limitacion_permanente_en_una_o_mas_esferas_de_funcionamiento,Condición de dificultad funcional permanente | Con dificultad funcional permanente | Sexo al nacer | Hombres,Condición de dificultad funcional permanente | Con dificultad funcional permanente | Sexo al nacer | Número total de personas con mucha o total dificultad o limitación permanente en una o más esferas de funcionamiento,"Población de 5 años o más por condición de dificultad funcional permanente y sexo al nacer, según provincia, cantón, parroquia de residencia y grupos quinquenales de edad"
censo_rate_dificultades_funcionales_sin_numero_total_geografia_condicion_de_dificultad_funcional_permanente_con_dificultad_funcional_permanente_sexo_al_nacer_mujeres,censo_ind_dificultades_funcionales_sin_numero_total_geografia_condicion_de_dificultad_funcional_permanente_con_dificultad_funcional_permanente_sexo_al_nacer_mujeres,censo_ind_dificultades_funcionales_sin_numero_total_geografia_condicion_de_dificultad_funcional_permanente_con_dificultad_funcional_permanente_sexo_al_nacer_numero_total_de_personas_con_mucha_o_total_dificultad_o_limitacion_permanente_en_una_o_mas_esferas_de_funcionamiento,Condición de dificultad funcional permanente | Con dificultad funcional permanente | Sexo al nacer | Mujeres,Condición de dificultad funcional permanente | Con dificultad funcional permanente | Sexo al nacer | Número total de personas con mucha o total dificultad o limitación permanente en una o más esferas de funcionamiento,"Población de 5 años o más por condición de dificultad funcional permanente y sexo al nacer, según provincia, cantón, parroquia de residencia y grupos quinquenales de edad"
censo_rate_dificultades_funcionales_sin_numero_total_geografia_condicion_de_dificultad_funcional_permanente_no_especificado_numero_y_esferas_de_funcionamiento_en_varias_esferas_de_funcionamiento,censo_ind_dificultades_funcionales_sin_numero_total_geografia_condicion_de_dificultad_funcional_permanente_no_especificado_numero_y_esferas_de_funcionamiento_en_varias_esferas_de_funcionamiento,censo_ind_dificultades_funcionales_sin_numero_total_geografia_numero_total_de_personas,Condición de dificultad funcional permanente | No especificado | Número y esferas de funcionamiento | En varias esferas de funcionamiento,Número total de personas,"Población de 5 años o más por condición de dificultad funcional permanente y número y esferas de funcionamiento, según provincia, cantón, parroquia de residencia y sexo al nacer"
censo_rate_dificultades_funcionales_sin_numero_total_geografia_condicion_de_dificultad_funcional_permanente_sin_dificultad_funcional_permanente,censo_ind_dificultades_funcionales_sin_numero_total_geografia_condicion_de_dificultad_funcional_permanente_sin_dificultad_funcional_permanente,censo_ind_dificultades_funcionales_sin_numero_total_geografia_numero_total_de_personas,Condición de dificultad funcional permanente | Sin dificultad funcional permanente,Número total de personas,"Población de 5 años o más por condición de dificultad funcional permanente y número y esferas de funcionamiento, según provincia, cantón, parroquia de residencia y sexo al nacer"
censo_rate_dificultades_funcionales_sin_numero_total_geografia_condicion_de_dificultad_funcional_permanente_sin_dificultad_funcional_permanente_sexo_al_nacer_hombres,censo_ind_dificultades_funcionales_sin_numero_total_geografia_condicion_de_dificultad_funcional_permanente_sin_dificultad_funcional_permanente_sexo_al_nacer_hombres,censo_ind_dificultades_funcionales_sin_numero_total_geografia_condicion_de_dificultad_funcional_permanente_sin_dificultad_funcional_permanente_sexo_al_nacer_numero_total_de_personas_sin_dificultad_o_limitacion_permanente,Condición de dificultad funcional permanente | Sin dificultad funcional permanente | Sexo al nacer | Hombres,Condición de dificultad funcional permanente | Sin dificultad funcional permanente | Sexo al nacer | Número total de personas sin dificultad o limitación permanente,"Población de 5 años o más por condición de dificultad funcional permanente y sexo al nacer, según provincia, cantón, parroquia de residencia y grupos quinquenales de edad"
censo_rate_dificultades_funcionales_sin_numero_total_geografia_condicion_de_dificultad_funcional_permanente_sin_dificultad_funcional_permanente_sexo_al_nacer_mujeres,censo_ind_dificultades_funcionales_sin_numero_total_geografia_condicion_de_dificultad_funcional_permanente_sin_dificultad_funcional_permanente_sexo_al_nacer_mujeres,censo_ind_dificultades_funcionales_sin_numero_total_geografia_condicion_de_dificultad_funcional_permanente_sin_dificultad_funcional_permanente_sexo_al_nacer_numero_total_de_personas_sin_dificultad_o_limitacion_permanente,Condición de dificultad funcional permanente | Sin dificultad funcional permanente | Sexo al nacer | Mujeres,Condición de dificultad funcional permanente | Sin dificultad funcional permanente | Sexo al nacer | Número total de personas sin dificultad o limitación permanente,"Población de 5 años o más por condición de dificultad funcional permanente y sexo al nacer, según provincia, cantón, parroquia de residencia y grupos quinquenales de edad"
censo_rate_dificultades_funcionales_sin_numero_total_geografia_esfera_de_funcionamiento_banarse_vestirse_alimentarse_por_si_mismo_condicion_de_dificultad_funcional_permanente_con_dificultad_funcional_permanente,censo_ind_dificultades_funcionales_sin_numero_total_geografia_esfera_de_funcionamiento_banarse_vestirse_alimentarse_por_si_mismo_condicion_de_dificultad_funcional_permanente_con_dificultad_funcional_permanente,censo_ind_dificultades_funcionales_sin_numero_total_geografia_numero_total_de_personas,"Esfera de funcionamiento | Bañarse, vestirse, alimentarse por sí mismo | Condición de dificultad funcional permanente | Con dificultad funcional permanente",Número total de personas,"Población de 5 años o más por condición de dificultad funcional permanente en cada esfera de funcionamiento, según provincia, cantón, parroquia de residencia y sexo al nacer"
censo_rate_dificultades_funcionales_sin_numero_total_geografia_esfera_de_funcionamiento_banarse_vestirse_alimentarse_por_si_mismo_condicion_de_dificultad_funcional_permanente_no_especificado,censo_ind_dificultades_funcionales_sin_numero_total_geografia_esfera_de_funcionamiento_banarse_vestirse_alimentarse_por_si_mismo_condicion_de_dificultad_funcional_permanente_no_especificado,censo_ind_dificultades_funcionales_sin_numero_total_geografia_numero_total_de_personas,"Esfera de funcionamiento | Bañarse, vestirse, alimentarse por sí mismo | Condición de dificultad funcional permanente | No especificado",Número total de personas,"Población de 5 años o más por condición de dificultad funcional permanente en cada esfera de funcionamiento, según provincia, cantón, parroquia de residencia y sexo al nacer"
censo_rate_dificultades_funcionales_sin_numero_total_geografia_esfera_de_funcionamiento_banarse_vestirse_alimentarse_por_si_mismo_condicion_de_dificultad_funcional_permanente_sin_dificultad_funcional_permanente,censo_ind_dificultades_funcionales_sin_numero_total_geografia_esfera_de_funcionamiento_banarse_vestirse_alimentarse_por_si_mismo_condicion_de_dificultad_funcional_permanente_sin_dificultad_funcional_permanente,censo_ind_dificultades_funcionales_sin_numero_total_geografia_numero_total_de_personas,"Esfera de funcionamiento | Bañarse, vestirse, alimentarse por sí mismo | Condición de dificultad funcional permanente | Sin dificultad funcional permanente",Número total de personas,"Población de 5 años o más por condición de dificultad funcional permanente en cada esfera de funcionamiento, según provincia, cantón, parroquia de residencia y sexo al nacer"
censo_rate_dificultades_funcionales_sin_numero_total_geografia_esfera_de_funcionamiento_caminar_o_subir_o_bajar_gradas_escaleras_condicion_de_dificultad_funcional_permanente_con_dificultad_funcional_permanente,censo_ind_dificultades_funcionales_sin_numero_total_geografia_esfera_de_funcionamiento_caminar_o_subir_o_bajar_gradas_escaleras_condicion_de_dificultad_funcional_permanente_con_dificultad_funcional_permanente,censo_ind_dificultades_funcionales_sin_numero_total_geografia_numero_total_de_personas,"Esfera de funcionamiento | Caminar, o subir o bajar gradas/escaleras | Condición de dificultad funcional permanente | Con dificultad funcional permanente",Número total de personas,"Población de 5 años o más por condición de dificultad funcional permanente en cada esfera de funcionamiento, según provincia, cantón, parroquia de residencia y sexo al nacer"
censo_rate_dificultades_funcionales_sin_numero_total_geografia_esfera_de_funcionamiento_caminar_o_subir_o_bajar_gradas_escaleras_condicion_de_dificultad_funcional_permanente_no_especificado,censo_ind_dificultades_funcionales_sin_numero_total_geografia_esfera_de_funcionamiento_caminar_o_subir_o_bajar_gradas_escaleras_condicion_de_dificultad_funcional_permanente_no_especificado,censo_ind_dificultades_funcionales_sin_numero_total_geografia_numero_total_de_personas,"Esfera de funcionamiento | Caminar, o subir o bajar gradas/escaleras | Condición de dificultad funcional permanente | No especificado",Número total de personas,"Población de 5 años o más por condición de dificultad funcional permanente en cada esfera de funcionamiento, según provincia, cantón, parroquia de residencia y sexo al nacer"
censo_rate_dificultades_funcionales_sin_numero_total_geografia_esfera_de_funcionamiento_caminar_o_subir_o_bajar_gradas_escaleras_condicion_de_dificultad_funcional_permanente_sin_dificultad_funcional_permanente,censo_ind_dificultades_funcionales_sin_numero_total_geografia_esfera_de_funcionamiento_caminar_o_subir_o_bajar_gradas_escaleras_condicion_de_dificultad_funcional_permanente_sin_dificultad_funcional_permanente,censo_ind_dificultades_funcionales_sin_numero_total_geografia_numero_total_de_personas,"Esfera de funcionamiento | Caminar, o subir o bajar gradas/escaleras | Condición de dificultad funcional permanente | Sin dificultad funcional permanente",Número total de personas,"Población de 5 años o más por condición de dificultad funcional permanente en cada esfera de funcionamiento, según provincia, cantón, parroquia de residencia y sexo al nacer"
censo_rate_dificultades_funcionales_sin_numero_total_geografia_esfera_de_funcionamiento_hablar_cominicarse_o_conversar_condicion_de_dificultad_funcional_permanente_con_dificultad_funcional_permanente,censo_ind_dificultades_funcionales_sin_numero_total_geografia_esfera_de_funcionamiento_hablar_cominicarse_o_conversar_condicion_de_dificultad_funcional_permanente_con_dificultad_funcional_permanente,censo_ind_dificultades_funcionales_sin_numero_total_geografia_numero_total_de_personas,"Esfera de funcionamiento | Hablar, cominicarse o conversar | Condición de dificultad funcional permanente | Con dificultad funcional permanente",Número total de personas,"Población de 5 años o más por condición de dificultad funcional permanente en cada esfera de funcionamiento, según provincia, cantón, parroquia de residencia y sexo al nacer"
censo_rate_dificultades_funcionales_sin_numero_total_geografia_esfera_de_funcionamiento_hablar_cominicarse_o_conversar_condicion_de_dificultad_funcional_permanente_no_especificado,censo_ind_dificultades_funcionales_sin_numero_total_geografia_esfera_de_funcionamiento_hablar_cominicarse_o_conversar_condicion_de_dificultad_funcional_permanente_no_especificado,censo_ind_dificultades_funcionales_sin_numero_total_geografia_numero_total_de_personas,"Esfera de funcionamiento | Hablar, cominicarse o conversar | Condición de dificultad funcional permanente | No especificado",Número total de personas,"Población de 5 años o más por condición de dificultad funcional permanente en cada esfera de funcionamiento, según provincia, cantón, parroquia de residencia y sexo al nacer"
censo_rate_dificultades_funcionales_sin_numero_total_geografia_esfera_de_funcionamiento_hablar_cominicarse_o_conversar_condicion_de_dificultad_funcional_permanente_sin_dificultad_funcional_permanente,censo_ind_dificultades_funcionales_sin_numero_total_geografia_esfera_de_funcionamiento_hablar_cominicarse_o_conversar_condicion_de_dificultad_funcional_permanente_sin_dificultad_funcional_permanente,censo_ind_dificultades_funcionales_sin_numero_total_geografia_numero_total_de_personas,"Esfera de funcionamiento | Hablar, cominicarse o conversar | Condición de dificultad funcional permanente | Sin dificultad funcional permanente",Número total de personas,"Población de 5 años o más por condición de dificultad funcional permanente en cada esfera de funcionamiento, según provincia, cantón, parroquia de residencia y sexo al nacer"
censo_rate_dificultades_funcionales_sin_numero_total_geografia_esfera_de_funcionamiento_oir_aun_usando_aparato_auditivo_condicion_de_dificultad_funcional_permanente_con_dificultad_funcional_permanente,censo_ind_dificultades_funcionales_sin_numero_total_geografia_esfera_de_funcionamiento_oir_aun_usando_aparato_auditivo_condicion_de_dificultad_funcional_permanente_con_dificultad_funcional_permanente,censo_ind_dificultades_funcionales_sin_numero_total_geografia_numero_total_de_personas,"Esfera de funcionamiento | Oír, aun usando aparato auditivo | Condición de dificultad funcional permanente | Con dificultad funcional permanente",Número total de personas,"Población de 5 años o más por condición de dificultad funcional permanente en cada esfera de funcionamiento, según provincia, cantón, parroquia de residencia y sexo al nacer"
censo_rate_dificultades_funcionales_sin_numero_total_geografia_esfera_de_funcionamiento_oir_aun_usando_aparato_auditivo_condicion_de_dificultad_funcional_permanente_no_especificado,censo_ind_dificultades_funcionales_sin_numero_total_geografia_esfera_de_funcionamiento_oir_aun_usando_aparato_auditivo_condicion_de_dificultad_funcional_permanente_no_especificado,censo_ind_dificultades_funcionales_sin_numero_total_geografia_numero_total_de_personas,"Esfera de funcionamiento | Oír, aun usando aparato auditivo | Condición de dificultad funcional permanente | No especificado",Número total de personas,"Población de 5 años o más por condición de dificultad funcional permanente en cada esfera de funcionamiento, según provincia, cantón, parroquia de residencia y sexo al nacer"
censo_rate_dificultades_funcionales_sin_numero_total_geografia_esfera_de_funcionamiento_oir_aun_usando_aparato_auditivo_condicion_de_dificultad_funcional_permanente_sin_dificultad_funcional_permanente,censo_ind_dificultades_funcionales_sin_numero_total_geografia_esfera_de_funcionamiento_oir_aun_usando_aparato_auditivo_condicion_de_dificultad_funcional_permanente_sin_dificultad_funcional_permanente,censo_ind_dificultades_funcionales_sin_numero_total_geografia_numero_total_de_personas,"Esfera de funcionamiento | Oír, aun usando aparato auditivo | Condición de dificultad funcional permanente | Sin dificultad funcional permanente",Número total de personas,"Población de 5 años o más por condición de dificultad funcional permanente en cada esfera de funcionamiento, según provincia, cantón, parroquia de residencia y sexo al nacer"
censo_rate_dificultades_funcionales_sin_numero_total_geografia_esfera_de_funcionamiento_recordar_entender_o_concentrarse_condicion_de_dificultad_funcional_permanente_con_dificultad_funcional_permanente,censo_ind_dificultades_funcionales_sin_numero_total_geografia_esfera_de_funcionamiento_recordar_entender_o_concentrarse_condicion_de_dificultad_funcional_permanente_con_dificultad_funcional_permanente,censo_ind_dificultades_funcionales_sin_numero_total_geografia_numero_total_de_personas,"Esfera de funcionamiento | Recordar, entender o concentrarse | Condición de dificultad funcional permanente | Con dificultad funcional permanente",Número total de personas,"Población de 5 años o más por condición de dificultad funcional permanente en cada esfera de funcionamiento, según provincia, cantón, parroquia de residencia y sexo al nacer"
censo_rate_dificultades_funcionales_sin_numero_total_geografia_esfera_de_funcionamiento_recordar_entender_o_concentrarse_condicion_de_dificultad_funcional_permanente_no_especificado,censo_ind_dificultades_funcionales_sin_numero_total_geografia_esfera_de_funcionamiento_recordar_entender_o_concentrarse_condicion_de_dificultad_funcional_permanente_no_especificado,censo_ind_dificultades_funcionales_sin_numero_total_geografia_numero_total_de_personas,"Esfera de funcionamiento | Recordar, entender o concentrarse | Condición de dificultad funcional permanente | No especificado",Número total de personas,"Población de 5 años o más por condición de dificultad funcional permanente en cada esfera de funcionamiento, según provincia, cantón, parroquia de residencia y sexo al nacer"
censo_rate_dificultades_funcionales_sin_numero_total_geografia_esfera_de_funcionamiento_recordar_entender_o_concentrarse_condicion_de_dificultad_funcional_permanente_sin_dificultad_funcional_permanente,censo_ind_dificultades_funcionales_sin_numero_total_geografia_esfera_de_funcionamiento_recordar_entender_o_concentrarse_condicion_de_dificultad_funcional_permanente_sin_dificultad_funcional_permanente,censo_ind_dificultades_funcionales_sin_numero_total_geografia_numero_total_de_personas,"Esfera de funcionamiento | Recordar, entender o concentrarse | Condición de dificultad funcional permanente | Sin dificultad funcional permanente",Número total de personas,"Población de 5 años o más por condición de dificultad funcional permanente en cada esfera de funcionamiento, según provincia, cantón, parroquia de residencia y sexo al nacer"
censo_rate_dificultades_funcionales_sin_numero_total_geografia_esfera_de_funcionamiento_ver_aun_usando_lentes_condicion_de_dificultad_funcional_permanente_con_dificultad_funcional_permanente,censo_ind_dificultades_funcionales_sin_numero_total_geografia_esfera_de_funcionamiento_ver_aun_usando_lentes_condicion_de_dificultad_funcional_permanente_con_dificultad_funcional_permanente,censo_ind_dificultades_funcionales_sin_numero_total_geografia_numero_total_de_personas,"Esfera de funcionamiento | Ver, aun usando lentes | Condición de dificultad funcional permanente | Con dificultad funcional permanente",Número total de personas,"Población de 5 años o más por condición de dificultad funcional permanente en cada esfera de funcionamiento, según provincia, cantón, parroquia de residencia y sexo al nacer"
censo_rate_dificultades_funcionales_sin_numero_total_geografia_esfera_de_funcionamiento_ver_aun_usando_lentes_condicion_de_dificultad_funcional_permanente_no_especificado,censo_ind_dificultades_funcionales_sin_numero_total_geografia_esfera_de_funcionamiento_ver_aun_usando_lentes_condicion_de_dificultad_funcional_permanente_no_especificado,censo_ind_dificultades_funcionales_sin_numero_total_geografia_numero_total_de_personas,"Esfera de funcionamiento | Ver, aun usando lentes | Condición de dificultad funcional permanente | No especificado",Número total de personas,"Población de 5 años o más por condición de dificultad funcional permanente en cada esfera de funcionamiento, según provincia, cantón, parroquia de residencia y sexo al nacer"
censo_rate_dificultades_funcionales_sin_numero_total_geografia_esfera_de_funcionamiento_ver_aun_usando_lentes_condicion_de_dificultad_funcional_permanente_sin_dificultad_funcional_permanente,censo_ind_dificultades_funcionales_sin_numero_total_geografia_esfera_de_funcionamiento_ver_aun_usando_lentes_condicion_de_dificultad_funcional_permanente_sin_dificultad_funcional_permanente,censo_ind_dificultades_funcionales_sin_numero_total_geografia_numero_total_de_personas,"Esfera de funcionamiento | Ver, aun usando lentes | Condición de dificultad funcional permanente | Sin dificultad funcional permanente",Número total de personas,"Población de 5 años o más por condición de dificultad funcional permanente en cada esfera de funcionamiento, según provincia, cantón, parroquia de residencia y sexo al nacer"
censo_rate_educacion_1_2_85_o_mas_asistencia_a_un_establecimiento_de_ensenanza_regular_o_formal_no_sexo_al_nacer_hombres,censo_ind_educacion_1_2_85_o_mas_asistencia_a_un_establecimiento_de_ensenanza_regular_o_formal_no_sexo_al_nacer_hombres,censo_ind_educacion_1_2_85_o_mas_asistencia_a_un_establecimiento_de_ensenanza_regular_o_formal_no_sexo_al_nacer_numero_total_de_personas_que_no_asisten_a_un_establecimiento_de_ensenanza_regular_o_formal,Asistencia a un establecimiento de enseñanza regular o formal | No | Sexo al nacer | Hombres,Asistencia a un establecimiento de enseñanza regular o formal | No | Sexo al nacer | Número total de personas que no asisten a un establecimiento de enseñanza regular o formal,"Población por asistencia a un establecimiento de enseñanza regular o formal y sexo al nacer, según provincia, cantón, parroquia de residencia y grupos quinquenales de edad"
censo_rate_educacion_1_2_85_o_mas_asistencia_a_un_establecimiento_de_ensenanza_regular_o_formal_no_sexo_al_nacer_mujeres,censo_ind_educacion_1_2_85_o_mas_asistencia_a_un_establecimiento_de_ensenanza_regular_o_formal_no_sexo_al_nacer_mujeres,censo_ind_educacion_1_2_85_o_mas_asistencia_a_un_establecimiento_de_ensenanza_regular_o_formal_no_sexo_al_nacer_numero_total_de_personas_que_no_asisten_a_un_establecimiento_de_ensenanza_regular_o_formal,Asistencia a un establecimiento de enseñanza regular o formal | No | Sexo al nacer | Mujeres,Asistencia a un establecimiento de enseñanza regular o formal | No | Sexo al nacer | Número total de personas que no asisten a un establecimiento de enseñanza regular o formal,"Población por asistencia a un establecimiento de enseñanza regular o formal y sexo al nacer, según provincia, cantón, parroquia de residencia y grupos quinquenales de edad"
censo_rate_educacion_1_2_de_0_4_asistencia_a_un_establecimiento_de_ensenanza_regular_o_formal_no_sexo_al_nacer_hombres,censo_ind_educacion_1_2_de_0_4_asistencia_a_un_establecimiento_de_ensenanza_regular_o_formal_no_sexo_al_nacer_hombres,censo_ind_educacion_1_2_de_0_4_asistencia_a_un_establecimiento_de_ensenanza_regular_o_formal_no_sexo_al_nacer_numero_total_de_personas_que_no_asisten_a_un_establecimiento_de_ensenanza_regular_o_formal,Asistencia a un establecimiento de enseñanza regular o formal | No | Sexo al nacer | Hombres,Asistencia a un establecimiento de enseñanza regular o formal | No | Sexo al nacer | Número total de personas que no asisten a un establecimiento de enseñanza regular o formal,"Población por asistencia a un establecimiento de enseñanza regular o formal y sexo al nacer, según provincia, cantón, parroquia de residencia y grupos quinquenales de edad"
censo_rate_educacion_1_2_de_0_4_asistencia_a_un_establecimiento_de_ensenanza_regular_o_formal_no_sexo_al_nacer_mujeres,censo_ind_educacion_1_2_de_0_4_asistencia_a_un_establecimiento_de_ensenanza_regular_o_formal_no_sexo_al_nacer_mujeres,censo_ind_educacion_1_2_de_0_4_asistencia_a_un_establecimiento_de_ensenanza_regular_o_formal_no_sexo_al_nacer_numero_total_de_personas_que_no_asisten_a_un_establecimiento_de_ensenanza_regular_o_formal,Asistencia a un establecimiento de enseñanza regular o formal | No | Sexo al nacer | Mujeres,Asistencia a un establecimiento de enseñanza regular o formal | No | Sexo al nacer | Número total de personas que no asisten a un establecimiento de enseñanza regular o formal,"Población por asistencia a un establecimiento de enseñanza regular o formal y sexo al nacer, según provincia, cantón, parroquia de residencia y grupos quinquenales de edad"
censo_rate_educacion_1_2_de_0_4_asistencia_a_un_establecimiento_de_ensenanza_regular_o_formal_si_sexo_al_nacer_hombres,censo_ind_educacion_1_2_de_0_4_asistencia_a_un_establecimiento_de_ensenanza_regular_o_formal_si_sexo_al_nacer_hombres,censo_ind_educacion_1_2_de_0_4_asistencia_a_un_establecimiento_de_ensenanza_regular_o_formal_si_sexo_al_nacer_numero_total_de_personas_que_asisten_a_un_establecimiento_de_ensenanza_regular_o_formal,Asistencia a un establecimiento de enseñanza regular o formal | Sí | Sexo al nacer | Hombres,Asistencia a un establecimiento de enseñanza regular o formal | Sí | Sexo al nacer | Número total de personas que asisten a un establecimiento de enseñanza regular o formal,"Población por asistencia a un establecimiento de enseñanza regular o formal y sexo al nacer, según provincia, cantón, parroquia de residencia y grupos quinquenales de edad"
censo_rate_educacion_1_2_de_0_4_asistencia_a_un_establecimiento_de_ensenanza_regular_o_formal_si_sexo_al_nacer_mujeres,censo_ind_educacion_1_2_de_0_4_asistencia_a_un_establecimiento_de_ensenanza_regular_o_formal_si_sexo_al_nacer_mujeres,censo_ind_educacion_1_2_de_0_4_asistencia_a_un_establecimiento_de_ensenanza_regular_o_formal_si_sexo_al_nacer_numero_total_de_personas_que_asisten_a_un_establecimiento_de_ensenanza_regular_o_formal,Asistencia a un establecimiento de enseñanza regular o formal | Sí | Sexo al nacer | Mujeres,Asistencia a un establecimiento de enseñanza regular o formal | Sí | Sexo al nacer | Número total de personas que asisten a un establecimiento de enseñanza regular o formal,"Población por asistencia a un establecimiento de enseñanza regular o formal y sexo al nacer, según provincia, cantón, parroquia de residencia y grupos quinquenales de edad"
censo_rate_educacion_1_2_de_10_14_asistencia_a_un_establecimiento_de_ensenanza_regular_o_formal_si_sexo_al_nacer_hombres,censo_ind_educacion_1_2_de_10_14_asistencia_a_un_establecimiento_de_ensenanza_regular_o_formal_si_sexo_al_nacer_hombres,censo_ind_educacion_1_2_de_10_14_asistencia_a_un_establecimiento_de_ensenanza_regular_o_formal_si_sexo_al_nacer_numero_total_de_personas_que_asisten_a_un_establecimiento_de_ensenanza_regular_o_formal,Asistencia a un establecimiento de enseñanza regular o formal | Sí | Sexo al nacer | Hombres,Asistencia a un establecimiento de enseñanza regular o formal | Sí | Sexo al nacer | Número total de personas que asisten a un establecimiento de enseñanza regular o formal,"Población por asistencia a un establecimiento de enseñanza regular o formal y sexo al nacer, según provincia, cantón, parroquia de residencia y grupos quinquenales de edad"
censo_rate_educacion_1_2_de_10_14_asistencia_a_un_establecimiento_de_ensenanza_regular_o_formal_si_sexo_al_nacer_mujeres,censo_ind_educacion_1_2_de_10_14_asistencia_a_un_establecimiento_de_ensenanza_regular_o_formal_si_sexo_al_nacer_mujeres,censo_ind_educacion_1_2_de_10_14_asistencia_a_un_establecimiento_de_ensenanza_regular_o_formal_si_sexo_al_nacer_numero_total_de_personas_que_asisten_a_un_establecimiento_de_ensenanza_regular_o_formal,Asistencia a un establecimiento de enseñanza regular o formal | Sí | Sexo al nacer | Mujeres,Asistencia a un establecimiento de enseñanza regular o formal | Sí | Sexo al nacer | Número total de personas que asisten a un establecimiento de enseñanza regular o formal,"Población por asistencia a un establecimiento de enseñanza regular o formal y sexo al nacer, según provincia, cantón, parroquia de residencia y grupos quinquenales de edad"
censo_rate_educacion_1_2_de_15_19_asistencia_a_un_establecimiento_de_ensenanza_regular_o_formal_no_sexo_al_nacer_hombres,censo_ind_educacion_1_2_de_15_19_asistencia_a_un_establecimiento_de_ensenanza_regular_o_formal_no_sexo_al_nacer_hombres,censo_ind_educacion_1_2_de_15_19_asistencia_a_un_establecimiento_de_ensenanza_regular_o_formal_no_sexo_al_nacer_numero_total_de_personas_que_no_asisten_a_un_establecimiento_de_ensenanza_regular_o_formal,Asistencia a un establecimiento de enseñanza regular o formal | No | Sexo al nacer | Hombres,Asistencia a un establecimiento de enseñanza regular o formal | No | Sexo al nacer | Número total de personas que no asisten a un establecimiento de enseñanza regular o formal,"Población por asistencia a un establecimiento de enseñanza regular o formal y sexo al nacer, según provincia, cantón, parroquia de residencia y grupos quinquenales de edad"
censo_rate_educacion_1_2_de_15_19_asistencia_a_un_establecimiento_de_ensenanza_regular_o_formal_no_sexo_al_nacer_mujeres,censo_ind_educacion_1_2_de_15_19_asistencia_a_un_establecimiento_de_ensenanza_regular_o_formal_no_sexo_al_nacer_mujeres,censo_ind_educacion_1_2_de_15_19_asistencia_a_un_establecimiento_de_ensenanza_regular_o_formal_no_sexo_al_nacer_numero_total_de_personas_que_no_asisten_a_un_establecimiento_de_ensenanza_regular_o_formal,Asistencia a un establecimiento de enseñanza regular o formal | No | Sexo al nacer | Mujeres,Asistencia a un establecimiento de enseñanza regular o formal | No | Sexo al nacer | Número total de personas que no asisten a un establecimiento de enseñanza regular o formal,"Población por asistencia a un establecimiento de enseñanza regular o formal y sexo al nacer, según provincia, cantón, parroquia de residencia y grupos quinquenales de edad"
censo_rate_educacion_1_2_de_15_19_asistencia_a_un_establecimiento_de_ensenanza_regular_o_formal_si_sexo_al_nacer_hombres,censo_ind_educacion_1_2_de_15_19_asistencia_a_un_establecimiento_de_ensenanza_regular_o_formal_si_sexo_al_nacer_hombres,censo_ind_educacion_1_2_de_15_19_asistencia_a_un_establecimiento_de_ensenanza_regular_o_formal_si_sexo_al_nacer_numero_total_de_personas_que_asisten_a_un_establecimiento_de_ensenanza_regular_o_formal,Asistencia a un establecimiento de enseñanza regular o formal | Sí | Sexo al nacer | Hombres,Asistencia a un establecimiento de enseñanza regular o formal | Sí | Sexo al nacer | Número total de personas que asisten a un establecimiento de enseñanza regular o formal,"Población por asistencia a un establecimiento de enseñanza regular o formal y sexo al nacer, según provincia, cantón, parroquia de residencia y grupos quinquenales de edad"
censo_rate_educacion_1_2_de_15_19_asistencia_a_un_establecimiento_de_ensenanza_regular_o_formal_si_sexo_al_nacer_mujeres,censo_ind_educacion_1_2_de_15_19_asistencia_a_un_establecimiento_de_ensenanza_regular_o_formal_si_sexo_al_nacer_mujeres,censo_ind_educacion_1_2_de_15_19_asistencia_a_un_establecimiento_de_ensenanza_regular_o_formal_si_sexo_al_nacer_numero_total_de_personas_que_asisten_a_un_establecimiento_de_ensenanza_regular_o_formal,Asistencia a un establecimiento de enseñanza regular o formal | Sí | Sexo al nacer | Mujeres,Asistencia a un establecimiento de enseñanza regular o formal | Sí | Sexo al nacer | Número total de personas que asisten a un establecimiento de enseñanza regular o formal,"Población por asistencia a un establecimiento de enseñanza regular o formal y sexo al nacer, según provincia, cantón, parroquia de residencia y grupos quinquenales de edad"
censo_rate_educacion_1_2_de_20_24_asistencia_a_un_establecimiento_de_ensenanza_regular_o_formal_no_sexo_al_nacer_hombres,censo_ind_educacion_1_2_de_20_24_asistencia_a_un_establecimiento_de_ensenanza_regular_o_formal_no_sexo_al_nacer_hombres,censo_ind_educacion_1_2_de_20_24_asistencia_a_un_establecimiento_de_ensenanza_regular_o_formal_no_sexo_al_nacer_numero_total_de_personas_que_no_asisten_a_un_establecimiento_de_ensenanza_regular_o_formal,Asistencia a un establecimiento de enseñanza regular o formal | No | Sexo al nacer | Hombres,Asistencia a un establecimiento de enseñanza regular o formal | No | Sexo al nacer | Número total de personas que no asisten a un establecimiento de enseñanza regular o formal,"Población por asistencia a un establecimiento de enseñanza regular o formal y sexo al nacer, según provincia, cantón, parroquia de residencia y grupos quinquenales de edad"
censo_rate_educacion_1_2_de_20_24_asistencia_a_un_establecimiento_de_ensenanza_regular_o_formal_no_sexo_al_nacer_mujeres,censo_ind_educacion_1_2_de_20_24_asistencia_a_un_establecimiento_de_ensenanza_regular_o_formal_no_sexo_al_nacer_mujeres,censo_ind_educacion_1_2_de_20_24_asistencia_a_un_establecimiento_de_ensenanza_regular_o_formal_no_sexo_al_nacer_numero_total_de_personas_que_no_asisten_a_un_establecimiento_de_ensenanza_regular_o_formal,Asistencia a un establecimiento de enseñanza regular o formal | No | Sexo al nacer | Mujeres,Asistencia a un establecimiento de enseñanza regular o formal | No | Sexo al nacer | Número total de personas que no asisten a un establecimiento de enseñanza regular o formal,"Población por asistencia a un establecimiento de enseñanza regular o formal y sexo al nacer, según provincia, cantón, parroquia de residencia y grupos quinquenales de edad"
censo_rate_educacion_1_2_de_20_24_asistencia_a_un_establecimiento_de_ensenanza_regular_o_formal_si_sexo_al_nacer_hombres,censo_ind_educacion_1_2_de_20_24_asistencia_a_un_establecimiento_de_ensenanza_regular_o_formal_si_sexo_al_nacer_hombres,censo_ind_educacion_1_2_de_20_24_asistencia_a_un_establecimiento_de_ensenanza_regular_o_formal_si_sexo_al_nacer_numero_total_de_personas_que_asisten_a_un_establecimiento_de_ensenanza_regular_o_formal,Asistencia a un establecimiento de enseñanza regular o formal | Sí | Sexo al nacer | Hombres,Asistencia a un establecimiento de enseñanza regular o formal | Sí | Sexo al nacer | Número total de personas que asisten a un establecimiento de enseñanza regular o formal,"Población por asistencia a un establecimiento de enseñanza regular o formal y sexo al nacer, según provincia, cantón, parroquia de residencia y grupos quinquenales de edad"
censo_rate_educacion_1_2_de_20_24_asistencia_a_un_establecimiento_de_ensenanza_regular_o_formal_si_sexo_al_nacer_mujeres,censo_ind_educacion_1_2_de_20_24_asistencia_a_un_establecimiento_de_ensenanza_regular_o_formal_si_sexo_al_nacer_mujeres,censo_ind_educacion_1_2_de_20_24_asistencia_a_un_establecimiento_de_ensenanza_regular_o_formal_si_sexo_al_nacer_numero_total_de_personas_que_asisten_a_un_establecimiento_de_ensenanza_regular_o_formal,Asistencia a un establecimiento de enseñanza regular o formal | Sí | Sexo al nacer | Mujeres,Asistencia a un establecimiento de enseñanza regular o formal | Sí | Sexo al nacer | Número total de personas que asisten a un establecimiento de enseñanza regular o formal,"Población por asistencia a un establecimiento de enseñanza regular o formal y sexo al nacer, según provincia, cantón, parroquia de residencia y grupos quinquenales de edad"
censo_rate_educacion_1_2_de_25_29_asistencia_a_un_establecimiento_de_ensenanza_regular_o_formal_no_sexo_al_nacer_hombres,censo_ind_educacion_1_2_de_25_29_asistencia_a_un_establecimiento_de_ensenanza_regular_o_formal_no_sexo_al_nacer_hombres,censo_ind_educacion_1_2_de_25_29_asistencia_a_un_establecimiento_de_ensenanza_regular_o_formal_no_sexo_al_nacer_numero_total_de_personas_que_no_asisten_a_un_establecimiento_de_ensenanza_regular_o_formal,Asistencia a un establecimiento de enseñanza regular o formal | No | Sexo al nacer | Hombres,Asistencia a un establecimiento de enseñanza regular o formal | No | Sexo al nacer | Número total de personas que no asisten a un establecimiento de enseñanza regular o formal,"Población por asistencia a un establecimiento de enseñanza regular o formal y sexo al nacer, según provincia, cantón, parroquia de residencia y grupos quinquenales de edad"
censo_rate_educacion_1_2_de_25_29_asistencia_a_un_establecimiento_de_ensenanza_regular_o_formal_no_sexo_al_nacer_mujeres,censo_ind_educacion_1_2_de_25_29_asistencia_a_un_establecimiento_de_ensenanza_regular_o_formal_no_sexo_al_nacer_mujeres,censo_ind_educacion_1_2_de_25_29_asistencia_a_un_establecimiento_de_ensenanza_regular_o_formal_no_sexo_al_nacer_numero_total_de_personas_que_no_asisten_a_un_establecimiento_de_ensenanza_regular_o_formal,Asistencia a un establecimiento de enseñanza regular o formal | No | Sexo al nacer | Mujeres,Asistencia a un establecimiento de enseñanza regular o formal | No | Sexo al nacer | Número total de personas que no asisten a un establecimiento de enseñanza regular o formal,"Población por asistencia a un establecimiento de enseñanza regular o formal y sexo al nacer, según provincia, cantón, parroquia de residencia y grupos quinquenales de edad"
censo_rate_educacion_1_2_de_25_29_asistencia_a_un_establecimiento_de_ensenanza_regular_o_formal_si_sexo_al_nacer_hombres,censo_ind_educacion_1_2_de_25_29_asistencia_a_un_establecimiento_de_ensenanza_regular_o_formal_si_sexo_al_nacer_hombres,censo_ind_educacion_1_2_de_25_29_asistencia_a_un_establecimiento_de_ensenanza_regular_o_formal_si_sexo_al_nacer_numero_total_de_personas_que_asisten_a_un_establecimiento_de_ensenanza_regular_o_formal,Asistencia a un establecimiento de enseñanza regular o formal | Sí | Sexo al nacer | Hombres,Asistencia a un establecimiento de enseñanza regular o formal | Sí | Sexo al nacer | Número total de personas que asisten a un establecimiento de enseñanza regular o formal,"Población por asistencia a un establecimiento de enseñanza regular o formal y sexo al nacer, según provincia, cantón, parroquia de residencia y grupos quinquenales de edad"
censo_rate_educacion_1_2_de_25_29_asistencia_a_un_establecimiento_de_ensenanza_regular_o_formal_si_sexo_al_nacer_mujeres,censo_ind_educacion_1_2_de_25_29_asistencia_a_un_establecimiento_de_ensenanza_regular_o_formal_si_sexo_al_nacer_mujeres,censo_ind_educacion_1_2_de_25_29_asistencia_a_un_establecimiento_de_ensenanza_regular_o_formal_si_sexo_al_nacer_numero_total_de_personas_que_asisten_a_un_establecimiento_de_ensenanza_regular_o_formal,Asistencia a un establecimiento de enseñanza regular o formal | Sí | Sexo al nacer | Mujeres,Asistencia a un establecimiento de enseñanza regular o formal | Sí | Sexo al nacer | Número total de personas que asisten a un establecimiento de enseñanza regular o formal,"Población por asistencia a un establecimiento de enseñanza regular o formal y sexo al nacer, según provincia, cantón, parroquia de residencia y grupos quinquenales de edad"
censo_rate_educacion_1_2_de_30_34_asistencia_a_un_establecimiento_de_ensenanza_regular_o_formal_no_sexo_al_nacer_hombres,censo_ind_educacion_1_2_de_30_34_asistencia_a_un_establecimiento_de_ensenanza_regular_o_formal_no_sexo_al_nacer_hombres,censo_ind_educacion_1_2_de_30_34_asistencia_a_un_establecimiento_de_ensenanza_regular_o_formal_no_sexo_al_nacer_numero_total_de_personas_que_no_asisten_a_un_establecimiento_de_ensenanza_regular_o_formal,Asistencia a un establecimiento de enseñanza regular o formal | No | Sexo al nacer | Hombres,Asistencia a un establecimiento de enseñanza regular o formal | No | Sexo al nacer | Número total de personas que no asisten a un establecimiento de enseñanza regular o formal,"Población por asistencia a un establecimiento de enseñanza regular o formal y sexo al nacer, según provincia, cantón, parroquia de residencia y grupos quinquenales de edad"
censo_rate_educacion_1_2_de_30_34_asistencia_a_un_establecimiento_de_ensenanza_regular_o_formal_no_sexo_al_nacer_mujeres,censo_ind_educacion_1_2_de_30_34_asistencia_a_un_establecimiento_de_ensenanza_regular_o_formal_no_sexo_al_nacer_mujeres,censo_ind_educacion_1_2_de_30_34_asistencia_a_un_establecimiento_de_ensenanza_regular_o_formal_no_sexo_al_nacer_numero_total_de_personas_que_no_asisten_a_un_establecimiento_de_ensenanza_regular_o_formal,Asistencia a un establecimiento de enseñanza regular o formal | No | Sexo al nacer | Mujeres,Asistencia a un establecimiento de enseñanza regular o formal | No | Sexo al nacer | Número total de personas que no asisten a un establecimiento de enseñanza regular o formal,"Población por asistencia a un establecimiento de enseñanza regular o formal y sexo al nacer, según provincia, cantón, parroquia de residencia y grupos quinquenales de edad"
censo_rate_educacion_1_2_de_35_39_asistencia_a_un_establecimiento_de_ensenanza_regular_o_formal_no_sexo_al_nacer_hombres,censo_ind_educacion_1_2_de_35_39_asistencia_a_un_establecimiento_de_ensenanza_regular_o_formal_no_sexo_al_nacer_hombres,censo_ind_educacion_1_2_de_35_39_asistencia_a_un_establecimiento_de_ensenanza_regular_o_formal_no_sexo_al_nacer_numero_total_de_personas_que_no_asisten_a_un_establecimiento_de_ensenanza_regular_o_formal,Asistencia a un establecimiento de enseñanza regular o formal | No | Sexo al nacer | Hombres,Asistencia a un establecimiento de enseñanza regular o formal | No | Sexo al nacer | Número total de personas que no asisten a un establecimiento de enseñanza regular o formal,"Población por asistencia a un establecimiento de enseñanza regular o formal y sexo al nacer, según provincia, cantón, parroquia de residencia y grupos quinquenales de edad"
censo_rate_educacion_1_2_de_35_39_asistencia_a_un_establecimiento_de_ensenanza_regular_o_formal_no_sexo_al_nacer_mujeres,censo_ind_educacion_1_2_de_35_39_asistencia_a_un_establecimiento_de_ensenanza_regular_o_formal_no_sexo_al_nacer_mujeres,censo_ind_educacion_1_2_de_35_39_asistencia_a_un_establecimiento_de_ensenanza_regular_o_formal_no_sexo_al_nacer_numero_total_de_personas_que_no_asisten_a_un_establecimiento_de_ensenanza_regular_o_formal,Asistencia a un establecimiento de enseñanza regular o formal | No | Sexo al nacer | Mujeres,Asistencia a un establecimiento de enseñanza regular o formal | No | Sexo al nacer | Número total de personas que no asisten a un establecimiento de enseñanza regular o formal,"Población por asistencia a un establecimiento de enseñanza regular o formal y sexo al nacer, según provincia, cantón, parroquia de residencia y grupos quinquenales de edad"
censo_rate_educacion_1_2_de_40_44_asistencia_a_un_establecimiento_de_ensenanza_regular_o_formal_no_sexo_al_nacer_hombres,censo_ind_educacion_1_2_de_40_44_asistencia_a_un_establecimiento_de_ensenanza_regular_o_formal_no_sexo_al_nacer_hombres,censo_ind_educacion_1_2_de_40_44_asistencia_a_un_establecimiento_de_ensenanza_regular_o_formal_no_sexo_al_nacer_numero_total_de_personas_que_no_asisten_a_un_establecimiento_de_ensenanza_regular_o_formal,Asistencia a un establecimiento de enseñanza regular o formal | No | Sexo al nacer | Hombres,Asistencia a un establecimiento de enseñanza regular o formal | No | Sexo al nacer | Número total de personas que no asisten a un establecimiento de enseñanza regular o formal,"Población por asistencia a un establecimiento de enseñanza regular o formal y sexo al nacer, según provincia, cantón, parroquia de residencia y grupos quinquenales de edad"
censo_rate_educacion_1_2_de_40_44_asistencia_a_un_establecimiento_de_ensenanza_regular_o_formal_no_sexo_al_nacer_mujeres,censo_ind_educacion_1_2_de_40_44_asistencia_a_un_establecimiento_de_ensenanza_regular_o_formal_no_sexo_al_nacer_mujeres,censo_ind_educacion_1_2_de_40_44_asistencia_a_un_establecimiento_de_ensenanza_regular_o_formal_no_sexo_al_nacer_numero_total_de_personas_que_no_asisten_a_un_establecimiento_de_ensenanza_regular_o_formal,Asistencia a un establecimiento de enseñanza regular o formal | No | Sexo al nacer | Mujeres,Asistencia a un establecimiento de enseñanza regular o formal | No | Sexo al nacer | Número total de personas que no asisten a un establecimiento de enseñanza regular o formal,"Población por asistencia a un establecimiento de enseñanza regular o formal y sexo al nacer, según provincia, cantón, parroquia de residencia y grupos quinquenales de edad"
censo_rate_educacion_1_2_de_45_49_asistencia_a_un_establecimiento_de_ensenanza_regular_o_formal_no_sexo_al_nacer_hombres,censo_ind_educacion_1_2_de_45_49_asistencia_a_un_establecimiento_de_ensenanza_regular_o_formal_no_sexo_al_nacer_hombres,censo_ind_educacion_1_2_de_45_49_asistencia_a_un_establecimiento_de_ensenanza_regular_o_formal_no_sexo_al_nacer_numero_total_de_personas_que_no_asisten_a_un_establecimiento_de_ensenanza_regular_o_formal,Asistencia a un establecimiento de enseñanza regular o formal | No | Sexo al nacer | Hombres,Asistencia a un establecimiento de enseñanza regular o formal | No | Sexo al nacer | Número total de personas que no asisten a un establecimiento de enseñanza regular o formal,"Población por asistencia a un establecimiento de enseñanza regular o formal y sexo al nacer, según provincia, cantón, parroquia de residencia y grupos quinquenales de edad"
censo_rate_educacion_1_2_de_45_49_asistencia_a_un_establecimiento_de_ensenanza_regular_o_formal_no_sexo_al_nacer_mujeres,censo_ind_educacion_1_2_de_45_49_asistencia_a_un_establecimiento_de_ensenanza_regular_o_formal_no_sexo_al_nacer_mujeres,censo_ind_educacion_1_2_de_45_49_asistencia_a_un_establecimiento_de_ensenanza_regular_o_formal_no_sexo_al_nacer_numero_total_de_personas_que_no_asisten_a_un_establecimiento_de_ensenanza_regular_o_formal,Asistencia a un establecimiento de enseñanza regular o formal | No | Sexo al nacer | Mujeres,Asistencia a un establecimiento de enseñanza regular o formal | No | Sexo al nacer | Número total de personas que no asisten a un establecimiento de enseñanza regular o formal,"Población por asistencia a un establecimiento de enseñanza regular o formal y sexo al nacer, según provincia, cantón, parroquia de residencia y grupos quinquenales de edad"
censo_rate_educacion_1_2_de_5_9_asistencia_a_un_establecimiento_de_ensenanza_regular_o_formal_si_sexo_al_nacer_hombres,censo_ind_educacion_1_2_de_5_9_asistencia_a_un_establecimiento_de_ensenanza_regular_o_formal_si_sexo_al_nacer_hombres,censo_ind_educacion_1_2_de_5_9_asistencia_a_un_establecimiento_de_ensenanza_regular_o_formal_si_sexo_al_nacer_numero_total_de_personas_que_asisten_a_un_establecimiento_de_ensenanza_regular_o_formal,Asistencia a un establecimiento de enseñanza regular o formal | Sí | Sexo al nacer | Hombres,Asistencia a un establecimiento de enseñanza regular o formal | Sí | Sexo al nacer | Número total de personas que asisten a un establecimiento de enseñanza regular o formal,"Población por asistencia a un establecimiento de enseñanza regular o formal y sexo al nacer, según provincia, cantón, parroquia de residencia y grupos quinquenales de edad"
censo_rate_educacion_1_2_de_5_9_asistencia_a_un_establecimiento_de_ensenanza_regular_o_formal_si_sexo_al_nacer_mujeres,censo_ind_educacion_1_2_de_5_9_asistencia_a_un_establecimiento_de_ensenanza_regular_o_formal_si_sexo_al_nacer_mujeres,censo_ind_educacion_1_2_de_5_9_asistencia_a_un_establecimiento_de_ensenanza_regular_o_formal_si_sexo_al_nacer_numero_total_de_personas_que_asisten_a_un_establecimiento_de_ensenanza_regular_o_formal,Asistencia a un establecimiento de enseñanza regular o formal | Sí | Sexo al nacer | Mujeres,Asistencia a un establecimiento de enseñanza regular o formal | Sí | Sexo al nacer | Número total de personas que asisten a un establecimiento de enseñanza regular o formal,"Población por asistencia a un establecimiento de enseñanza regular o formal y sexo al nacer, según provincia, cantón, parroquia de residencia y grupos quinquenales de edad"
censo_rate_educacion_1_2_de_50_54_asistencia_a_un_establecimiento_de_ensenanza_regular_o_formal_no_sexo_al_nacer_hombres,censo_ind_educacion_1_2_de_50_54_asistencia_a_un_establecimiento_de_ensenanza_regular_o_formal_no_sexo_al_nacer_hombres,censo_ind_educacion_1_2_de_50_54_asistencia_a_un_establecimiento_de_ensenanza_regular_o_formal_no_sexo_al_nacer_numero_total_de_personas_que_no_asisten_a_un_establecimiento_de_ensenanza_regular_o_formal,Asistencia a un establecimiento de enseñanza regular o formal | No | Sexo al nacer | Hombres,Asistencia a un establecimiento de enseñanza regular o formal | No | Sexo al nacer | Número total de personas que no asisten a un establecimiento de enseñanza regular o formal,"Población por asistencia a un establecimiento de enseñanza regular o formal y sexo al nacer, según provincia, cantón, parroquia de residencia y grupos quinquenales de edad"
censo_rate_educacion_1_2_de_50_54_asistencia_a_un_establecimiento_de_ensenanza_regular_o_formal_no_sexo_al_nacer_mujeres,censo_ind_educacion_1_2_de_50_54_asistencia_a_un_establecimiento_de_ensenanza_regular_o_formal_no_sexo_al_nacer_mujeres,censo_ind_educacion_1_2_de_50_54_asistencia_a_un_establecimiento_de_ensenanza_regular_o_formal_no_sexo_al_nacer_numero_total_de_personas_que_no_asisten_a_un_establecimiento_de_ensenanza_regular_o_formal,Asistencia a un establecimiento de enseñanza regular o formal | No | Sexo al nacer | Mujeres,Asistencia a un establecimiento de enseñanza regular o formal | No | Sexo al nacer | Número total de personas que no asisten a un establecimiento de enseñanza regular o formal,"Población por asistencia a un establecimiento de enseñanza regular o formal y sexo al nacer, según provincia, cantón, parroquia de residencia y grupos quinquenales de edad"
censo_rate_educacion_1_2_de_55_59_asistencia_a_un_establecimiento_de_ensenanza_regular_o_formal_no_sexo_al_nacer_hombres,censo_ind_educacion_1_2_de_55_59_asistencia_a_un_establecimiento_de_ensenanza_regular_o_formal_no_sexo_al_nacer_hombres,censo_ind_educacion_1_2_de_55_59_asistencia_a_un_establecimiento_de_ensenanza_regular_o_formal_no_sexo_al_nacer_numero_total_de_personas_que_no_asisten_a_un_establecimiento_de_ensenanza_regular_o_formal,Asistencia a un establecimiento de enseñanza regular o formal | No | Sexo al nacer | Hombres,Asistencia a un establecimiento de enseñanza regular o formal | No | Sexo al nacer | Número total de personas que no asisten a un establecimiento de enseñanza regular o formal,"Población por asistencia a un establecimiento de enseñanza regular o formal y sexo al nacer, según provincia, cantón, parroquia de residencia y grupos quinquenales de edad"
censo_rate_educacion_1_2_de_55_59_asistencia_a_un_establecimiento_de_ensenanza_regular_o_formal_no_sexo_al_nacer_mujeres,censo_ind_educacion_1_2_de_55_59_asistencia_a_un_establecimiento_de_ensenanza_regular_o_formal_no_sexo_al_nacer_mujeres,censo_ind_educacion_1_2_de_55_59_asistencia_a_un_establecimiento_de_ensenanza_regular_o_formal_no_sexo_al_nacer_numero_total_de_personas_que_no_asisten_a_un_establecimiento_de_ensenanza_regular_o_formal,Asistencia a un establecimiento de enseñanza regular o formal | No | Sexo al nacer | Mujeres,Asistencia a un establecimiento de enseñanza regular o formal | No | Sexo al nacer | Número total de personas que no asisten a un establecimiento de enseñanza regular o formal,"Población por asistencia a un establecimiento de enseñanza regular o formal y sexo al nacer, según provincia, cantón, parroquia de residencia y grupos quinquenales de edad"
censo_rate_educacion_1_2_de_60_64_asistencia_a_un_establecimiento_de_ensenanza_regular_o_formal_no_sexo_al_nacer_hombres,censo_ind_educacion_1_2_de_60_64_asistencia_a_un_establecimiento_de_ensenanza_regular_o_formal_no_sexo_al_nacer_hombres,censo_ind_educacion_1_2_de_60_64_asistencia_a_un_establecimiento_de_ensenanza_regular_o_formal_no_sexo_al_nacer_numero_total_de_personas_que_no_asisten_a_un_establecimiento_de_ensenanza_regular_o_formal,Asistencia a un establecimiento de enseñanza regular o formal | No | Sexo al nacer | Hombres,Asistencia a un establecimiento de enseñanza regular o formal | No | Sexo al nacer | Número total de personas que no asisten a un establecimiento de enseñanza regular o formal,"Población por asistencia a un establecimiento de enseñanza regular o formal y sexo al nacer, según provincia, cantón, parroquia de residencia y grupos quinquenales de edad"
censo_rate_educacion_1_2_de_60_64_asistencia_a_un_establecimiento_de_ensenanza_regular_o_formal_no_sexo_al_nacer_mujeres,censo_ind_educacion_1_2_de_60_64_asistencia_a_un_establecimiento_de_ensenanza_regular_o_formal_no_sexo_al_nacer_mujeres,censo_ind_educacion_1_2_de_60_64_asistencia_a_un_establecimiento_de_ensenanza_regular_o_formal_no_sexo_al_nacer_numero_total_de_personas_que_no_asisten_a_un_establecimiento_de_ensenanza_regular_o_formal,Asistencia a un establecimiento de enseñanza regular o formal | No | Sexo al nacer | Mujeres,Asistencia a un establecimiento de enseñanza regular o formal | No | Sexo al nacer | Número total de personas que no asisten a un establecimiento de enseñanza regular o formal,"Población por asistencia a un establecimiento de enseñanza regular o formal y sexo al nacer, según provincia, cantón, parroquia de residencia y grupos quinquenales de edad"
censo_rate_educacion_1_2_de_65_69_asistencia_a_un_establecimiento_de_ensenanza_regular_o_formal_no_sexo_al_nacer_hombres,censo_ind_educacion_1_2_de_65_69_asistencia_a_un_establecimiento_de_ensenanza_regular_o_formal_no_sexo_al_nacer_hombres,censo_ind_educacion_1_2_de_65_69_asistencia_a_un_establecimiento_de_ensenanza_regular_o_formal_no_sexo_al_nacer_numero_total_de_personas_que_no_asisten_a_un_establecimiento_de_ensenanza_regular_o_formal,Asistencia a un establecimiento de enseñanza regular o formal | No | Sexo al nacer | Hombres,Asistencia a un establecimiento de enseñanza regular o formal | No | Sexo al nacer | Número total de personas que no asisten a un establecimiento de enseñanza regular o formal,"Población por asistencia a un establecimiento de enseñanza regular o formal y sexo al nacer, según provincia, cantón, parroquia de residencia y grupos quinquenales de edad"
censo_rate_educacion_1_2_de_65_69_asistencia_a_un_establecimiento_de_ensenanza_regular_o_formal_no_sexo_al_nacer_mujeres,censo_ind_educacion_1_2_de_65_69_asistencia_a_un_establecimiento_de_ensenanza_regular_o_formal_no_sexo_al_nacer_mujeres,censo_ind_educacion_1_2_de_65_69_asistencia_a_un_establecimiento_de_ensenanza_regular_o_formal_no_sexo_al_nacer_numero_total_de_personas_que_no_asisten_a_un_establecimiento_de_ensenanza_regular_o_formal,Asistencia a un establecimiento de enseñanza regular o formal | No | Sexo al nacer | Mujeres,Asistencia a un establecimiento de enseñanza regular o formal | No | Sexo al nacer | Número total de personas que no asisten a un establecimiento de enseñanza regular o formal,"Población por asistencia a un establecimiento de enseñanza regular o formal y sexo al nacer, según provincia, cantón, parroquia de residencia y grupos quinquenales de edad"
censo_rate_educacion_1_2_de_70_74_asistencia_a_un_establecimiento_de_ensenanza_regular_o_formal_no_sexo_al_nacer_hombres,censo_ind_educacion_1_2_de_70_74_asistencia_a_un_establecimiento_de_ensenanza_regular_o_formal_no_sexo_al_nacer_hombres,censo_ind_educacion_1_2_de_70_74_asistencia_a_un_establecimiento_de_ensenanza_regular_o_formal_no_sexo_al_nacer_numero_total_de_personas_que_no_asisten_a_un_establecimiento_de_ensenanza_regular_o_formal,Asistencia a un establecimiento de enseñanza regular o formal | No | Sexo al nacer | Hombres,Asistencia a un establecimiento de enseñanza regular o formal | No | Sexo al nacer | Número total de personas que no asisten a un establecimiento de enseñanza regular o formal,"Población por asistencia a un establecimiento de enseñanza regular o formal y sexo al nacer, según provincia, cantón, parroquia de residencia y grupos quinquenales de edad"
censo_rate_educacion_1_2_de_70_74_asistencia_a_un_establecimiento_de_ensenanza_regular_o_formal_no_sexo_al_nacer_mujeres,censo_ind_educacion_1_2_de_70_74_asistencia_a_un_establecimiento_de_ensenanza_regular_o_formal_no_sexo_al_nacer_mujeres,censo_ind_educacion_1_2_de_70_74_asistencia_a_un_establecimiento_de_ensenanza_regular_o_formal_no_sexo_al_nacer_numero_total_de_personas_que_no_asisten_a_un_establecimiento_de_ensenanza_regular_o_formal,Asistencia a un establecimiento de enseñanza regular o formal | No | Sexo al nacer | Mujeres,Asistencia a un establecimiento de enseñanza regular o formal | No | Sexo al nacer | Número total de personas que no asisten a un establecimiento de enseñanza regular o formal,"Población por asistencia a un establecimiento de enseñanza regular o formal y sexo al nacer, según provincia, cantón, parroquia de residencia y grupos quinquenales de edad"
censo_rate_educacion_1_2_de_75_79_asistencia_a_un_establecimiento_de_ensenanza_regular_o_formal_no_sexo_al_nacer_hombres,censo_ind_educacion_1_2_de_75_79_asistencia_a_un_establecimiento_de_ensenanza_regular_o_formal_no_sexo_al_nacer_hombres,censo_ind_educacion_1_2_de_75_79_asistencia_a_un_establecimiento_de_ensenanza_regular_o_formal_no_sexo_al_nacer_numero_total_de_personas_que_no_asisten_a_un_establecimiento_de_ensenanza_regular_o_formal,Asistencia a un establecimiento de enseñanza regular o formal | No | Sexo al nacer | Hombres,Asistencia a un establecimiento de enseñanza regular o formal | No | Sexo al nacer | Número total de personas que no asisten a un establecimiento de enseñanza regular o formal,"Población por asistencia a un establecimiento de enseñanza regular o formal y sexo al nacer, según provincia, cantón, parroquia de residencia y grupos quinquenales de edad"
censo_rate_educacion_1_2_de_75_79_asistencia_a_un_establecimiento_de_ensenanza_regular_o_formal_no_sexo_al_nacer_mujeres,censo_ind_educacion_1_2_de_75_79_asistencia_a_un_establecimiento_de_ensenanza_regular_o_formal_no_sexo_al_nacer_mujeres,censo_ind_educacion_1_2_de_75_79_asistencia_a_un_establecimiento_de_ensenanza_regular_o_formal_no_sexo_al_nacer_numero_total_de_personas_que_no_asisten_a_un_establecimiento_de_ensenanza_regular_o_formal,Asistencia a un establecimiento de enseñanza regular o formal | No | Sexo al nacer | Mujeres,Asistencia a un establecimiento de enseñanza regular o formal | No | Sexo al nacer | Número total de personas que no asisten a un establecimiento de enseñanza regular o formal,"Población por asistencia a un establecimiento de enseñanza regular o formal y sexo al nacer, según provincia, cantón, parroquia de residencia y grupos quinquenales de edad"
censo_rate_educacion_1_2_de_80_84_asistencia_a_un_establecimiento_de_ensenanza_regular_o_formal_no_sexo_al_nacer_hombres,censo_ind_educacion_1_2_de_80_84_asistencia_a_un_establecimiento_de_ensenanza_regular_o_formal_no_sexo_al_nacer_hombres,censo_ind_educacion_1_2_de_80_84_asistencia_a_un_establecimiento_de_ensenanza_regular_o_formal_no_sexo_al_nacer_numero_total_de_personas_que_no_asisten_a_un_establecimiento_de_ensenanza_regular_o_formal,Asistencia a un establecimiento de enseñanza regular o formal | No | Sexo al nacer | Hombres,Asistencia a un establecimiento de enseñanza regular o formal | No | Sexo al nacer | Número total de personas que no asisten a un establecimiento de enseñanza regular o formal,"Población por asistencia a un establecimiento de enseñanza regular o formal y sexo al nacer, según provincia, cantón, parroquia de residencia y grupos quinquenales de edad"
censo_rate_educacion_1_2_de_80_84_asistencia_a_un_establecimiento_de_ensenanza_regular_o_formal_no_sexo_al_nacer_mujeres,censo_ind_educacion_1_2_de_80_84_asistencia_a_un_establecimiento_de_ensenanza_regular_o_formal_no_sexo_al_nacer_mujeres,censo_ind_educacion_1_2_de_80_84_asistencia_a_un_establecimiento_de_ensenanza_regular_o_formal_no_sexo_al_nacer_numero_total_de_personas_que_no_asisten_a_un_establecimiento_de_ensenanza_regular_o_formal,Asistencia a un establecimiento de enseñanza regular o formal | No | Sexo al nacer | Mujeres,Asistencia a un establecimiento de enseñanza regular o formal | No | Sexo al nacer | Número total de personas que no asisten a un establecimiento de enseñanza regular o formal,"Población por asistencia a un establecimiento de enseñanza regular o formal y sexo al nacer, según provincia, cantón, parroquia de residencia y grupos quinquenales de edad"
censo_rate_educacion_1_2_total_geografia_asistencia_a_un_establecimiento_de_ensenanza_regular_o_formal_no_sexo_al_nacer_hombres,censo_ind_educacion_1_2_total_geografia_asistencia_a_un_establecimiento_de_ensenanza_regular_o_formal_no_sexo_al_nacer_hombres,censo_ind_educacion_1_2_total_geografia_asistencia_a_un_establecimiento_de_ensenanza_regular_o_formal_no_sexo_al_nacer_numero_total_de_personas_que_no_asisten_a_un_establecimiento_de_ensenanza_regular_o_formal,Asistencia a un establecimiento de enseñanza regular o formal | No | Sexo al nacer | Hombres,Asistencia a un establecimiento de enseñanza regular o formal | No | Sexo al nacer | Número total de personas que no asisten a un establecimiento de enseñanza regular o formal,"Población por asistencia a un establecimiento de enseñanza regular o formal y sexo al nacer, según provincia, cantón, parroquia de residencia y grupos quinquenales de edad"
censo_rate_educacion_1_2_total_geografia_asistencia_a_un_establecimiento_de_ensenanza_regular_o_formal_no_sexo_al_nacer_mujeres,censo_ind_educacion_1_2_total_geografia_asistencia_a_un_establecimiento_de_ensenanza_regular_o_formal_no_sexo_al_nacer_mujeres,censo_ind_educacion_1_2_total_geografia_asistencia_a_un_establecimiento_de_ensenanza_regular_o_formal_no_sexo_al_nacer_numero_total_de_personas_que_no_asisten_a_un_establecimiento_de_ensenanza_regular_o_formal,Asistencia a un establecimiento de enseñanza regular o formal | No | Sexo al nacer | Mujeres,Asistencia a un establecimiento de enseñanza regular o formal | No | Sexo al nacer | Número total de personas que no asisten a un establecimiento de enseñanza regular o formal,"Población por asistencia a un establecimiento de enseñanza regular o formal y sexo al nacer, según provincia, cantón, parroquia de residencia y grupos quinquenales de edad"
censo_rate_educacion_1_2_total_geografia_asistencia_a_un_establecimiento_de_ensenanza_regular_o_formal_si_sexo_al_nacer_hombres,censo_ind_educacion_1_2_total_geografia_asistencia_a_un_establecimiento_de_ensenanza_regular_o_formal_si_sexo_al_nacer_hombres,censo_ind_educacion_1_2_total_geografia_asistencia_a_un_establecimiento_de_ensenanza_regular_o_formal_si_sexo_al_nacer_numero_total_de_personas_que_asisten_a_un_establecimiento_de_ensenanza_regular_o_formal,Asistencia a un establecimiento de enseñanza regular o formal | Sí | Sexo al nacer | Hombres,Asistencia a un establecimiento de enseñanza regular o formal | Sí | Sexo al nacer | Número total de personas que asisten a un establecimiento de enseñanza regular o formal,"Población por asistencia a un establecimiento de enseñanza regular o formal y sexo al nacer, según provincia, cantón, parroquia de residencia y grupos quinquenales de edad"
censo_rate_educacion_1_2_total_geografia_asistencia_a_un_establecimiento_de_ensenanza_regular_o_formal_si_sexo_al_nacer_mujeres,censo_ind_educacion_1_2_total_geografia_asistencia_a_un_establecimiento_de_ensenanza_regular_o_formal_si_sexo_al_nacer_mujeres,censo_ind_educacion_1_2_total_geografia_asistencia_a_un_establecimiento_de_ensenanza_regular_o_formal_si_sexo_al_nacer_numero_total_de_personas_que_asisten_a_un_establecimiento_de_ensenanza_regular_o_formal,Asistencia a un establecimiento de enseñanza regular o formal | Sí | Sexo al nacer | Mujeres,Asistencia a un establecimiento de enseñanza regular o formal | Sí | Sexo al nacer | Número total de personas que asisten a un establecimiento de enseñanza regular o formal,"Población por asistencia a un establecimiento de enseñanza regular o formal y sexo al nacer, según provincia, cantón, parroquia de residencia y grupos quinquenales de edad"
censo_rate_educacion_3_2_asiste_bachillerato_0,censo_ind_educacion_3_2_asiste_bachillerato_0,censo_ind_educacion_3_2_asiste_bachillerato_numero_total_de_personas_que_asisten_o_asistieron_a_bachillerato,Bachillerato | 0,Bachillerato | Número total de personas que asisten o asistieron a Bachillerato,"Población por nivel de instrucción al que asiste o asistió y años aprobados, según provincia, cantón, parroquia de residencia y condición de asistencia a un establecimiento de enseñanza regular o formal"
censo_rate_educacion_3_2_asiste_bachillerato_1_ano,censo_ind_educacion_3_2_asiste_bachillerato_1_ano,censo_ind_educacion_3_2_asiste_bachillerato_numero_total_de_personas_que_asisten_o_asistieron_a_bachillerato,Bachillerato | 1 año,Bachillerato | Número total de personas que asisten o asistieron a Bachillerato,"Población por nivel de instrucción al que asiste o asistió y años aprobados, según provincia, cantón, parroquia de residencia y condición de asistencia a un establecimiento de enseñanza regular o formal"
censo_rate_educacion_3_2_asiste_bachillerato_2_anos,censo_ind_educacion_3_2_asiste_bachillerato_2_anos,censo_ind_educacion_3_2_asiste_bachillerato_numero_total_de_personas_que_asisten_o_asistieron_a_bachillerato,Bachillerato | 2 años,Bachillerato | Número total de personas que asisten o asistieron a Bachillerato,"Población por nivel de instrucción al que asiste o asistió y años aprobados, según provincia, cantón, parroquia de residencia y condición de asistencia a un establecimiento de enseñanza regular o formal"
censo_rate_educacion_3_2_asiste_centro_de_desarrollo_infantil_creciendo_con_nuestros_hijos_guarderia,censo_ind_educacion_3_2_asiste_centro_de_desarrollo_infantil_creciendo_con_nuestros_hijos_guarderia,censo_ind_educacion_3_2_asiste_numero_total_de_personas,Centro de Desarrollo Infantil/Creciendo con nuestros hijos/Guardería,Número total de personas,"Población por nivel de instrucción al que asiste o asistió y años aprobados, según provincia, cantón, parroquia de residencia y condición de asistencia a un establecimiento de enseñanza regular o formal"
censo_rate_educacion_3_2_asiste_educacion_general_basica_0,censo_ind_educacion_3_2_asiste_educacion_general_basica_0,censo_ind_educacion_3_2_asiste_educacion_general_basica_numero_total_de_personas_que_asisten_o_asistieron_a_educacion_general_basica,Educación General Básica | 0,Educación General Básica | Número total de personas que asisten o asistieron a Educación General Básica,"Población por nivel de instrucción al que asiste o asistió y años aprobados, según provincia, cantón, parroquia de residencia y condición de asistencia a un establecimiento de enseñanza regular o formal"
censo_rate_educacion_3_2_asiste_educacion_general_basica_1_ano_preparatoria,censo_ind_educacion_3_2_asiste_educacion_general_basica_1_ano_preparatoria,censo_ind_educacion_3_2_asiste_educacion_general_basica_numero_total_de_personas_que_asisten_o_asistieron_a_educacion_general_basica,Educación General Básica | 1 año preparatoria,Educación General Básica | Número total de personas que asisten o asistieron a Educación General Básica,"Población por nivel de instrucción al que asiste o asistió y años aprobados, según provincia, cantón, parroquia de residencia y condición de asistencia a un establecimiento de enseñanza regular o formal"
censo_rate_educacion_3_2_asiste_educacion_general_basica_de_2_a_4_anos_basica_elemental,censo_ind_educacion_3_2_asiste_educacion_general_basica_de_2_a_4_anos_basica_elemental,censo_ind_educacion_3_2_asiste_educacion_general_basica_numero_total_de_personas_que_asisten_o_asistieron_a_educacion_general_basica,Educación General Básica | De 2 a 4 años Básica Elemental,Educación General Básica | Número total de personas que asisten o asistieron a Educación General Básica,"Población por nivel de instrucción al que asiste o asistió y años aprobados, según provincia, cantón, parroquia de residencia y condición de asistencia a un establecimiento de enseñanza regular o formal"
censo_rate_educacion_3_2_asiste_educacion_general_basica_de_5_a_7_anos_basica_media,censo_ind_educacion_3_2_asiste_educacion_general_basica_de_5_a_7_anos_basica_media,censo_ind_educacion_3_2_asiste_educacion_general_basica_numero_total_de_personas_que_asisten_o_asistieron_a_educacion_general_basica,Educación General Básica | De 5 a 7 años Básica Media,Educación General Básica | Número total de personas que asisten o asistieron a Educación General Básica,"Población por nivel de instrucción al que asiste o asistió y años aprobados, según provincia, cantón, parroquia de residencia y condición de asistencia a un establecimiento de enseñanza regular o formal"
censo_rate_educacion_3_2_asiste_educacion_general_basica_de_8_a_10_anos_basica_superior,censo_ind_educacion_3_2_asiste_educacion_general_basica_de_8_a_10_anos_basica_superior,censo_ind_educacion_3_2_asiste_educacion_general_basica_numero_total_de_personas_que_asisten_o_asistieron_a_educacion_general_basica,Educación General Básica | De 8 a 10 años Básica Superior,Educación General Básica | Número total de personas que asisten o asistieron a Educación General Básica,"Población por nivel de instrucción al que asiste o asistió y años aprobados, según provincia, cantón, parroquia de residencia y condición de asistencia a un establecimiento de enseñanza regular o formal"
censo_rate_educacion_3_2_asiste_educacion_inicial_0,censo_ind_educacion_3_2_asiste_educacion_inicial_0,censo_ind_educacion_3_2_asiste_educacion_inicial_numero_total_de_personas_que_asisten_o_asistieron_a_educacion_inicial,Educación inicial | 0,Educación inicial | Número total de personas que asisten o asistieron a educación inicial,"Población por nivel de instrucción al que asiste o asistió y años aprobados, según provincia, cantón, parroquia de residencia y condición de asistencia a un establecimiento de enseñanza regular o formal"
censo_rate_educacion_3_2_asiste_educacion_inicial_1_ano,censo_ind_educacion_3_2_asiste_educacion_inicial_1_ano,censo_ind_educacion_3_2_asiste_educacion_inicial_numero_total_de_personas_que_asisten_o_asistieron_a_educacion_inicial,Educación inicial | 1 año,Educación inicial | Número total de personas que asisten o asistieron a educación inicial,"Población por nivel de instrucción al que asiste o asistió y años aprobados, según provincia, cantón, parroquia de residencia y condición de asistencia a un establecimiento de enseñanza regular o formal"
censo_rate_educacion_3_2_asiste_educacion_superior_universidades_escuelas_politecnicas_0,censo_ind_educacion_3_2_asiste_educacion_superior_universidades_escuelas_politecnicas_0,censo_ind_educacion_3_2_asiste_educacion_superior_universidades_escuelas_politecnicas_numero_total_de_personas_que_asisten_o_asistieron_a_educacion_superior,"Educación Superior (universidades, escuelas politécnicas) | 0","Educación Superior (universidades, escuelas politécnicas) | Número total de personas que asisten o asistieron a Educación Superior","Población por nivel de instrucción al que asiste o asistió y años aprobados, según provincia, cantón, parroquia de residencia y condición de asistencia a un establecimiento de enseñanza regular o formal"
censo_rate_educacion_3_2_asiste_educacion_superior_universidades_escuelas_politecnicas_1_a_3_anos_esep,censo_ind_educacion_3_2_asiste_educacion_superior_universidades_escuelas_politecnicas_1_a_3_anos_esep,censo_ind_educacion_3_2_asiste_educacion_superior_universidades_escuelas_politecnicas_numero_total_de_personas_que_asisten_o_asistieron_a_educacion_superior,"Educación Superior (universidades, escuelas politécnicas) | 1 a 3 años ESEP","Educación Superior (universidades, escuelas politécnicas) | Número total de personas que asisten o asistieron a Educación Superior","Población por nivel de instrucción al que asiste o asistió y años aprobados, según provincia, cantón, parroquia de residencia y condición de asistencia a un establecimiento de enseñanza regular o formal"
censo_rate_educacion_3_2_asiste_educacion_superior_universidades_escuelas_politecnicas_4_anos_o_mas_esep,censo_ind_educacion_3_2_asiste_educacion_superior_universidades_escuelas_politecnicas_4_anos_o_mas_esep,censo_ind_educacion_3_2_asiste_educacion_superior_universidades_escuelas_politecnicas_numero_total_de_personas_que_asisten_o_asistieron_a_educacion_superior,"Educación Superior (universidades, escuelas politécnicas) | 4 años o más ESEP","Educación Superior (universidades, escuelas politécnicas) | Número total de personas que asisten o asistieron a Educación Superior","Población por nivel de instrucción al que asiste o asistió y años aprobados, según provincia, cantón, parroquia de residencia y condición de asistencia a un establecimiento de enseñanza regular o formal"
censo_rate_educacion_3_2_asiste_educacion_tecnica_o_tecnologica_superior_institutos_superiores_tecnicos_y_tecnologicos_1_a_2_anos_etts,censo_ind_educacion_3_2_asiste_educacion_tecnica_o_tecnologica_superior_institutos_superiores_tecnicos_y_tecnologicos_1_a_2_anos_etts,censo_ind_educacion_3_2_asiste_educacion_tecnica_o_tecnologica_superior_institutos_superiores_tecnicos_y_tecnologicos_numero_total_de_personas_que_asisten_o_asistieron_a_educacion_tecnica_o_tecnologica,Educación Técnica o Tecnológica Superior (Institutos superiores técnicos y tecnológicos) | 1 a 2 años ETTS,Educación Técnica o Tecnológica Superior (Institutos superiores técnicos y tecnológicos) | Número total de personas que asisten o asistieron a Educación Técnica o Tecnológica,"Población por nivel de instrucción al que asiste o asistió y años aprobados, según provincia, cantón, parroquia de residencia y condición de asistencia a un establecimiento de enseñanza regular o formal"
censo_rate_educacion_3_2_asiste_educacion_tecnica_o_tecnologica_superior_institutos_superiores_tecnicos_y_tecnologicos_3_anos_o_mas_etts,censo_ind_educacion_3_2_asiste_educacion_tecnica_o_tecnologica_superior_institutos_superiores_tecnicos_y_tecnologicos_3_anos_o_mas_etts,censo_ind_educacion_3_2_asiste_educacion_tecnica_o_tecnologica_superior_institutos_superiores_tecnicos_y_tecnologicos_numero_total_de_personas_que_asisten_o_asistieron_a_educacion_tecnica_o_tecnologica,Educación Técnica o Tecnológica Superior (Institutos superiores técnicos y tecnológicos) | 3 años o más ETTS,Educación Técnica o Tecnológica Superior (Institutos superiores técnicos y tecnológicos) | Número total de personas que asisten o asistieron a Educación Técnica o Tecnológica,"Población por nivel de instrucción al que asiste o asistió y años aprobados, según provincia, cantón, parroquia de residencia y condición de asistencia a un establecimiento de enseñanza regular o formal"
censo_rate_educacion_3_2_no_asiste_bachillerato_1_ano,censo_ind_educacion_3_2_no_asiste_bachillerato_1_ano,censo_ind_educacion_3_2_no_asiste_bachillerato_numero_total_de_personas_que_asisten_o_asistieron_a_bachillerato,Bachillerato | 1 año,Bachillerato | Número total de personas que asisten o asistieron a Bachillerato,"Población por nivel de instrucción al que asiste o asistió y años aprobados, según provincia, cantón, parroquia de residencia y condición de asistencia a un establecimiento de enseñanza regular o formal"
censo_rate_educacion_3_2_no_asiste_bachillerato_2_anos,censo_ind_educacion_3_2_no_asiste_bachillerato_2_anos,censo_ind_educacion_3_2_no_asiste_bachillerato_numero_total_de_personas_que_asisten_o_asistieron_a_bachillerato,Bachillerato | 2 años,Bachillerato | Número total de personas que asisten o asistieron a Bachillerato,"Población por nivel de instrucción al que asiste o asistió y años aprobados, según provincia, cantón, parroquia de residencia y condición de asistencia a un establecimiento de enseñanza regular o formal"
censo_rate_educacion_3_2_no_asiste_bachillerato_3_anos,censo_ind_educacion_3_2_no_asiste_bachillerato_3_anos,censo_ind_educacion_3_2_no_asiste_bachillerato_numero_total_de_personas_que_asisten_o_asistieron_a_bachillerato,Bachillerato | 3 años,Bachillerato | Número total de personas que asisten o asistieron a Bachillerato,"Población por nivel de instrucción al que asiste o asistió y años aprobados, según provincia, cantón, parroquia de residencia y condición de asistencia a un establecimiento de enseñanza regular o formal"
censo_rate_educacion_3_2_no_asiste_educacion_general_basica_1_ano_preparatoria,censo_ind_educacion_3_2_no_asiste_educacion_general_basica_1_ano_preparatoria,censo_ind_educacion_3_2_no_asiste_educacion_general_basica_numero_total_de_personas_que_asisten_o_asistieron_a_educacion_general_basica,Educación General Básica | 1 año preparatoria,Educación General Básica | Número total de personas que asisten o asistieron a Educación General Básica,"Población por nivel de instrucción al que asiste o asistió y años aprobados, según provincia, cantón, parroquia de residencia y condición de asistencia a un establecimiento de enseñanza regular o formal"
censo_rate_educacion_3_2_no_asiste_educacion_general_basica_de_2_a_4_anos_basica_elemental,censo_ind_educacion_3_2_no_asiste_educacion_general_basica_de_2_a_4_anos_basica_elemental,censo_ind_educacion_3_2_no_asiste_educacion_general_basica_numero_total_de_personas_que_asisten_o_asistieron_a_educacion_general_basica,Educación General Básica | De 2 a 4 años Básica Elemental,Educación General Básica | Número total de personas que asisten o asistieron a Educación General Básica,"Población por nivel de instrucción al que asiste o asistió y años aprobados, según provincia, cantón, parroquia de residencia y condición de asistencia a un establecimiento de enseñanza regular o formal"
censo_rate_educacion_3_2_no_asiste_educacion_general_basica_de_5_a_7_anos_basica_media,censo_ind_educacion_3_2_no_asiste_educacion_general_basica_de_5_a_7_anos_basica_media,censo_ind_educacion_3_2_no_asiste_educacion_general_basica_numero_total_de_personas_que_asisten_o_asistieron_a_educacion_general_basica,Educación General Básica | De 5 a 7 años Básica Media,Educación General Básica | Número total de personas que asisten o asistieron a Educación General Básica,"Población por nivel de instrucción al que asiste o asistió y años aprobados, según provincia, cantón, parroquia de residencia y condición de asistencia a un establecimiento de enseñanza regular o formal"
censo_rate_educacion_3_2_no_asiste_educacion_general_basica_de_8_a_10_anos_basica_superior,censo_ind_educacion_3_2_no_asiste_educacion_general_basica_de_8_a_10_anos_basica_superior,censo_ind_educacion_3_2_no_asiste_educacion_general_basica_numero_total_de_personas_que_asisten_o_asistieron_a_educacion_general_basica,Educación General Básica | De 8 a 10 años Básica Superior,Educación General Básica | Número total de personas que asisten o asistieron a Educación General Básica,"Población por nivel de instrucción al que asiste o asistió y años aprobados, según provincia, cantón, parroquia de residencia y condición de asistencia a un establecimiento de enseñanza regular o formal"
censo_rate_educacion_3_2_no_asiste_educacion_superior_universidades_escuelas_politecnicas_1_a_3_anos_esep,censo_ind_educacion_3_2_no_asiste_educacion_superior_universidades_escuelas_politecnicas_1_a_3_anos_esep,censo_ind_educacion_3_2_no_asiste_educacion_superior_universidades_escuelas_politecnicas_numero_total_de_personas_que_asisten_o_asistieron_a_educacion_superior,"Educación Superior (universidades, escuelas politécnicas) | 1 a 3 años ESEP","Educación Superior (universidades, escuelas politécnicas) | Número total de personas que asisten o asistieron a Educación Superior","Población por nivel de instrucción al que asiste o asistió y años aprobados, según provincia, cantón, parroquia de residencia y condición de asistencia a un establecimiento de enseñanza regular o formal"
censo_rate_educacion_3_2_no_asiste_educacion_superior_universidades_escuelas_politecnicas_4_anos_o_mas_esep,censo_ind_educacion_3_2_no_asiste_educacion_superior_universidades_escuelas_politecnicas_4_anos_o_mas_esep,censo_ind_educacion_3_2_no_asiste_educacion_superior_universidades_escuelas_politecnicas_numero_total_de_personas_que_asisten_o_asistieron_a_educacion_superior,"Educación Superior (universidades, escuelas politécnicas) | 4 años o más ESEP","Educación Superior (universidades, escuelas politécnicas) | Número total de personas que asisten o asistieron a Educación Superior","Población por nivel de instrucción al que asiste o asistió y años aprobados, según provincia, cantón, parroquia de residencia y condición de asistencia a un establecimiento de enseñanza regular o formal"
censo_rate_educacion_3_2_no_asiste_educacion_tecnica_o_tecnologica_superior_institutos_superiores_tecnicos_y_tecnologicos_1_a_2_anos_etts,censo_ind_educacion_3_2_no_asiste_educacion_tecnica_o_tecnologica_superior_institutos_superiores_tecnicos_y_tecnologicos_1_a_2_anos_etts,censo_ind_educacion_3_2_no_asiste_educacion_tecnica_o_tecnologica_superior_institutos_superiores_tecnicos_y_tecnologicos_numero_total_de_personas_que_asisten_o_asistieron_a_educacion_tecnica_o_tecnologica,Educación Técnica o Tecnológica Superior (Institutos superiores técnicos y tecnológicos) | 1 a 2 años ETTS,Educación Técnica o Tecnológica Superior (Institutos superiores técnicos y tecnológicos) | Número total de personas que asisten o asistieron a Educación Técnica o Tecnológica,"Población por nivel de instrucción al que asiste o asistió y años aprobados, según provincia, cantón, parroquia de residencia y condición de asistencia a un establecimiento de enseñanza regular o formal"
censo_rate_educacion_3_2_no_asiste_educacion_tecnica_o_tecnologica_superior_institutos_superiores_tecnicos_y_tecnologicos_3_anos_o_mas_etts,censo_ind_educacion_3_2_no_asiste_educacion_tecnica_o_tecnologica_superior_institutos_superiores_tecnicos_y_tecnologicos_3_anos_o_mas_etts,censo_ind_educacion_3_2_no_asiste_educacion_tecnica_o_tecnologica_superior_institutos_superiores_tecnicos_y_tecnologicos_numero_total_de_personas_que_asisten_o_asistieron_a_educacion_tecnica_o_tecnologica,Educación Técnica o Tecnológica Superior (Institutos superiores técnicos y tecnológicos) | 3 años o más ETTS,Educación Técnica o Tecnológica Superior (Institutos superiores técnicos y tecnológicos) | Número total de personas que asisten o asistieron a Educación Técnica o Tecnológica,"Población por nivel de instrucción al que asiste o asistió y años aprobados, según provincia, cantón, parroquia de residencia y condición de asistencia a un establecimiento de enseñanza regular o formal"
censo_rate_educacion_3_2_no_asiste_ninguno,censo_ind_educacion_3_2_no_asiste_ninguno,censo_ind_educacion_3_2_no_asiste_numero_total_de_personas,Ninguno,Número total de personas,"Población por nivel de instrucción al que asiste o asistió y años aprobados, según provincia, cantón, parroquia de residencia y condición de asistencia a un establecimiento de enseñanza regular o formal"
censo_rate_educacion_3_2_total_geografia_bachillerato_0,censo_ind_educacion_3_2_total_geografia_bachillerato_0,censo_ind_educacion_3_2_total_geografia_bachillerato_numero_total_de_personas_que_asisten_o_asistieron_a_bachillerato,Bachillerato | 0,Bachillerato | Número total de personas que asisten o asistieron a Bachillerato,"Población por nivel de instrucción al que asiste o asistió y años aprobados, según provincia, cantón, parroquia de residencia y condición de asistencia a un establecimiento de enseñanza regular o formal"
censo_rate_educacion_3_2_total_geografia_bachillerato_1_ano,censo_ind_educacion_3_2_total_geografia_bachillerato_1_ano,censo_ind_educacion_3_2_total_geografia_bachillerato_numero_total_de_personas_que_asisten_o_asistieron_a_bachillerato,Bachillerato | 1 año,Bachillerato | Número total de personas que asisten o asistieron a Bachillerato,"Población por nivel de instrucción al que asiste o asistió y años aprobados, según provincia, cantón, parroquia de residencia y condición de asistencia a un establecimiento de enseñanza regular o formal"
censo_rate_educacion_3_2_total_geografia_bachillerato_2_anos,censo_ind_educacion_3_2_total_geografia_bachillerato_2_anos,censo_ind_educacion_3_2_total_geografia_bachillerato_numero_total_de_personas_que_asisten_o_asistieron_a_bachillerato,Bachillerato | 2 años,Bachillerato | Número total de personas que asisten o asistieron a Bachillerato,"Población por nivel de instrucción al que asiste o asistió y años aprobados, según provincia, cantón, parroquia de residencia y condición de asistencia a un establecimiento de enseñanza regular o formal"
censo_rate_educacion_3_2_total_geografia_bachillerato_3_anos,censo_ind_educacion_3_2_total_geografia_bachillerato_3_anos,censo_ind_educacion_3_2_total_geografia_bachillerato_numero_total_de_personas_que_asisten_o_asistieron_a_bachillerato,Bachillerato | 3 años,Bachillerato | Número total de personas que asisten o asistieron a Bachillerato,"Población por nivel de instrucción al que asiste o asistió y años aprobados, según provincia, cantón, parroquia de residencia y condición de asistencia a un establecimiento de enseñanza regular o formal"
censo_rate_educacion_3_2_total_geografia_centro_de_desarrollo_infantil_creciendo_con_nuestros_hijos_guarderia,censo_ind_educacion_3_2_total_geografia_centro_de_desarrollo_infantil_creciendo_con_nuestros_hijos_guarderia,censo_ind_educacion_3_2_total_geografia_numero_total_de_personas,Centro de Desarrollo Infantil/Creciendo con nuestros hijos/Guardería,Número total de personas,"Población por nivel de instrucción al que asiste o asistió y años aprobados, según provincia, cantón, parroquia de residencia y condición de asistencia a un establecimiento de enseñanza regular o formal"
censo_rate_educacion_3_2_total_geografia_educacion_general_basica_0,censo_ind_educacion_3_2_total_geografia_educacion_general_basica_0,censo_ind_educacion_3_2_total_geografia_educacion_general_basica_numero_total_de_personas_que_asisten_o_asistieron_a_educacion_general_basica,Educación General Básica | 0,Educación General Básica | Número total de personas que asisten o asistieron a Educación General Básica,"Población por nivel de instrucción al que asiste o asistió y años aprobados, según provincia, cantón, parroquia de residencia y condición de asistencia a un establecimiento de enseñanza regular o formal"
censo_rate_educacion_3_2_total_geografia_educacion_general_basica_1_ano_preparatoria,censo_ind_educacion_3_2_total_geografia_educacion_general_basica_1_ano_preparatoria,censo_ind_educacion_3_2_total_geografia_educacion_general_basica_numero_total_de_personas_que_asisten_o_asistieron_a_educacion_general_basica,Educación General Básica | 1 año preparatoria,Educación General Básica | Número total de personas que asisten o asistieron a Educación General Básica,"Población por nivel de instrucción al que asiste o asistió y años aprobados, según provincia, cantón, parroquia de residencia y condición de asistencia a un establecimiento de enseñanza regular o formal"
censo_rate_educacion_3_2_total_geografia_educacion_general_basica_de_2_a_4_anos_basica_elemental,censo_ind_educacion_3_2_total_geografia_educacion_general_basica_de_2_a_4_anos_basica_elemental,censo_ind_educacion_3_2_total_geografia_educacion_general_basica_numero_total_de_personas_que_asisten_o_asistieron_a_educacion_general_basica,Educación General Básica | De 2 a 4 años Básica Elemental,Educación General Básica | Número total de personas que asisten o asistieron a Educación General Básica,"Población por nivel de instrucción al que asiste o asistió y años aprobados, según provincia, cantón, parroquia de residencia y condición de asistencia a un establecimiento de enseñanza regular o formal"
censo_rate_educacion_3_2_total_geografia_educacion_general_basica_de_5_a_7_anos_basica_media,censo_ind_educacion_3_2_total_geografia_educacion_general_basica_de_5_a_7_anos_basica_media,censo_ind_educacion_3_2_total_geografia_educacion_general_basica_numero_total_de_personas_que_asisten_o_asistieron_a_educacion_general_basica,Educación General Básica | De 5 a 7 años Básica Media,Educación General Básica | Número total de personas que asisten o asistieron a Educación General Básica,"Población por nivel de instrucción al que asiste o asistió y años aprobados, según provincia, cantón, parroquia de residencia y condición de asistencia a un establecimiento de enseñanza regular o formal"
censo_rate_educacion_3_2_total_geografia_educacion_general_basica_de_8_a_10_anos_basica_superior,censo_ind_educacion_3_2_total_geografia_educacion_general_basica_de_8_a_10_anos_basica_superior,censo_ind_educacion_3_2_total_geografia_educacion_general_basica_numero_total_de_personas_que_asisten_o_asistieron_a_educacion_general_basica,Educación General Básica | De 8 a 10 años Básica Superior,Educación General Básica | Número total de personas que asisten o asistieron a Educación General Básica,"Población por nivel de instrucción al que asiste o asistió y años aprobados, según provincia, cantón, parroquia de residencia y condición de asistencia a un establecimiento de enseñanza regular o formal"
censo_rate_educacion_3_2_total_geografia_educacion_inicial_0,censo_ind_educacion_3_2_total_geografia_educacion_inicial_0,censo_ind_educacion_3_2_total_geografia_educacion_inicial_numero_total_de_personas_que_asisten_o_asistieron_a_educacion_inicial,Educación inicial | 0,Educación inicial | Número total de personas que asisten o asistieron a educación inicial,"Población por nivel de instrucción al que asiste o asistió y años aprobados, según provincia, cantón, parroquia de residencia y condición de asistencia a un establecimiento de enseñanza regular o formal"
censo_rate_educacion_3_2_total_geografia_educacion_inicial_1_ano,censo_ind_educacion_3_2_total_geografia_educacion_inicial_1_ano,censo_ind_educacion_3_2_total_geografia_educacion_inicial_numero_total_de_personas_que_asisten_o_asistieron_a_educacion_inicial,Educación inicial | 1 año,Educación inicial | Número total de personas que asisten o asistieron a educación inicial,"Población por nivel de instrucción al que asiste o asistió y años aprobados, según provincia, cantón, parroquia de residencia y condición de asistencia a un establecimiento de enseñanza regular o formal"
censo_rate_educacion_3_2_total_geografia_educacion_superior_universidades_escuelas_politecnicas_0,censo_ind_educacion_3_2_total_geografia_educacion_superior_universidades_escuelas_politecnicas_0,censo_ind_educacion_3_2_total_geografia_educacion_superior_universidades_escuelas_politecnicas_numero_total_de_personas_que_asisten_o_asistieron_a_educacion_superior,"Educación Superior (universidades, escuelas politécnicas) | 0","Educación Superior (universidades, escuelas politécnicas) | Número total de personas que asisten o asistieron a Educación Superior","Población por nivel de instrucción al que asiste o asistió y años aprobados, según provincia, cantón, parroquia de residencia y condición de asistencia a un establecimiento de enseñanza regular o formal"
censo_rate_educacion_3_2_total_geografia_educacion_superior_universidades_escuelas_politecnicas_1_a_3_anos_esep,censo_ind_educacion_3_2_total_geografia_educacion_superior_universidades_escuelas_politecnicas_1_a_3_anos_esep,censo_ind_educacion_3_2_total_geografia_educacion_superior_universidades_escuelas_politecnicas_numero_total_de_personas_que_asisten_o_asistieron_a_educacion_superior,"Educación Superior (universidades, escuelas politécnicas) | 1 a 3 años ESEP","Educación Superior (universidades, escuelas politécnicas) | Número total de personas que asisten o asistieron a Educación Superior","Población por nivel de instrucción al que asiste o asistió y años aprobados, según provincia, cantón, parroquia de residencia y condición de asistencia a un establecimiento de enseñanza regular o formal"
censo_rate_educacion_3_2_total_geografia_educacion_superior_universidades_escuelas_politecnicas_4_anos_o_mas_esep,censo_ind_educacion_3_2_total_geografia_educacion_superior_universidades_escuelas_politecnicas_4_anos_o_mas_esep,censo_ind_educacion_3_2_total_geografia_educacion_superior_universidades_escuelas_politecnicas_numero_total_de_personas_que_asisten_o_asistieron_a_educacion_superior,"Educación Superior (universidades, escuelas politécnicas) | 4 años o más ESEP","Educación Superior (universidades, escuelas politécnicas) | Número total de personas que asisten o asistieron a Educación Superior","Población por nivel de instrucción al que asiste o asistió y años aprobados, según provincia, cantón, parroquia de residencia y condición de asistencia a un establecimiento de enseñanza regular o formal"
censo_rate_educacion_3_2_total_geografia_educacion_tecnica_o_tecnologica_superior_institutos_superiores_tecnicos_y_tecnologicos_1_a_2_anos_etts,censo_ind_educacion_3_2_total_geografia_educacion_tecnica_o_tecnologica_superior_institutos_superiores_tecnicos_y_tecnologicos_1_a_2_anos_etts,censo_ind_educacion_3_2_total_geografia_educacion_tecnica_o_tecnologica_superior_institutos_superiores_tecnicos_y_tecnologicos_numero_total_de_personas_que_asisten_o_asistieron_a_educacion_tecnica_o_tecnologica,Educación Técnica o Tecnológica Superior (Institutos superiores técnicos y tecnológicos) | 1 a 2 años ETTS,Educación Técnica o Tecnológica Superior (Institutos superiores técnicos y tecnológicos) | Número total de personas que asisten o asistieron a Educación Técnica o Tecnológica,"Población por nivel de instrucción al que asiste o asistió y años aprobados, según provincia, cantón, parroquia de residencia y condición de asistencia a un establecimiento de enseñanza regular o formal"
censo_rate_educacion_3_2_total_geografia_educacion_tecnica_o_tecnologica_superior_institutos_superiores_tecnicos_y_tecnologicos_3_anos_o_mas_etts,censo_ind_educacion_3_2_total_geografia_educacion_tecnica_o_tecnologica_superior_institutos_superiores_tecnicos_y_tecnologicos_3_anos_o_mas_etts,censo_ind_educacion_3_2_total_geografia_educacion_tecnica_o_tecnologica_superior_institutos_superiores_tecnicos_y_tecnologicos_numero_total_de_personas_que_asisten_o_asistieron_a_educacion_tecnica_o_tecnologica,Educación Técnica o Tecnológica Superior (Institutos superiores técnicos y tecnológicos) | 3 años o más ETTS,Educación Técnica o Tecnológica Superior (Institutos superiores técnicos y tecnológicos) | Número total de personas que asisten o asistieron a Educación Técnica o Tecnológica,"Población por nivel de instrucción al que asiste o asistió y años aprobados, según provincia, cantón, parroquia de residencia y condición de asistencia a un establecimiento de enseñanza regular o formal"
censo_rate_educacion_3_2_total_geografia_ninguno,censo_ind_educacion_3_2_total_geografia_ninguno,censo_ind_educacion_3_2_total_geografia_numero_total_de_personas,Ninguno,Número total de personas,"Población por nivel de instrucción al que asiste o asistió y años aprobados, según provincia, cantón, parroquia de residencia y condición de asistencia a un establecimiento de enseñanza regular o formal"
censo_rate_educacion_6_2_rural_condicion_de_analfabetismo_alfabeta_sexo_al_nacer_hombres,censo_ind_educacion_6_2_rural_condicion_de_analfabetismo_alfabeta_sexo_al_nacer_hombres,censo_ind_educacion_6_2_rural_condicion_de_analfabetismo_alfabeta_sexo_al_nacer_numero_total_de_personas_alfabetas,Condición de analfabetismo | Alfabeta | Sexo al nacer | Hombres,Condición de analfabetismo | Alfabeta | Sexo al nacer | Número total de personas alfabetas,"Población de 15 años o más por condición de analfabetismo y sexo al nacer, según provincia, cantón, parroquia y área de residencia"
censo_rate_educacion_6_2_rural_condicion_de_analfabetismo_alfabeta_sexo_al_nacer_mujeres,censo_ind_educacion_6_2_rural_condicion_de_analfabetismo_alfabeta_sexo_al_nacer_mujeres,censo_ind_educacion_6_2_rural_condicion_de_analfabetismo_alfabeta_sexo_al_nacer_numero_total_de_personas_alfabetas,Condición de analfabetismo | Alfabeta | Sexo al nacer | Mujeres,Condición de analfabetismo | Alfabeta | Sexo al nacer | Número total de personas alfabetas,"Población de 15 años o más por condición de analfabetismo y sexo al nacer, según provincia, cantón, parroquia y área de residencia"
censo_rate_educacion_6_2_rural_condicion_de_analfabetismo_analfabeta_sexo_al_nacer_hombres,censo_ind_educacion_6_2_rural_condicion_de_analfabetismo_analfabeta_sexo_al_nacer_hombres,censo_ind_educacion_6_2_rural_condicion_de_analfabetismo_analfabeta_sexo_al_nacer_numero_total_de_personas_analfabetas,Condición de analfabetismo | Analfabeta | Sexo al nacer | Hombres,Condición de analfabetismo | Analfabeta | Sexo al nacer | Número total de personas analfabetas,"Población de 15 años o más por condición de analfabetismo y sexo al nacer, según provincia, cantón, parroquia y área de residencia"
censo_rate_educacion_6_2_rural_condicion_de_analfabetismo_analfabeta_sexo_al_nacer_mujeres,censo_ind_educacion_6_2_rural_condicion_de_analfabetismo_analfabeta_sexo_al_nacer_mujeres,censo_ind_educacion_6_2_rural_condicion_de_analfabetismo_analfabeta_sexo_al_nacer_numero_total_de_personas_analfabetas,Condición de analfabetismo | Analfabeta | Sexo al nacer | Mujeres,Condición de analfabetismo | Analfabeta | Sexo al nacer | Número total de personas analfabetas,"Población de 15 años o más por condición de analfabetismo y sexo al nacer, según provincia, cantón, parroquia y área de residencia"
censo_rate_educacion_6_2_total_geografia_condicion_de_analfabetismo_alfabeta_sexo_al_nacer_hombres,censo_ind_educacion_6_2_total_geografia_condicion_de_analfabetismo_alfabeta_sexo_al_nacer_hombres,censo_ind_educacion_6_2_total_geografia_condicion_de_analfabetismo_alfabeta_sexo_al_nacer_numero_total_de_personas_alfabetas,Condición de analfabetismo | Alfabeta | Sexo al nacer | Hombres,Condición de analfabetismo | Alfabeta | Sexo al nacer | Número total de personas alfabetas,"Población de 15 años o más por condición de analfabetismo y sexo al nacer, según provincia, cantón, parroquia y área de residencia"
censo_rate_educacion_6_2_total_geografia_condicion_de_analfabetismo_alfabeta_sexo_al_nacer_mujeres,censo_ind_educacion_6_2_total_geografia_condicion_de_analfabetismo_alfabeta_sexo_al_nacer_mujeres,censo_ind_educacion_6_2_total_geografia_condicion_de_analfabetismo_alfabeta_sexo_al_nacer_numero_total_de_personas_alfabetas,Condición de analfabetismo | Alfabeta | Sexo al nacer | Mujeres,Condición de analfabetismo | Alfabeta | Sexo al nacer | Número total de personas alfabetas,"Población de 15 años o más por condición de analfabetismo y sexo al nacer, según provincia, cantón, parroquia y área de residencia"
censo_rate_educacion_6_2_total_geografia_condicion_de_analfabetismo_analfabeta_sexo_al_nacer_hombres,censo_ind_educacion_6_2_total_geografia_condicion_de_analfabetismo_analfabeta_sexo_al_nacer_hombres,censo_ind_educacion_6_2_total_geografia_condicion_de_analfabetismo_analfabeta_sexo_al_nacer_numero_total_de_personas_analfabetas,Condición de analfabetismo | Analfabeta | Sexo al nacer | Hombres,Condición de analfabetismo | Analfabeta | Sexo al nacer | Número total de personas analfabetas,"Población de 15 años o más por condición de analfabetismo y sexo al nacer, según provincia, cantón, parroquia y área de residencia"
censo_rate_educacion_6_2_total_geografia_condicion_de_analfabetismo_analfabeta_sexo_al_nacer_mujeres,censo_ind_educacion_6_2_total_geografia_condicion_de_analfabetismo_analfabeta_sexo_al_nacer_mujeres,censo_ind_educacion_6_2_total_geografia_condicion_de_analfabetismo_analfabeta_sexo_al_nacer_numero_total_de_personas_analfabetas,Condición de analfabetismo | Analfabeta | Sexo al nacer | Mujeres,Condición de analfabetismo | Analfabeta | Sexo al nacer | Número total de personas analfabetas,"Población de 15 años o más por condición de analfabetismo y sexo al nacer, según provincia, cantón, parroquia y área de residencia"
censo_rate_estado_conyugal_1_2_estado_conyugal_casada_o_sexo_al_nacer_hombres,censo_ind_estado_conyugal_1_2_estado_conyugal_casada_o_sexo_al_nacer_hombres,censo_ind_estado_conyugal_1_2_estado_conyugal_casada_o_sexo_al_nacer_numero_total_de_personas_casadas,Estado conyugal | Casada/o | Sexo al nacer | Hombres,Estado conyugal | Casada/o | Sexo al nacer | Número total de personas Casadas,"Población de 12 años o más por estado conyugal y sexo al nacer, según provincia, cantón y parroquia de residencia"
censo_rate_estado_conyugal_1_2_estado_conyugal_casada_o_sexo_al_nacer_mujeres,censo_ind_estado_conyugal_1_2_estado_conyugal_casada_o_sexo_al_nacer_mujeres,censo_ind_estado_conyugal_1_2_estado_conyugal_casada_o_sexo_al_nacer_numero_total_de_personas_casadas,Estado conyugal | Casada/o | Sexo al nacer | Mujeres,Estado conyugal | Casada/o | Sexo al nacer | Número total de personas Casadas,"Población de 12 años o más por estado conyugal y sexo al nacer, según provincia, cantón y parroquia de residencia"
censo_rate_estado_conyugal_1_2_estado_conyugal_divorciada_o_sexo_al_nacer_hombres,censo_ind_estado_conyugal_1_2_estado_conyugal_divorciada_o_sexo_al_nacer_hombres,censo_ind_estado_conyugal_1_2_estado_conyugal_divorciada_o_sexo_al_nacer_numero_total_de_personas_divorciadas,Estado conyugal | Divorciada/o | Sexo al nacer | Hombres,Estado conyugal | Divorciada/o | Sexo al nacer | Número total de personas Divorciadas,"Población de 12 años o más por estado conyugal y sexo al nacer, según provincia, cantón y parroquia de residencia"
censo_rate_estado_conyugal_1_2_estado_conyugal_divorciada_o_sexo_al_nacer_mujeres,censo_ind_estado_conyugal_1_2_estado_conyugal_divorciada_o_sexo_al_nacer_mujeres,censo_ind_estado_conyugal_1_2_estado_conyugal_divorciada_o_sexo_al_nacer_numero_total_de_personas_divorciadas,Estado conyugal | Divorciada/o | Sexo al nacer | Mujeres,Estado conyugal | Divorciada/o | Sexo al nacer | Número total de personas Divorciadas,"Población de 12 años o más por estado conyugal y sexo al nacer, según provincia, cantón y parroquia de residencia"
censo_rate_estado_conyugal_1_2_estado_conyugal_separada_o_sexo_al_nacer_hombres,censo_ind_estado_conyugal_1_2_estado_conyugal_separada_o_sexo_al_nacer_hombres,censo_ind_estado_conyugal_1_2_estado_conyugal_separada_o_sexo_al_nacer_numero_total_de_personas_separadas,Estado conyugal | Separada/o | Sexo al nacer | Hombres,Estado conyugal | Separada/o | Sexo al nacer | Número total de personas Separadas,"Población de 12 años o más por estado conyugal y sexo al nacer, según provincia, cantón y parroquia de residencia"
censo_rate_estado_conyugal_1_2_estado_conyugal_separada_o_sexo_al_nacer_mujeres,censo_ind_estado_conyugal_1_2_estado_conyugal_separada_o_sexo_al_nacer_mujeres,censo_ind_estado_conyugal_1_2_estado_conyugal_separada_o_sexo_al_nacer_numero_total_de_personas_separadas,Estado conyugal | Separada/o | Sexo al nacer | Mujeres,Estado conyugal | Separada/o | Sexo al nacer | Número total de personas Separadas,"Población de 12 años o más por estado conyugal y sexo al nacer, según provincia, cantón y parroquia de residencia"
censo_rate_estado_conyugal_1_2_estado_conyugal_soltera_o_sexo_al_nacer_hombres,censo_ind_estado_conyugal_1_2_estado_conyugal_soltera_o_sexo_al_nacer_hombres,censo_ind_estado_conyugal_1_2_estado_conyugal_soltera_o_sexo_al_nacer_numero_total_de_personas_solteras,Estado conyugal | Soltera/o | Sexo al nacer | Hombres,Estado conyugal | Soltera/o | Sexo al nacer | Número total de personas Solteras,"Población de 12 años o más por estado conyugal y sexo al nacer, según provincia, cantón y parroquia de residencia"
censo_rate_estado_conyugal_1_2_estado_conyugal_soltera_o_sexo_al_nacer_mujeres,censo_ind_estado_conyugal_1_2_estado_conyugal_soltera_o_sexo_al_nacer_mujeres,censo_ind_estado_conyugal_1_2_estado_conyugal_soltera_o_sexo_al_nacer_numero_total_de_personas_solteras,Estado conyugal | Soltera/o | Sexo al nacer | Mujeres,Estado conyugal | Soltera/o | Sexo al nacer | Número total de personas Solteras,"Población de 12 años o más por estado conyugal y sexo al nacer, según provincia, cantón y parroquia de residencia"
censo_rate_estado_conyugal_1_2_estado_conyugal_unida_o_sexo_al_nacer_hombres,censo_ind_estado_conyugal_1_2_estado_conyugal_unida_o_sexo_al_nacer_hombres,censo_ind_estado_conyugal_1_2_estado_conyugal_unida_o_sexo_al_nacer_numero_total_de_personas_unidas,Estado conyugal | Unida/o | Sexo al nacer | Hombres,Estado conyugal | Unida/o | Sexo al nacer | Número total de personas Unidas,"Población de 12 años o más por estado conyugal y sexo al nacer, según provincia, cantón y parroquia de residencia"
censo_rate_estado_conyugal_1_2_estado_conyugal_unida_o_sexo_al_nacer_mujeres,censo_ind_estado_conyugal_1_2_estado_conyugal_unida_o_sexo_al_nacer_mujeres,censo_ind_estado_conyugal_1_2_estado_conyugal_unida_o_sexo_al_nacer_numero_total_de_personas_unidas,Estado conyugal | Unida/o | Sexo al nacer | Mujeres,Estado conyugal | Unida/o | Sexo al nacer | Número total de personas Unidas,"Población de 12 años o más por estado conyugal y sexo al nacer, según provincia, cantón y parroquia de residencia"
censo_rate_estado_conyugal_1_2_estado_conyugal_viuda_o_sexo_al_nacer_hombres,censo_ind_estado_conyugal_1_2_estado_conyugal_viuda_o_sexo_al_nacer_hombres,censo_ind_estado_conyugal_1_2_estado_conyugal_viuda_o_sexo_al_nacer_numero_total_de_personas_viudas,Estado conyugal | Viuda/o | Sexo al nacer | Hombres,Estado conyugal | Viuda/o | Sexo al nacer | Número total de personas Viudas,"Población de 12 años o más por estado conyugal y sexo al nacer, según provincia, cantón y parroquia de residencia"
censo_rate_estado_conyugal_1_2_estado_conyugal_viuda_o_sexo_al_nacer_mujeres,censo_ind_estado_conyugal_1_2_estado_conyugal_viuda_o_sexo_al_nacer_mujeres,censo_ind_estado_conyugal_1_2_estado_conyugal_viuda_o_sexo_al_nacer_numero_total_de_personas_viudas,Estado conyugal | Viuda/o | Sexo al nacer | Mujeres,Estado conyugal | Viuda/o | Sexo al nacer | Número total de personas Viudas,"Población de 12 años o más por estado conyugal y sexo al nacer, según provincia, cantón y parroquia de residencia"
censo_rate_estructura_poblacional_1_2_sexo_al_nacer_hombres,censo_ind_estructura_poblacional_1_2_sexo_al_nacer_hombres,censo_ind_estructura_poblacional_1_2_numero_total_de_personas,Sexo al nacer | Hombres,Número total de personas,"Población por sexo al nacer según  provincia, cantón y parroquia de residencia"
censo_rate_estructura_poblacional_1_2_sexo_al_nacer_mujeres,censo_ind_estructura_poblacional_1_2_sexo_al_nacer_mujeres,censo_ind_estructura_poblacional_1_2_numero_total_de_personas,Sexo al nacer | Mujeres,Número total de personas,"Población por sexo al nacer según  provincia, cantón y parroquia de residencia"
censo_rate_estructura_poblacional_2_1_85_o_mas_sexo_al_nacer_hombres,censo_ind_estructura_poblacional_2_1_85_o_mas_sexo_al_nacer_hombres,censo_ind_estructura_poblacional_2_1_85_o_mas_numero_total_de_personas,Sexo al nacer | Hombres,Número total de personas,"Población por sexo al nacer, según provincia, cantón, parroquia de residencia y  grupos quinquenales de edad"
censo_rate_estructura_poblacional_2_1_85_o_mas_sexo_al_nacer_mujeres,censo_ind_estructura_poblacional_2_1_85_o_mas_sexo_al_nacer_mujeres,censo_ind_estructura_poblacional_2_1_85_o_mas_numero_total_de_personas,Sexo al nacer | Mujeres,Número total de personas,"Población por sexo al nacer, según provincia, cantón, parroquia de residencia y  grupos quinquenales de edad"
censo_rate_estructura_poblacional_2_1_de_0_4_sexo_al_nacer_hombres,censo_ind_estructura_poblacional_2_1_de_0_4_sexo_al_nacer_hombres,censo_ind_estructura_poblacional_2_1_de_0_4_numero_total_de_personas,Sexo al nacer | Hombres,Número total de personas,"Población por sexo al nacer, según provincia, cantón, parroquia de residencia y  grupos quinquenales de edad"
censo_rate_estructura_poblacional_2_1_de_0_4_sexo_al_nacer_mujeres,censo_ind_estructura_poblacional_2_1_de_0_4_sexo_al_nacer_mujeres,censo_ind_estructura_poblacional_2_1_de_0_4_numero_total_de_personas,Sexo al nacer | Mujeres,Número total de personas,"Población por sexo al nacer, según provincia, cantón, parroquia de residencia y  grupos quinquenales de edad"
censo_rate_estructura_poblacional_2_1_de_10_14_sexo_al_nacer_hombres,censo_ind_estructura_poblacional_2_1_de_10_14_sexo_al_nacer_hombres,censo_ind_estructura_poblacional_2_1_de_10_14_numero_total_de_personas,Sexo al nacer | Hombres,Número total de personas,"Población por sexo al nacer, según provincia, cantón, parroquia de residencia y  grupos quinquenales de edad"
censo_rate_estructura_poblacional_2_1_de_10_14_sexo_al_nacer_mujeres,censo_ind_estructura_poblacional_2_1_de_10_14_sexo_al_nacer_mujeres,censo_ind_estructura_poblacional_2_1_de_10_14_numero_total_de_personas,Sexo al nacer | Mujeres,Número total de personas,"Población por sexo al nacer, según provincia, cantón, parroquia de residencia y  grupos quinquenales de edad"
censo_rate_estructura_poblacional_2_1_de_15_19_sexo_al_nacer_hombres,censo_ind_estructura_poblacional_2_1_de_15_19_sexo_al_nacer_hombres,censo_ind_estructura_poblacional_2_1_de_15_19_numero_total_de_personas,Sexo al nacer | Hombres,Número total de personas,"Población por sexo al nacer, según provincia, cantón, parroquia de residencia y  grupos quinquenales de edad"
censo_rate_estructura_poblacional_2_1_de_15_19_sexo_al_nacer_mujeres,censo_ind_estructura_poblacional_2_1_de_15_19_sexo_al_nacer_mujeres,censo_ind_estructura_poblacional_2_1_de_15_19_numero_total_de_personas,Sexo al nacer | Mujeres,Número total de personas,"Población por sexo al nacer, según provincia, cantón, parroquia de residencia y  grupos quinquenales de edad"
censo_rate_estructura_poblacional_2_1_de_20_24_sexo_al_nacer_hombres,censo_ind_estructura_poblacional_2_1_de_20_24_sexo_al_nacer_hombres,censo_ind_estructura_poblacional_2_1_de_20_24_numero_total_de_personas,Sexo al nacer | Hombres,Número total de personas,"Población por sexo al nacer, según provincia, cantón, parroquia de residencia y  grupos quinquenales de edad"
censo_rate_estructura_poblacional_2_1_de_20_24_sexo_al_nacer_mujeres,censo_ind_estructura_poblacional_2_1_de_20_24_sexo_al_nacer_mujeres,censo_ind_estructura_poblacional_2_1_de_20_24_numero_total_de_personas,Sexo al nacer | Mujeres,Número total de personas,"Población por sexo al nacer, según provincia, cantón, parroquia de residencia y  grupos quinquenales de edad"
censo_rate_estructura_poblacional_2_1_de_25_29_sexo_al_nacer_hombres,censo_ind_estructura_poblacional_2_1_de_25_29_sexo_al_nacer_hombres,censo_ind_estructura_poblacional_2_1_de_25_29_numero_total_de_personas,Sexo al nacer | Hombres,Número total de personas,"Población por sexo al nacer, según provincia, cantón, parroquia de residencia y  grupos quinquenales de edad"
censo_rate_estructura_poblacional_2_1_de_25_29_sexo_al_nacer_mujeres,censo_ind_estructura_poblacional_2_1_de_25_29_sexo_al_nacer_mujeres,censo_ind_estructura_poblacional_2_1_de_25_29_numero_total_de_personas,Sexo al nacer | Mujeres,Número total de personas,"Población por sexo al nacer, según provincia, cantón, parroquia de residencia y  grupos quinquenales de edad"
censo_rate_estructura_poblacional_2_1_de_30_34_sexo_al_nacer_hombres,censo_ind_estructura_poblacional_2_1_de_30_34_sexo_al_nacer_hombres,censo_ind_estructura_poblacional_2_1_de_30_34_numero_total_de_personas,Sexo al nacer | Hombres,Número total de personas,"Población por sexo al nacer, según provincia, cantón, parroquia de residencia y  grupos quinquenales de edad"
censo_rate_estructura_poblacional_2_1_de_30_34_sexo_al_nacer_mujeres,censo_ind_estructura_poblacional_2_1_de_30_34_sexo_al_nacer_mujeres,censo_ind_estructura_poblacional_2_1_de_30_34_numero_total_de_personas,Sexo al nacer | Mujeres,Número total de personas,"Población por sexo al nacer, según provincia, cantón, parroquia de residencia y  grupos quinquenales de edad"
censo_rate_estructura_poblacional_2_1_de_35_39_sexo_al_nacer_hombres,censo_ind_estructura_poblacional_2_1_de_35_39_sexo_al_nacer_hombres,censo_ind_estructura_poblacional_2_1_de_35_39_numero_total_de_personas,Sexo al nacer | Hombres,Número total de personas,"Población por sexo al nacer, según provincia, cantón, parroquia de residencia y  grupos quinquenales de edad"
censo_rate_estructura_poblacional_2_1_de_35_39_sexo_al_nacer_mujeres,censo_ind_estructura_poblacional_2_1_de_35_39_sexo_al_nacer_mujeres,censo_ind_estructura_poblacional_2_1_de_35_39_numero_total_de_personas,Sexo al nacer | Mujeres,Número total de personas,"Población por sexo al nacer, según provincia, cantón, parroquia de residencia y  grupos quinquenales de edad"
censo_rate_estructura_poblacional_2_1_de_40_44_sexo_al_nacer_hombres,censo_ind_estructura_poblacional_2_1_de_40_44_sexo_al_nacer_hombres,censo_ind_estructura_poblacional_2_1_de_40_44_numero_total_de_personas,Sexo al nacer | Hombres,Número total de personas,"Población por sexo al nacer, según provincia, cantón, parroquia de residencia y  grupos quinquenales de edad"
censo_rate_estructura_poblacional_2_1_de_40_44_sexo_al_nacer_mujeres,censo_ind_estructura_poblacional_2_1_de_40_44_sexo_al_nacer_mujeres,censo_ind_estructura_poblacional_2_1_de_40_44_numero_total_de_personas,Sexo al nacer | Mujeres,Número total de personas,"Población por sexo al nacer, según provincia, cantón, parroquia de residencia y  grupos quinquenales de edad"
censo_rate_estructura_poblacional_2_1_de_45_49_sexo_al_nacer_hombres,censo_ind_estructura_poblacional_2_1_de_45_49_sexo_al_nacer_hombres,censo_ind_estructura_poblacional_2_1_de_45_49_numero_total_de_personas,Sexo al nacer | Hombres,Número total de personas,"Población por sexo al nacer, según provincia, cantón, parroquia de residencia y  grupos quinquenales de edad"
censo_rate_estructura_poblacional_2_1_de_45_49_sexo_al_nacer_mujeres,censo_ind_estructura_poblacional_2_1_de_45_49_sexo_al_nacer_mujeres,censo_ind_estructura_poblacional_2_1_de_45_49_numero_total_de_personas,Sexo al nacer | Mujeres,Número total de personas,"Población por sexo al nacer, según provincia, cantón, parroquia de residencia y  grupos quinquenales de edad"
censo_rate_estructura_poblacional_2_1_de_5_9_sexo_al_nacer_hombres,censo_ind_estructura_poblacional_2_1_de_5_9_sexo_al_nacer_hombres,censo_ind_estructura_poblacional_2_1_de_5_9_numero_total_de_personas,Sexo al nacer | Hombres,Número total de personas,"Población por sexo al nacer, según provincia, cantón, parroquia de residencia y  grupos quinquenales de edad"
censo_rate_estructura_poblacional_2_1_de_5_9_sexo_al_nacer_mujeres,censo_ind_estructura_poblacional_2_1_de_5_9_sexo_al_nacer_mujeres,censo_ind_estructura_poblacional_2_1_de_5_9_numero_total_de_personas,Sexo al nacer | Mujeres,Número total de personas,"Población por sexo al nacer, según provincia, cantón, parroquia de residencia y  grupos quinquenales de edad"
censo_rate_estructura_poblacional_2_1_de_50_54_sexo_al_nacer_hombres,censo_ind_estructura_poblacional_2_1_de_50_54_sexo_al_nacer_hombres,censo_ind_estructura_poblacional_2_1_de_50_54_numero_total_de_personas,Sexo al nacer | Hombres,Número total de personas,"Población por sexo al nacer, según provincia, cantón, parroquia de residencia y  grupos quinquenales de edad"
censo_rate_estructura_poblacional_2_1_de_50_54_sexo_al_nacer_mujeres,censo_ind_estructura_poblacional_2_1_de_50_54_sexo_al_nacer_mujeres,censo_ind_estructura_poblacional_2_1_de_50_54_numero_total_de_personas,Sexo al nacer | Mujeres,Número total de personas,"Población por sexo al nacer, según provincia, cantón, parroquia de residencia y  grupos quinquenales de edad"
censo_rate_estructura_poblacional_2_1_de_55_59_sexo_al_nacer_hombres,censo_ind_estructura_poblacional_2_1_de_55_59_sexo_al_nacer_hombres,censo_ind_estructura_poblacional_2_1_de_55_59_numero_total_de_personas,Sexo al nacer | Hombres,Número total de personas,"Población por sexo al nacer, según provincia, cantón, parroquia de residencia y  grupos quinquenales de edad"
censo_rate_estructura_poblacional_2_1_de_55_59_sexo_al_nacer_mujeres,censo_ind_estructura_poblacional_2_1_de_55_59_sexo_al_nacer_mujeres,censo_ind_estructura_poblacional_2_1_de_55_59_numero_total_de_personas,Sexo al nacer | Mujeres,Número total de personas,"Población por sexo al nacer, según provincia, cantón, parroquia de residencia y  grupos quinquenales de edad"
censo_rate_estructura_poblacional_2_1_de_60_64_sexo_al_nacer_hombres,censo_ind_estructura_poblacional_2_1_de_60_64_sexo_al_nacer_hombres,censo_ind_estructura_poblacional_2_1_de_60_64_numero_total_de_personas,Sexo al nacer | Hombres,Número total de personas,"Población por sexo al nacer, según provincia, cantón, parroquia de residencia y  grupos quinquenales de edad"
censo_rate_estructura_poblacional_2_1_de_60_64_sexo_al_nacer_mujeres,censo_ind_estructura_poblacional_2_1_de_60_64_sexo_al_nacer_mujeres,censo_ind_estructura_poblacional_2_1_de_60_64_numero_total_de_personas,Sexo al nacer | Mujeres,Número total de personas,"Población por sexo al nacer, según provincia, cantón, parroquia de residencia y  grupos quinquenales de edad"
censo_rate_estructura_poblacional_2_1_de_65_69_sexo_al_nacer_hombres,censo_ind_estructura_poblacional_2_1_de_65_69_sexo_al_nacer_hombres,censo_ind_estructura_poblacional_2_1_de_65_69_numero_total_de_personas,Sexo al nacer | Hombres,Número total de personas,"Población por sexo al nacer, según provincia, cantón, parroquia de residencia y  grupos quinquenales de edad"
censo_rate_estructura_poblacional_2_1_de_65_69_sexo_al_nacer_mujeres,censo_ind_estructura_poblacional_2_1_de_65_69_sexo_al_nacer_mujeres,censo_ind_estructura_poblacional_2_1_de_65_69_numero_total_de_personas,Sexo al nacer | Mujeres,Número total de personas,"Población por sexo al nacer, según provincia, cantón, parroquia de residencia y  grupos quinquenales de edad"
censo_rate_estructura_poblacional_2_1_de_70_74_sexo_al_nacer_hombres,censo_ind_estructura_poblacional_2_1_de_70_74_sexo_al_nacer_hombres,censo_ind_estructura_poblacional_2_1_de_70_74_numero_total_de_personas,Sexo al nacer | Hombres,Número total de personas,"Población por sexo al nacer, según provincia, cantón, parroquia de residencia y  grupos quinquenales de edad"
censo_rate_estructura_poblacional_2_1_de_70_74_sexo_al_nacer_mujeres,censo_ind_estructura_poblacional_2_1_de_70_74_sexo_al_nacer_mujeres,censo_ind_estructura_poblacional_2_1_de_70_74_numero_total_de_personas,Sexo al nacer | Mujeres,Número total de personas,"Población por sexo al nacer, según provincia, cantón, parroquia de residencia y  grupos quinquenales de edad"
censo_rate_estructura_poblacional_2_1_de_75_79_sexo_al_nacer_hombres,censo_ind_estructura_poblacional_2_1_de_75_79_sexo_al_nacer_hombres,censo_ind_estructura_poblacional_2_1_de_75_79_numero_total_de_personas,Sexo al nacer | Hombres,Número total de personas,"Población por sexo al nacer, según provincia, cantón, parroquia de residencia y  grupos quinquenales de edad"
censo_rate_estructura_poblacional_2_1_de_75_79_sexo_al_nacer_mujeres,censo_ind_estructura_poblacional_2_1_de_75_79_sexo_al_nacer_mujeres,censo_ind_estructura_poblacional_2_1_de_75_79_numero_total_de_personas,Sexo al nacer | Mujeres,Número total de personas,"Población por sexo al nacer, según provincia, cantón, parroquia de residencia y  grupos quinquenales de edad"
censo_rate_estructura_poblacional_2_1_de_80_84_sexo_al_nacer_hombres,censo_ind_estructura_poblacional_2_1_de_80_84_sexo_al_nacer_hombres,censo_ind_estructura_poblacional_2_1_de_80_84_numero_total_de_personas,Sexo al nacer | Hombres,Número total de personas,"Población por sexo al nacer, según provincia, cantón, parroquia de residencia y  grupos quinquenales de edad"
censo_rate_estructura_poblacional_2_1_de_80_84_sexo_al_nacer_mujeres,censo_ind_estructura_poblacional_2_1_de_80_84_sexo_al_nacer_mujeres,censo_ind_estructura_poblacional_2_1_de_80_84_numero_total_de_personas,Sexo al nacer | Mujeres,Número total de personas,"Población por sexo al nacer, según provincia, cantón, parroquia de residencia y  grupos quinquenales de edad"
censo_rate_estructura_poblacional_2_1_total_geografia_sexo_al_nacer_hombres,censo_ind_estructura_poblacional_2_1_total_geografia_sexo_al_nacer_hombres,censo_ind_estructura_poblacional_2_1_total_geografia_numero_total_de_personas,Sexo al nacer | Hombres,Número total de personas,"Población por sexo al nacer, según provincia, cantón, parroquia de residencia y  grupos quinquenales de edad"
censo_rate_estructura_poblacional_2_1_total_geografia_sexo_al_nacer_mujeres,censo_ind_estructura_poblacional_2_1_total_geografia_sexo_al_nacer_mujeres,censo_ind_estructura_poblacional_2_1_total_geografia_numero_total_de_personas,Sexo al nacer | Mujeres,Número total de personas,"Población por sexo al nacer, según provincia, cantón, parroquia de residencia y  grupos quinquenales de edad"
censo_rate_identidad_genero_orientacion_sexual_1_2_rural_identidad_de_genero_femenino_a_sexo_al_nacer_mujeres,censo_ind_identidad_genero_orientacion_sexual_1_2_rural_identidad_de_genero_femenino_a_sexo_al_nacer_mujeres,censo_ind_identidad_genero_orientacion_sexual_1_2_rural_numero_total_de_personas_de_18_anos_y_mas_censadas,Identidad de género | Femenino/a | Sexo al nacer | Mujeres,Número total de personas de 18 años y más censadas,"Población de 18 años y más según Identidad de Género y sexo al nacer, por provincia, cantón, parroquia y área de residencia"
censo_rate_identidad_genero_orientacion_sexual_1_2_rural_identidad_de_genero_masculino_sexo_al_nacer_hombres,censo_ind_identidad_genero_orientacion_sexual_1_2_rural_identidad_de_genero_masculino_sexo_al_nacer_hombres,censo_ind_identidad_genero_orientacion_sexual_1_2_rural_numero_total_de_personas_de_18_anos_y_mas_censadas,Identidad de género | Masculino | Sexo al nacer | Hombres,Número total de personas de 18 años y más censadas,"Población de 18 años y más según Identidad de Género y sexo al nacer, por provincia, cantón, parroquia y área de residencia"
censo_rate_identidad_genero_orientacion_sexual_1_2_rural_identidad_de_genero_masculino_sexo_al_nacer_mujeres,censo_ind_identidad_genero_orientacion_sexual_1_2_rural_identidad_de_genero_masculino_sexo_al_nacer_mujeres,censo_ind_identidad_genero_orientacion_sexual_1_2_rural_numero_total_de_personas_de_18_anos_y_mas_censadas,Identidad de género | Masculino | Sexo al nacer | Mujeres,Número total de personas de 18 años y más censadas,"Población de 18 años y más según Identidad de Género y sexo al nacer, por provincia, cantón, parroquia y área de residencia"
censo_rate_identidad_genero_orientacion_sexual_1_2_rural_identidad_de_genero_no_sabe_no_responde_sexo_al_nacer_mujeres,censo_ind_identidad_genero_orientacion_sexual_1_2_rural_identidad_de_genero_no_sabe_no_responde_sexo_al_nacer_mujeres,censo_ind_identidad_genero_orientacion_sexual_1_2_rural_numero_total_de_personas_de_18_anos_y_mas_censadas,Identidad de género | No sabe/No responde | Sexo al nacer | Mujeres,Número total de personas de 18 años y más censadas,"Población de 18 años y más según Identidad de Género y sexo al nacer, por provincia, cantón, parroquia y área de residencia"
censo_rate_identidad_genero_orientacion_sexual_1_2_total_geografia_identidad_de_genero_femenino_a_sexo_al_nacer_mujeres,censo_ind_identidad_genero_orientacion_sexual_1_2_total_geografia_identidad_de_genero_femenino_a_sexo_al_nacer_mujeres,censo_ind_identidad_genero_orientacion_sexual_1_2_total_geografia_numero_total_de_personas_de_18_anos_y_mas_censadas,Identidad de género | Femenino/a | Sexo al nacer | Mujeres,Número total de personas de 18 años y más censadas,"Población de 18 años y más según Identidad de Género y sexo al nacer, por provincia, cantón, parroquia y área de residencia"
censo_rate_identidad_genero_orientacion_sexual_1_2_total_geografia_identidad_de_genero_masculino_sexo_al_nacer_hombres,censo_ind_identidad_genero_orientacion_sexual_1_2_total_geografia_identidad_de_genero_masculino_sexo_al_nacer_hombres,censo_ind_identidad_genero_orientacion_sexual_1_2_total_geografia_numero_total_de_personas_de_18_anos_y_mas_censadas,Identidad de género | Masculino | Sexo al nacer | Hombres,Número total de personas de 18 años y más censadas,"Población de 18 años y más según Identidad de Género y sexo al nacer, por provincia, cantón, parroquia y área de residencia"
censo_rate_identidad_genero_orientacion_sexual_1_2_total_geografia_identidad_de_genero_masculino_sexo_al_nacer_mujeres,censo_ind_identidad_genero_orientacion_sexual_1_2_total_geografia_identidad_de_genero_masculino_sexo_al_nacer_mujeres,censo_ind_identidad_genero_orientacion_sexual_1_2_total_geografia_numero_total_de_personas_de_18_anos_y_mas_censadas,Identidad de género | Masculino | Sexo al nacer | Mujeres,Número total de personas de 18 años y más censadas,"Población de 18 años y más según Identidad de Género y sexo al nacer, por provincia, cantón, parroquia y área de residencia"
censo_rate_identidad_genero_orientacion_sexual_1_2_total_geografia_identidad_de_genero_no_sabe_no_responde_sexo_al_nacer_hombres,censo_ind_identidad_genero_orientacion_sexual_1_2_total_geografia_identidad_de_genero_no_sabe_no_responde_sexo_al_nacer_hombres,censo_ind_identidad_genero_orientacion_sexual_1_2_total_geografia_numero_total_de_personas_de_18_anos_y_mas_censadas,Identidad de género | No sabe/No responde | Sexo al nacer | Hombres,Número total de personas de 18 años y más censadas,"Población de 18 años y más según Identidad de Género y sexo al nacer, por provincia, cantón, parroquia y área de residencia"
censo_rate_identidad_genero_orientacion_sexual_1_2_total_geografia_identidad_de_genero_no_sabe_no_responde_sexo_al_nacer_mujeres,censo_ind_identidad_genero_orientacion_sexual_1_2_total_geografia_identidad_de_genero_no_sabe_no_responde_sexo_al_nacer_mujeres,censo_ind_identidad_genero_orientacion_sexual_1_2_total_geografia_numero_total_de_personas_de_18_anos_y_mas_censadas,Identidad de género | No sabe/No responde | Sexo al nacer | Mujeres,Número total de personas de 18 años y más censadas,"Población de 18 años y más según Identidad de Género y sexo al nacer, por provincia, cantón, parroquia y área de residencia"
censo_rate_identidad_genero_orientacion_sexual_2_2_rural_orientacion_sexual_hombres_sexo_al_nacer,censo_ind_identidad_genero_orientacion_sexual_2_2_rural_orientacion_sexual_hombres_sexo_al_nacer,censo_ind_identidad_genero_orientacion_sexual_2_2_rural_numero_total_de_personas_de_18_anos_y_mas_censadas,Orientación sexual | Hombres | Sexo al nacer,Número total de personas de 18 años y más censadas,"Población de 18 años y más según Orientación Sexual y sexo al nacer, por provincia, cantón, parroquia y área de residencia"
censo_rate_identidad_genero_orientacion_sexual_2_2_rural_orientacion_sexual_hombres_sexo_al_nacer_mujeres,censo_ind_identidad_genero_orientacion_sexual_2_2_rural_orientacion_sexual_hombres_sexo_al_nacer_mujeres,censo_ind_identidad_genero_orientacion_sexual_2_2_rural_numero_total_de_personas_de_18_anos_y_mas_censadas,Orientación sexual | Hombres | Sexo al nacer | Mujeres,Número total de personas de 18 años y más censadas,"Población de 18 años y más según Orientación Sexual y sexo al nacer, por provincia, cantón, parroquia y área de residencia"
censo_rate_identidad_genero_orientacion_sexual_2_2_rural_orientacion_sexual_mujeres_sexo_al_nacer,censo_ind_identidad_genero_orientacion_sexual_2_2_rural_orientacion_sexual_mujeres_sexo_al_nacer,censo_ind_identidad_genero_orientacion_sexual_2_2_rural_numero_total_de_personas_de_18_anos_y_mas_censadas,Orientación sexual | Mujeres | Sexo al nacer,Número total de personas de 18 años y más censadas,"Población de 18 años y más según Orientación Sexual y sexo al nacer, por provincia, cantón, parroquia y área de residencia"
censo_rate_identidad_genero_orientacion_sexual_2_2_rural_orientacion_sexual_mujeres_sexo_al_nacer_hombres,censo_ind_identidad_genero_orientacion_sexual_2_2_rural_orientacion_sexual_mujeres_sexo_al_nacer_hombres,censo_ind_identidad_genero_orientacion_sexual_2_2_rural_numero_total_de_personas_de_18_anos_y_mas_censadas,Orientación sexual | Mujeres | Sexo al nacer | Hombres,Número total de personas de 18 años y más censadas,"Población de 18 años y más según Orientación Sexual y sexo al nacer, por provincia, cantón, parroquia y área de residencia"
censo_rate_identidad_genero_orientacion_sexual_2_2_rural_orientacion_sexual_no_sabe_no_responde_sexo_al_nacer_hombres,censo_ind_identidad_genero_orientacion_sexual_2_2_rural_orientacion_sexual_no_sabe_no_responde_sexo_al_nacer_hombres,censo_ind_identidad_genero_orientacion_sexual_2_2_rural_numero_total_de_personas_de_18_anos_y_mas_censadas,Orientación sexual | No sabe/No responde | Sexo al nacer | Hombres,Número total de personas de 18 años y más censadas,"Población de 18 años y más según Orientación Sexual y sexo al nacer, por provincia, cantón, parroquia y área de residencia"
censo_rate_identidad_genero_orientacion_sexual_2_2_rural_orientacion_sexual_no_sabe_no_responde_sexo_al_nacer_mujeres,censo_ind_identidad_genero_orientacion_sexual_2_2_rural_orientacion_sexual_no_sabe_no_responde_sexo_al_nacer_mujeres,censo_ind_identidad_genero_orientacion_sexual_2_2_rural_numero_total_de_personas_de_18_anos_y_mas_censadas,Orientación sexual | No sabe/No responde | Sexo al nacer | Mujeres,Número total de personas de 18 años y más censadas,"Población de 18 años y más según Orientación Sexual y sexo al nacer, por provincia, cantón, parroquia y área de residencia"
censo_rate_identidad_genero_orientacion_sexual_2_2_total_geografia_orientacion_sexual_hombres_sexo_al_nacer,censo_ind_identidad_genero_orientacion_sexual_2_2_total_geografia_orientacion_sexual_hombres_sexo_al_nacer,censo_ind_identidad_genero_orientacion_sexual_2_2_total_geografia_numero_total_de_personas_de_18_anos_y_mas_censadas,Orientación sexual | Hombres | Sexo al nacer,Número total de personas de 18 años y más censadas,"Población de 18 años y más según Orientación Sexual y sexo al nacer, por provincia, cantón, parroquia y área de residencia"
censo_rate_identidad_genero_orientacion_sexual_2_2_total_geografia_orientacion_sexual_hombres_sexo_al_nacer_mujeres,censo_ind_identidad_genero_orientacion_sexual_2_2_total_geografia_orientacion_sexual_hombres_sexo_al_nacer_mujeres,censo_ind_identidad_genero_orientacion_sexual_2_2_total_geografia_numero_total_de_personas_de_18_anos_y_mas_censadas,Orientación sexual | Hombres | Sexo al nacer | Mujeres,Número total de personas de 18 años y más censadas,"Población de 18 años y más según Orientación Sexual y sexo al nacer, por provincia, cantón, parroquia y área de residencia"
censo_rate_identidad_genero_orientacion_sexual_2_2_total_geografia_orientacion_sexual_mujeres_sexo_al_nacer,censo_ind_identidad_genero_orientacion_sexual_2_2_total_geografia_orientacion_sexual_mujeres_sexo_al_nacer,censo_ind_identidad_genero_orientacion_sexual_2_2_total_geografia_numero_total_de_personas_de_18_anos_y_mas_censadas,Orientación sexual | Mujeres | Sexo al nacer,Número total de personas de 18 años y más censadas,"Población de 18 años y más según Orientación Sexual y sexo al nacer, por provincia, cantón, parroquia y área de residencia"
censo_rate_identidad_genero_orientacion_sexual_2_2_total_geografia_orientacion_sexual_mujeres_sexo_al_nacer_hombres,censo_ind_identidad_genero_orientacion_sexual_2_2_total_geografia_orientacion_sexual_mujeres_sexo_al_nacer_hombres,censo_ind_identidad_genero_orientacion_sexual_2_2_total_geografia_numero_total_de_personas_de_18_anos_y_mas_censadas,Orientación sexual | Mujeres | Sexo al nacer | Hombres,Número total de personas de 18 años y más censadas,"Población de 18 años y más según Orientación Sexual y sexo al nacer, por provincia, cantón, parroquia y área de residencia"
censo_rate_identidad_genero_orientacion_sexual_2_2_total_geografia_orientacion_sexual_no_sabe_no_responde_sexo_al_nacer_hombres,censo_ind_identidad_genero_orientacion_sexual_2_2_total_geografia_orientacion_sexual_no_sabe_no_responde_sexo_al_nacer_hombres,censo_ind_identidad_genero_orientacion_sexual_2_2_total_geografia_numero_total_de_personas_de_18_anos_y_mas_censadas,Orientación sexual | No sabe/No responde | Sexo al nacer | Hombres,Número total de personas de 18 años y más censadas,"Población de 18 años y más según Orientación Sexual y sexo al nacer, por provincia, cantón, parroquia y área de residencia"
censo_rate_identidad_genero_orientacion_sexual_2_2_total_geografia_orientacion_sexual_no_sabe_no_responde_sexo_al_nacer_mujeres,censo_ind_identidad_genero_orientacion_sexual_2_2_total_geografia_orientacion_sexual_no_sabe_no_responde_sexo_al_nacer_mujeres,censo_ind_identidad_genero_orientacion_sexual_2_2_total_geografia_numero_total_de_personas_de_18_anos_y_mas_censadas,Orientación sexual | No sabe/No responde | Sexo al nacer | Mujeres,Número total de personas de 18 años y más censadas,"Población de 18 años y más según Orientación Sexual y sexo al nacer, por provincia, cantón, parroquia y área de residencia"
censo_rate_identidad_genero_orientacion_sexual_3_2_rural_orientacion_sexual_y_o_identidad_de_genero_lgb_sexo_al_nacer_mujeres,censo_ind_identidad_genero_orientacion_sexual_3_2_rural_orientacion_sexual_y_o_identidad_de_genero_lgb_sexo_al_nacer_mujeres,censo_ind_identidad_genero_orientacion_sexual_3_2_rural_numero_total_de_personas_lgbti_de_18_anos_y_mas,Orientación sexual y/o identidad de género | LGB+ | Sexo al nacer | Mujeres,Número total de personas LGBTI+ de 18 años y más,"Población de 18 años y más LGBTI+ según orientación sexual y/o identidad de género y sexo al nacer, por provincia, cantón, parroquia y área de residencia"
censo_rate_identidad_genero_orientacion_sexual_3_2_total_geografia_orientacion_sexual_y_o_identidad_de_genero_lgb_sexo_al_nacer_mujeres,censo_ind_identidad_genero_orientacion_sexual_3_2_total_geografia_orientacion_sexual_y_o_identidad_de_genero_lgb_sexo_al_nacer_mujeres,censo_ind_identidad_genero_orientacion_sexual_3_2_total_geografia_numero_total_de_personas_lgbti_de_18_anos_y_mas,Orientación sexual y/o identidad de género | LGB+ | Sexo al nacer | Mujeres,Número total de personas LGBTI+ de 18 años y más,"Población de 18 años y más LGBTI+ según orientación sexual y/o identidad de género y sexo al nacer, por provincia, cantón, parroquia y área de residencia"
censo_rate_identidad_genero_orientacion_sexual_4_2_total_geografia_orientacion_sexual_y_o_identidad_de_genero_lgb_sexo_al_nacer_mujeres,censo_ind_identidad_genero_orientacion_sexual_4_2_total_geografia_orientacion_sexual_y_o_identidad_de_genero_lgb_sexo_al_nacer_mujeres,censo_ind_identidad_genero_orientacion_sexual_4_2_total_geografia_numero_total_de_personas_lgbti_de_18_anos_y_mas,Orientación sexual y/o identidad de género | LGB+ | Sexo al nacer | Mujeres,Número total de personas LGBTI+ de 18 años y más,"Población de 18 años y más LGBTI+ según orientación sexual y/o identidad de género y sexo al nacer, por provincia, cantón, parroquia de residencia y grupos quinquenales de edad"
censo_rate_identidad_genero_orientacion_sexual_5_2_rural_orientacion_sexual_gays_sexo_al_nacer_hombres,censo_ind_identidad_genero_orientacion_sexual_5_2_rural_orientacion_sexual_gays_sexo_al_nacer_hombres,censo_ind_identidad_genero_orientacion_sexual_5_2_rural_numero_total_de_personas_lgb_de_18_anos_y_mas,Orientación sexual | Gays | Sexo al nacer | Hombres,Número total de personas LGB+ de 18 años y más,"Población LGB+ de 18 años y más según orientación sexual y sexo al nacer, por provincia, cantón, parroquia y área de residencia"
censo_rate_identidad_genero_orientacion_sexual_5_2_rural_orientacion_sexual_lesbianas_sexo_al_nacer_mujeres,censo_ind_identidad_genero_orientacion_sexual_5_2_rural_orientacion_sexual_lesbianas_sexo_al_nacer_mujeres,censo_ind_identidad_genero_orientacion_sexual_5_2_rural_numero_total_de_personas_lgb_de_18_anos_y_mas,Orientación sexual | Lesbianas | Sexo al nacer | Mujeres,Número total de personas LGB+ de 18 años y más,"Población LGB+ de 18 años y más según orientación sexual y sexo al nacer, por provincia, cantón, parroquia y área de residencia"
censo_rate_identidad_genero_orientacion_sexual_5_2_total_geografia_orientacion_sexual_gays_sexo_al_nacer_hombres,censo_ind_identidad_genero_orientacion_sexual_5_2_total_geografia_orientacion_sexual_gays_sexo_al_nacer_hombres,censo_ind_identidad_genero_orientacion_sexual_5_2_total_geografia_numero_total_de_personas_lgb_de_18_anos_y_mas,Orientación sexual | Gays | Sexo al nacer | Hombres,Número total de personas LGB+ de 18 años y más,"Población LGB+ de 18 años y más según orientación sexual y sexo al nacer, por provincia, cantón, parroquia y área de residencia"
censo_rate_identidad_genero_orientacion_sexual_5_2_total_geografia_orientacion_sexual_lesbianas_sexo_al_nacer_mujeres,censo_ind_identidad_genero_orientacion_sexual_5_2_total_geografia_orientacion_sexual_lesbianas_sexo_al_nacer_mujeres,censo_ind_identidad_genero_orientacion_sexual_5_2_total_geografia_numero_total_de_personas_lgb_de_18_anos_y_mas,Orientación sexual | Lesbianas | Sexo al nacer | Mujeres,Número total de personas LGB+ de 18 años y más,"Población LGB+ de 18 años y más según orientación sexual y sexo al nacer, por provincia, cantón, parroquia y área de residencia"
censo_rate_identidad_genero_orientacion_sexual_6_2_total_geografia_orientacion_sexual_gays_sexo_al_nacer_hombres,censo_ind_identidad_genero_orientacion_sexual_6_2_total_geografia_orientacion_sexual_gays_sexo_al_nacer_hombres,censo_ind_identidad_genero_orientacion_sexual_6_2_total_geografia_numero_total_de_personas_lgb_de_18_anos_y_mas,Orientación sexual | Gays | Sexo al nacer | Hombres,Número total de personas LGB+ de 18 años y más,"Población LGB+ de 18 años y más según orientación sexual y sexo al nacer, por provincia, cantón, parroquia de residencia y grupos quinquenales de edad"
censo_rate_identidad_genero_orientacion_sexual_6_2_total_geografia_orientacion_sexual_lesbianas_sexo_al_nacer_mujeres,censo_ind_identidad_genero_orientacion_sexual_6_2_total_geografia_orientacion_sexual_lesbianas_sexo_al_nacer_mujeres,censo_ind_identidad_genero_orientacion_sexual_6_2_total_geografia_numero_total_de_personas_lgb_de_18_anos_y_mas,Orientación sexual | Lesbianas | Sexo al nacer | Mujeres,Número total de personas LGB+ de 18 años y más,"Población LGB+ de 18 años y más según orientación sexual y sexo al nacer, por provincia, cantón, parroquia de residencia y grupos quinquenales de edad"
censo_rate_identidad_genero_orientacion_sexual_7_2_rural_identidad_de_genero_trans_masculino_sexo_al_nacer_mujeres,censo_ind_identidad_genero_orientacion_sexual_7_2_rural_identidad_de_genero_trans_masculino_sexo_al_nacer_mujeres,censo_ind_identidad_genero_orientacion_sexual_7_2_rural_numero_total_de_personas_trans_de_18_anos_y_mas,Identidad de género | Trans masculino | Sexo al nacer | Mujeres,Número total de personas Trans de 18 años y más,"Población Trans de 18 años y más según identidad de género y sexo al nacer, por provincia, cantón, parroquia y área de residencia"
censo_rate_identidad_genero_orientacion_sexual_7_2_total_geografia_identidad_de_genero_trans_masculino_sexo_al_nacer_mujeres,censo_ind_identidad_genero_orientacion_sexual_7_2_total_geografia_identidad_de_genero_trans_masculino_sexo_al_nacer_mujeres,censo_ind_identidad_genero_orientacion_sexual_7_2_total_geografia_numero_total_de_personas_trans_de_18_anos_y_mas,Identidad de género | Trans masculino | Sexo al nacer | Mujeres,Número total de personas Trans de 18 años y más,"Población Trans de 18 años y más según identidad de género y sexo al nacer, por provincia, cantón, parroquia y área de residencia"
censo_rate_identidad_genero_orientacion_sexual_8_2_total_geografia_identidad_de_genero_trans_masculino_sexo_al_nacer_mujeres,censo_ind_identidad_genero_orientacion_sexual_8_2_total_geografia_identidad_de_genero_trans_masculino_sexo_al_nacer_mujeres,censo_ind_identidad_genero_orientacion_sexual_8_2_total_geografia_numero_total_de_personas_trans_de_18_anos_y_mas,Identidad de género | Trans masculino | Sexo al nacer | Mujeres,Número total de personas Trans de 18 años y más,"Población Trans de 18 años y más según identidad de género y sexo al nacer, por provincia, cantón, parroquia de residencia y grupos quinquenales de edad"
censo_rate_inscripcion_cedulacion_1_2_hombres_inscripcion_en_el_registro_civil_ecuatoriano_si_tenencia_de_cedula_de_ciudadania_o_identidad_ecuatoriana,censo_ind_inscripcion_cedulacion_1_2_hombres_inscripcion_en_el_registro_civil_ecuatoriano_si_tenencia_de_cedula_de_ciudadania_o_identidad_ecuatoriana,censo_ind_inscripcion_cedulacion_1_2_hombres_numero_total_de_personas,Inscripción en el registro civil ecuatoriano | Si | Tenencia de cédula de ciudadanía o identidad ecuatoriana,Número total de personas,"Población por inscripción en registro civil ecuatoriano y tenencia de número de cédula de ciudadanía o identidad ecuatoriana, según, provincia, cantón, parroquia de residencia y sexo al nacer"
censo_rate_inscripcion_cedulacion_1_2_mujeres_inscripcion_en_el_registro_civil_ecuatoriano_si_tenencia_de_cedula_de_ciudadania_o_identidad_ecuatoriana,censo_ind_inscripcion_cedulacion_1_2_mujeres_inscripcion_en_el_registro_civil_ecuatoriano_si_tenencia_de_cedula_de_ciudadania_o_identidad_ecuatoriana,censo_ind_inscripcion_cedulacion_1_2_mujeres_numero_total_de_personas,Inscripción en el registro civil ecuatoriano | Si | Tenencia de cédula de ciudadanía o identidad ecuatoriana,Número total de personas,"Población por inscripción en registro civil ecuatoriano y tenencia de número de cédula de ciudadanía o identidad ecuatoriana, según, provincia, cantón, parroquia de residencia y sexo al nacer"
censo_rate_inscripcion_cedulacion_1_2_total_geografia_inscripcion_en_el_registro_civil_ecuatoriano_si_tenencia_de_cedula_de_ciudadania_o_identidad_ecuatoriana,censo_ind_inscripcion_cedulacion_1_2_total_geografia_inscripcion_en_el_registro_civil_ecuatoriano_si_tenencia_de_cedula_de_ciudadania_o_identidad_ecuatoriana,censo_ind_inscripcion_cedulacion_1_2_total_geografia_numero_total_de_personas,Inscripción en el registro civil ecuatoriano | Si | Tenencia de cédula de ciudadanía o identidad ecuatoriana,Número total de personas,"Población por inscripción en registro civil ecuatoriano y tenencia de número de cédula de ciudadanía o identidad ecuatoriana, según, provincia, cantón, parroquia de residencia y sexo al nacer"
censo_rate_mascotas_sin_numero_numero_de_perros_y_o_gatos_gatos,censo_ind_mascotas_sin_numero_numero_de_perros_y_o_gatos_gatos,censo_ind_mascotas_sin_numero_numero_total_de_hogares,Número de perros y/o gatos | Gatos,Número total de hogares,"Total de mascotas, perros y gatos, según provincia, cantón y parroquia de residencia"
censo_rate_mascotas_sin_numero_numero_de_perros_y_o_gatos_perros,censo_ind_mascotas_sin_numero_numero_de_perros_y_o_gatos_perros,censo_ind_mascotas_sin_numero_numero_total_de_hogares,Número de perros y/o gatos | Perros,Número total de hogares,"Total de mascotas, perros y gatos, según provincia, cantón y parroquia de residencia"
censo_rate_mascotas_sin_numero_tenencia_de_gatos_si_numero_de_gatos_por_hogar_1_gato,censo_ind_mascotas_sin_numero_tenencia_de_gatos_si_numero_de_gatos_por_hogar_1_gato,censo_ind_mascotas_sin_numero_tenencia_de_gatos_si_numero_de_gatos_por_hogar_numero_total_de_hogares_que_tienen_gatos,Tenencia de gatos | Si | Número de gatos por hogar | 1 gato,Tenencia de gatos | Si | Número de gatos por hogar | Número total de hogares que tienen gatos,"Hogares por tenencia y número de gatos por hogar, según provincia, cantón y parroquia de residencia"
censo_rate_mascotas_sin_numero_tenencia_de_gatos_si_numero_de_gatos_por_hogar_2_gatos,censo_ind_mascotas_sin_numero_tenencia_de_gatos_si_numero_de_gatos_por_hogar_2_gatos,censo_ind_mascotas_sin_numero_tenencia_de_gatos_si_numero_de_gatos_por_hogar_numero_total_de_hogares_que_tienen_gatos,Tenencia de gatos | Si | Número de gatos por hogar | 2 gatos,Tenencia de gatos | Si | Número de gatos por hogar | Número total de hogares que tienen gatos,"Hogares por tenencia y número de gatos por hogar, según provincia, cantón y parroquia de residencia"
censo_rate_mascotas_sin_numero_tenencia_de_gatos_si_numero_de_gatos_por_hogar_3_gatos,censo_ind_mascotas_sin_numero_tenencia_de_gatos_si_numero_de_gatos_por_hogar_3_gatos,censo_ind_mascotas_sin_numero_tenencia_de_gatos_si_numero_de_gatos_por_hogar_numero_total_de_hogares_que_tienen_gatos,Tenencia de gatos | Si | Número de gatos por hogar | 3 gatos,Tenencia de gatos | Si | Número de gatos por hogar | Número total de hogares que tienen gatos,"Hogares por tenencia y número de gatos por hogar, según provincia, cantón y parroquia de residencia"
censo_rate_mascotas_sin_numero_tenencia_de_gatos_si_numero_de_gatos_por_hogar_4_gatos,censo_ind_mascotas_sin_numero_tenencia_de_gatos_si_numero_de_gatos_por_hogar_4_gatos,censo_ind_mascotas_sin_numero_tenencia_de_gatos_si_numero_de_gatos_por_hogar_numero_total_de_hogares_que_tienen_gatos,Tenencia de gatos | Si | Número de gatos por hogar | 4 gatos,Tenencia de gatos | Si | Número de gatos por hogar | Número total de hogares que tienen gatos,"Hogares por tenencia y número de gatos por hogar, según provincia, cantón y parroquia de residencia"
censo_rate_mascotas_sin_numero_tenencia_de_gatos_si_numero_de_gatos_por_hogar_5_gatos_o_mas,censo_ind_mascotas_sin_numero_tenencia_de_gatos_si_numero_de_gatos_por_hogar_5_gatos_o_mas,censo_ind_mascotas_sin_numero_tenencia_de_gatos_si_numero_de_gatos_por_hogar_numero_total_de_hogares_que_tienen_gatos,Tenencia de gatos | Si | Número de gatos por hogar | 5 gatos o más,Tenencia de gatos | Si | Número de gatos por hogar | Número total de hogares que tienen gatos,"Hogares por tenencia y número de gatos por hogar, según provincia, cantón y parroquia de residencia"
censo_rate_mascotas_sin_numero_tenencia_de_mascotas_no_tiene_perros_ni_gatos,censo_ind_mascotas_sin_numero_tenencia_de_mascotas_no_tiene_perros_ni_gatos,censo_ind_mascotas_sin_numero_numero_total_de_hogares,Tenencia de mascotas | No tiene perros ni gatos,Número total de hogares,"Hogares por tenencia de mascotas (perros y/o gatos), según provincia, cantón y parroquia de residencia"
censo_rate_mascotas_sin_numero_tenencia_de_mascotas_solo_gatos,censo_ind_mascotas_sin_numero_tenencia_de_mascotas_solo_gatos,censo_ind_mascotas_sin_numero_numero_total_de_hogares,Tenencia de mascotas | Solo gatos,Número total de hogares,"Hogares por tenencia de mascotas (perros y/o gatos), según provincia, cantón y parroquia de residencia"
censo_rate_mascotas_sin_numero_tenencia_de_mascotas_solo_perros,censo_ind_mascotas_sin_numero_tenencia_de_mascotas_solo_perros,censo_ind_mascotas_sin_numero_numero_total_de_hogares,Tenencia de mascotas | Solo perros,Número total de hogares,"Hogares por tenencia de mascotas (perros y/o gatos), según provincia, cantón y parroquia de residencia"
censo_rate_mascotas_sin_numero_tenencia_de_mascotas_tiene_perros_y_gatos,censo_ind_mascotas_sin_numero_tenencia_de_mascotas_tiene_perros_y_gatos,censo_ind_mascotas_sin_numero_numero_total_de_hogares,Tenencia de mascotas | Tiene perros y gatos,Número total de hogares,"Hogares por tenencia de mascotas (perros y/o gatos), según provincia, cantón y parroquia de residencia"
censo_rate_mascotas_sin_numero_tenencia_de_perros_si_numero_de_perros_por_hogar_1_perro,censo_ind_mascotas_sin_numero_tenencia_de_perros_si_numero_de_perros_por_hogar_1_perro,censo_ind_mascotas_sin_numero_tenencia_de_perros_si_numero_de_perros_por_hogar_numero_total_de_hogares_que_tienen_perros,Tenencia de perros | Si | Número de perros por hogar | 1 perro,Tenencia de perros | Si | Número de perros por hogar | Número total de hogares que tienen perros,"Hogares por tenencia y número de perros por hogar, según provincia, cantón y parroquia de residencia"
censo_rate_mascotas_sin_numero_tenencia_de_perros_si_numero_de_perros_por_hogar_2_perros,censo_ind_mascotas_sin_numero_tenencia_de_perros_si_numero_de_perros_por_hogar_2_perros,censo_ind_mascotas_sin_numero_tenencia_de_perros_si_numero_de_perros_por_hogar_numero_total_de_hogares_que_tienen_perros,Tenencia de perros | Si | Número de perros por hogar | 2 perros,Tenencia de perros | Si | Número de perros por hogar | Número total de hogares que tienen perros,"Hogares por tenencia y número de perros por hogar, según provincia, cantón y parroquia de residencia"
censo_rate_mascotas_sin_numero_tenencia_de_perros_si_numero_de_perros_por_hogar_3_perros,censo_ind_mascotas_sin_numero_tenencia_de_perros_si_numero_de_perros_por_hogar_3_perros,censo_ind_mascotas_sin_numero_tenencia_de_perros_si_numero_de_perros_por_hogar_numero_total_de_hogares_que_tienen_perros,Tenencia de perros | Si | Número de perros por hogar | 3 perros,Tenencia de perros | Si | Número de perros por hogar | Número total de hogares que tienen perros,"Hogares por tenencia y número de perros por hogar, según provincia, cantón y parroquia de residencia"
censo_rate_mascotas_sin_numero_tenencia_de_perros_si_numero_de_perros_por_hogar_4_perros,censo_ind_mascotas_sin_numero_tenencia_de_perros_si_numero_de_perros_por_hogar_4_perros,censo_ind_mascotas_sin_numero_tenencia_de_perros_si_numero_de_perros_por_hogar_numero_total_de_hogares_que_tienen_perros,Tenencia de perros | Si | Número de perros por hogar | 4 perros,Tenencia de perros | Si | Número de perros por hogar | Número total de hogares que tienen perros,"Hogares por tenencia y número de perros por hogar, según provincia, cantón y parroquia de residencia"
censo_rate_mascotas_sin_numero_tenencia_de_perros_si_numero_de_perros_por_hogar_5_perros_o_mas,censo_ind_mascotas_sin_numero_tenencia_de_perros_si_numero_de_perros_por_hogar_5_perros_o_mas,censo_ind_mascotas_sin_numero_tenencia_de_perros_si_numero_de_perros_por_hogar_numero_total_de_hogares_que_tienen_perros,Tenencia de perros | Si | Número de perros por hogar | 5 perros o más,Tenencia de perros | Si | Número de perros por hogar | Número total de hogares que tienen perros,"Hogares por tenencia y número de perros por hogar, según provincia, cantón y parroquia de residencia"
censo_rate_migracion_1_2_lugar_de_nacimiento_en_esta_cuidad_o_parroquia_rural_sexo_al_nacer_hombres,censo_ind_migracion_1_2_lugar_de_nacimiento_en_esta_cuidad_o_parroquia_rural_sexo_al_nacer_hombres,censo_ind_migracion_1_2_lugar_de_nacimiento_en_esta_cuidad_o_parroquia_rural_sexo_al_nacer_numero_total_de_personas_que_nacieron_en_esta_ciudad_o_parroquia_rural,Lugar de nacimiento | En esta cuidad o parroquia rural | Sexo al nacer | Hombres,Lugar de nacimiento | En esta cuidad o parroquia rural | Sexo al nacer | Número total de personas que nacieron en esta ciudad o parroquia rural,"Población por lugar de nacimiento y sexo al nacer, según provincia, cantón y parroquia de residencia"
censo_rate_migracion_1_2_lugar_de_nacimiento_en_esta_cuidad_o_parroquia_rural_sexo_al_nacer_mujeres,censo_ind_migracion_1_2_lugar_de_nacimiento_en_esta_cuidad_o_parroquia_rural_sexo_al_nacer_mujeres,censo_ind_migracion_1_2_lugar_de_nacimiento_en_esta_cuidad_o_parroquia_rural_sexo_al_nacer_numero_total_de_personas_que_nacieron_en_esta_ciudad_o_parroquia_rural,Lugar de nacimiento | En esta cuidad o parroquia rural | Sexo al nacer | Mujeres,Lugar de nacimiento | En esta cuidad o parroquia rural | Sexo al nacer | Número total de personas que nacieron en esta ciudad o parroquia rural,"Población por lugar de nacimiento y sexo al nacer, según provincia, cantón y parroquia de residencia"
censo_rate_migracion_1_2_lugar_de_nacimiento_en_otro_lugar_del_pais_sexo_al_nacer_hombres,censo_ind_migracion_1_2_lugar_de_nacimiento_en_otro_lugar_del_pais_sexo_al_nacer_hombres,censo_ind_migracion_1_2_lugar_de_nacimiento_en_otro_lugar_del_pais_sexo_al_nacer_numero_total_de_personas_que_nacieron_en_otro_lugar_del_pais,Lugar de nacimiento | En otro lugar del país | Sexo al nacer | Hombres,Lugar de nacimiento | En otro lugar del país | Sexo al nacer | Número total de personas que nacieron en otro lugar del país,"Población por lugar de nacimiento y sexo al nacer, según provincia, cantón y parroquia de residencia"
censo_rate_migracion_1_2_lugar_de_nacimiento_en_otro_lugar_del_pais_sexo_al_nacer_mujeres,censo_ind_migracion_1_2_lugar_de_nacimiento_en_otro_lugar_del_pais_sexo_al_nacer_mujeres,censo_ind_migracion_1_2_lugar_de_nacimiento_en_otro_lugar_del_pais_sexo_al_nacer_numero_total_de_personas_que_nacieron_en_otro_lugar_del_pais,Lugar de nacimiento | En otro lugar del país | Sexo al nacer | Mujeres,Lugar de nacimiento | En otro lugar del país | Sexo al nacer | Número total de personas que nacieron en otro lugar del país,"Población por lugar de nacimiento y sexo al nacer, según provincia, cantón y parroquia de residencia"
censo_rate_pobreza_nbi_1_2_rural_condicion_de_pobreza_por_necesidades_basicas_insatisfechas_nbi_no_pobres_sexo_al_nacer_hombres,censo_ind_pobreza_nbi_1_2_rural_condicion_de_pobreza_por_necesidades_basicas_insatisfechas_nbi_no_pobres_sexo_al_nacer_hombres,censo_ind_pobreza_nbi_1_2_rural_numero_total_de_personas_en_viviendas_particulares,Condición de Pobreza por Necesidades Básicas Insatisfechas NBI | No pobres | Sexo al nacer | Hombres,Número total de personas en viviendas particulares,"Población en viviendas particulares por condición de pobreza por NBI y sexo al nacer, según provincia, cantón, parroquia y área de residencia"
censo_rate_pobreza_nbi_1_2_rural_condicion_de_pobreza_por_necesidades_basicas_insatisfechas_nbi_no_pobres_sexo_al_nacer_mujeres,censo_ind_pobreza_nbi_1_2_rural_condicion_de_pobreza_por_necesidades_basicas_insatisfechas_nbi_no_pobres_sexo_al_nacer_mujeres,censo_ind_pobreza_nbi_1_2_rural_numero_total_de_personas_en_viviendas_particulares,Condición de Pobreza por Necesidades Básicas Insatisfechas NBI | No pobres | Sexo al nacer | Mujeres,Número total de personas en viviendas particulares,"Población en viviendas particulares por condición de pobreza por NBI y sexo al nacer, según provincia, cantón, parroquia y área de residencia"
censo_rate_pobreza_nbi_1_2_rural_condicion_de_pobreza_por_necesidades_basicas_insatisfechas_nbi_pobres_sexo_al_nacer_hombres,censo_ind_pobreza_nbi_1_2_rural_condicion_de_pobreza_por_necesidades_basicas_insatisfechas_nbi_pobres_sexo_al_nacer_hombres,censo_ind_pobreza_nbi_1_2_rural_numero_total_de_personas_en_viviendas_particulares,Condición de Pobreza por Necesidades Básicas Insatisfechas NBI | Pobres | Sexo al nacer | Hombres,Número total de personas en viviendas particulares,"Población en viviendas particulares por condición de pobreza por NBI y sexo al nacer, según provincia, cantón, parroquia y área de residencia"
censo_rate_pobreza_nbi_1_2_rural_condicion_de_pobreza_por_necesidades_basicas_insatisfechas_nbi_pobres_sexo_al_nacer_mujeres,censo_ind_pobreza_nbi_1_2_rural_condicion_de_pobreza_por_necesidades_basicas_insatisfechas_nbi_pobres_sexo_al_nacer_mujeres,censo_ind_pobreza_nbi_1_2_rural_numero_total_de_personas_en_viviendas_particulares,Condición de Pobreza por Necesidades Básicas Insatisfechas NBI | Pobres | Sexo al nacer | Mujeres,Número total de personas en viviendas particulares,"Población en viviendas particulares por condición de pobreza por NBI y sexo al nacer, según provincia, cantón, parroquia y área de residencia"
censo_rate_pobreza_nbi_1_2_rural_condicion_de_pobreza_por_necesidades_basicas_insatisfechas_nbi_total_no_pobres_sexo_al_nacer_mujeres,censo_ind_pobreza_nbi_1_2_rural_condicion_de_pobreza_por_necesidades_basicas_insatisfechas_nbi_total_no_pobres_sexo_al_nacer_mujeres,censo_ind_pobreza_nbi_1_2_rural_numero_total_de_personas_en_viviendas_particulares,"Condición de Pobreza por Necesidades Básicas Insatisfechas NBI | Total
No pobres | Sexo al nacer | Mujeres",Número total de personas en viviendas particulares,"Población en viviendas particulares por condición de pobreza por NBI y sexo al nacer, según provincia, cantón, parroquia y área de residencia"
censo_rate_pobreza_nbi_1_2_rural_condicion_de_pobreza_por_necesidades_basicas_insatisfechas_nbi_total_pobres_sexo_al_nacer_mujeres,censo_ind_pobreza_nbi_1_2_rural_condicion_de_pobreza_por_necesidades_basicas_insatisfechas_nbi_total_pobres_sexo_al_nacer_mujeres,censo_ind_pobreza_nbi_1_2_rural_numero_total_de_personas_en_viviendas_particulares,"Condición de Pobreza por Necesidades Básicas Insatisfechas NBI | Total
Pobres | Sexo al nacer | Mujeres",Número total de personas en viviendas particulares,"Población en viviendas particulares por condición de pobreza por NBI y sexo al nacer, según provincia, cantón, parroquia y área de residencia"
censo_rate_pobreza_nbi_1_2_total_geografia_condicion_de_pobreza_por_necesidades_basicas_insatisfechas_nbi_no_pobres_sexo_al_nacer_hombres,censo_ind_pobreza_nbi_1_2_total_geografia_condicion_de_pobreza_por_necesidades_basicas_insatisfechas_nbi_no_pobres_sexo_al_nacer_hombres,censo_ind_pobreza_nbi_1_2_total_geografia_numero_total_de_personas_en_viviendas_particulares,Condición de Pobreza por Necesidades Básicas Insatisfechas NBI | No pobres | Sexo al nacer | Hombres,Número total de personas en viviendas particulares,"Población en viviendas particulares por condición de pobreza por NBI y sexo al nacer, según provincia, cantón, parroquia y área de residencia"
censo_rate_pobreza_nbi_1_2_total_geografia_condicion_de_pobreza_por_necesidades_basicas_insatisfechas_nbi_no_pobres_sexo_al_nacer_mujeres,censo_ind_pobreza_nbi_1_2_total_geografia_condicion_de_pobreza_por_necesidades_basicas_insatisfechas_nbi_no_pobres_sexo_al_nacer_mujeres,censo_ind_pobreza_nbi_1_2_total_geografia_numero_total_de_personas_en_viviendas_particulares,Condición de Pobreza por Necesidades Básicas Insatisfechas NBI | No pobres | Sexo al nacer | Mujeres,Número total de personas en viviendas particulares,"Población en viviendas particulares por condición de pobreza por NBI y sexo al nacer, según provincia, cantón, parroquia y área de residencia"
censo_rate_pobreza_nbi_1_2_total_geografia_condicion_de_pobreza_por_necesidades_basicas_insatisfechas_nbi_pobres_sexo_al_nacer_hombres,censo_ind_pobreza_nbi_1_2_total_geografia_condicion_de_pobreza_por_necesidades_basicas_insatisfechas_nbi_pobres_sexo_al_nacer_hombres,censo_ind_pobreza_nbi_1_2_total_geografia_numero_total_de_personas_en_viviendas_particulares,Condición de Pobreza por Necesidades Básicas Insatisfechas NBI | Pobres | Sexo al nacer | Hombres,Número total de personas en viviendas particulares,"Población en viviendas particulares por condición de pobreza por NBI y sexo al nacer, según provincia, cantón, parroquia y área de residencia"
censo_rate_pobreza_nbi_1_2_total_geografia_condicion_de_pobreza_por_necesidades_basicas_insatisfechas_nbi_pobres_sexo_al_nacer_mujeres,censo_ind_pobreza_nbi_1_2_total_geografia_condicion_de_pobreza_por_necesidades_basicas_insatisfechas_nbi_pobres_sexo_al_nacer_mujeres,censo_ind_pobreza_nbi_1_2_total_geografia_numero_total_de_personas_en_viviendas_particulares,Condición de Pobreza por Necesidades Básicas Insatisfechas NBI | Pobres | Sexo al nacer | Mujeres,Número total de personas en viviendas particulares,"Población en viviendas particulares por condición de pobreza por NBI y sexo al nacer, según provincia, cantón, parroquia y área de residencia"
censo_rate_pobreza_nbi_1_2_total_geografia_condicion_de_pobreza_por_necesidades_basicas_insatisfechas_nbi_total_no_pobres_sexo_al_nacer_mujeres,censo_ind_pobreza_nbi_1_2_total_geografia_condicion_de_pobreza_por_necesidades_basicas_insatisfechas_nbi_total_no_pobres_sexo_al_nacer_mujeres,censo_ind_pobreza_nbi_1_2_total_geografia_numero_total_de_personas_en_viviendas_particulares,"Condición de Pobreza por Necesidades Básicas Insatisfechas NBI | Total
No pobres | Sexo al nacer | Mujeres",Número total de personas en viviendas particulares,"Población en viviendas particulares por condición de pobreza por NBI y sexo al nacer, según provincia, cantón, parroquia y área de residencia"
censo_rate_pobreza_nbi_1_2_total_geografia_condicion_de_pobreza_por_necesidades_basicas_insatisfechas_nbi_total_pobres_sexo_al_nacer_mujeres,censo_ind_pobreza_nbi_1_2_total_geografia_condicion_de_pobreza_por_necesidades_basicas_insatisfechas_nbi_total_pobres_sexo_al_nacer_mujeres,censo_ind_pobreza_nbi_1_2_total_geografia_numero_total_de_personas_en_viviendas_particulares,"Condición de Pobreza por Necesidades Básicas Insatisfechas NBI | Total
Pobres | Sexo al nacer | Mujeres",Número total de personas en viviendas particulares,"Población en viviendas particulares por condición de pobreza por NBI y sexo al nacer, según provincia, cantón, parroquia y área de residencia"
censo_rate_pobreza_nbi_2_2_mestiza_o_condicion_de_pobreza_por_necesidades_basicas_insatisfechas_nbi_no_pobres_sexo_al_nacer_hombres,censo_ind_pobreza_nbi_2_2_mestiza_o_condicion_de_pobreza_por_necesidades_basicas_insatisfechas_nbi_no_pobres_sexo_al_nacer_hombres,censo_ind_pobreza_nbi_2_2_mestiza_o_numero_total_de_personas_en_viviendas_particulares,Condición de Pobreza por Necesidades Básicas Insatisfechas NBI | No pobres | Sexo al nacer | Hombres,Número total de personas en viviendas particulares,"Población en viviendas particulares por condición de pobreza por NBI y sexo al nacer, según provincia, cantón, parroquia y autoidentificación étnica"
censo_rate_pobreza_nbi_2_2_mestiza_o_condicion_de_pobreza_por_necesidades_basicas_insatisfechas_nbi_no_pobres_sexo_al_nacer_mujeres,censo_ind_pobreza_nbi_2_2_mestiza_o_condicion_de_pobreza_por_necesidades_basicas_insatisfechas_nbi_no_pobres_sexo_al_nacer_mujeres,censo_ind_pobreza_nbi_2_2_mestiza_o_numero_total_de_personas_en_viviendas_particulares,Condición de Pobreza por Necesidades Básicas Insatisfechas NBI | No pobres | Sexo al nacer | Mujeres,Número total de personas en viviendas particulares,"Población en viviendas particulares por condición de pobreza por NBI y sexo al nacer, según provincia, cantón, parroquia y autoidentificación étnica"
censo_rate_pobreza_nbi_2_2_mestiza_o_condicion_de_pobreza_por_necesidades_basicas_insatisfechas_nbi_pobres_sexo_al_nacer_hombres,censo_ind_pobreza_nbi_2_2_mestiza_o_condicion_de_pobreza_por_necesidades_basicas_insatisfechas_nbi_pobres_sexo_al_nacer_hombres,censo_ind_pobreza_nbi_2_2_mestiza_o_numero_total_de_personas_en_viviendas_particulares,Condición de Pobreza por Necesidades Básicas Insatisfechas NBI | Pobres | Sexo al nacer | Hombres,Número total de personas en viviendas particulares,"Población en viviendas particulares por condición de pobreza por NBI y sexo al nacer, según provincia, cantón, parroquia y autoidentificación étnica"
censo_rate_pobreza_nbi_2_2_mestiza_o_condicion_de_pobreza_por_necesidades_basicas_insatisfechas_nbi_pobres_sexo_al_nacer_mujeres,censo_ind_pobreza_nbi_2_2_mestiza_o_condicion_de_pobreza_por_necesidades_basicas_insatisfechas_nbi_pobres_sexo_al_nacer_mujeres,censo_ind_pobreza_nbi_2_2_mestiza_o_numero_total_de_personas_en_viviendas_particulares,Condición de Pobreza por Necesidades Básicas Insatisfechas NBI | Pobres | Sexo al nacer | Mujeres,Número total de personas en viviendas particulares,"Población en viviendas particulares por condición de pobreza por NBI y sexo al nacer, según provincia, cantón, parroquia y autoidentificación étnica"
censo_rate_pobreza_nbi_2_2_total_geografia_condicion_de_pobreza_por_necesidades_basicas_insatisfechas_nbi_no_pobres_sexo_al_nacer_hombres,censo_ind_pobreza_nbi_2_2_total_geografia_condicion_de_pobreza_por_necesidades_basicas_insatisfechas_nbi_no_pobres_sexo_al_nacer_hombres,censo_ind_pobreza_nbi_2_2_total_geografia_numero_total_de_personas_en_viviendas_particulares,Condición de Pobreza por Necesidades Básicas Insatisfechas NBI | No pobres | Sexo al nacer | Hombres,Número total de personas en viviendas particulares,"Población en viviendas particulares por condición de pobreza por NBI y sexo al nacer, según provincia, cantón, parroquia y autoidentificación étnica"
censo_rate_pobreza_nbi_2_2_total_geografia_condicion_de_pobreza_por_necesidades_basicas_insatisfechas_nbi_no_pobres_sexo_al_nacer_mujeres,censo_ind_pobreza_nbi_2_2_total_geografia_condicion_de_pobreza_por_necesidades_basicas_insatisfechas_nbi_no_pobres_sexo_al_nacer_mujeres,censo_ind_pobreza_nbi_2_2_total_geografia_numero_total_de_personas_en_viviendas_particulares,Condición de Pobreza por Necesidades Básicas Insatisfechas NBI | No pobres | Sexo al nacer | Mujeres,Número total de personas en viviendas particulares,"Población en viviendas particulares por condición de pobreza por NBI y sexo al nacer, según provincia, cantón, parroquia y autoidentificación étnica"
censo_rate_pobreza_nbi_2_2_total_geografia_condicion_de_pobreza_por_necesidades_basicas_insatisfechas_nbi_pobres_sexo_al_nacer_hombres,censo_ind_pobreza_nbi_2_2_total_geografia_condicion_de_pobreza_por_necesidades_basicas_insatisfechas_nbi_pobres_sexo_al_nacer_hombres,censo_ind_pobreza_nbi_2_2_total_geografia_numero_total_de_personas_en_viviendas_particulares,Condición de Pobreza por Necesidades Básicas Insatisfechas NBI | Pobres | Sexo al nacer | Hombres,Número total de personas en viviendas particulares,"Población en viviendas particulares por condición de pobreza por NBI y sexo al nacer, según provincia, cantón, parroquia y autoidentificación étnica"
censo_rate_pobreza_nbi_2_2_total_geografia_condicion_de_pobreza_por_necesidades_basicas_insatisfechas_nbi_pobres_sexo_al_nacer_mujeres,censo_ind_pobreza_nbi_2_2_total_geografia_condicion_de_pobreza_por_necesidades_basicas_insatisfechas_nbi_pobres_sexo_al_nacer_mujeres,censo_ind_pobreza_nbi_2_2_total_geografia_numero_total_de_personas_en_viviendas_particulares,Condición de Pobreza por Necesidades Básicas Insatisfechas NBI | Pobres | Sexo al nacer | Mujeres,Número total de personas en viviendas particulares,"Población en viviendas particulares por condición de pobreza por NBI y sexo al nacer, según provincia, cantón, parroquia y autoidentificación étnica"
censo_rate_pobreza_nbi_3_2_85_o_mas_condicion_de_pobreza_por_necesidades_basicas_insatisfechas_nbi_pobres_sexo_al_nacer_hombres,censo_ind_pobreza_nbi_3_2_85_o_mas_condicion_de_pobreza_por_necesidades_basicas_insatisfechas_nbi_pobres_sexo_al_nacer_hombres,censo_ind_pobreza_nbi_3_2_85_o_mas_numero_total_de_personas_en_viviendas_particulares,Condición de Pobreza por Necesidades Básicas Insatisfechas NBI | Pobres | Sexo al nacer | Hombres,Número total de personas en viviendas particulares,"Población en viviendas particulares por condición de pobreza por NBI y sexo al nacer, según provincia, cantón, parroquia de residencia y grupos quinquenales de edad"
censo_rate_pobreza_nbi_3_2_85_o_mas_condicion_de_pobreza_por_necesidades_basicas_insatisfechas_nbi_pobres_sexo_al_nacer_mujeres,censo_ind_pobreza_nbi_3_2_85_o_mas_condicion_de_pobreza_por_necesidades_basicas_insatisfechas_nbi_pobres_sexo_al_nacer_mujeres,censo_ind_pobreza_nbi_3_2_85_o_mas_numero_total_de_personas_en_viviendas_particulares,Condición de Pobreza por Necesidades Básicas Insatisfechas NBI | Pobres | Sexo al nacer | Mujeres,Número total de personas en viviendas particulares,"Población en viviendas particulares por condición de pobreza por NBI y sexo al nacer, según provincia, cantón, parroquia de residencia y grupos quinquenales de edad"
censo_rate_pobreza_nbi_3_2_de_0_4_condicion_de_pobreza_por_necesidades_basicas_insatisfechas_nbi_no_pobres_sexo_al_nacer_hombres,censo_ind_pobreza_nbi_3_2_de_0_4_condicion_de_pobreza_por_necesidades_basicas_insatisfechas_nbi_no_pobres_sexo_al_nacer_hombres,censo_ind_pobreza_nbi_3_2_de_0_4_numero_total_de_personas_en_viviendas_particulares,Condición de Pobreza por Necesidades Básicas Insatisfechas NBI | No pobres | Sexo al nacer | Hombres,Número total de personas en viviendas particulares,"Población en viviendas particulares por condición de pobreza por NBI y sexo al nacer, según provincia, cantón, parroquia de residencia y grupos quinquenales de edad"
censo_rate_pobreza_nbi_3_2_de_0_4_condicion_de_pobreza_por_necesidades_basicas_insatisfechas_nbi_no_pobres_sexo_al_nacer_mujeres,censo_ind_pobreza_nbi_3_2_de_0_4_condicion_de_pobreza_por_necesidades_basicas_insatisfechas_nbi_no_pobres_sexo_al_nacer_mujeres,censo_ind_pobreza_nbi_3_2_de_0_4_numero_total_de_personas_en_viviendas_particulares,Condición de Pobreza por Necesidades Básicas Insatisfechas NBI | No pobres | Sexo al nacer | Mujeres,Número total de personas en viviendas particulares,"Población en viviendas particulares por condición de pobreza por NBI y sexo al nacer, según provincia, cantón, parroquia de residencia y grupos quinquenales de edad"
censo_rate_pobreza_nbi_3_2_de_0_4_condicion_de_pobreza_por_necesidades_basicas_insatisfechas_nbi_pobres_sexo_al_nacer_hombres,censo_ind_pobreza_nbi_3_2_de_0_4_condicion_de_pobreza_por_necesidades_basicas_insatisfechas_nbi_pobres_sexo_al_nacer_hombres,censo_ind_pobreza_nbi_3_2_de_0_4_numero_total_de_personas_en_viviendas_particulares,Condición de Pobreza por Necesidades Básicas Insatisfechas NBI | Pobres | Sexo al nacer | Hombres,Número total de personas en viviendas particulares,"Población en viviendas particulares por condición de pobreza por NBI y sexo al nacer, según provincia, cantón, parroquia de residencia y grupos quinquenales de edad"
censo_rate_pobreza_nbi_3_2_de_0_4_condicion_de_pobreza_por_necesidades_basicas_insatisfechas_nbi_pobres_sexo_al_nacer_mujeres,censo_ind_pobreza_nbi_3_2_de_0_4_condicion_de_pobreza_por_necesidades_basicas_insatisfechas_nbi_pobres_sexo_al_nacer_mujeres,censo_ind_pobreza_nbi_3_2_de_0_4_numero_total_de_personas_en_viviendas_particulares,Condición de Pobreza por Necesidades Básicas Insatisfechas NBI | Pobres | Sexo al nacer | Mujeres,Número total de personas en viviendas particulares,"Población en viviendas particulares por condición de pobreza por NBI y sexo al nacer, según provincia, cantón, parroquia de residencia y grupos quinquenales de edad"
censo_rate_pobreza_nbi_3_2_de_10_14_condicion_de_pobreza_por_necesidades_basicas_insatisfechas_nbi_no_pobres_sexo_al_nacer_hombres,censo_ind_pobreza_nbi_3_2_de_10_14_condicion_de_pobreza_por_necesidades_basicas_insatisfechas_nbi_no_pobres_sexo_al_nacer_hombres,censo_ind_pobreza_nbi_3_2_de_10_14_numero_total_de_personas_en_viviendas_particulares,Condición de Pobreza por Necesidades Básicas Insatisfechas NBI | No pobres | Sexo al nacer | Hombres,Número total de personas en viviendas particulares,"Población en viviendas particulares por condición de pobreza por NBI y sexo al nacer, según provincia, cantón, parroquia de residencia y grupos quinquenales de edad"
censo_rate_pobreza_nbi_3_2_de_10_14_condicion_de_pobreza_por_necesidades_basicas_insatisfechas_nbi_no_pobres_sexo_al_nacer_mujeres,censo_ind_pobreza_nbi_3_2_de_10_14_condicion_de_pobreza_por_necesidades_basicas_insatisfechas_nbi_no_pobres_sexo_al_nacer_mujeres,censo_ind_pobreza_nbi_3_2_de_10_14_numero_total_de_personas_en_viviendas_particulares,Condición de Pobreza por Necesidades Básicas Insatisfechas NBI | No pobres | Sexo al nacer | Mujeres,Número total de personas en viviendas particulares,"Población en viviendas particulares por condición de pobreza por NBI y sexo al nacer, según provincia, cantón, parroquia de residencia y grupos quinquenales de edad"
censo_rate_pobreza_nbi_3_2_de_10_14_condicion_de_pobreza_por_necesidades_basicas_insatisfechas_nbi_pobres_sexo_al_nacer_hombres,censo_ind_pobreza_nbi_3_2_de_10_14_condicion_de_pobreza_por_necesidades_basicas_insatisfechas_nbi_pobres_sexo_al_nacer_hombres,censo_ind_pobreza_nbi_3_2_de_10_14_numero_total_de_personas_en_viviendas_particulares,Condición de Pobreza por Necesidades Básicas Insatisfechas NBI | Pobres | Sexo al nacer | Hombres,Número total de personas en viviendas particulares,"Población en viviendas particulares por condición de pobreza por NBI y sexo al nacer, según provincia, cantón, parroquia de residencia y grupos quinquenales de edad"
censo_rate_pobreza_nbi_3_2_de_10_14_condicion_de_pobreza_por_necesidades_basicas_insatisfechas_nbi_pobres_sexo_al_nacer_mujeres,censo_ind_pobreza_nbi_3_2_de_10_14_condicion_de_pobreza_por_necesidades_basicas_insatisfechas_nbi_pobres_sexo_al_nacer_mujeres,censo_ind_pobreza_nbi_3_2_de_10_14_numero_total_de_personas_en_viviendas_particulares,Condición de Pobreza por Necesidades Básicas Insatisfechas NBI | Pobres | Sexo al nacer | Mujeres,Número total de personas en viviendas particulares,"Población en viviendas particulares por condición de pobreza por NBI y sexo al nacer, según provincia, cantón, parroquia de residencia y grupos quinquenales de edad"
censo_rate_pobreza_nbi_3_2_de_15_19_condicion_de_pobreza_por_necesidades_basicas_insatisfechas_nbi_no_pobres_sexo_al_nacer_hombres,censo_ind_pobreza_nbi_3_2_de_15_19_condicion_de_pobreza_por_necesidades_basicas_insatisfechas_nbi_no_pobres_sexo_al_nacer_hombres,censo_ind_pobreza_nbi_3_2_de_15_19_numero_total_de_personas_en_viviendas_particulares,Condición de Pobreza por Necesidades Básicas Insatisfechas NBI | No pobres | Sexo al nacer | Hombres,Número total de personas en viviendas particulares,"Población en viviendas particulares por condición de pobreza por NBI y sexo al nacer, según provincia, cantón, parroquia de residencia y grupos quinquenales de edad"
censo_rate_pobreza_nbi_3_2_de_15_19_condicion_de_pobreza_por_necesidades_basicas_insatisfechas_nbi_no_pobres_sexo_al_nacer_mujeres,censo_ind_pobreza_nbi_3_2_de_15_19_condicion_de_pobreza_por_necesidades_basicas_insatisfechas_nbi_no_pobres_sexo_al_nacer_mujeres,censo_ind_pobreza_nbi_3_2_de_15_19_numero_total_de_personas_en_viviendas_particulares,Condición de Pobreza por Necesidades Básicas Insatisfechas NBI | No pobres | Sexo al nacer | Mujeres,Número total de personas en viviendas particulares,"Población en viviendas particulares por condición de pobreza por NBI y sexo al nacer, según provincia, cantón, parroquia de residencia y grupos quinquenales de edad"
censo_rate_pobreza_nbi_3_2_de_15_19_condicion_de_pobreza_por_necesidades_basicas_insatisfechas_nbi_pobres_sexo_al_nacer_hombres,censo_ind_pobreza_nbi_3_2_de_15_19_condicion_de_pobreza_por_necesidades_basicas_insatisfechas_nbi_pobres_sexo_al_nacer_hombres,censo_ind_pobreza_nbi_3_2_de_15_19_numero_total_de_personas_en_viviendas_particulares,Condición de Pobreza por Necesidades Básicas Insatisfechas NBI | Pobres | Sexo al nacer | Hombres,Número total de personas en viviendas particulares,"Población en viviendas particulares por condición de pobreza por NBI y sexo al nacer, según provincia, cantón, parroquia de residencia y grupos quinquenales de edad"
censo_rate_pobreza_nbi_3_2_de_15_19_condicion_de_pobreza_por_necesidades_basicas_insatisfechas_nbi_pobres_sexo_al_nacer_mujeres,censo_ind_pobreza_nbi_3_2_de_15_19_condicion_de_pobreza_por_necesidades_basicas_insatisfechas_nbi_pobres_sexo_al_nacer_mujeres,censo_ind_pobreza_nbi_3_2_de_15_19_numero_total_de_personas_en_viviendas_particulares,Condición de Pobreza por Necesidades Básicas Insatisfechas NBI | Pobres | Sexo al nacer | Mujeres,Número total de personas en viviendas particulares,"Población en viviendas particulares por condición de pobreza por NBI y sexo al nacer, según provincia, cantón, parroquia de residencia y grupos quinquenales de edad"
censo_rate_pobreza_nbi_3_2_de_20_24_condicion_de_pobreza_por_necesidades_basicas_insatisfechas_nbi_no_pobres_sexo_al_nacer_hombres,censo_ind_pobreza_nbi_3_2_de_20_24_condicion_de_pobreza_por_necesidades_basicas_insatisfechas_nbi_no_pobres_sexo_al_nacer_hombres,censo_ind_pobreza_nbi_3_2_de_20_24_numero_total_de_personas_en_viviendas_particulares,Condición de Pobreza por Necesidades Básicas Insatisfechas NBI | No pobres | Sexo al nacer | Hombres,Número total de personas en viviendas particulares,"Población en viviendas particulares por condición de pobreza por NBI y sexo al nacer, según provincia, cantón, parroquia de residencia y grupos quinquenales de edad"
censo_rate_pobreza_nbi_3_2_de_20_24_condicion_de_pobreza_por_necesidades_basicas_insatisfechas_nbi_no_pobres_sexo_al_nacer_mujeres,censo_ind_pobreza_nbi_3_2_de_20_24_condicion_de_pobreza_por_necesidades_basicas_insatisfechas_nbi_no_pobres_sexo_al_nacer_mujeres,censo_ind_pobreza_nbi_3_2_de_20_24_numero_total_de_personas_en_viviendas_particulares,Condición de Pobreza por Necesidades Básicas Insatisfechas NBI | No pobres | Sexo al nacer | Mujeres,Número total de personas en viviendas particulares,"Población en viviendas particulares por condición de pobreza por NBI y sexo al nacer, según provincia, cantón, parroquia de residencia y grupos quinquenales de edad"
censo_rate_pobreza_nbi_3_2_de_20_24_condicion_de_pobreza_por_necesidades_basicas_insatisfechas_nbi_pobres_sexo_al_nacer_hombres,censo_ind_pobreza_nbi_3_2_de_20_24_condicion_de_pobreza_por_necesidades_basicas_insatisfechas_nbi_pobres_sexo_al_nacer_hombres,censo_ind_pobreza_nbi_3_2_de_20_24_numero_total_de_personas_en_viviendas_particulares,Condición de Pobreza por Necesidades Básicas Insatisfechas NBI | Pobres | Sexo al nacer | Hombres,Número total de personas en viviendas particulares,"Población en viviendas particulares por condición de pobreza por NBI y sexo al nacer, según provincia, cantón, parroquia de residencia y grupos quinquenales de edad"
censo_rate_pobreza_nbi_3_2_de_20_24_condicion_de_pobreza_por_necesidades_basicas_insatisfechas_nbi_pobres_sexo_al_nacer_mujeres,censo_ind_pobreza_nbi_3_2_de_20_24_condicion_de_pobreza_por_necesidades_basicas_insatisfechas_nbi_pobres_sexo_al_nacer_mujeres,censo_ind_pobreza_nbi_3_2_de_20_24_numero_total_de_personas_en_viviendas_particulares,Condición de Pobreza por Necesidades Básicas Insatisfechas NBI | Pobres | Sexo al nacer | Mujeres,Número total de personas en viviendas particulares,"Población en viviendas particulares por condición de pobreza por NBI y sexo al nacer, según provincia, cantón, parroquia de residencia y grupos quinquenales de edad"
censo_rate_pobreza_nbi_3_2_de_25_29_condicion_de_pobreza_por_necesidades_basicas_insatisfechas_nbi_no_pobres_sexo_al_nacer_hombres,censo_ind_pobreza_nbi_3_2_de_25_29_condicion_de_pobreza_por_necesidades_basicas_insatisfechas_nbi_no_pobres_sexo_al_nacer_hombres,censo_ind_pobreza_nbi_3_2_de_25_29_numero_total_de_personas_en_viviendas_particulares,Condición de Pobreza por Necesidades Básicas Insatisfechas NBI | No pobres | Sexo al nacer | Hombres,Número total de personas en viviendas particulares,"Población en viviendas particulares por condición de pobreza por NBI y sexo al nacer, según provincia, cantón, parroquia de residencia y grupos quinquenales de edad"
censo_rate_pobreza_nbi_3_2_de_25_29_condicion_de_pobreza_por_necesidades_basicas_insatisfechas_nbi_no_pobres_sexo_al_nacer_mujeres,censo_ind_pobreza_nbi_3_2_de_25_29_condicion_de_pobreza_por_necesidades_basicas_insatisfechas_nbi_no_pobres_sexo_al_nacer_mujeres,censo_ind_pobreza_nbi_3_2_de_25_29_numero_total_de_personas_en_viviendas_particulares,Condición de Pobreza por Necesidades Básicas Insatisfechas NBI | No pobres | Sexo al nacer | Mujeres,Número total de personas en viviendas particulares,"Población en viviendas particulares por condición de pobreza por NBI y sexo al nacer, según provincia, cantón, parroquia de residencia y grupos quinquenales de edad"
censo_rate_pobreza_nbi_3_2_de_25_29_condicion_de_pobreza_por_necesidades_basicas_insatisfechas_nbi_pobres_sexo_al_nacer_hombres,censo_ind_pobreza_nbi_3_2_de_25_29_condicion_de_pobreza_por_necesidades_basicas_insatisfechas_nbi_pobres_sexo_al_nacer_hombres,censo_ind_pobreza_nbi_3_2_de_25_29_numero_total_de_personas_en_viviendas_particulares,Condición de Pobreza por Necesidades Básicas Insatisfechas NBI | Pobres | Sexo al nacer | Hombres,Número total de personas en viviendas particulares,"Población en viviendas particulares por condición de pobreza por NBI y sexo al nacer, según provincia, cantón, parroquia de residencia y grupos quinquenales de edad"
censo_rate_pobreza_nbi_3_2_de_25_29_condicion_de_pobreza_por_necesidades_basicas_insatisfechas_nbi_pobres_sexo_al_nacer_mujeres,censo_ind_pobreza_nbi_3_2_de_25_29_condicion_de_pobreza_por_necesidades_basicas_insatisfechas_nbi_pobres_sexo_al_nacer_mujeres,censo_ind_pobreza_nbi_3_2_de_25_29_numero_total_de_personas_en_viviendas_particulares,Condición de Pobreza por Necesidades Básicas Insatisfechas NBI | Pobres | Sexo al nacer | Mujeres,Número total de personas en viviendas particulares,"Población en viviendas particulares por condición de pobreza por NBI y sexo al nacer, según provincia, cantón, parroquia de residencia y grupos quinquenales de edad"
censo_rate_pobreza_nbi_3_2_de_30_34_condicion_de_pobreza_por_necesidades_basicas_insatisfechas_nbi_no_pobres_sexo_al_nacer_hombres,censo_ind_pobreza_nbi_3_2_de_30_34_condicion_de_pobreza_por_necesidades_basicas_insatisfechas_nbi_no_pobres_sexo_al_nacer_hombres,censo_ind_pobreza_nbi_3_2_de_30_34_numero_total_de_personas_en_viviendas_particulares,Condición de Pobreza por Necesidades Básicas Insatisfechas NBI | No pobres | Sexo al nacer | Hombres,Número total de personas en viviendas particulares,"Población en viviendas particulares por condición de pobreza por NBI y sexo al nacer, según provincia, cantón, parroquia de residencia y grupos quinquenales de edad"
censo_rate_pobreza_nbi_3_2_de_30_34_condicion_de_pobreza_por_necesidades_basicas_insatisfechas_nbi_no_pobres_sexo_al_nacer_mujeres,censo_ind_pobreza_nbi_3_2_de_30_34_condicion_de_pobreza_por_necesidades_basicas_insatisfechas_nbi_no_pobres_sexo_al_nacer_mujeres,censo_ind_pobreza_nbi_3_2_de_30_34_numero_total_de_personas_en_viviendas_particulares,Condición de Pobreza por Necesidades Básicas Insatisfechas NBI | No pobres | Sexo al nacer | Mujeres,Número total de personas en viviendas particulares,"Población en viviendas particulares por condición de pobreza por NBI y sexo al nacer, según provincia, cantón, parroquia de residencia y grupos quinquenales de edad"
censo_rate_pobreza_nbi_3_2_de_30_34_condicion_de_pobreza_por_necesidades_basicas_insatisfechas_nbi_pobres_sexo_al_nacer_hombres,censo_ind_pobreza_nbi_3_2_de_30_34_condicion_de_pobreza_por_necesidades_basicas_insatisfechas_nbi_pobres_sexo_al_nacer_hombres,censo_ind_pobreza_nbi_3_2_de_30_34_numero_total_de_personas_en_viviendas_particulares,Condición de Pobreza por Necesidades Básicas Insatisfechas NBI | Pobres | Sexo al nacer | Hombres,Número total de personas en viviendas particulares,"Población en viviendas particulares por condición de pobreza por NBI y sexo al nacer, según provincia, cantón, parroquia de residencia y grupos quinquenales de edad"
censo_rate_pobreza_nbi_3_2_de_30_34_condicion_de_pobreza_por_necesidades_basicas_insatisfechas_nbi_pobres_sexo_al_nacer_mujeres,censo_ind_pobreza_nbi_3_2_de_30_34_condicion_de_pobreza_por_necesidades_basicas_insatisfechas_nbi_pobres_sexo_al_nacer_mujeres,censo_ind_pobreza_nbi_3_2_de_30_34_numero_total_de_personas_en_viviendas_particulares,Condición de Pobreza por Necesidades Básicas Insatisfechas NBI | Pobres | Sexo al nacer | Mujeres,Número total de personas en viviendas particulares,"Población en viviendas particulares por condición de pobreza por NBI y sexo al nacer, según provincia, cantón, parroquia de residencia y grupos quinquenales de edad"
censo_rate_pobreza_nbi_3_2_de_35_39_condicion_de_pobreza_por_necesidades_basicas_insatisfechas_nbi_no_pobres_sexo_al_nacer_hombres,censo_ind_pobreza_nbi_3_2_de_35_39_condicion_de_pobreza_por_necesidades_basicas_insatisfechas_nbi_no_pobres_sexo_al_nacer_hombres,censo_ind_pobreza_nbi_3_2_de_35_39_numero_total_de_personas_en_viviendas_particulares,Condición de Pobreza por Necesidades Básicas Insatisfechas NBI | No pobres | Sexo al nacer | Hombres,Número total de personas en viviendas particulares,"Población en viviendas particulares por condición de pobreza por NBI y sexo al nacer, según provincia, cantón, parroquia de residencia y grupos quinquenales de edad"
censo_rate_pobreza_nbi_3_2_de_35_39_condicion_de_pobreza_por_necesidades_basicas_insatisfechas_nbi_no_pobres_sexo_al_nacer_mujeres,censo_ind_pobreza_nbi_3_2_de_35_39_condicion_de_pobreza_por_necesidades_basicas_insatisfechas_nbi_no_pobres_sexo_al_nacer_mujeres,censo_ind_pobreza_nbi_3_2_de_35_39_numero_total_de_personas_en_viviendas_particulares,Condición de Pobreza por Necesidades Básicas Insatisfechas NBI | No pobres | Sexo al nacer | Mujeres,Número total de personas en viviendas particulares,"Población en viviendas particulares por condición de pobreza por NBI y sexo al nacer, según provincia, cantón, parroquia de residencia y grupos quinquenales de edad"
censo_rate_pobreza_nbi_3_2_de_35_39_condicion_de_pobreza_por_necesidades_basicas_insatisfechas_nbi_pobres_sexo_al_nacer_hombres,censo_ind_pobreza_nbi_3_2_de_35_39_condicion_de_pobreza_por_necesidades_basicas_insatisfechas_nbi_pobres_sexo_al_nacer_hombres,censo_ind_pobreza_nbi_3_2_de_35_39_numero_total_de_personas_en_viviendas_particulares,Condición de Pobreza por Necesidades Básicas Insatisfechas NBI | Pobres | Sexo al nacer | Hombres,Número total de personas en viviendas particulares,"Población en viviendas particulares por condición de pobreza por NBI y sexo al nacer, según provincia, cantón, parroquia de residencia y grupos quinquenales de edad"
censo_rate_pobreza_nbi_3_2_de_35_39_condicion_de_pobreza_por_necesidades_basicas_insatisfechas_nbi_pobres_sexo_al_nacer_mujeres,censo_ind_pobreza_nbi_3_2_de_35_39_condicion_de_pobreza_por_necesidades_basicas_insatisfechas_nbi_pobres_sexo_al_nacer_mujeres,censo_ind_pobreza_nbi_3_2_de_35_39_numero_total_de_personas_en_viviendas_particulares,Condición de Pobreza por Necesidades Básicas Insatisfechas NBI | Pobres | Sexo al nacer | Mujeres,Número total de personas en viviendas particulares,"Población en viviendas particulares por condición de pobreza por NBI y sexo al nacer, según provincia, cantón, parroquia de residencia y grupos quinquenales de edad"
censo_rate_pobreza_nbi_3_2_de_40_44_condicion_de_pobreza_por_necesidades_basicas_insatisfechas_nbi_no_pobres_sexo_al_nacer_hombres,censo_ind_pobreza_nbi_3_2_de_40_44_condicion_de_pobreza_por_necesidades_basicas_insatisfechas_nbi_no_pobres_sexo_al_nacer_hombres,censo_ind_pobreza_nbi_3_2_de_40_44_numero_total_de_personas_en_viviendas_particulares,Condición de Pobreza por Necesidades Básicas Insatisfechas NBI | No pobres | Sexo al nacer | Hombres,Número total de personas en viviendas particulares,"Población en viviendas particulares por condición de pobreza por NBI y sexo al nacer, según provincia, cantón, parroquia de residencia y grupos quinquenales de edad"
censo_rate_pobreza_nbi_3_2_de_40_44_condicion_de_pobreza_por_necesidades_basicas_insatisfechas_nbi_no_pobres_sexo_al_nacer_mujeres,censo_ind_pobreza_nbi_3_2_de_40_44_condicion_de_pobreza_por_necesidades_basicas_insatisfechas_nbi_no_pobres_sexo_al_nacer_mujeres,censo_ind_pobreza_nbi_3_2_de_40_44_numero_total_de_personas_en_viviendas_particulares,Condición de Pobreza por Necesidades Básicas Insatisfechas NBI | No pobres | Sexo al nacer | Mujeres,Número total de personas en viviendas particulares,"Población en viviendas particulares por condición de pobreza por NBI y sexo al nacer, según provincia, cantón, parroquia de residencia y grupos quinquenales de edad"
censo_rate_pobreza_nbi_3_2_de_40_44_condicion_de_pobreza_por_necesidades_basicas_insatisfechas_nbi_pobres_sexo_al_nacer_hombres,censo_ind_pobreza_nbi_3_2_de_40_44_condicion_de_pobreza_por_necesidades_basicas_insatisfechas_nbi_pobres_sexo_al_nacer_hombres,censo_ind_pobreza_nbi_3_2_de_40_44_numero_total_de_personas_en_viviendas_particulares,Condición de Pobreza por Necesidades Básicas Insatisfechas NBI | Pobres | Sexo al nacer | Hombres,Número total de personas en viviendas particulares,"Población en viviendas particulares por condición de pobreza por NBI y sexo al nacer, según provincia, cantón, parroquia de residencia y grupos quinquenales de edad"
censo_rate_pobreza_nbi_3_2_de_40_44_condicion_de_pobreza_por_necesidades_basicas_insatisfechas_nbi_pobres_sexo_al_nacer_mujeres,censo_ind_pobreza_nbi_3_2_de_40_44_condicion_de_pobreza_por_necesidades_basicas_insatisfechas_nbi_pobres_sexo_al_nacer_mujeres,censo_ind_pobreza_nbi_3_2_de_40_44_numero_total_de_personas_en_viviendas_particulares,Condición de Pobreza por Necesidades Básicas Insatisfechas NBI | Pobres | Sexo al nacer | Mujeres,Número total de personas en viviendas particulares,"Población en viviendas particulares por condición de pobreza por NBI y sexo al nacer, según provincia, cantón, parroquia de residencia y grupos quinquenales de edad"
censo_rate_pobreza_nbi_3_2_de_45_49_condicion_de_pobreza_por_necesidades_basicas_insatisfechas_nbi_no_pobres_sexo_al_nacer_hombres,censo_ind_pobreza_nbi_3_2_de_45_49_condicion_de_pobreza_por_necesidades_basicas_insatisfechas_nbi_no_pobres_sexo_al_nacer_hombres,censo_ind_pobreza_nbi_3_2_de_45_49_numero_total_de_personas_en_viviendas_particulares,Condición de Pobreza por Necesidades Básicas Insatisfechas NBI | No pobres | Sexo al nacer | Hombres,Número total de personas en viviendas particulares,"Población en viviendas particulares por condición de pobreza por NBI y sexo al nacer, según provincia, cantón, parroquia de residencia y grupos quinquenales de edad"
censo_rate_pobreza_nbi_3_2_de_45_49_condicion_de_pobreza_por_necesidades_basicas_insatisfechas_nbi_no_pobres_sexo_al_nacer_mujeres,censo_ind_pobreza_nbi_3_2_de_45_49_condicion_de_pobreza_por_necesidades_basicas_insatisfechas_nbi_no_pobres_sexo_al_nacer_mujeres,censo_ind_pobreza_nbi_3_2_de_45_49_numero_total_de_personas_en_viviendas_particulares,Condición de Pobreza por Necesidades Básicas Insatisfechas NBI | No pobres | Sexo al nacer | Mujeres,Número total de personas en viviendas particulares,"Población en viviendas particulares por condición de pobreza por NBI y sexo al nacer, según provincia, cantón, parroquia de residencia y grupos quinquenales de edad"
censo_rate_pobreza_nbi_3_2_de_45_49_condicion_de_pobreza_por_necesidades_basicas_insatisfechas_nbi_pobres_sexo_al_nacer_hombres,censo_ind_pobreza_nbi_3_2_de_45_49_condicion_de_pobreza_por_necesidades_basicas_insatisfechas_nbi_pobres_sexo_al_nacer_hombres,censo_ind_pobreza_nbi_3_2_de_45_49_numero_total_de_personas_en_viviendas_particulares,Condición de Pobreza por Necesidades Básicas Insatisfechas NBI | Pobres | Sexo al nacer | Hombres,Número total de personas en viviendas particulares,"Población en viviendas particulares por condición de pobreza por NBI y sexo al nacer, según provincia, cantón, parroquia de residencia y grupos quinquenales de edad"
censo_rate_pobreza_nbi_3_2_de_45_49_condicion_de_pobreza_por_necesidades_basicas_insatisfechas_nbi_pobres_sexo_al_nacer_mujeres,censo_ind_pobreza_nbi_3_2_de_45_49_condicion_de_pobreza_por_necesidades_basicas_insatisfechas_nbi_pobres_sexo_al_nacer_mujeres,censo_ind_pobreza_nbi_3_2_de_45_49_numero_total_de_personas_en_viviendas_particulares,Condición de Pobreza por Necesidades Básicas Insatisfechas NBI | Pobres | Sexo al nacer | Mujeres,Número total de personas en viviendas particulares,"Población en viviendas particulares por condición de pobreza por NBI y sexo al nacer, según provincia, cantón, parroquia de residencia y grupos quinquenales de edad"
censo_rate_pobreza_nbi_3_2_de_5_9_condicion_de_pobreza_por_necesidades_basicas_insatisfechas_nbi_no_pobres_sexo_al_nacer_hombres,censo_ind_pobreza_nbi_3_2_de_5_9_condicion_de_pobreza_por_necesidades_basicas_insatisfechas_nbi_no_pobres_sexo_al_nacer_hombres,censo_ind_pobreza_nbi_3_2_de_5_9_numero_total_de_personas_en_viviendas_particulares,Condición de Pobreza por Necesidades Básicas Insatisfechas NBI | No pobres | Sexo al nacer | Hombres,Número total de personas en viviendas particulares,"Población en viviendas particulares por condición de pobreza por NBI y sexo al nacer, según provincia, cantón, parroquia de residencia y grupos quinquenales de edad"
censo_rate_pobreza_nbi_3_2_de_5_9_condicion_de_pobreza_por_necesidades_basicas_insatisfechas_nbi_no_pobres_sexo_al_nacer_mujeres,censo_ind_pobreza_nbi_3_2_de_5_9_condicion_de_pobreza_por_necesidades_basicas_insatisfechas_nbi_no_pobres_sexo_al_nacer_mujeres,censo_ind_pobreza_nbi_3_2_de_5_9_numero_total_de_personas_en_viviendas_particulares,Condición de Pobreza por Necesidades Básicas Insatisfechas NBI | No pobres | Sexo al nacer | Mujeres,Número total de personas en viviendas particulares,"Población en viviendas particulares por condición de pobreza por NBI y sexo al nacer, según provincia, cantón, parroquia de residencia y grupos quinquenales de edad"
censo_rate_pobreza_nbi_3_2_de_5_9_condicion_de_pobreza_por_necesidades_basicas_insatisfechas_nbi_pobres_sexo_al_nacer_hombres,censo_ind_pobreza_nbi_3_2_de_5_9_condicion_de_pobreza_por_necesidades_basicas_insatisfechas_nbi_pobres_sexo_al_nacer_hombres,censo_ind_pobreza_nbi_3_2_de_5_9_numero_total_de_personas_en_viviendas_particulares,Condición de Pobreza por Necesidades Básicas Insatisfechas NBI | Pobres | Sexo al nacer | Hombres,Número total de personas en viviendas particulares,"Población en viviendas particulares por condición de pobreza por NBI y sexo al nacer, según provincia, cantón, parroquia de residencia y grupos quinquenales de edad"
censo_rate_pobreza_nbi_3_2_de_5_9_condicion_de_pobreza_por_necesidades_basicas_insatisfechas_nbi_pobres_sexo_al_nacer_mujeres,censo_ind_pobreza_nbi_3_2_de_5_9_condicion_de_pobreza_por_necesidades_basicas_insatisfechas_nbi_pobres_sexo_al_nacer_mujeres,censo_ind_pobreza_nbi_3_2_de_5_9_numero_total_de_personas_en_viviendas_particulares,Condición de Pobreza por Necesidades Básicas Insatisfechas NBI | Pobres | Sexo al nacer | Mujeres,Número total de personas en viviendas particulares,"Población en viviendas particulares por condición de pobreza por NBI y sexo al nacer, según provincia, cantón, parroquia de residencia y grupos quinquenales de edad"
censo_rate_pobreza_nbi_3_2_de_50_54_condicion_de_pobreza_por_necesidades_basicas_insatisfechas_nbi_no_pobres_sexo_al_nacer_hombres,censo_ind_pobreza_nbi_3_2_de_50_54_condicion_de_pobreza_por_necesidades_basicas_insatisfechas_nbi_no_pobres_sexo_al_nacer_hombres,censo_ind_pobreza_nbi_3_2_de_50_54_numero_total_de_personas_en_viviendas_particulares,Condición de Pobreza por Necesidades Básicas Insatisfechas NBI | No pobres | Sexo al nacer | Hombres,Número total de personas en viviendas particulares,"Población en viviendas particulares por condición de pobreza por NBI y sexo al nacer, según provincia, cantón, parroquia de residencia y grupos quinquenales de edad"
censo_rate_pobreza_nbi_3_2_de_50_54_condicion_de_pobreza_por_necesidades_basicas_insatisfechas_nbi_no_pobres_sexo_al_nacer_mujeres,censo_ind_pobreza_nbi_3_2_de_50_54_condicion_de_pobreza_por_necesidades_basicas_insatisfechas_nbi_no_pobres_sexo_al_nacer_mujeres,censo_ind_pobreza_nbi_3_2_de_50_54_numero_total_de_personas_en_viviendas_particulares,Condición de Pobreza por Necesidades Básicas Insatisfechas NBI | No pobres | Sexo al nacer | Mujeres,Número total de personas en viviendas particulares,"Población en viviendas particulares por condición de pobreza por NBI y sexo al nacer, según provincia, cantón, parroquia de residencia y grupos quinquenales de edad"
censo_rate_pobreza_nbi_3_2_de_50_54_condicion_de_pobreza_por_necesidades_basicas_insatisfechas_nbi_pobres_sexo_al_nacer_hombres,censo_ind_pobreza_nbi_3_2_de_50_54_condicion_de_pobreza_por_necesidades_basicas_insatisfechas_nbi_pobres_sexo_al_nacer_hombres,censo_ind_pobreza_nbi_3_2_de_50_54_numero_total_de_personas_en_viviendas_particulares,Condición de Pobreza por Necesidades Básicas Insatisfechas NBI | Pobres | Sexo al nacer | Hombres,Número total de personas en viviendas particulares,"Población en viviendas particulares por condición de pobreza por NBI y sexo al nacer, según provincia, cantón, parroquia de residencia y grupos quinquenales de edad"
censo_rate_pobreza_nbi_3_2_de_50_54_condicion_de_pobreza_por_necesidades_basicas_insatisfechas_nbi_pobres_sexo_al_nacer_mujeres,censo_ind_pobreza_nbi_3_2_de_50_54_condicion_de_pobreza_por_necesidades_basicas_insatisfechas_nbi_pobres_sexo_al_nacer_mujeres,censo_ind_pobreza_nbi_3_2_de_50_54_numero_total_de_personas_en_viviendas_particulares,Condición de Pobreza por Necesidades Básicas Insatisfechas NBI | Pobres | Sexo al nacer | Mujeres,Número total de personas en viviendas particulares,"Población en viviendas particulares por condición de pobreza por NBI y sexo al nacer, según provincia, cantón, parroquia de residencia y grupos quinquenales de edad"
censo_rate_pobreza_nbi_3_2_de_55_59_condicion_de_pobreza_por_necesidades_basicas_insatisfechas_nbi_no_pobres_sexo_al_nacer_hombres,censo_ind_pobreza_nbi_3_2_de_55_59_condicion_de_pobreza_por_necesidades_basicas_insatisfechas_nbi_no_pobres_sexo_al_nacer_hombres,censo_ind_pobreza_nbi_3_2_de_55_59_numero_total_de_personas_en_viviendas_particulares,Condición de Pobreza por Necesidades Básicas Insatisfechas NBI | No pobres | Sexo al nacer | Hombres,Número total de personas en viviendas particulares,"Población en viviendas particulares por condición de pobreza por NBI y sexo al nacer, según provincia, cantón, parroquia de residencia y grupos quinquenales de edad"
censo_rate_pobreza_nbi_3_2_de_55_59_condicion_de_pobreza_por_necesidades_basicas_insatisfechas_nbi_no_pobres_sexo_al_nacer_mujeres,censo_ind_pobreza_nbi_3_2_de_55_59_condicion_de_pobreza_por_necesidades_basicas_insatisfechas_nbi_no_pobres_sexo_al_nacer_mujeres,censo_ind_pobreza_nbi_3_2_de_55_59_numero_total_de_personas_en_viviendas_particulares,Condición de Pobreza por Necesidades Básicas Insatisfechas NBI | No pobres | Sexo al nacer | Mujeres,Número total de personas en viviendas particulares,"Población en viviendas particulares por condición de pobreza por NBI y sexo al nacer, según provincia, cantón, parroquia de residencia y grupos quinquenales de edad"
censo_rate_pobreza_nbi_3_2_de_55_59_condicion_de_pobreza_por_necesidades_basicas_insatisfechas_nbi_pobres_sexo_al_nacer_hombres,censo_ind_pobreza_nbi_3_2_de_55_59_condicion_de_pobreza_por_necesidades_basicas_insatisfechas_nbi_pobres_sexo_al_nacer_hombres,censo_ind_pobreza_nbi_3_2_de_55_59_numero_total_de_personas_en_viviendas_particulares,Condición de Pobreza por Necesidades Básicas Insatisfechas NBI | Pobres | Sexo al nacer | Hombres,Número total de personas en viviendas particulares,"Población en viviendas particulares por condición de pobreza por NBI y sexo al nacer, según provincia, cantón, parroquia de residencia y grupos quinquenales de edad"
censo_rate_pobreza_nbi_3_2_de_55_59_condicion_de_pobreza_por_necesidades_basicas_insatisfechas_nbi_pobres_sexo_al_nacer_mujeres,censo_ind_pobreza_nbi_3_2_de_55_59_condicion_de_pobreza_por_necesidades_basicas_insatisfechas_nbi_pobres_sexo_al_nacer_mujeres,censo_ind_pobreza_nbi_3_2_de_55_59_numero_total_de_personas_en_viviendas_particulares,Condición de Pobreza por Necesidades Básicas Insatisfechas NBI | Pobres | Sexo al nacer | Mujeres,Número total de personas en viviendas particulares,"Población en viviendas particulares por condición de pobreza por NBI y sexo al nacer, según provincia, cantón, parroquia de residencia y grupos quinquenales de edad"
censo_rate_pobreza_nbi_3_2_de_60_64_condicion_de_pobreza_por_necesidades_basicas_insatisfechas_nbi_pobres_sexo_al_nacer_hombres,censo_ind_pobreza_nbi_3_2_de_60_64_condicion_de_pobreza_por_necesidades_basicas_insatisfechas_nbi_pobres_sexo_al_nacer_hombres,censo_ind_pobreza_nbi_3_2_de_60_64_numero_total_de_personas_en_viviendas_particulares,Condición de Pobreza por Necesidades Básicas Insatisfechas NBI | Pobres | Sexo al nacer | Hombres,Número total de personas en viviendas particulares,"Población en viviendas particulares por condición de pobreza por NBI y sexo al nacer, según provincia, cantón, parroquia de residencia y grupos quinquenales de edad"
censo_rate_pobreza_nbi_3_2_de_60_64_condicion_de_pobreza_por_necesidades_basicas_insatisfechas_nbi_pobres_sexo_al_nacer_mujeres,censo_ind_pobreza_nbi_3_2_de_60_64_condicion_de_pobreza_por_necesidades_basicas_insatisfechas_nbi_pobres_sexo_al_nacer_mujeres,censo_ind_pobreza_nbi_3_2_de_60_64_numero_total_de_personas_en_viviendas_particulares,Condición de Pobreza por Necesidades Básicas Insatisfechas NBI | Pobres | Sexo al nacer | Mujeres,Número total de personas en viviendas particulares,"Población en viviendas particulares por condición de pobreza por NBI y sexo al nacer, según provincia, cantón, parroquia de residencia y grupos quinquenales de edad"
censo_rate_pobreza_nbi_3_2_de_65_69_condicion_de_pobreza_por_necesidades_basicas_insatisfechas_nbi_pobres_sexo_al_nacer_hombres,censo_ind_pobreza_nbi_3_2_de_65_69_condicion_de_pobreza_por_necesidades_basicas_insatisfechas_nbi_pobres_sexo_al_nacer_hombres,censo_ind_pobreza_nbi_3_2_de_65_69_numero_total_de_personas_en_viviendas_particulares,Condición de Pobreza por Necesidades Básicas Insatisfechas NBI | Pobres | Sexo al nacer | Hombres,Número total de personas en viviendas particulares,"Población en viviendas particulares por condición de pobreza por NBI y sexo al nacer, según provincia, cantón, parroquia de residencia y grupos quinquenales de edad"
censo_rate_pobreza_nbi_3_2_de_65_69_condicion_de_pobreza_por_necesidades_basicas_insatisfechas_nbi_pobres_sexo_al_nacer_mujeres,censo_ind_pobreza_nbi_3_2_de_65_69_condicion_de_pobreza_por_necesidades_basicas_insatisfechas_nbi_pobres_sexo_al_nacer_mujeres,censo_ind_pobreza_nbi_3_2_de_65_69_numero_total_de_personas_en_viviendas_particulares,Condición de Pobreza por Necesidades Básicas Insatisfechas NBI | Pobres | Sexo al nacer | Mujeres,Número total de personas en viviendas particulares,"Población en viviendas particulares por condición de pobreza por NBI y sexo al nacer, según provincia, cantón, parroquia de residencia y grupos quinquenales de edad"
censo_rate_pobreza_nbi_3_2_de_70_74_condicion_de_pobreza_por_necesidades_basicas_insatisfechas_nbi_pobres_sexo_al_nacer_hombres,censo_ind_pobreza_nbi_3_2_de_70_74_condicion_de_pobreza_por_necesidades_basicas_insatisfechas_nbi_pobres_sexo_al_nacer_hombres,censo_ind_pobreza_nbi_3_2_de_70_74_numero_total_de_personas_en_viviendas_particulares,Condición de Pobreza por Necesidades Básicas Insatisfechas NBI | Pobres | Sexo al nacer | Hombres,Número total de personas en viviendas particulares,"Población en viviendas particulares por condición de pobreza por NBI y sexo al nacer, según provincia, cantón, parroquia de residencia y grupos quinquenales de edad"
censo_rate_pobreza_nbi_3_2_de_70_74_condicion_de_pobreza_por_necesidades_basicas_insatisfechas_nbi_pobres_sexo_al_nacer_mujeres,censo_ind_pobreza_nbi_3_2_de_70_74_condicion_de_pobreza_por_necesidades_basicas_insatisfechas_nbi_pobres_sexo_al_nacer_mujeres,censo_ind_pobreza_nbi_3_2_de_70_74_numero_total_de_personas_en_viviendas_particulares,Condición de Pobreza por Necesidades Básicas Insatisfechas NBI | Pobres | Sexo al nacer | Mujeres,Número total de personas en viviendas particulares,"Población en viviendas particulares por condición de pobreza por NBI y sexo al nacer, según provincia, cantón, parroquia de residencia y grupos quinquenales de edad"
censo_rate_pobreza_nbi_3_2_de_75_79_condicion_de_pobreza_por_necesidades_basicas_insatisfechas_nbi_pobres_sexo_al_nacer_hombres,censo_ind_pobreza_nbi_3_2_de_75_79_condicion_de_pobreza_por_necesidades_basicas_insatisfechas_nbi_pobres_sexo_al_nacer_hombres,censo_ind_pobreza_nbi_3_2_de_75_79_numero_total_de_personas_en_viviendas_particulares,Condición de Pobreza por Necesidades Básicas Insatisfechas NBI | Pobres | Sexo al nacer | Hombres,Número total de personas en viviendas particulares,"Población en viviendas particulares por condición de pobreza por NBI y sexo al nacer, según provincia, cantón, parroquia de residencia y grupos quinquenales de edad"
censo_rate_pobreza_nbi_3_2_de_75_79_condicion_de_pobreza_por_necesidades_basicas_insatisfechas_nbi_pobres_sexo_al_nacer_mujeres,censo_ind_pobreza_nbi_3_2_de_75_79_condicion_de_pobreza_por_necesidades_basicas_insatisfechas_nbi_pobres_sexo_al_nacer_mujeres,censo_ind_pobreza_nbi_3_2_de_75_79_numero_total_de_personas_en_viviendas_particulares,Condición de Pobreza por Necesidades Básicas Insatisfechas NBI | Pobres | Sexo al nacer | Mujeres,Número total de personas en viviendas particulares,"Población en viviendas particulares por condición de pobreza por NBI y sexo al nacer, según provincia, cantón, parroquia de residencia y grupos quinquenales de edad"
censo_rate_pobreza_nbi_3_2_de_80_84_condicion_de_pobreza_por_necesidades_basicas_insatisfechas_nbi_pobres_sexo_al_nacer_hombres,censo_ind_pobreza_nbi_3_2_de_80_84_condicion_de_pobreza_por_necesidades_basicas_insatisfechas_nbi_pobres_sexo_al_nacer_hombres,censo_ind_pobreza_nbi_3_2_de_80_84_numero_total_de_personas_en_viviendas_particulares,Condición de Pobreza por Necesidades Básicas Insatisfechas NBI | Pobres | Sexo al nacer | Hombres,Número total de personas en viviendas particulares,"Población en viviendas particulares por condición de pobreza por NBI y sexo al nacer, según provincia, cantón, parroquia de residencia y grupos quinquenales de edad"
censo_rate_pobreza_nbi_3_2_de_80_84_condicion_de_pobreza_por_necesidades_basicas_insatisfechas_nbi_pobres_sexo_al_nacer_mujeres,censo_ind_pobreza_nbi_3_2_de_80_84_condicion_de_pobreza_por_necesidades_basicas_insatisfechas_nbi_pobres_sexo_al_nacer_mujeres,censo_ind_pobreza_nbi_3_2_de_80_84_numero_total_de_personas_en_viviendas_particulares,Condición de Pobreza por Necesidades Básicas Insatisfechas NBI | Pobres | Sexo al nacer | Mujeres,Número total de personas en viviendas particulares,"Población en viviendas particulares por condición de pobreza por NBI y sexo al nacer, según provincia, cantón, parroquia de residencia y grupos quinquenales de edad"
censo_rate_pobreza_nbi_3_2_total_geografia_condicion_de_pobreza_por_necesidades_basicas_insatisfechas_nbi_no_pobres_sexo_al_nacer_hombres,censo_ind_pobreza_nbi_3_2_total_geografia_condicion_de_pobreza_por_necesidades_basicas_insatisfechas_nbi_no_pobres_sexo_al_nacer_hombres,censo_ind_pobreza_nbi_3_2_total_geografia_numero_total_de_personas_en_viviendas_particulares,Condición de Pobreza por Necesidades Básicas Insatisfechas NBI | No pobres | Sexo al nacer | Hombres,Número total de personas en viviendas particulares,"Población en viviendas particulares por condición de pobreza por NBI y sexo al nacer, según provincia, cantón, parroquia de residencia y grupos quinquenales de edad"
censo_rate_pobreza_nbi_3_2_total_geografia_condicion_de_pobreza_por_necesidades_basicas_insatisfechas_nbi_no_pobres_sexo_al_nacer_mujeres,censo_ind_pobreza_nbi_3_2_total_geografia_condicion_de_pobreza_por_necesidades_basicas_insatisfechas_nbi_no_pobres_sexo_al_nacer_mujeres,censo_ind_pobreza_nbi_3_2_total_geografia_numero_total_de_personas_en_viviendas_particulares,Condición de Pobreza por Necesidades Básicas Insatisfechas NBI | No pobres | Sexo al nacer | Mujeres,Número total de personas en viviendas particulares,"Población en viviendas particulares por condición de pobreza por NBI y sexo al nacer, según provincia, cantón, parroquia de residencia y grupos quinquenales de edad"
censo_rate_pobreza_nbi_3_2_total_geografia_condicion_de_pobreza_por_necesidades_basicas_insatisfechas_nbi_pobres_sexo_al_nacer_hombres,censo_ind_pobreza_nbi_3_2_total_geografia_condicion_de_pobreza_por_necesidades_basicas_insatisfechas_nbi_pobres_sexo_al_nacer_hombres,censo_ind_pobreza_nbi_3_2_total_geografia_numero_total_de_personas_en_viviendas_particulares,Condición de Pobreza por Necesidades Básicas Insatisfechas NBI | Pobres | Sexo al nacer | Hombres,Número total de personas en viviendas particulares,"Población en viviendas particulares por condición de pobreza por NBI y sexo al nacer, según provincia, cantón, parroquia de residencia y grupos quinquenales de edad"
censo_rate_pobreza_nbi_3_2_total_geografia_condicion_de_pobreza_por_necesidades_basicas_insatisfechas_nbi_pobres_sexo_al_nacer_mujeres,censo_ind_pobreza_nbi_3_2_total_geografia_condicion_de_pobreza_por_necesidades_basicas_insatisfechas_nbi_pobres_sexo_al_nacer_mujeres,censo_ind_pobreza_nbi_3_2_total_geografia_numero_total_de_personas_en_viviendas_particulares,Condición de Pobreza por Necesidades Básicas Insatisfechas NBI | Pobres | Sexo al nacer | Mujeres,Número total de personas en viviendas particulares,"Población en viviendas particulares por condición de pobreza por NBI y sexo al nacer, según provincia, cantón, parroquia de residencia y grupos quinquenales de edad"
censo_rate_pobreza_nbi_4_2_rural_condicion_de_pobreza_por_necesidades_basicas_insatisfechas_nbi_en_pobreza_extrema_sexo_al_nacer_hombres,censo_ind_pobreza_nbi_4_2_rural_condicion_de_pobreza_por_necesidades_basicas_insatisfechas_nbi_en_pobreza_extrema_sexo_al_nacer_hombres,censo_ind_pobreza_nbi_4_2_rural_numero_total_de_personas_en_viviendas_particulares,Condición de Pobreza por Necesidades Básicas Insatisfechas NBI | En pobreza extrema | Sexo al nacer | Hombres,Número total de personas en viviendas particulares,"Población en viviendas particulares por condición de pobreza extrema por NBI y sexo al nacer, según provincia, cantón, parroquia y área de residencia"
censo_rate_pobreza_nbi_4_2_rural_condicion_de_pobreza_por_necesidades_basicas_insatisfechas_nbi_en_pobreza_extrema_sexo_al_nacer_mujeres,censo_ind_pobreza_nbi_4_2_rural_condicion_de_pobreza_por_necesidades_basicas_insatisfechas_nbi_en_pobreza_extrema_sexo_al_nacer_mujeres,censo_ind_pobreza_nbi_4_2_rural_numero_total_de_personas_en_viviendas_particulares,Condición de Pobreza por Necesidades Básicas Insatisfechas NBI | En pobreza extrema | Sexo al nacer | Mujeres,Número total de personas en viviendas particulares,"Población en viviendas particulares por condición de pobreza extrema por NBI y sexo al nacer, según provincia, cantón, parroquia y área de residencia"
censo_rate_pobreza_nbi_4_2_rural_condicion_de_pobreza_por_necesidades_basicas_insatisfechas_nbi_no_en_pobreza_extrema_sexo_al_nacer_hombres,censo_ind_pobreza_nbi_4_2_rural_condicion_de_pobreza_por_necesidades_basicas_insatisfechas_nbi_no_en_pobreza_extrema_sexo_al_nacer_hombres,censo_ind_pobreza_nbi_4_2_rural_numero_total_de_personas_en_viviendas_particulares,Condición de Pobreza por Necesidades Básicas Insatisfechas NBI | No en pobreza extrema | Sexo al nacer | Hombres,Número total de personas en viviendas particulares,"Población en viviendas particulares por condición de pobreza extrema por NBI y sexo al nacer, según provincia, cantón, parroquia y área de residencia"
censo_rate_pobreza_nbi_4_2_rural_condicion_de_pobreza_por_necesidades_basicas_insatisfechas_nbi_no_en_pobreza_extrema_sexo_al_nacer_mujeres,censo_ind_pobreza_nbi_4_2_rural_condicion_de_pobreza_por_necesidades_basicas_insatisfechas_nbi_no_en_pobreza_extrema_sexo_al_nacer_mujeres,censo_ind_pobreza_nbi_4_2_rural_numero_total_de_personas_en_viviendas_particulares,Condición de Pobreza por Necesidades Básicas Insatisfechas NBI | No en pobreza extrema | Sexo al nacer | Mujeres,Número total de personas en viviendas particulares,"Población en viviendas particulares por condición de pobreza extrema por NBI y sexo al nacer, según provincia, cantón, parroquia y área de residencia"
censo_rate_pobreza_nbi_4_2_rural_condicion_de_pobreza_por_necesidades_basicas_insatisfechas_nbi_total_poblacion_en_extrema_pobreza_sexo_al_nacer_mujeres,censo_ind_pobreza_nbi_4_2_rural_condicion_de_pobreza_por_necesidades_basicas_insatisfechas_nbi_total_poblacion_en_extrema_pobreza_sexo_al_nacer_mujeres,censo_ind_pobreza_nbi_4_2_rural_numero_total_de_personas_en_viviendas_particulares,"Condición de Pobreza por Necesidades Básicas Insatisfechas NBI | Total población 
En extrema pobreza | Sexo al nacer | Mujeres",Número total de personas en viviendas particulares,"Población en viviendas particulares por condición de pobreza extrema por NBI y sexo al nacer, según provincia, cantón, parroquia y área de residencia"
censo_rate_pobreza_nbi_4_2_rural_condicion_de_pobreza_por_necesidades_basicas_insatisfechas_nbi_total_poblacion_no_en_pobreza_extrema_sexo_al_nacer_mujeres,censo_ind_pobreza_nbi_4_2_rural_condicion_de_pobreza_por_necesidades_basicas_insatisfechas_nbi_total_poblacion_no_en_pobreza_extrema_sexo_al_nacer_mujeres,censo_ind_pobreza_nbi_4_2_rural_numero_total_de_personas_en_viviendas_particulares,"Condición de Pobreza por Necesidades Básicas Insatisfechas NBI | Total población 
No en pobreza extrema | Sexo al nacer | Mujeres",Número total de personas en viviendas particulares,"Población en viviendas particulares por condición de pobreza extrema por NBI y sexo al nacer, según provincia, cantón, parroquia y área de residencia"
censo_rate_pobreza_nbi_4_2_total_geografia_condicion_de_pobreza_por_necesidades_basicas_insatisfechas_nbi_en_pobreza_extrema_sexo_al_nacer_hombres,censo_ind_pobreza_nbi_4_2_total_geografia_condicion_de_pobreza_por_necesidades_basicas_insatisfechas_nbi_en_pobreza_extrema_sexo_al_nacer_hombres,censo_ind_pobreza_nbi_4_2_total_geografia_numero_total_de_personas_en_viviendas_particulares,Condición de Pobreza por Necesidades Básicas Insatisfechas NBI | En pobreza extrema | Sexo al nacer | Hombres,Número total de personas en viviendas particulares,"Población en viviendas particulares por condición de pobreza extrema por NBI y sexo al nacer, según provincia, cantón, parroquia y área de residencia"
censo_rate_pobreza_nbi_4_2_total_geografia_condicion_de_pobreza_por_necesidades_basicas_insatisfechas_nbi_en_pobreza_extrema_sexo_al_nacer_mujeres,censo_ind_pobreza_nbi_4_2_total_geografia_condicion_de_pobreza_por_necesidades_basicas_insatisfechas_nbi_en_pobreza_extrema_sexo_al_nacer_mujeres,censo_ind_pobreza_nbi_4_2_total_geografia_numero_total_de_personas_en_viviendas_particulares,Condición de Pobreza por Necesidades Básicas Insatisfechas NBI | En pobreza extrema | Sexo al nacer | Mujeres,Número total de personas en viviendas particulares,"Población en viviendas particulares por condición de pobreza extrema por NBI y sexo al nacer, según provincia, cantón, parroquia y área de residencia"
censo_rate_pobreza_nbi_4_2_total_geografia_condicion_de_pobreza_por_necesidades_basicas_insatisfechas_nbi_no_en_pobreza_extrema_sexo_al_nacer_hombres,censo_ind_pobreza_nbi_4_2_total_geografia_condicion_de_pobreza_por_necesidades_basicas_insatisfechas_nbi_no_en_pobreza_extrema_sexo_al_nacer_hombres,censo_ind_pobreza_nbi_4_2_total_geografia_numero_total_de_personas_en_viviendas_particulares,Condición de Pobreza por Necesidades Básicas Insatisfechas NBI | No en pobreza extrema | Sexo al nacer | Hombres,Número total de personas en viviendas particulares,"Población en viviendas particulares por condición de pobreza extrema por NBI y sexo al nacer, según provincia, cantón, parroquia y área de residencia"
censo_rate_pobreza_nbi_4_2_total_geografia_condicion_de_pobreza_por_necesidades_basicas_insatisfechas_nbi_no_en_pobreza_extrema_sexo_al_nacer_mujeres,censo_ind_pobreza_nbi_4_2_total_geografia_condicion_de_pobreza_por_necesidades_basicas_insatisfechas_nbi_no_en_pobreza_extrema_sexo_al_nacer_mujeres,censo_ind_pobreza_nbi_4_2_total_geografia_numero_total_de_personas_en_viviendas_particulares,Condición de Pobreza por Necesidades Básicas Insatisfechas NBI | No en pobreza extrema | Sexo al nacer | Mujeres,Número total de personas en viviendas particulares,"Población en viviendas particulares por condición de pobreza extrema por NBI y sexo al nacer, según provincia, cantón, parroquia y área de residencia"
censo_rate_pobreza_nbi_4_2_total_geografia_condicion_de_pobreza_por_necesidades_basicas_insatisfechas_nbi_total_poblacion_en_extrema_pobreza_sexo_al_nacer_mujeres,censo_ind_pobreza_nbi_4_2_total_geografia_condicion_de_pobreza_por_necesidades_basicas_insatisfechas_nbi_total_poblacion_en_extrema_pobreza_sexo_al_nacer_mujeres,censo_ind_pobreza_nbi_4_2_total_geografia_numero_total_de_personas_en_viviendas_particulares,"Condición de Pobreza por Necesidades Básicas Insatisfechas NBI | Total población 
En extrema pobreza | Sexo al nacer | Mujeres",Número total de personas en viviendas particulares,"Población en viviendas particulares por condición de pobreza extrema por NBI y sexo al nacer, según provincia, cantón, parroquia y área de residencia"
censo_rate_pobreza_nbi_4_2_total_geografia_condicion_de_pobreza_por_necesidades_basicas_insatisfechas_nbi_total_poblacion_no_en_pobreza_extrema_sexo_al_nacer_mujeres,censo_ind_pobreza_nbi_4_2_total_geografia_condicion_de_pobreza_por_necesidades_basicas_insatisfechas_nbi_total_poblacion_no_en_pobreza_extrema_sexo_al_nacer_mujeres,censo_ind_pobreza_nbi_4_2_total_geografia_numero_total_de_personas_en_viviendas_particulares,"Condición de Pobreza por Necesidades Básicas Insatisfechas NBI | Total población 
No en pobreza extrema | Sexo al nacer | Mujeres",Número total de personas en viviendas particulares,"Población en viviendas particulares por condición de pobreza extrema por NBI y sexo al nacer, según provincia, cantón, parroquia y área de residencia"
censo_rate_pobreza_nbi_5_2_mestiza_o_condicion_de_pobreza_extrema_por_necesidades_basicas_insatisfechas_nbi_en_pobreza_extrema_sexo_al_nacer_hombres,censo_ind_pobreza_nbi_5_2_mestiza_o_condicion_de_pobreza_extrema_por_necesidades_basicas_insatisfechas_nbi_en_pobreza_extrema_sexo_al_nacer_hombres,censo_ind_pobreza_nbi_5_2_mestiza_o_numero_total_de_personas_en_viviendas_particulares,Condición de Pobreza Extrema por Necesidades Básicas Insatisfechas NBI | En pobreza extrema | Sexo al nacer | Hombres,Número total de personas en viviendas particulares,"Población en viviendas particulares por condición de pobreza extrema por NBI y sexo al nacer, según provincia, cantón, parroquia y autoidentificación étnica"
censo_rate_pobreza_nbi_5_2_mestiza_o_condicion_de_pobreza_extrema_por_necesidades_basicas_insatisfechas_nbi_en_pobreza_extrema_sexo_al_nacer_mujeres,censo_ind_pobreza_nbi_5_2_mestiza_o_condicion_de_pobreza_extrema_por_necesidades_basicas_insatisfechas_nbi_en_pobreza_extrema_sexo_al_nacer_mujeres,censo_ind_pobreza_nbi_5_2_mestiza_o_numero_total_de_personas_en_viviendas_particulares,Condición de Pobreza Extrema por Necesidades Básicas Insatisfechas NBI | En pobreza extrema | Sexo al nacer | Mujeres,Número total de personas en viviendas particulares,"Población en viviendas particulares por condición de pobreza extrema por NBI y sexo al nacer, según provincia, cantón, parroquia y autoidentificación étnica"
censo_rate_pobreza_nbi_5_2_mestiza_o_condicion_de_pobreza_extrema_por_necesidades_basicas_insatisfechas_nbi_no_en_pobreza_extrema_sexo_al_nacer_hombres,censo_ind_pobreza_nbi_5_2_mestiza_o_condicion_de_pobreza_extrema_por_necesidades_basicas_insatisfechas_nbi_no_en_pobreza_extrema_sexo_al_nacer_hombres,censo_ind_pobreza_nbi_5_2_mestiza_o_numero_total_de_personas_en_viviendas_particulares,Condición de Pobreza Extrema por Necesidades Básicas Insatisfechas NBI | No en pobreza extrema | Sexo al nacer | Hombres,Número total de personas en viviendas particulares,"Población en viviendas particulares por condición de pobreza extrema por NBI y sexo al nacer, según provincia, cantón, parroquia y autoidentificación étnica"
censo_rate_pobreza_nbi_5_2_mestiza_o_condicion_de_pobreza_extrema_por_necesidades_basicas_insatisfechas_nbi_no_en_pobreza_extrema_sexo_al_nacer_mujeres,censo_ind_pobreza_nbi_5_2_mestiza_o_condicion_de_pobreza_extrema_por_necesidades_basicas_insatisfechas_nbi_no_en_pobreza_extrema_sexo_al_nacer_mujeres,censo_ind_pobreza_nbi_5_2_mestiza_o_numero_total_de_personas_en_viviendas_particulares,Condición de Pobreza Extrema por Necesidades Básicas Insatisfechas NBI | No en pobreza extrema | Sexo al nacer | Mujeres,Número total de personas en viviendas particulares,"Población en viviendas particulares por condición de pobreza extrema por NBI y sexo al nacer, según provincia, cantón, parroquia y autoidentificación étnica"
censo_rate_pobreza_nbi_5_2_total_geografia_condicion_de_pobreza_extrema_por_necesidades_basicas_insatisfechas_nbi_en_pobreza_extrema_sexo_al_nacer_hombres,censo_ind_pobreza_nbi_5_2_total_geografia_condicion_de_pobreza_extrema_por_necesidades_basicas_insatisfechas_nbi_en_pobreza_extrema_sexo_al_nacer_hombres,censo_ind_pobreza_nbi_5_2_total_geografia_numero_total_de_personas_en_viviendas_particulares,Condición de Pobreza Extrema por Necesidades Básicas Insatisfechas NBI | En pobreza extrema | Sexo al nacer | Hombres,Número total de personas en viviendas particulares,"Población en viviendas particulares por condición de pobreza extrema por NBI y sexo al nacer, según provincia, cantón, parroquia y autoidentificación étnica"
censo_rate_pobreza_nbi_5_2_total_geografia_condicion_de_pobreza_extrema_por_necesidades_basicas_insatisfechas_nbi_en_pobreza_extrema_sexo_al_nacer_mujeres,censo_ind_pobreza_nbi_5_2_total_geografia_condicion_de_pobreza_extrema_por_necesidades_basicas_insatisfechas_nbi_en_pobreza_extrema_sexo_al_nacer_mujeres,censo_ind_pobreza_nbi_5_2_total_geografia_numero_total_de_personas_en_viviendas_particulares,Condición de Pobreza Extrema por Necesidades Básicas Insatisfechas NBI | En pobreza extrema | Sexo al nacer | Mujeres,Número total de personas en viviendas particulares,"Población en viviendas particulares por condición de pobreza extrema por NBI y sexo al nacer, según provincia, cantón, parroquia y autoidentificación étnica"
censo_rate_pobreza_nbi_5_2_total_geografia_condicion_de_pobreza_extrema_por_necesidades_basicas_insatisfechas_nbi_no_en_pobreza_extrema_sexo_al_nacer_hombres,censo_ind_pobreza_nbi_5_2_total_geografia_condicion_de_pobreza_extrema_por_necesidades_basicas_insatisfechas_nbi_no_en_pobreza_extrema_sexo_al_nacer_hombres,censo_ind_pobreza_nbi_5_2_total_geografia_numero_total_de_personas_en_viviendas_particulares,Condición de Pobreza Extrema por Necesidades Básicas Insatisfechas NBI | No en pobreza extrema | Sexo al nacer | Hombres,Número total de personas en viviendas particulares,"Población en viviendas particulares por condición de pobreza extrema por NBI y sexo al nacer, según provincia, cantón, parroquia y autoidentificación étnica"
censo_rate_pobreza_nbi_5_2_total_geografia_condicion_de_pobreza_extrema_por_necesidades_basicas_insatisfechas_nbi_no_en_pobreza_extrema_sexo_al_nacer_mujeres,censo_ind_pobreza_nbi_5_2_total_geografia_condicion_de_pobreza_extrema_por_necesidades_basicas_insatisfechas_nbi_no_en_pobreza_extrema_sexo_al_nacer_mujeres,censo_ind_pobreza_nbi_5_2_total_geografia_numero_total_de_personas_en_viviendas_particulares,Condición de Pobreza Extrema por Necesidades Básicas Insatisfechas NBI | No en pobreza extrema | Sexo al nacer | Mujeres,Número total de personas en viviendas particulares,"Población en viviendas particulares por condición de pobreza extrema por NBI y sexo al nacer, según provincia, cantón, parroquia y autoidentificación étnica"
censo_rate_pobreza_nbi_6_2_85_o_mas_condicion_de_pobreza_extrema_por_necesidades_basicas_insatisfechas_nbi_no_en_pobreza_extrema_sexo_al_nacer_hombres,censo_ind_pobreza_nbi_6_2_85_o_mas_condicion_de_pobreza_extrema_por_necesidades_basicas_insatisfechas_nbi_no_en_pobreza_extrema_sexo_al_nacer_hombres,censo_ind_pobreza_nbi_6_2_85_o_mas_numero_total_de_personas_en_viviendas_particulares,Condición de Pobreza Extrema por Necesidades Básicas Insatisfechas NBI | No en pobreza extrema | Sexo al nacer | Hombres,Número total de personas en viviendas particulares,"Población en viviendas particulares por condición de pobreza extrema por NBI y sexo al nacer, según provincia, cantón, parroquia de residencia y grupos quinquenales de edad"
censo_rate_pobreza_nbi_6_2_85_o_mas_condicion_de_pobreza_extrema_por_necesidades_basicas_insatisfechas_nbi_no_en_pobreza_extrema_sexo_al_nacer_mujeres,censo_ind_pobreza_nbi_6_2_85_o_mas_condicion_de_pobreza_extrema_por_necesidades_basicas_insatisfechas_nbi_no_en_pobreza_extrema_sexo_al_nacer_mujeres,censo_ind_pobreza_nbi_6_2_85_o_mas_numero_total_de_personas_en_viviendas_particulares,Condición de Pobreza Extrema por Necesidades Básicas Insatisfechas NBI | No en pobreza extrema | Sexo al nacer | Mujeres,Número total de personas en viviendas particulares,"Población en viviendas particulares por condición de pobreza extrema por NBI y sexo al nacer, según provincia, cantón, parroquia de residencia y grupos quinquenales de edad"
censo_rate_pobreza_nbi_6_2_de_0_4_condicion_de_pobreza_extrema_por_necesidades_basicas_insatisfechas_nbi_en_pobreza_extrema_sexo_al_nacer_hombres,censo_ind_pobreza_nbi_6_2_de_0_4_condicion_de_pobreza_extrema_por_necesidades_basicas_insatisfechas_nbi_en_pobreza_extrema_sexo_al_nacer_hombres,censo_ind_pobreza_nbi_6_2_de_0_4_numero_total_de_personas_en_viviendas_particulares,Condición de Pobreza Extrema por Necesidades Básicas Insatisfechas NBI | En pobreza extrema | Sexo al nacer | Hombres,Número total de personas en viviendas particulares,"Población en viviendas particulares por condición de pobreza extrema por NBI y sexo al nacer, según provincia, cantón, parroquia de residencia y grupos quinquenales de edad"
censo_rate_pobreza_nbi_6_2_de_0_4_condicion_de_pobreza_extrema_por_necesidades_basicas_insatisfechas_nbi_en_pobreza_extrema_sexo_al_nacer_mujeres,censo_ind_pobreza_nbi_6_2_de_0_4_condicion_de_pobreza_extrema_por_necesidades_basicas_insatisfechas_nbi_en_pobreza_extrema_sexo_al_nacer_mujeres,censo_ind_pobreza_nbi_6_2_de_0_4_numero_total_de_personas_en_viviendas_particulares,Condición de Pobreza Extrema por Necesidades Básicas Insatisfechas NBI | En pobreza extrema | Sexo al nacer | Mujeres,Número total de personas en viviendas particulares,"Población en viviendas particulares por condición de pobreza extrema por NBI y sexo al nacer, según provincia, cantón, parroquia de residencia y grupos quinquenales de edad"
censo_rate_pobreza_nbi_6_2_de_0_4_condicion_de_pobreza_extrema_por_necesidades_basicas_insatisfechas_nbi_no_en_pobreza_extrema_sexo_al_nacer_hombres,censo_ind_pobreza_nbi_6_2_de_0_4_condicion_de_pobreza_extrema_por_necesidades_basicas_insatisfechas_nbi_no_en_pobreza_extrema_sexo_al_nacer_hombres,censo_ind_pobreza_nbi_6_2_de_0_4_numero_total_de_personas_en_viviendas_particulares,Condición de Pobreza Extrema por Necesidades Básicas Insatisfechas NBI | No en pobreza extrema | Sexo al nacer | Hombres,Número total de personas en viviendas particulares,"Población en viviendas particulares por condición de pobreza extrema por NBI y sexo al nacer, según provincia, cantón, parroquia de residencia y grupos quinquenales de edad"
censo_rate_pobreza_nbi_6_2_de_0_4_condicion_de_pobreza_extrema_por_necesidades_basicas_insatisfechas_nbi_no_en_pobreza_extrema_sexo_al_nacer_mujeres,censo_ind_pobreza_nbi_6_2_de_0_4_condicion_de_pobreza_extrema_por_necesidades_basicas_insatisfechas_nbi_no_en_pobreza_extrema_sexo_al_nacer_mujeres,censo_ind_pobreza_nbi_6_2_de_0_4_numero_total_de_personas_en_viviendas_particulares,Condición de Pobreza Extrema por Necesidades Básicas Insatisfechas NBI | No en pobreza extrema | Sexo al nacer | Mujeres,Número total de personas en viviendas particulares,"Población en viviendas particulares por condición de pobreza extrema por NBI y sexo al nacer, según provincia, cantón, parroquia de residencia y grupos quinquenales de edad"
censo_rate_pobreza_nbi_6_2_de_10_14_condicion_de_pobreza_extrema_por_necesidades_basicas_insatisfechas_nbi_en_pobreza_extrema_sexo_al_nacer_hombres,censo_ind_pobreza_nbi_6_2_de_10_14_condicion_de_pobreza_extrema_por_necesidades_basicas_insatisfechas_nbi_en_pobreza_extrema_sexo_al_nacer_hombres,censo_ind_pobreza_nbi_6_2_de_10_14_numero_total_de_personas_en_viviendas_particulares,Condición de Pobreza Extrema por Necesidades Básicas Insatisfechas NBI | En pobreza extrema | Sexo al nacer | Hombres,Número total de personas en viviendas particulares,"Población en viviendas particulares por condición de pobreza extrema por NBI y sexo al nacer, según provincia, cantón, parroquia de residencia y grupos quinquenales de edad"
censo_rate_pobreza_nbi_6_2_de_10_14_condicion_de_pobreza_extrema_por_necesidades_basicas_insatisfechas_nbi_en_pobreza_extrema_sexo_al_nacer_mujeres,censo_ind_pobreza_nbi_6_2_de_10_14_condicion_de_pobreza_extrema_por_necesidades_basicas_insatisfechas_nbi_en_pobreza_extrema_sexo_al_nacer_mujeres,censo_ind_pobreza_nbi_6_2_de_10_14_numero_total_de_personas_en_viviendas_particulares,Condición de Pobreza Extrema por Necesidades Básicas Insatisfechas NBI | En pobreza extrema | Sexo al nacer | Mujeres,Número total de personas en viviendas particulares,"Población en viviendas particulares por condición de pobreza extrema por NBI y sexo al nacer, según provincia, cantón, parroquia de residencia y grupos quinquenales de edad"
censo_rate_pobreza_nbi_6_2_de_10_14_condicion_de_pobreza_extrema_por_necesidades_basicas_insatisfechas_nbi_no_en_pobreza_extrema_sexo_al_nacer_hombres,censo_ind_pobreza_nbi_6_2_de_10_14_condicion_de_pobreza_extrema_por_necesidades_basicas_insatisfechas_nbi_no_en_pobreza_extrema_sexo_al_nacer_hombres,censo_ind_pobreza_nbi_6_2_de_10_14_numero_total_de_personas_en_viviendas_particulares,Condición de Pobreza Extrema por Necesidades Básicas Insatisfechas NBI | No en pobreza extrema | Sexo al nacer | Hombres,Número total de personas en viviendas particulares,"Población en viviendas particulares por condición de pobreza extrema por NBI y sexo al nacer, según provincia, cantón, parroquia de residencia y grupos quinquenales de edad"
censo_rate_pobreza_nbi_6_2_de_10_14_condicion_de_pobreza_extrema_por_necesidades_basicas_insatisfechas_nbi_no_en_pobreza_extrema_sexo_al_nacer_mujeres,censo_ind_pobreza_nbi_6_2_de_10_14_condicion_de_pobreza_extrema_por_necesidades_basicas_insatisfechas_nbi_no_en_pobreza_extrema_sexo_al_nacer_mujeres,censo_ind_pobreza_nbi_6_2_de_10_14_numero_total_de_personas_en_viviendas_particulares,Condición de Pobreza Extrema por Necesidades Básicas Insatisfechas NBI | No en pobreza extrema | Sexo al nacer | Mujeres,Número total de personas en viviendas particulares,"Población en viviendas particulares por condición de pobreza extrema por NBI y sexo al nacer, según provincia, cantón, parroquia de residencia y grupos quinquenales de edad"
censo_rate_pobreza_nbi_6_2_de_15_19_condicion_de_pobreza_extrema_por_necesidades_basicas_insatisfechas_nbi_en_pobreza_extrema_sexo_al_nacer_hombres,censo_ind_pobreza_nbi_6_2_de_15_19_condicion_de_pobreza_extrema_por_necesidades_basicas_insatisfechas_nbi_en_pobreza_extrema_sexo_al_nacer_hombres,censo_ind_pobreza_nbi_6_2_de_15_19_numero_total_de_personas_en_viviendas_particulares,Condición de Pobreza Extrema por Necesidades Básicas Insatisfechas NBI | En pobreza extrema | Sexo al nacer | Hombres,Número total de personas en viviendas particulares,"Población en viviendas particulares por condición de pobreza extrema por NBI y sexo al nacer, según provincia, cantón, parroquia de residencia y grupos quinquenales de edad"
censo_rate_pobreza_nbi_6_2_de_15_19_condicion_de_pobreza_extrema_por_necesidades_basicas_insatisfechas_nbi_en_pobreza_extrema_sexo_al_nacer_mujeres,censo_ind_pobreza_nbi_6_2_de_15_19_condicion_de_pobreza_extrema_por_necesidades_basicas_insatisfechas_nbi_en_pobreza_extrema_sexo_al_nacer_mujeres,censo_ind_pobreza_nbi_6_2_de_15_19_numero_total_de_personas_en_viviendas_particulares,Condición de Pobreza Extrema por Necesidades Básicas Insatisfechas NBI | En pobreza extrema | Sexo al nacer | Mujeres,Número total de personas en viviendas particulares,"Población en viviendas particulares por condición de pobreza extrema por NBI y sexo al nacer, según provincia, cantón, parroquia de residencia y grupos quinquenales de edad"
censo_rate_pobreza_nbi_6_2_de_15_19_condicion_de_pobreza_extrema_por_necesidades_basicas_insatisfechas_nbi_no_en_pobreza_extrema_sexo_al_nacer_hombres,censo_ind_pobreza_nbi_6_2_de_15_19_condicion_de_pobreza_extrema_por_necesidades_basicas_insatisfechas_nbi_no_en_pobreza_extrema_sexo_al_nacer_hombres,censo_ind_pobreza_nbi_6_2_de_15_19_numero_total_de_personas_en_viviendas_particulares,Condición de Pobreza Extrema por Necesidades Básicas Insatisfechas NBI | No en pobreza extrema | Sexo al nacer | Hombres,Número total de personas en viviendas particulares,"Población en viviendas particulares por condición de pobreza extrema por NBI y sexo al nacer, según provincia, cantón, parroquia de residencia y grupos quinquenales de edad"
censo_rate_pobreza_nbi_6_2_de_15_19_condicion_de_pobreza_extrema_por_necesidades_basicas_insatisfechas_nbi_no_en_pobreza_extrema_sexo_al_nacer_mujeres,censo_ind_pobreza_nbi_6_2_de_15_19_condicion_de_pobreza_extrema_por_necesidades_basicas_insatisfechas_nbi_no_en_pobreza_extrema_sexo_al_nacer_mujeres,censo_ind_pobreza_nbi_6_2_de_15_19_numero_total_de_personas_en_viviendas_particulares,Condición de Pobreza Extrema por Necesidades Básicas Insatisfechas NBI | No en pobreza extrema | Sexo al nacer | Mujeres,Número total de personas en viviendas particulares,"Población en viviendas particulares por condición de pobreza extrema por NBI y sexo al nacer, según provincia, cantón, parroquia de residencia y grupos quinquenales de edad"
censo_rate_pobreza_nbi_6_2_de_20_24_condicion_de_pobreza_extrema_por_necesidades_basicas_insatisfechas_nbi_en_pobreza_extrema_sexo_al_nacer_hombres,censo_ind_pobreza_nbi_6_2_de_20_24_condicion_de_pobreza_extrema_por_necesidades_basicas_insatisfechas_nbi_en_pobreza_extrema_sexo_al_nacer_hombres,censo_ind_pobreza_nbi_6_2_de_20_24_numero_total_de_personas_en_viviendas_particulares,Condición de Pobreza Extrema por Necesidades Básicas Insatisfechas NBI | En pobreza extrema | Sexo al nacer | Hombres,Número total de personas en viviendas particulares,"Población en viviendas particulares por condición de pobreza extrema por NBI y sexo al nacer, según provincia, cantón, parroquia de residencia y grupos quinquenales de edad"
censo_rate_pobreza_nbi_6_2_de_20_24_condicion_de_pobreza_extrema_por_necesidades_basicas_insatisfechas_nbi_en_pobreza_extrema_sexo_al_nacer_mujeres,censo_ind_pobreza_nbi_6_2_de_20_24_condicion_de_pobreza_extrema_por_necesidades_basicas_insatisfechas_nbi_en_pobreza_extrema_sexo_al_nacer_mujeres,censo_ind_pobreza_nbi_6_2_de_20_24_numero_total_de_personas_en_viviendas_particulares,Condición de Pobreza Extrema por Necesidades Básicas Insatisfechas NBI | En pobreza extrema | Sexo al nacer | Mujeres,Número total de personas en viviendas particulares,"Población en viviendas particulares por condición de pobreza extrema por NBI y sexo al nacer, según provincia, cantón, parroquia de residencia y grupos quinquenales de edad"
censo_rate_pobreza_nbi_6_2_de_20_24_condicion_de_pobreza_extrema_por_necesidades_basicas_insatisfechas_nbi_no_en_pobreza_extrema_sexo_al_nacer_hombres,censo_ind_pobreza_nbi_6_2_de_20_24_condicion_de_pobreza_extrema_por_necesidades_basicas_insatisfechas_nbi_no_en_pobreza_extrema_sexo_al_nacer_hombres,censo_ind_pobreza_nbi_6_2_de_20_24_numero_total_de_personas_en_viviendas_particulares,Condición de Pobreza Extrema por Necesidades Básicas Insatisfechas NBI | No en pobreza extrema | Sexo al nacer | Hombres,Número total de personas en viviendas particulares,"Población en viviendas particulares por condición de pobreza extrema por NBI y sexo al nacer, según provincia, cantón, parroquia de residencia y grupos quinquenales de edad"
censo_rate_pobreza_nbi_6_2_de_20_24_condicion_de_pobreza_extrema_por_necesidades_basicas_insatisfechas_nbi_no_en_pobreza_extrema_sexo_al_nacer_mujeres,censo_ind_pobreza_nbi_6_2_de_20_24_condicion_de_pobreza_extrema_por_necesidades_basicas_insatisfechas_nbi_no_en_pobreza_extrema_sexo_al_nacer_mujeres,censo_ind_pobreza_nbi_6_2_de_20_24_numero_total_de_personas_en_viviendas_particulares,Condición de Pobreza Extrema por Necesidades Básicas Insatisfechas NBI | No en pobreza extrema | Sexo al nacer | Mujeres,Número total de personas en viviendas particulares,"Población en viviendas particulares por condición de pobreza extrema por NBI y sexo al nacer, según provincia, cantón, parroquia de residencia y grupos quinquenales de edad"
censo_rate_pobreza_nbi_6_2_de_25_29_condicion_de_pobreza_extrema_por_necesidades_basicas_insatisfechas_nbi_en_pobreza_extrema_sexo_al_nacer_hombres,censo_ind_pobreza_nbi_6_2_de_25_29_condicion_de_pobreza_extrema_por_necesidades_basicas_insatisfechas_nbi_en_pobreza_extrema_sexo_al_nacer_hombres,censo_ind_pobreza_nbi_6_2_de_25_29_numero_total_de_personas_en_viviendas_particulares,Condición de Pobreza Extrema por Necesidades Básicas Insatisfechas NBI | En pobreza extrema | Sexo al nacer | Hombres,Número total de personas en viviendas particulares,"Población en viviendas particulares por condición de pobreza extrema por NBI y sexo al nacer, según provincia, cantón, parroquia de residencia y grupos quinquenales de edad"
censo_rate_pobreza_nbi_6_2_de_25_29_condicion_de_pobreza_extrema_por_necesidades_basicas_insatisfechas_nbi_en_pobreza_extrema_sexo_al_nacer_mujeres,censo_ind_pobreza_nbi_6_2_de_25_29_condicion_de_pobreza_extrema_por_necesidades_basicas_insatisfechas_nbi_en_pobreza_extrema_sexo_al_nacer_mujeres,censo_ind_pobreza_nbi_6_2_de_25_29_numero_total_de_personas_en_viviendas_particulares,Condición de Pobreza Extrema por Necesidades Básicas Insatisfechas NBI | En pobreza extrema | Sexo al nacer | Mujeres,Número total de personas en viviendas particulares,"Población en viviendas particulares por condición de pobreza extrema por NBI y sexo al nacer, según provincia, cantón, parroquia de residencia y grupos quinquenales de edad"
censo_rate_pobreza_nbi_6_2_de_25_29_condicion_de_pobreza_extrema_por_necesidades_basicas_insatisfechas_nbi_no_en_pobreza_extrema_sexo_al_nacer_hombres,censo_ind_pobreza_nbi_6_2_de_25_29_condicion_de_pobreza_extrema_por_necesidades_basicas_insatisfechas_nbi_no_en_pobreza_extrema_sexo_al_nacer_hombres,censo_ind_pobreza_nbi_6_2_de_25_29_numero_total_de_personas_en_viviendas_particulares,Condición de Pobreza Extrema por Necesidades Básicas Insatisfechas NBI | No en pobreza extrema | Sexo al nacer | Hombres,Número total de personas en viviendas particulares,"Población en viviendas particulares por condición de pobreza extrema por NBI y sexo al nacer, según provincia, cantón, parroquia de residencia y grupos quinquenales de edad"
censo_rate_pobreza_nbi_6_2_de_25_29_condicion_de_pobreza_extrema_por_necesidades_basicas_insatisfechas_nbi_no_en_pobreza_extrema_sexo_al_nacer_mujeres,censo_ind_pobreza_nbi_6_2_de_25_29_condicion_de_pobreza_extrema_por_necesidades_basicas_insatisfechas_nbi_no_en_pobreza_extrema_sexo_al_nacer_mujeres,censo_ind_pobreza_nbi_6_2_de_25_29_numero_total_de_personas_en_viviendas_particulares,Condición de Pobreza Extrema por Necesidades Básicas Insatisfechas NBI | No en pobreza extrema | Sexo al nacer | Mujeres,Número total de personas en viviendas particulares,"Población en viviendas particulares por condición de pobreza extrema por NBI y sexo al nacer, según provincia, cantón, parroquia de residencia y grupos quinquenales de edad"
censo_rate_pobreza_nbi_6_2_de_30_34_condicion_de_pobreza_extrema_por_necesidades_basicas_insatisfechas_nbi_en_pobreza_extrema_sexo_al_nacer_hombres,censo_ind_pobreza_nbi_6_2_de_30_34_condicion_de_pobreza_extrema_por_necesidades_basicas_insatisfechas_nbi_en_pobreza_extrema_sexo_al_nacer_hombres,censo_ind_pobreza_nbi_6_2_de_30_34_numero_total_de_personas_en_viviendas_particulares,Condición de Pobreza Extrema por Necesidades Básicas Insatisfechas NBI | En pobreza extrema | Sexo al nacer | Hombres,Número total de personas en viviendas particulares,"Población en viviendas particulares por condición de pobreza extrema por NBI y sexo al nacer, según provincia, cantón, parroquia de residencia y grupos quinquenales de edad"
censo_rate_pobreza_nbi_6_2_de_30_34_condicion_de_pobreza_extrema_por_necesidades_basicas_insatisfechas_nbi_en_pobreza_extrema_sexo_al_nacer_mujeres,censo_ind_pobreza_nbi_6_2_de_30_34_condicion_de_pobreza_extrema_por_necesidades_basicas_insatisfechas_nbi_en_pobreza_extrema_sexo_al_nacer_mujeres,censo_ind_pobreza_nbi_6_2_de_30_34_numero_total_de_personas_en_viviendas_particulares,Condición de Pobreza Extrema por Necesidades Básicas Insatisfechas NBI | En pobreza extrema | Sexo al nacer | Mujeres,Número total de personas en viviendas particulares,"Población en viviendas particulares por condición de pobreza extrema por NBI y sexo al nacer, según provincia, cantón, parroquia de residencia y grupos quinquenales de edad"
censo_rate_pobreza_nbi_6_2_de_30_34_condicion_de_pobreza_extrema_por_necesidades_basicas_insatisfechas_nbi_no_en_pobreza_extrema_sexo_al_nacer_hombres,censo_ind_pobreza_nbi_6_2_de_30_34_condicion_de_pobreza_extrema_por_necesidades_basicas_insatisfechas_nbi_no_en_pobreza_extrema_sexo_al_nacer_hombres,censo_ind_pobreza_nbi_6_2_de_30_34_numero_total_de_personas_en_viviendas_particulares,Condición de Pobreza Extrema por Necesidades Básicas Insatisfechas NBI | No en pobreza extrema | Sexo al nacer | Hombres,Número total de personas en viviendas particulares,"Población en viviendas particulares por condición de pobreza extrema por NBI y sexo al nacer, según provincia, cantón, parroquia de residencia y grupos quinquenales de edad"
censo_rate_pobreza_nbi_6_2_de_30_34_condicion_de_pobreza_extrema_por_necesidades_basicas_insatisfechas_nbi_no_en_pobreza_extrema_sexo_al_nacer_mujeres,censo_ind_pobreza_nbi_6_2_de_30_34_condicion_de_pobreza_extrema_por_necesidades_basicas_insatisfechas_nbi_no_en_pobreza_extrema_sexo_al_nacer_mujeres,censo_ind_pobreza_nbi_6_2_de_30_34_numero_total_de_personas_en_viviendas_particulares,Condición de Pobreza Extrema por Necesidades Básicas Insatisfechas NBI | No en pobreza extrema | Sexo al nacer | Mujeres,Número total de personas en viviendas particulares,"Población en viviendas particulares por condición de pobreza extrema por NBI y sexo al nacer, según provincia, cantón, parroquia de residencia y grupos quinquenales de edad"
censo_rate_pobreza_nbi_6_2_de_35_39_condicion_de_pobreza_extrema_por_necesidades_basicas_insatisfechas_nbi_en_pobreza_extrema_sexo_al_nacer_hombres,censo_ind_pobreza_nbi_6_2_de_35_39_condicion_de_pobreza_extrema_por_necesidades_basicas_insatisfechas_nbi_en_pobreza_extrema_sexo_al_nacer_hombres,censo_ind_pobreza_nbi_6_2_de_35_39_numero_total_de_personas_en_viviendas_particulares,Condición de Pobreza Extrema por Necesidades Básicas Insatisfechas NBI | En pobreza extrema | Sexo al nacer | Hombres,Número total de personas en viviendas particulares,"Población en viviendas particulares por condición de pobreza extrema por NBI y sexo al nacer, según provincia, cantón, parroquia de residencia y grupos quinquenales de edad"
censo_rate_pobreza_nbi_6_2_de_35_39_condicion_de_pobreza_extrema_por_necesidades_basicas_insatisfechas_nbi_en_pobreza_extrema_sexo_al_nacer_mujeres,censo_ind_pobreza_nbi_6_2_de_35_39_condicion_de_pobreza_extrema_por_necesidades_basicas_insatisfechas_nbi_en_pobreza_extrema_sexo_al_nacer_mujeres,censo_ind_pobreza_nbi_6_2_de_35_39_numero_total_de_personas_en_viviendas_particulares,Condición de Pobreza Extrema por Necesidades Básicas Insatisfechas NBI | En pobreza extrema | Sexo al nacer | Mujeres,Número total de personas en viviendas particulares,"Población en viviendas particulares por condición de pobreza extrema por NBI y sexo al nacer, según provincia, cantón, parroquia de residencia y grupos quinquenales de edad"
censo_rate_pobreza_nbi_6_2_de_35_39_condicion_de_pobreza_extrema_por_necesidades_basicas_insatisfechas_nbi_no_en_pobreza_extrema_sexo_al_nacer_hombres,censo_ind_pobreza_nbi_6_2_de_35_39_condicion_de_pobreza_extrema_por_necesidades_basicas_insatisfechas_nbi_no_en_pobreza_extrema_sexo_al_nacer_hombres,censo_ind_pobreza_nbi_6_2_de_35_39_numero_total_de_personas_en_viviendas_particulares,Condición de Pobreza Extrema por Necesidades Básicas Insatisfechas NBI | No en pobreza extrema | Sexo al nacer | Hombres,Número total de personas en viviendas particulares,"Población en viviendas particulares por condición de pobreza extrema por NBI y sexo al nacer, según provincia, cantón, parroquia de residencia y grupos quinquenales de edad"
censo_rate_pobreza_nbi_6_2_de_35_39_condicion_de_pobreza_extrema_por_necesidades_basicas_insatisfechas_nbi_no_en_pobreza_extrema_sexo_al_nacer_mujeres,censo_ind_pobreza_nbi_6_2_de_35_39_condicion_de_pobreza_extrema_por_necesidades_basicas_insatisfechas_nbi_no_en_pobreza_extrema_sexo_al_nacer_mujeres,censo_ind_pobreza_nbi_6_2_de_35_39_numero_total_de_personas_en_viviendas_particulares,Condición de Pobreza Extrema por Necesidades Básicas Insatisfechas NBI | No en pobreza extrema | Sexo al nacer | Mujeres,Número total de personas en viviendas particulares,"Población en viviendas particulares por condición de pobreza extrema por NBI y sexo al nacer, según provincia, cantón, parroquia de residencia y grupos quinquenales de edad"
censo_rate_pobreza_nbi_6_2_de_40_44_condicion_de_pobreza_extrema_por_necesidades_basicas_insatisfechas_nbi_en_pobreza_extrema_sexo_al_nacer_hombres,censo_ind_pobreza_nbi_6_2_de_40_44_condicion_de_pobreza_extrema_por_necesidades_basicas_insatisfechas_nbi_en_pobreza_extrema_sexo_al_nacer_hombres,censo_ind_pobreza_nbi_6_2_de_40_44_numero_total_de_personas_en_viviendas_particulares,Condición de Pobreza Extrema por Necesidades Básicas Insatisfechas NBI | En pobreza extrema | Sexo al nacer | Hombres,Número total de personas en viviendas particulares,"Población en viviendas particulares por condición de pobreza extrema por NBI y sexo al nacer, según provincia, cantón, parroquia de residencia y grupos quinquenales de edad"
censo_rate_pobreza_nbi_6_2_de_40_44_condicion_de_pobreza_extrema_por_necesidades_basicas_insatisfechas_nbi_en_pobreza_extrema_sexo_al_nacer_mujeres,censo_ind_pobreza_nbi_6_2_de_40_44_condicion_de_pobreza_extrema_por_necesidades_basicas_insatisfechas_nbi_en_pobreza_extrema_sexo_al_nacer_mujeres,censo_ind_pobreza_nbi_6_2_de_40_44_numero_total_de_personas_en_viviendas_particulares,Condición de Pobreza Extrema por Necesidades Básicas Insatisfechas NBI | En pobreza extrema | Sexo al nacer | Mujeres,Número total de personas en viviendas particulares,"Población en viviendas particulares por condición de pobreza extrema por NBI y sexo al nacer, según provincia, cantón, parroquia de residencia y grupos quinquenales de edad"
censo_rate_pobreza_nbi_6_2_de_40_44_condicion_de_pobreza_extrema_por_necesidades_basicas_insatisfechas_nbi_no_en_pobreza_extrema_sexo_al_nacer_hombres,censo_ind_pobreza_nbi_6_2_de_40_44_condicion_de_pobreza_extrema_por_necesidades_basicas_insatisfechas_nbi_no_en_pobreza_extrema_sexo_al_nacer_hombres,censo_ind_pobreza_nbi_6_2_de_40_44_numero_total_de_personas_en_viviendas_particulares,Condición de Pobreza Extrema por Necesidades Básicas Insatisfechas NBI | No en pobreza extrema | Sexo al nacer | Hombres,Número total de personas en viviendas particulares,"Población en viviendas particulares por condición de pobreza extrema por NBI y sexo al nacer, según provincia, cantón, parroquia de residencia y grupos quinquenales de edad"
censo_rate_pobreza_nbi_6_2_de_40_44_condicion_de_pobreza_extrema_por_necesidades_basicas_insatisfechas_nbi_no_en_pobreza_extrema_sexo_al_nacer_mujeres,censo_ind_pobreza_nbi_6_2_de_40_44_condicion_de_pobreza_extrema_por_necesidades_basicas_insatisfechas_nbi_no_en_pobreza_extrema_sexo_al_nacer_mujeres,censo_ind_pobreza_nbi_6_2_de_40_44_numero_total_de_personas_en_viviendas_particulares,Condición de Pobreza Extrema por Necesidades Básicas Insatisfechas NBI | No en pobreza extrema | Sexo al nacer | Mujeres,Número total de personas en viviendas particulares,"Población en viviendas particulares por condición de pobreza extrema por NBI y sexo al nacer, según provincia, cantón, parroquia de residencia y grupos quinquenales de edad"
censo_rate_pobreza_nbi_6_2_de_45_49_condicion_de_pobreza_extrema_por_necesidades_basicas_insatisfechas_nbi_en_pobreza_extrema_sexo_al_nacer_hombres,censo_ind_pobreza_nbi_6_2_de_45_49_condicion_de_pobreza_extrema_por_necesidades_basicas_insatisfechas_nbi_en_pobreza_extrema_sexo_al_nacer_hombres,censo_ind_pobreza_nbi_6_2_de_45_49_numero_total_de_personas_en_viviendas_particulares,Condición de Pobreza Extrema por Necesidades Básicas Insatisfechas NBI | En pobreza extrema | Sexo al nacer | Hombres,Número total de personas en viviendas particulares,"Población en viviendas particulares por condición de pobreza extrema por NBI y sexo al nacer, según provincia, cantón, parroquia de residencia y grupos quinquenales de edad"
censo_rate_pobreza_nbi_6_2_de_45_49_condicion_de_pobreza_extrema_por_necesidades_basicas_insatisfechas_nbi_en_pobreza_extrema_sexo_al_nacer_mujeres,censo_ind_pobreza_nbi_6_2_de_45_49_condicion_de_pobreza_extrema_por_necesidades_basicas_insatisfechas_nbi_en_pobreza_extrema_sexo_al_nacer_mujeres,censo_ind_pobreza_nbi_6_2_de_45_49_numero_total_de_personas_en_viviendas_particulares,Condición de Pobreza Extrema por Necesidades Básicas Insatisfechas NBI | En pobreza extrema | Sexo al nacer | Mujeres,Número total de personas en viviendas particulares,"Población en viviendas particulares por condición de pobreza extrema por NBI y sexo al nacer, según provincia, cantón, parroquia de residencia y grupos quinquenales de edad"
censo_rate_pobreza_nbi_6_2_de_45_49_condicion_de_pobreza_extrema_por_necesidades_basicas_insatisfechas_nbi_no_en_pobreza_extrema_sexo_al_nacer_hombres,censo_ind_pobreza_nbi_6_2_de_45_49_condicion_de_pobreza_extrema_por_necesidades_basicas_insatisfechas_nbi_no_en_pobreza_extrema_sexo_al_nacer_hombres,censo_ind_pobreza_nbi_6_2_de_45_49_numero_total_de_personas_en_viviendas_particulares,Condición de Pobreza Extrema por Necesidades Básicas Insatisfechas NBI | No en pobreza extrema | Sexo al nacer | Hombres,Número total de personas en viviendas particulares,"Población en viviendas particulares por condición de pobreza extrema por NBI y sexo al nacer, según provincia, cantón, parroquia de residencia y grupos quinquenales de edad"
censo_rate_pobreza_nbi_6_2_de_45_49_condicion_de_pobreza_extrema_por_necesidades_basicas_insatisfechas_nbi_no_en_pobreza_extrema_sexo_al_nacer_mujeres,censo_ind_pobreza_nbi_6_2_de_45_49_condicion_de_pobreza_extrema_por_necesidades_basicas_insatisfechas_nbi_no_en_pobreza_extrema_sexo_al_nacer_mujeres,censo_ind_pobreza_nbi_6_2_de_45_49_numero_total_de_personas_en_viviendas_particulares,Condición de Pobreza Extrema por Necesidades Básicas Insatisfechas NBI | No en pobreza extrema | Sexo al nacer | Mujeres,Número total de personas en viviendas particulares,"Población en viviendas particulares por condición de pobreza extrema por NBI y sexo al nacer, según provincia, cantón, parroquia de residencia y grupos quinquenales de edad"
censo_rate_pobreza_nbi_6_2_de_5_9_condicion_de_pobreza_extrema_por_necesidades_basicas_insatisfechas_nbi_en_pobreza_extrema_sexo_al_nacer_hombres,censo_ind_pobreza_nbi_6_2_de_5_9_condicion_de_pobreza_extrema_por_necesidades_basicas_insatisfechas_nbi_en_pobreza_extrema_sexo_al_nacer_hombres,censo_ind_pobreza_nbi_6_2_de_5_9_numero_total_de_personas_en_viviendas_particulares,Condición de Pobreza Extrema por Necesidades Básicas Insatisfechas NBI | En pobreza extrema | Sexo al nacer | Hombres,Número total de personas en viviendas particulares,"Población en viviendas particulares por condición de pobreza extrema por NBI y sexo al nacer, según provincia, cantón, parroquia de residencia y grupos quinquenales de edad"
censo_rate_pobreza_nbi_6_2_de_5_9_condicion_de_pobreza_extrema_por_necesidades_basicas_insatisfechas_nbi_en_pobreza_extrema_sexo_al_nacer_mujeres,censo_ind_pobreza_nbi_6_2_de_5_9_condicion_de_pobreza_extrema_por_necesidades_basicas_insatisfechas_nbi_en_pobreza_extrema_sexo_al_nacer_mujeres,censo_ind_pobreza_nbi_6_2_de_5_9_numero_total_de_personas_en_viviendas_particulares,Condición de Pobreza Extrema por Necesidades Básicas Insatisfechas NBI | En pobreza extrema | Sexo al nacer | Mujeres,Número total de personas en viviendas particulares,"Población en viviendas particulares por condición de pobreza extrema por NBI y sexo al nacer, según provincia, cantón, parroquia de residencia y grupos quinquenales de edad"
censo_rate_pobreza_nbi_6_2_de_5_9_condicion_de_pobreza_extrema_por_necesidades_basicas_insatisfechas_nbi_no_en_pobreza_extrema_sexo_al_nacer_hombres,censo_ind_pobreza_nbi_6_2_de_5_9_condicion_de_pobreza_extrema_por_necesidades_basicas_insatisfechas_nbi_no_en_pobreza_extrema_sexo_al_nacer_hombres,censo_ind_pobreza_nbi_6_2_de_5_9_numero_total_de_personas_en_viviendas_particulares,Condición de Pobreza Extrema por Necesidades Básicas Insatisfechas NBI | No en pobreza extrema | Sexo al nacer | Hombres,Número total de personas en viviendas particulares,"Población en viviendas particulares por condición de pobreza extrema por NBI y sexo al nacer, según provincia, cantón, parroquia de residencia y grupos quinquenales de edad"
censo_rate_pobreza_nbi_6_2_de_5_9_condicion_de_pobreza_extrema_por_necesidades_basicas_insatisfechas_nbi_no_en_pobreza_extrema_sexo_al_nacer_mujeres,censo_ind_pobreza_nbi_6_2_de_5_9_condicion_de_pobreza_extrema_por_necesidades_basicas_insatisfechas_nbi_no_en_pobreza_extrema_sexo_al_nacer_mujeres,censo_ind_pobreza_nbi_6_2_de_5_9_numero_total_de_personas_en_viviendas_particulares,Condición de Pobreza Extrema por Necesidades Básicas Insatisfechas NBI | No en pobreza extrema | Sexo al nacer | Mujeres,Número total de personas en viviendas particulares,"Población en viviendas particulares por condición de pobreza extrema por NBI y sexo al nacer, según provincia, cantón, parroquia de residencia y grupos quinquenales de edad"
censo_rate_pobreza_nbi_6_2_de_50_54_condicion_de_pobreza_extrema_por_necesidades_basicas_insatisfechas_nbi_no_en_pobreza_extrema_sexo_al_nacer_hombres,censo_ind_pobreza_nbi_6_2_de_50_54_condicion_de_pobreza_extrema_por_necesidades_basicas_insatisfechas_nbi_no_en_pobreza_extrema_sexo_al_nacer_hombres,censo_ind_pobreza_nbi_6_2_de_50_54_numero_total_de_personas_en_viviendas_particulares,Condición de Pobreza Extrema por Necesidades Básicas Insatisfechas NBI | No en pobreza extrema | Sexo al nacer | Hombres,Número total de personas en viviendas particulares,"Población en viviendas particulares por condición de pobreza extrema por NBI y sexo al nacer, según provincia, cantón, parroquia de residencia y grupos quinquenales de edad"
censo_rate_pobreza_nbi_6_2_de_50_54_condicion_de_pobreza_extrema_por_necesidades_basicas_insatisfechas_nbi_no_en_pobreza_extrema_sexo_al_nacer_mujeres,censo_ind_pobreza_nbi_6_2_de_50_54_condicion_de_pobreza_extrema_por_necesidades_basicas_insatisfechas_nbi_no_en_pobreza_extrema_sexo_al_nacer_mujeres,censo_ind_pobreza_nbi_6_2_de_50_54_numero_total_de_personas_en_viviendas_particulares,Condición de Pobreza Extrema por Necesidades Básicas Insatisfechas NBI | No en pobreza extrema | Sexo al nacer | Mujeres,Número total de personas en viviendas particulares,"Población en viviendas particulares por condición de pobreza extrema por NBI y sexo al nacer, según provincia, cantón, parroquia de residencia y grupos quinquenales de edad"
censo_rate_pobreza_nbi_6_2_de_55_59_condicion_de_pobreza_extrema_por_necesidades_basicas_insatisfechas_nbi_no_en_pobreza_extrema_sexo_al_nacer_hombres,censo_ind_pobreza_nbi_6_2_de_55_59_condicion_de_pobreza_extrema_por_necesidades_basicas_insatisfechas_nbi_no_en_pobreza_extrema_sexo_al_nacer_hombres,censo_ind_pobreza_nbi_6_2_de_55_59_numero_total_de_personas_en_viviendas_particulares,Condición de Pobreza Extrema por Necesidades Básicas Insatisfechas NBI | No en pobreza extrema | Sexo al nacer | Hombres,Número total de personas en viviendas particulares,"Población en viviendas particulares por condición de pobreza extrema por NBI y sexo al nacer, según provincia, cantón, parroquia de residencia y grupos quinquenales de edad"
censo_rate_pobreza_nbi_6_2_de_55_59_condicion_de_pobreza_extrema_por_necesidades_basicas_insatisfechas_nbi_no_en_pobreza_extrema_sexo_al_nacer_mujeres,censo_ind_pobreza_nbi_6_2_de_55_59_condicion_de_pobreza_extrema_por_necesidades_basicas_insatisfechas_nbi_no_en_pobreza_extrema_sexo_al_nacer_mujeres,censo_ind_pobreza_nbi_6_2_de_55_59_numero_total_de_personas_en_viviendas_particulares,Condición de Pobreza Extrema por Necesidades Básicas Insatisfechas NBI | No en pobreza extrema | Sexo al nacer | Mujeres,Número total de personas en viviendas particulares,"Población en viviendas particulares por condición de pobreza extrema por NBI y sexo al nacer, según provincia, cantón, parroquia de residencia y grupos quinquenales de edad"
censo_rate_pobreza_nbi_6_2_de_60_64_condicion_de_pobreza_extrema_por_necesidades_basicas_insatisfechas_nbi_no_en_pobreza_extrema_sexo_al_nacer_hombres,censo_ind_pobreza_nbi_6_2_de_60_64_condicion_de_pobreza_extrema_por_necesidades_basicas_insatisfechas_nbi_no_en_pobreza_extrema_sexo_al_nacer_hombres,censo_ind_pobreza_nbi_6_2_de_60_64_numero_total_de_personas_en_viviendas_particulares,Condición de Pobreza Extrema por Necesidades Básicas Insatisfechas NBI | No en pobreza extrema | Sexo al nacer | Hombres,Número total de personas en viviendas particulares,"Población en viviendas particulares por condición de pobreza extrema por NBI y sexo al nacer, según provincia, cantón, parroquia de residencia y grupos quinquenales de edad"
censo_rate_pobreza_nbi_6_2_de_60_64_condicion_de_pobreza_extrema_por_necesidades_basicas_insatisfechas_nbi_no_en_pobreza_extrema_sexo_al_nacer_mujeres,censo_ind_pobreza_nbi_6_2_de_60_64_condicion_de_pobreza_extrema_por_necesidades_basicas_insatisfechas_nbi_no_en_pobreza_extrema_sexo_al_nacer_mujeres,censo_ind_pobreza_nbi_6_2_de_60_64_numero_total_de_personas_en_viviendas_particulares,Condición de Pobreza Extrema por Necesidades Básicas Insatisfechas NBI | No en pobreza extrema | Sexo al nacer | Mujeres,Número total de personas en viviendas particulares,"Población en viviendas particulares por condición de pobreza extrema por NBI y sexo al nacer, según provincia, cantón, parroquia de residencia y grupos quinquenales de edad"
censo_rate_pobreza_nbi_6_2_de_65_69_condicion_de_pobreza_extrema_por_necesidades_basicas_insatisfechas_nbi_no_en_pobreza_extrema_sexo_al_nacer_hombres,censo_ind_pobreza_nbi_6_2_de_65_69_condicion_de_pobreza_extrema_por_necesidades_basicas_insatisfechas_nbi_no_en_pobreza_extrema_sexo_al_nacer_hombres,censo_ind_pobreza_nbi_6_2_de_65_69_numero_total_de_personas_en_viviendas_particulares,Condición de Pobreza Extrema por Necesidades Básicas Insatisfechas NBI | No en pobreza extrema | Sexo al nacer | Hombres,Número total de personas en viviendas particulares,"Población en viviendas particulares por condición de pobreza extrema por NBI y sexo al nacer, según provincia, cantón, parroquia de residencia y grupos quinquenales de edad"
censo_rate_pobreza_nbi_6_2_de_65_69_condicion_de_pobreza_extrema_por_necesidades_basicas_insatisfechas_nbi_no_en_pobreza_extrema_sexo_al_nacer_mujeres,censo_ind_pobreza_nbi_6_2_de_65_69_condicion_de_pobreza_extrema_por_necesidades_basicas_insatisfechas_nbi_no_en_pobreza_extrema_sexo_al_nacer_mujeres,censo_ind_pobreza_nbi_6_2_de_65_69_numero_total_de_personas_en_viviendas_particulares,Condición de Pobreza Extrema por Necesidades Básicas Insatisfechas NBI | No en pobreza extrema | Sexo al nacer | Mujeres,Número total de personas en viviendas particulares,"Población en viviendas particulares por condición de pobreza extrema por NBI y sexo al nacer, según provincia, cantón, parroquia de residencia y grupos quinquenales de edad"
censo_rate_pobreza_nbi_6_2_de_70_74_condicion_de_pobreza_extrema_por_necesidades_basicas_insatisfechas_nbi_no_en_pobreza_extrema_sexo_al_nacer_hombres,censo_ind_pobreza_nbi_6_2_de_70_74_condicion_de_pobreza_extrema_por_necesidades_basicas_insatisfechas_nbi_no_en_pobreza_extrema_sexo_al_nacer_hombres,censo_ind_pobreza_nbi_6_2_de_70_74_numero_total_de_personas_en_viviendas_particulares,Condición de Pobreza Extrema por Necesidades Básicas Insatisfechas NBI | No en pobreza extrema | Sexo al nacer | Hombres,Número total de personas en viviendas particulares,"Población en viviendas particulares por condición de pobreza extrema por NBI y sexo al nacer, según provincia, cantón, parroquia de residencia y grupos quinquenales de edad"
censo_rate_pobreza_nbi_6_2_de_70_74_condicion_de_pobreza_extrema_por_necesidades_basicas_insatisfechas_nbi_no_en_pobreza_extrema_sexo_al_nacer_mujeres,censo_ind_pobreza_nbi_6_2_de_70_74_condicion_de_pobreza_extrema_por_necesidades_basicas_insatisfechas_nbi_no_en_pobreza_extrema_sexo_al_nacer_mujeres,censo_ind_pobreza_nbi_6_2_de_70_74_numero_total_de_personas_en_viviendas_particulares,Condición de Pobreza Extrema por Necesidades Básicas Insatisfechas NBI | No en pobreza extrema | Sexo al nacer | Mujeres,Número total de personas en viviendas particulares,"Población en viviendas particulares por condición de pobreza extrema por NBI y sexo al nacer, según provincia, cantón, parroquia de residencia y grupos quinquenales de edad"
censo_rate_pobreza_nbi_6_2_de_75_79_condicion_de_pobreza_extrema_por_necesidades_basicas_insatisfechas_nbi_no_en_pobreza_extrema_sexo_al_nacer_hombres,censo_ind_pobreza_nbi_6_2_de_75_79_condicion_de_pobreza_extrema_por_necesidades_basicas_insatisfechas_nbi_no_en_pobreza_extrema_sexo_al_nacer_hombres,censo_ind_pobreza_nbi_6_2_de_75_79_numero_total_de_personas_en_viviendas_particulares,Condición de Pobreza Extrema por Necesidades Básicas Insatisfechas NBI | No en pobreza extrema | Sexo al nacer | Hombres,Número total de personas en viviendas particulares,"Población en viviendas particulares por condición de pobreza extrema por NBI y sexo al nacer, según provincia, cantón, parroquia de residencia y grupos quinquenales de edad"
censo_rate_pobreza_nbi_6_2_de_75_79_condicion_de_pobreza_extrema_por_necesidades_basicas_insatisfechas_nbi_no_en_pobreza_extrema_sexo_al_nacer_mujeres,censo_ind_pobreza_nbi_6_2_de_75_79_condicion_de_pobreza_extrema_por_necesidades_basicas_insatisfechas_nbi_no_en_pobreza_extrema_sexo_al_nacer_mujeres,censo_ind_pobreza_nbi_6_2_de_75_79_numero_total_de_personas_en_viviendas_particulares,Condición de Pobreza Extrema por Necesidades Básicas Insatisfechas NBI | No en pobreza extrema | Sexo al nacer | Mujeres,Número total de personas en viviendas particulares,"Población en viviendas particulares por condición de pobreza extrema por NBI y sexo al nacer, según provincia, cantón, parroquia de residencia y grupos quinquenales de edad"
censo_rate_pobreza_nbi_6_2_de_80_84_condicion_de_pobreza_extrema_por_necesidades_basicas_insatisfechas_nbi_no_en_pobreza_extrema_sexo_al_nacer_hombres,censo_ind_pobreza_nbi_6_2_de_80_84_condicion_de_pobreza_extrema_por_necesidades_basicas_insatisfechas_nbi_no_en_pobreza_extrema_sexo_al_nacer_hombres,censo_ind_pobreza_nbi_6_2_de_80_84_numero_total_de_personas_en_viviendas_particulares,Condición de Pobreza Extrema por Necesidades Básicas Insatisfechas NBI | No en pobreza extrema | Sexo al nacer | Hombres,Número total de personas en viviendas particulares,"Población en viviendas particulares por condición de pobreza extrema por NBI y sexo al nacer, según provincia, cantón, parroquia de residencia y grupos quinquenales de edad"
censo_rate_pobreza_nbi_6_2_de_80_84_condicion_de_pobreza_extrema_por_necesidades_basicas_insatisfechas_nbi_no_en_pobreza_extrema_sexo_al_nacer_mujeres,censo_ind_pobreza_nbi_6_2_de_80_84_condicion_de_pobreza_extrema_por_necesidades_basicas_insatisfechas_nbi_no_en_pobreza_extrema_sexo_al_nacer_mujeres,censo_ind_pobreza_nbi_6_2_de_80_84_numero_total_de_personas_en_viviendas_particulares,Condición de Pobreza Extrema por Necesidades Básicas Insatisfechas NBI | No en pobreza extrema | Sexo al nacer | Mujeres,Número total de personas en viviendas particulares,"Población en viviendas particulares por condición de pobreza extrema por NBI y sexo al nacer, según provincia, cantón, parroquia de residencia y grupos quinquenales de edad"
censo_rate_pobreza_nbi_6_2_total_geografia_condicion_de_pobreza_extrema_por_necesidades_basicas_insatisfechas_nbi_en_pobreza_extrema_sexo_al_nacer_hombres,censo_ind_pobreza_nbi_6_2_total_geografia_condicion_de_pobreza_extrema_por_necesidades_basicas_insatisfechas_nbi_en_pobreza_extrema_sexo_al_nacer_hombres,censo_ind_pobreza_nbi_6_2_total_geografia_numero_total_de_personas_en_viviendas_particulares,Condición de Pobreza Extrema por Necesidades Básicas Insatisfechas NBI | En pobreza extrema | Sexo al nacer | Hombres,Número total de personas en viviendas particulares,"Población en viviendas particulares por condición de pobreza extrema por NBI y sexo al nacer, según provincia, cantón, parroquia de residencia y grupos quinquenales de edad"
censo_rate_pobreza_nbi_6_2_total_geografia_condicion_de_pobreza_extrema_por_necesidades_basicas_insatisfechas_nbi_en_pobreza_extrema_sexo_al_nacer_mujeres,censo_ind_pobreza_nbi_6_2_total_geografia_condicion_de_pobreza_extrema_por_necesidades_basicas_insatisfechas_nbi_en_pobreza_extrema_sexo_al_nacer_mujeres,censo_ind_pobreza_nbi_6_2_total_geografia_numero_total_de_personas_en_viviendas_particulares,Condición de Pobreza Extrema por Necesidades Básicas Insatisfechas NBI | En pobreza extrema | Sexo al nacer | Mujeres,Número total de personas en viviendas particulares,"Población en viviendas particulares por condición de pobreza extrema por NBI y sexo al nacer, según provincia, cantón, parroquia de residencia y grupos quinquenales de edad"
censo_rate_pobreza_nbi_6_2_total_geografia_condicion_de_pobreza_extrema_por_necesidades_basicas_insatisfechas_nbi_no_en_pobreza_extrema_sexo_al_nacer_hombres,censo_ind_pobreza_nbi_6_2_total_geografia_condicion_de_pobreza_extrema_por_necesidades_basicas_insatisfechas_nbi_no_en_pobreza_extrema_sexo_al_nacer_hombres,censo_ind_pobreza_nbi_6_2_total_geografia_numero_total_de_personas_en_viviendas_particulares,Condición de Pobreza Extrema por Necesidades Básicas Insatisfechas NBI | No en pobreza extrema | Sexo al nacer | Hombres,Número total de personas en viviendas particulares,"Población en viviendas particulares por condición de pobreza extrema por NBI y sexo al nacer, según provincia, cantón, parroquia de residencia y grupos quinquenales de edad"
censo_rate_pobreza_nbi_6_2_total_geografia_condicion_de_pobreza_extrema_por_necesidades_basicas_insatisfechas_nbi_no_en_pobreza_extrema_sexo_al_nacer_mujeres,censo_ind_pobreza_nbi_6_2_total_geografia_condicion_de_pobreza_extrema_por_necesidades_basicas_insatisfechas_nbi_no_en_pobreza_extrema_sexo_al_nacer_mujeres,censo_ind_pobreza_nbi_6_2_total_geografia_numero_total_de_personas_en_viviendas_particulares,Condición de Pobreza Extrema por Necesidades Básicas Insatisfechas NBI | No en pobreza extrema | Sexo al nacer | Mujeres,Número total de personas en viviendas particulares,"Población en viviendas particulares por condición de pobreza extrema por NBI y sexo al nacer, según provincia, cantón, parroquia de residencia y grupos quinquenales de edad"
censo_rate_pobreza_nbi_7_2_rural_condicion_de_pobreza_por_necesidades_basicas_insatisfechas_nbi_no_pobres,censo_ind_pobreza_nbi_7_2_rural_condicion_de_pobreza_por_necesidades_basicas_insatisfechas_nbi_no_pobres,censo_ind_pobreza_nbi_7_2_rural_numero_total_de_personas_en_viviendas_particulares,Condición de Pobreza por Necesidades Básicas Insatisfechas NBI | No pobres,Número total de personas en viviendas particulares,"Población en viviendas particulares por composición  del NBI, según provincia, cantón, parroquia y área de residencia"
censo_rate_pobreza_nbi_7_2_rural_condicion_de_pobreza_por_necesidades_basicas_insatisfechas_nbi_pobres_composicion_de_la_pobreza_por_nbi_pobre_por_carencia_en_dos_o_mas_componentes,censo_ind_pobreza_nbi_7_2_rural_condicion_de_pobreza_por_necesidades_basicas_insatisfechas_nbi_pobres_composicion_de_la_pobreza_por_nbi_pobre_por_carencia_en_dos_o_mas_componentes,censo_ind_pobreza_nbi_7_2_rural_numero_total_de_personas_en_viviendas_particulares,Condición de Pobreza por Necesidades Básicas Insatisfechas NBI | Pobres | Composición de la pobreza por NBI | Pobre por carencia en dos o más componentes,Número total de personas en viviendas particulares,"Población en viviendas particulares por composición  del NBI, según provincia, cantón, parroquia y área de residencia"
censo_rate_pobreza_nbi_7_2_rural_condicion_de_pobreza_por_necesidades_basicas_insatisfechas_nbi_pobres_composicion_de_la_pobreza_por_nbi_pobre_solo_por_no_disponibilidad_de_servicios_basicos_de_la_vivienda,censo_ind_pobreza_nbi_7_2_rural_condicion_de_pobreza_por_necesidades_basicas_insatisfechas_nbi_pobres_composicion_de_la_pobreza_por_nbi_pobre_solo_por_no_disponibilidad_de_servicios_basicos_de_la_vivienda,censo_ind_pobreza_nbi_7_2_rural_numero_total_de_personas_en_viviendas_particulares,Condición de Pobreza por Necesidades Básicas Insatisfechas NBI | Pobres | Composición de la pobreza por NBI | Pobre solo por no disponibilidad de servicios básicos de la vivienda,Número total de personas en viviendas particulares,"Población en viviendas particulares por composición  del NBI, según provincia, cantón, parroquia y área de residencia"
censo_rate_pobreza_nbi_7_2_total_geografia_condicion_de_pobreza_por_necesidades_basicas_insatisfechas_nbi_no_pobres,censo_ind_pobreza_nbi_7_2_total_geografia_condicion_de_pobreza_por_necesidades_basicas_insatisfechas_nbi_no_pobres,censo_ind_pobreza_nbi_7_2_total_geografia_numero_total_de_personas_en_viviendas_particulares,Condición de Pobreza por Necesidades Básicas Insatisfechas NBI | No pobres,Número total de personas en viviendas particulares,"Población en viviendas particulares por composición  del NBI, según provincia, cantón, parroquia y área de residencia"
censo_rate_pobreza_nbi_7_2_total_geografia_condicion_de_pobreza_por_necesidades_basicas_insatisfechas_nbi_pobres_composicion_de_la_pobreza_por_nbi_pobre_por_carencia_en_dos_o_mas_componentes,censo_ind_pobreza_nbi_7_2_total_geografia_condicion_de_pobreza_por_necesidades_basicas_insatisfechas_nbi_pobres_composicion_de_la_pobreza_por_nbi_pobre_por_carencia_en_dos_o_mas_componentes,censo_ind_pobreza_nbi_7_2_total_geografia_numero_total_de_personas_en_viviendas_particulares,Condición de Pobreza por Necesidades Básicas Insatisfechas NBI | Pobres | Composición de la pobreza por NBI | Pobre por carencia en dos o más componentes,Número total de personas en viviendas particulares,"Población en viviendas particulares por composición  del NBI, según provincia, cantón, parroquia y área de residencia"
censo_rate_pobreza_nbi_7_2_total_geografia_condicion_de_pobreza_por_necesidades_basicas_insatisfechas_nbi_pobres_composicion_de_la_pobreza_por_nbi_pobre_solo_por_no_disponibilidad_de_servicios_basicos_de_la_vivienda,censo_ind_pobreza_nbi_7_2_total_geografia_condicion_de_pobreza_por_necesidades_basicas_insatisfechas_nbi_pobres_composicion_de_la_pobreza_por_nbi_pobre_solo_por_no_disponibilidad_de_servicios_basicos_de_la_vivienda,censo_ind_pobreza_nbi_7_2_total_geografia_numero_total_de_personas_en_viviendas_particulares,Condición de Pobreza por Necesidades Básicas Insatisfechas NBI | Pobres | Composición de la pobreza por NBI | Pobre solo por no disponibilidad de servicios básicos de la vivienda,Número total de personas en viviendas particulares,"Población en viviendas particulares por composición  del NBI, según provincia, cantón, parroquia y área de residencia"
censo_rate_pobreza_nbi_8_2_rural_condicion_de_pobreza_por_necesidades_basicas_insatisfechas_nbi_no_pobres,censo_ind_pobreza_nbi_8_2_rural_condicion_de_pobreza_por_necesidades_basicas_insatisfechas_nbi_no_pobres,censo_ind_pobreza_nbi_8_2_rural_numero_total_de_hogares,Condición de Pobreza por Necesidades Básicas Insatisfechas NBI | No pobres,Número total de hogares,"Hogares por condición de pobreza por NBI según provincia, cantón, parroquia y área de residencia"
censo_rate_pobreza_nbi_8_2_rural_condicion_de_pobreza_por_necesidades_basicas_insatisfechas_nbi_pobres,censo_ind_pobreza_nbi_8_2_rural_condicion_de_pobreza_por_necesidades_basicas_insatisfechas_nbi_pobres,censo_ind_pobreza_nbi_8_2_rural_numero_total_de_hogares,Condición de Pobreza por Necesidades Básicas Insatisfechas NBI | Pobres,Número total de hogares,"Hogares por condición de pobreza por NBI según provincia, cantón, parroquia y área de residencia"
censo_rate_pobreza_nbi_8_2_total_geografia_condicion_de_pobreza_por_necesidades_basicas_insatisfechas_nbi_no_pobres,censo_ind_pobreza_nbi_8_2_total_geografia_condicion_de_pobreza_por_necesidades_basicas_insatisfechas_nbi_no_pobres,censo_ind_pobreza_nbi_8_2_total_geografia_numero_total_de_hogares,Condición de Pobreza por Necesidades Básicas Insatisfechas NBI | No pobres,Número total de hogares,"Hogares por condición de pobreza por NBI según provincia, cantón, parroquia y área de residencia"
censo_rate_pobreza_nbi_8_2_total_geografia_condicion_de_pobreza_por_necesidades_basicas_insatisfechas_nbi_pobres,censo_ind_pobreza_nbi_8_2_total_geografia_condicion_de_pobreza_por_necesidades_basicas_insatisfechas_nbi_pobres,censo_ind_pobreza_nbi_8_2_total_geografia_numero_total_de_hogares,Condición de Pobreza por Necesidades Básicas Insatisfechas NBI | Pobres,Número total de hogares,"Hogares por condición de pobreza por NBI según provincia, cantón, parroquia y área de residencia"
censo_rate_pobreza_nbi_9_2_rural_condicion_de_pobreza_extrema_por_necesidades_basicas_insatisfechas_nbi_en_pobreza_extrema,censo_ind_pobreza_nbi_9_2_rural_condicion_de_pobreza_extrema_por_necesidades_basicas_insatisfechas_nbi_en_pobreza_extrema,censo_ind_pobreza_nbi_9_2_rural_numero_total_de_hogares,Condición de Pobreza Extrema por Necesidades Básicas Insatisfechas NBI | En pobreza extrema,Número total de hogares,"Hogares por condición de pobreza extrema por NBI según provincia, cantón, parroquia y área de residencia"
censo_rate_pobreza_nbi_9_2_rural_condicion_de_pobreza_extrema_por_necesidades_basicas_insatisfechas_nbi_no_en_pobreza_extrema,censo_ind_pobreza_nbi_9_2_rural_condicion_de_pobreza_extrema_por_necesidades_basicas_insatisfechas_nbi_no_en_pobreza_extrema,censo_ind_pobreza_nbi_9_2_rural_numero_total_de_hogares,Condición de Pobreza Extrema por Necesidades Básicas Insatisfechas NBI | No en pobreza extrema,Número total de hogares,"Hogares por condición de pobreza extrema por NBI según provincia, cantón, parroquia y área de residencia"
censo_rate_pobreza_nbi_9_2_total_geografia_condicion_de_pobreza_extrema_por_necesidades_basicas_insatisfechas_nbi_en_pobreza_extrema,censo_ind_pobreza_nbi_9_2_total_geografia_condicion_de_pobreza_extrema_por_necesidades_basicas_insatisfechas_nbi_en_pobreza_extrema,censo_ind_pobreza_nbi_9_2_total_geografia_numero_total_de_hogares,Condición de Pobreza Extrema por Necesidades Básicas Insatisfechas NBI | En pobreza extrema,Número total de hogares,"Hogares por condición de pobreza extrema por NBI según provincia, cantón, parroquia y área de residencia"
censo_rate_pobreza_nbi_9_2_total_geografia_condicion_de_pobreza_extrema_por_necesidades_basicas_insatisfechas_nbi_no_en_pobreza_extrema,censo_ind_pobreza_nbi_9_2_total_geografia_condicion_de_pobreza_extrema_por_necesidades_basicas_insatisfechas_nbi_no_en_pobreza_extrema,censo_ind_pobreza_nbi_9_2_total_geografia_numero_total_de_hogares,Condición de Pobreza Extrema por Necesidades Básicas Insatisfechas NBI | No en pobreza extrema,Número total de hogares,"Hogares por condición de pobreza extrema por NBI según provincia, cantón, parroquia y área de residencia"
censo_rate_pobreza_nbi_10_2_rural_condicion_de_pobreza_por_necesidades_basicas_insatisfechas_nbi_no_pobres,censo_ind_pobreza_nbi_10_2_rural_condicion_de_pobreza_por_necesidades_basicas_insatisfechas_nbi_no_pobres,censo_ind_pobreza_nbi_10_2_rural_numero_total_de_hogares,Condición de Pobreza por Necesidades Básicas Insatisfechas NBI | No pobres,Número total de hogares,"Hogares por  composición del NBI según provincia, cantón, parroquia y área de residencia"
censo_rate_pobreza_nbi_10_2_rural_condicion_de_pobreza_por_necesidades_basicas_insatisfechas_nbi_pobres_composicion_de_la_pobreza_por_nbi_pobre_por_carencia_en_dos_o_mas_componentes,censo_ind_pobreza_nbi_10_2_rural_condicion_de_pobreza_por_necesidades_basicas_insatisfechas_nbi_pobres_composicion_de_la_pobreza_por_nbi_pobre_por_carencia_en_dos_o_mas_componentes,censo_ind_pobreza_nbi_10_2_rural_numero_total_de_hogares,Condición de Pobreza por Necesidades Básicas Insatisfechas NBI | Pobres | Composición de la pobreza por NBI | Pobre por carencia en dos o más componentes,Número total de hogares,"Hogares por  composición del NBI según provincia, cantón, parroquia y área de residencia"
censo_rate_pobreza_nbi_10_2_rural_condicion_de_pobreza_por_necesidades_basicas_insatisfechas_nbi_pobres_composicion_de_la_pobreza_por_nbi_pobre_solo_por_no_disponibilidad_de_servicios_basicos_de_la_vivienda,censo_ind_pobreza_nbi_10_2_rural_condicion_de_pobreza_por_necesidades_basicas_insatisfechas_nbi_pobres_composicion_de_la_pobreza_por_nbi_pobre_solo_por_no_disponibilidad_de_servicios_basicos_de_la_vivienda,censo_ind_pobreza_nbi_10_2_rural_numero_total_de_hogares,Condición de Pobreza por Necesidades Básicas Insatisfechas NBI | Pobres | Composición de la pobreza por NBI | Pobre solo por no disponibilidad de servicios básicos de la vivienda,Número total de hogares,"Hogares por  composición del NBI según provincia, cantón, parroquia y área de residencia"
censo_rate_pobreza_nbi_10_2_total_geografia_condicion_de_pobreza_por_necesidades_basicas_insatisfechas_nbi_no_pobres,censo_ind_pobreza_nbi_10_2_total_geografia_condicion_de_pobreza_por_necesidades_basicas_insatisfechas_nbi_no_pobres,censo_ind_pobreza_nbi_10_2_total_geografia_numero_total_de_hogares,Condición de Pobreza por Necesidades Básicas Insatisfechas NBI | No pobres,Número total de hogares,"Hogares por  composición del NBI según provincia, cantón, parroquia y área de residencia"
censo_rate_pobreza_nbi_10_2_total_geografia_condicion_de_pobreza_por_necesidades_basicas_insatisfechas_nbi_pobres_composicion_de_la_pobreza_por_nbi_pobre_por_carencia_en_dos_o_mas_componentes,censo_ind_pobreza_nbi_10_2_total_geografia_condicion_de_pobreza_por_necesidades_basicas_insatisfechas_nbi_pobres_composicion_de_la_pobreza_por_nbi_pobre_por_carencia_en_dos_o_mas_componentes,censo_ind_pobreza_nbi_10_2_total_geografia_numero_total_de_hogares,Condición de Pobreza por Necesidades Básicas Insatisfechas NBI | Pobres | Composición de la pobreza por NBI | Pobre por carencia en dos o más componentes,Número total de hogares,"Hogares por  composición del NBI según provincia, cantón, parroquia y área de residencia"
censo_rate_pobreza_nbi_10_2_total_geografia_condicion_de_pobreza_por_necesidades_basicas_insatisfechas_nbi_pobres_composicion_de_la_pobreza_por_nbi_pobre_solo_por_no_disponibilidad_de_servicios_basicos_de_la_vivienda,censo_ind_pobreza_nbi_10_2_total_geografia_condicion_de_pobreza_por_necesidades_basicas_insatisfechas_nbi_pobres_composicion_de_la_pobreza_por_nbi_pobre_solo_por_no_disponibilidad_de_servicios_basicos_de_la_vivienda,censo_ind_pobreza_nbi_10_2_total_geografia_numero_total_de_hogares,Condición de Pobreza por Necesidades Básicas Insatisfechas NBI | Pobres | Composición de la pobreza por NBI | Pobre solo por no disponibilidad de servicios básicos de la vivienda,Número total de hogares,"Hogares por  composición del NBI según provincia, cantón, parroquia y área de residencia"
censo_rate_servicios_vivienda_2_2_no_recibe_agua_por_tuberia_sino_por_otros_medios_fuente_de_abastecimiento_de_agua_otras_fuentes_rio_vertiente_acequia_canal_o_grieta_o_agua_lluvia,censo_ind_servicios_vivienda_2_2_no_recibe_agua_por_tuberia_sino_por_otros_medios_fuente_de_abastecimiento_de_agua_otras_fuentes_rio_vertiente_acequia_canal_o_grieta_o_agua_lluvia,censo_ind_servicios_vivienda_2_2_no_recibe_agua_por_tuberia_sino_por_otros_medios_numero_total_de_viviendas_particulares_ocupadas,"Fuente de abastecimiento de agua | Otras fuentes (río, vertiente, acequia, canal o grieta o agua lluvia)",Número total de viviendas particulares ocupadas,"Viviendas particulares ocupadas por fuente de abastecimiento de agua, según provincia, cantón, parroquia y forma de recepción del agua en la vivienda"
censo_rate_servicios_vivienda_2_2_por_tuberia_dentro_de_la_vivienda_fuente_de_abastecimiento_de_agua_empresa_publica_municipio,censo_ind_servicios_vivienda_2_2_por_tuberia_dentro_de_la_vivienda_fuente_de_abastecimiento_de_agua_empresa_publica_municipio,censo_ind_servicios_vivienda_2_2_por_tuberia_dentro_de_la_vivienda_numero_total_de_viviendas_particulares_ocupadas,Fuente de abastecimiento de agua | Empresa pública/Municipio,Número total de viviendas particulares ocupadas,"Viviendas particulares ocupadas por fuente de abastecimiento de agua, según provincia, cantón, parroquia y forma de recepción del agua en la vivienda"
censo_rate_servicios_vivienda_2_2_por_tuberia_dentro_de_la_vivienda_fuente_de_abastecimiento_de_agua_juntas_de_agua_organizaciones_comunitarias_gad_parroquial,censo_ind_servicios_vivienda_2_2_por_tuberia_dentro_de_la_vivienda_fuente_de_abastecimiento_de_agua_juntas_de_agua_organizaciones_comunitarias_gad_parroquial,censo_ind_servicios_vivienda_2_2_por_tuberia_dentro_de_la_vivienda_numero_total_de_viviendas_particulares_ocupadas,Fuente de abastecimiento de agua | Juntas de agua/Organizaciones comunitarias/GAD parroquial,Número total de viviendas particulares ocupadas,"Viviendas particulares ocupadas por fuente de abastecimiento de agua, según provincia, cantón, parroquia y forma de recepción del agua en la vivienda"
censo_rate_servicios_vivienda_2_2_por_tuberia_dentro_de_la_vivienda_fuente_de_abastecimiento_de_agua_otras_fuentes_rio_vertiente_acequia_canal_o_grieta_o_agua_lluvia,censo_ind_servicios_vivienda_2_2_por_tuberia_dentro_de_la_vivienda_fuente_de_abastecimiento_de_agua_otras_fuentes_rio_vertiente_acequia_canal_o_grieta_o_agua_lluvia,censo_ind_servicios_vivienda_2_2_por_tuberia_dentro_de_la_vivienda_numero_total_de_viviendas_particulares_ocupadas,"Fuente de abastecimiento de agua | Otras fuentes (río, vertiente, acequia, canal o grieta o agua lluvia)",Número total de viviendas particulares ocupadas,"Viviendas particulares ocupadas por fuente de abastecimiento de agua, según provincia, cantón, parroquia y forma de recepción del agua en la vivienda"
censo_rate_servicios_vivienda_2_2_por_tuberia_fuera_de_la_vivienda_pero_dentro_del_edificio_lote_o_terreno_fuente_de_abastecimiento_de_agua_juntas_de_agua_organizaciones_comunitarias_gad_parroquial,censo_ind_servicios_vivienda_2_2_por_tuberia_fuera_de_la_vivienda_pero_dentro_del_edificio_lote_o_terreno_fuente_de_abastecimiento_de_agua_juntas_de_agua_organizaciones_comunitarias_gad_parroquial,censo_ind_servicios_vivienda_2_2_por_tuberia_fuera_de_la_vivienda_pero_dentro_del_edificio_lote_o_terreno_numero_total_de_viviendas_particulares_ocupadas,Fuente de abastecimiento de agua | Juntas de agua/Organizaciones comunitarias/GAD parroquial,Número total de viviendas particulares ocupadas,"Viviendas particulares ocupadas por fuente de abastecimiento de agua, según provincia, cantón, parroquia y forma de recepción del agua en la vivienda"
censo_rate_servicios_vivienda_2_2_total_geografia_fuente_de_abastecimiento_de_agua_empresa_publica_municipio,censo_ind_servicios_vivienda_2_2_total_geografia_fuente_de_abastecimiento_de_agua_empresa_publica_municipio,censo_ind_servicios_vivienda_2_2_total_geografia_numero_total_de_viviendas_particulares_ocupadas,Fuente de abastecimiento de agua | Empresa pública/Municipio,Número total de viviendas particulares ocupadas,"Viviendas particulares ocupadas por fuente de abastecimiento de agua, según provincia, cantón, parroquia y forma de recepción del agua en la vivienda"
censo_rate_servicios_vivienda_2_2_total_geografia_fuente_de_abastecimiento_de_agua_juntas_de_agua_organizaciones_comunitarias_gad_parroquial,censo_ind_servicios_vivienda_2_2_total_geografia_fuente_de_abastecimiento_de_agua_juntas_de_agua_organizaciones_comunitarias_gad_parroquial,censo_ind_servicios_vivienda_2_2_total_geografia_numero_total_de_viviendas_particulares_ocupadas,Fuente de abastecimiento de agua | Juntas de agua/Organizaciones comunitarias/GAD parroquial,Número total de viviendas particulares ocupadas,"Viviendas particulares ocupadas por fuente de abastecimiento de agua, según provincia, cantón, parroquia y forma de recepción del agua en la vivienda"
censo_rate_servicios_vivienda_2_2_total_geografia_fuente_de_abastecimiento_de_agua_otras_fuentes_rio_vertiente_acequia_canal_o_grieta_o_agua_lluvia,censo_ind_servicios_vivienda_2_2_total_geografia_fuente_de_abastecimiento_de_agua_otras_fuentes_rio_vertiente_acequia_canal_o_grieta_o_agua_lluvia,censo_ind_servicios_vivienda_2_2_total_geografia_numero_total_de_viviendas_particulares_ocupadas,"Fuente de abastecimiento de agua | Otras fuentes (río, vertiente, acequia, canal o grieta o agua lluvia)",Número total de viviendas particulares ocupadas,"Viviendas particulares ocupadas por fuente de abastecimiento de agua, según provincia, cantón, parroquia y forma de recepción del agua en la vivienda"
censo_rate_servicios_vivienda_3_2_tipo_de_servicio_higienico_en_la_vivienda_inodoro_o_escusado_conectado_a_pozo_ciego,censo_ind_servicios_vivienda_3_2_tipo_de_servicio_higienico_en_la_vivienda_inodoro_o_escusado_conectado_a_pozo_ciego,censo_ind_servicios_vivienda_3_2_numero_total_de_viviendas_particulares_ocupadas,"Tipo de servicio higiénico en la vivienda | Inodoro o escusado, conectado a pozo ciego",Número total de viviendas particulares ocupadas,"Viviendas particulares ocupadas por tipo de servicio higiénico de la vivienda, según provincia, cantón y parroquia"
censo_rate_servicios_vivienda_3_2_tipo_de_servicio_higienico_en_la_vivienda_inodoro_o_escusado_conectado_a_pozo_septico,censo_ind_servicios_vivienda_3_2_tipo_de_servicio_higienico_en_la_vivienda_inodoro_o_escusado_conectado_a_pozo_septico,censo_ind_servicios_vivienda_3_2_numero_total_de_viviendas_particulares_ocupadas,"Tipo de servicio higiénico en la vivienda | Inodoro o escusado, conectado a pozo séptico",Número total de viviendas particulares ocupadas,"Viviendas particulares ocupadas por tipo de servicio higiénico de la vivienda, según provincia, cantón y parroquia"
censo_rate_servicios_vivienda_3_2_tipo_de_servicio_higienico_en_la_vivienda_inodoro_o_escusado_conectado_a_red_publica_de_alcaltarillado,censo_ind_servicios_vivienda_3_2_tipo_de_servicio_higienico_en_la_vivienda_inodoro_o_escusado_conectado_a_red_publica_de_alcaltarillado,censo_ind_servicios_vivienda_3_2_numero_total_de_viviendas_particulares_ocupadas,"Tipo de servicio higiénico en la vivienda | Inodoro o escusado, conectado a red pública de alcaltarillado",Número total de viviendas particulares ocupadas,"Viviendas particulares ocupadas por tipo de servicio higiénico de la vivienda, según provincia, cantón y parroquia"
censo_rate_servicios_vivienda_3_2_tipo_de_servicio_higienico_en_la_vivienda_no_tiene,censo_ind_servicios_vivienda_3_2_tipo_de_servicio_higienico_en_la_vivienda_no_tiene,censo_ind_servicios_vivienda_3_2_numero_total_de_viviendas_particulares_ocupadas,Tipo de servicio higiénico en la vivienda | No tiene,Número total de viviendas particulares ocupadas,"Viviendas particulares ocupadas por tipo de servicio higiénico de la vivienda, según provincia, cantón y parroquia"
censo_rate_servicios_vivienda_4_2_energia_electrica_proveniente_de_la_red_publica_no,censo_ind_servicios_vivienda_4_2_energia_electrica_proveniente_de_la_red_publica_no,censo_ind_servicios_vivienda_4_2_numero_total_de_viviendas_particulares_ocupadas,Energía eléctrica proveniente de la red pública | No,Número total de viviendas particulares ocupadas,"Viviendas particulares ocupadas por disponibilidad de energía eléctrica proveniente de la red pública, según provincia, cantón y parroquia"
censo_rate_servicios_vivienda_4_2_energia_electrica_proveniente_de_la_red_publica_si,censo_ind_servicios_vivienda_4_2_energia_electrica_proveniente_de_la_red_publica_si,censo_ind_servicios_vivienda_4_2_numero_total_de_viviendas_particulares_ocupadas,Energía eléctrica proveniente de la red pública | Si,Número total de viviendas particulares ocupadas,"Viviendas particulares ocupadas por disponibilidad de energía eléctrica proveniente de la red pública, según provincia, cantón y parroquia"
censo_rate_servicios_vivienda_6_2_forma_de_eliminacion_de_basura_la_entierra,censo_ind_servicios_vivienda_6_2_forma_de_eliminacion_de_basura_la_entierra,censo_ind_servicios_vivienda_6_2_numero_total_de_viviendas_particulares_ocupadas,Forma de eliminación de basura | La entierra,Número total de viviendas particulares ocupadas,"Viviendas particulares ocupadas  por forma de eliminación de basura, según provincia, cantón y parroquia"
censo_rate_servicios_vivienda_6_2_forma_de_eliminacion_de_basura_la_quema,censo_ind_servicios_vivienda_6_2_forma_de_eliminacion_de_basura_la_quema,censo_ind_servicios_vivienda_6_2_numero_total_de_viviendas_particulares_ocupadas,Forma de eliminación de basura | La quema,Número total de viviendas particulares ocupadas,"Viviendas particulares ocupadas  por forma de eliminación de basura, según provincia, cantón y parroquia"
censo_rate_servicios_vivienda_6_2_forma_de_eliminacion_de_basura_por_carro_recolector,censo_ind_servicios_vivienda_6_2_forma_de_eliminacion_de_basura_por_carro_recolector,censo_ind_servicios_vivienda_6_2_numero_total_de_viviendas_particulares_ocupadas,Forma de eliminación de basura | Por carro recolector,Número total de viviendas particulares ocupadas,"Viviendas particulares ocupadas  por forma de eliminación de basura, según provincia, cantón y parroquia"
censo_rate_servicios_vivienda_7_2_inodoro_o_escusado_conectado_a_pozo_septico_fuente_de_abastecimiento_de_agua_juntas_de_agua_organizaciones_comunitarias_gad_parroquial,censo_ind_servicios_vivienda_7_2_inodoro_o_escusado_conectado_a_pozo_septico_fuente_de_abastecimiento_de_agua_juntas_de_agua_organizaciones_comunitarias_gad_parroquial,censo_ind_servicios_vivienda_7_2_inodoro_o_escusado_conectado_a_pozo_septico_numero_total_de_viviendas_particulares_ocupadas,Fuente de abastecimiento de agua | Juntas de agua/Organizaciones comunitarias/GAD parroquial,Número total de viviendas particulares ocupadas,"Viviendas particulares ocupadas  por fuente de abastecimiento de agua, según provincia, cantón, parroquia  y tipo de servicio higiénico"
censo_rate_servicios_vivienda_7_2_inodoro_o_escusado_conectado_a_pozo_septico_fuente_de_abastecimiento_de_agua_otras_fuentes_rio_vertiente_acequia_canal_o_grieta_o_agua_lluvia,censo_ind_servicios_vivienda_7_2_inodoro_o_escusado_conectado_a_pozo_septico_fuente_de_abastecimiento_de_agua_otras_fuentes_rio_vertiente_acequia_canal_o_grieta_o_agua_lluvia,censo_ind_servicios_vivienda_7_2_inodoro_o_escusado_conectado_a_pozo_septico_numero_total_de_viviendas_particulares_ocupadas,"Fuente de abastecimiento de agua | Otras fuentes (río, vertiente, acequia, canal o grieta o agua lluvia)",Número total de viviendas particulares ocupadas,"Viviendas particulares ocupadas  por fuente de abastecimiento de agua, según provincia, cantón, parroquia  y tipo de servicio higiénico"
censo_rate_servicios_vivienda_7_2_no_tiene_fuente_de_abastecimiento_de_agua_otras_fuentes_rio_vertiente_acequia_canal_o_grieta_o_agua_lluvia,censo_ind_servicios_vivienda_7_2_no_tiene_fuente_de_abastecimiento_de_agua_otras_fuentes_rio_vertiente_acequia_canal_o_grieta_o_agua_lluvia,censo_ind_servicios_vivienda_7_2_no_tiene_numero_total_de_viviendas_particulares_ocupadas,"Fuente de abastecimiento de agua | Otras fuentes (río, vertiente, acequia, canal o grieta o agua lluvia)",Número total de viviendas particulares ocupadas,"Viviendas particulares ocupadas  por fuente de abastecimiento de agua, según provincia, cantón, parroquia  y tipo de servicio higiénico"
censo_rate_servicios_vivienda_7_2_total_geografia_fuente_de_abastecimiento_de_agua_empresa_publica_municipio,censo_ind_servicios_vivienda_7_2_total_geografia_fuente_de_abastecimiento_de_agua_empresa_publica_municipio,censo_ind_servicios_vivienda_7_2_total_geografia_numero_total_de_viviendas_particulares_ocupadas,Fuente de abastecimiento de agua | Empresa pública/Municipio,Número total de viviendas particulares ocupadas,"Viviendas particulares ocupadas  por fuente de abastecimiento de agua, según provincia, cantón, parroquia  y tipo de servicio higiénico"
censo_rate_servicios_vivienda_7_2_total_geografia_fuente_de_abastecimiento_de_agua_juntas_de_agua_organizaciones_comunitarias_gad_parroquial,censo_ind_servicios_vivienda_7_2_total_geografia_fuente_de_abastecimiento_de_agua_juntas_de_agua_organizaciones_comunitarias_gad_parroquial,censo_ind_servicios_vivienda_7_2_total_geografia_numero_total_de_viviendas_particulares_ocupadas,Fuente de abastecimiento de agua | Juntas de agua/Organizaciones comunitarias/GAD parroquial,Número total de viviendas particulares ocupadas,"Viviendas particulares ocupadas  por fuente de abastecimiento de agua, según provincia, cantón, parroquia  y tipo de servicio higiénico"
censo_rate_servicios_vivienda_7_2_total_geografia_fuente_de_abastecimiento_de_agua_otras_fuentes_rio_vertiente_acequia_canal_o_grieta_o_agua_lluvia,censo_ind_servicios_vivienda_7_2_total_geografia_fuente_de_abastecimiento_de_agua_otras_fuentes_rio_vertiente_acequia_canal_o_grieta_o_agua_lluvia,censo_ind_servicios_vivienda_7_2_total_geografia_numero_total_de_viviendas_particulares_ocupadas,"Fuente de abastecimiento de agua | Otras fuentes (río, vertiente, acequia, canal o grieta o agua lluvia)",Número total de viviendas particulares ocupadas,"Viviendas particulares ocupadas  por fuente de abastecimiento de agua, según provincia, cantón, parroquia  y tipo de servicio higiénico"
censo_rate_trabajo_1_2_hombres_la_semana_pasada_atendio_un_negocio_propio,censo_ind_trabajo_1_2_hombres_la_semana_pasada_atendio_un_negocio_propio,censo_ind_trabajo_1_2_hombres_numero_total_de_personas_de_5_anos_o_mas,La semana pasada (…): | Atendió un negocio propio?,Número total de personas de 5 años o más,"Población de 5 años o más por  actividad realizada la semana pasada, según provincia, cantón, parroquia de residencia y sexo al nacer"
censo_rate_trabajo_1_2_hombres_la_semana_pasada_hizo_o_ayudo_en_labores_agricolas_cria_de_animales_o_pesca,censo_ind_trabajo_1_2_hombres_la_semana_pasada_hizo_o_ayudo_en_labores_agricolas_cria_de_animales_o_pesca,censo_ind_trabajo_1_2_hombres_numero_total_de_personas_de_5_anos_o_mas,"La semana pasada (…): | Hizo o ayudó en labores agrícolas, cría de animales o pesca?",Número total de personas de 5 años o más,"Población de 5 años o más por  actividad realizada la semana pasada, según provincia, cantón, parroquia de residencia y sexo al nacer"
censo_rate_trabajo_1_2_hombres_la_semana_pasada_no_trabajo,censo_ind_trabajo_1_2_hombres_la_semana_pasada_no_trabajo,censo_ind_trabajo_1_2_hombres_numero_total_de_personas_de_5_anos_o_mas,La semana pasada (…): | No trabajó,Número total de personas de 5 años o más,"Población de 5 años o más por  actividad realizada la semana pasada, según provincia, cantón, parroquia de residencia y sexo al nacer"
censo_rate_trabajo_1_2_hombres_la_semana_pasada_realizo_algun_trabajo_ocasional_cachuelo_o_chaucha_por_un_pago,censo_ind_trabajo_1_2_hombres_la_semana_pasada_realizo_algun_trabajo_ocasional_cachuelo_o_chaucha_por_un_pago,censo_ind_trabajo_1_2_hombres_numero_total_de_personas_de_5_anos_o_mas,La semana pasada (…): | Realizó algún trabajo ocasional (cachuelo o chaucha) por un pago?,Número total de personas de 5 años o más,"Población de 5 años o más por  actividad realizada la semana pasada, según provincia, cantón, parroquia de residencia y sexo al nacer"
censo_rate_trabajo_1_2_hombres_la_semana_pasada_trabajo_al_menos_una_hora_para_generar_un_ingreso,censo_ind_trabajo_1_2_hombres_la_semana_pasada_trabajo_al_menos_una_hora_para_generar_un_ingreso,censo_ind_trabajo_1_2_hombres_numero_total_de_personas_de_5_anos_o_mas,La semana pasada (…): | Trabajó al menos una hora para generar un ingreso?,Número total de personas de 5 años o más,"Población de 5 años o más por  actividad realizada la semana pasada, según provincia, cantón, parroquia de residencia y sexo al nacer"
censo_rate_trabajo_1_2_mujeres_la_semana_pasada_atendio_un_negocio_propio,censo_ind_trabajo_1_2_mujeres_la_semana_pasada_atendio_un_negocio_propio,censo_ind_trabajo_1_2_mujeres_numero_total_de_personas_de_5_anos_o_mas,La semana pasada (…): | Atendió un negocio propio?,Número total de personas de 5 años o más,"Población de 5 años o más por  actividad realizada la semana pasada, según provincia, cantón, parroquia de residencia y sexo al nacer"
censo_rate_trabajo_1_2_mujeres_la_semana_pasada_ayudo_en_algun_negocio_o_empleo_de_algun_miembro_de_su_hogar,censo_ind_trabajo_1_2_mujeres_la_semana_pasada_ayudo_en_algun_negocio_o_empleo_de_algun_miembro_de_su_hogar,censo_ind_trabajo_1_2_mujeres_numero_total_de_personas_de_5_anos_o_mas,La semana pasada (…): | Ayudó en algún negocio o empleo de algún miembro de su hogar?,Número total de personas de 5 años o más,"Población de 5 años o más por  actividad realizada la semana pasada, según provincia, cantón, parroquia de residencia y sexo al nacer"
censo_rate_trabajo_1_2_mujeres_la_semana_pasada_hizo_o_ayudo_en_labores_agricolas_cria_de_animales_o_pesca,censo_ind_trabajo_1_2_mujeres_la_semana_pasada_hizo_o_ayudo_en_labores_agricolas_cria_de_animales_o_pesca,censo_ind_trabajo_1_2_mujeres_numero_total_de_personas_de_5_anos_o_mas,"La semana pasada (…): | Hizo o ayudó en labores agrícolas, cría de animales o pesca?",Número total de personas de 5 años o más,"Población de 5 años o más por  actividad realizada la semana pasada, según provincia, cantón, parroquia de residencia y sexo al nacer"
censo_rate_trabajo_1_2_mujeres_la_semana_pasada_no_trabajo,censo_ind_trabajo_1_2_mujeres_la_semana_pasada_no_trabajo,censo_ind_trabajo_1_2_mujeres_numero_total_de_personas_de_5_anos_o_mas,La semana pasada (…): | No trabajó,Número total de personas de 5 años o más,"Población de 5 años o más por  actividad realizada la semana pasada, según provincia, cantón, parroquia de residencia y sexo al nacer"
censo_rate_trabajo_1_2_mujeres_la_semana_pasada_trabajo_al_menos_una_hora_para_generar_un_ingreso,censo_ind_trabajo_1_2_mujeres_la_semana_pasada_trabajo_al_menos_una_hora_para_generar_un_ingreso,censo_ind_trabajo_1_2_mujeres_numero_total_de_personas_de_5_anos_o_mas,La semana pasada (…): | Trabajó al menos una hora para generar un ingreso?,Número total de personas de 5 años o más,"Población de 5 años o más por  actividad realizada la semana pasada, según provincia, cantón, parroquia de residencia y sexo al nacer"
censo_rate_trabajo_1_2_total_geografia_la_semana_pasada_atendio_un_negocio_propio,censo_ind_trabajo_1_2_total_geografia_la_semana_pasada_atendio_un_negocio_propio,censo_ind_trabajo_1_2_total_geografia_numero_total_de_personas_de_5_anos_o_mas,La semana pasada (…): | Atendió un negocio propio?,Número total de personas de 5 años o más,"Población de 5 años o más por  actividad realizada la semana pasada, según provincia, cantón, parroquia de residencia y sexo al nacer"
censo_rate_trabajo_1_2_total_geografia_la_semana_pasada_ayudo_en_algun_negocio_o_empleo_de_algun_miembro_de_su_hogar,censo_ind_trabajo_1_2_total_geografia_la_semana_pasada_ayudo_en_algun_negocio_o_empleo_de_algun_miembro_de_su_hogar,censo_ind_trabajo_1_2_total_geografia_numero_total_de_personas_de_5_anos_o_mas,La semana pasada (…): | Ayudó en algún negocio o empleo de algún miembro de su hogar?,Número total de personas de 5 años o más,"Población de 5 años o más por  actividad realizada la semana pasada, según provincia, cantón, parroquia de residencia y sexo al nacer"
censo_rate_trabajo_1_2_total_geografia_la_semana_pasada_hizo_o_ayudo_en_labores_agricolas_cria_de_animales_o_pesca,censo_ind_trabajo_1_2_total_geografia_la_semana_pasada_hizo_o_ayudo_en_labores_agricolas_cria_de_animales_o_pesca,censo_ind_trabajo_1_2_total_geografia_numero_total_de_personas_de_5_anos_o_mas,"La semana pasada (…): | Hizo o ayudó en labores agrícolas, cría de animales o pesca?",Número total de personas de 5 años o más,"Población de 5 años o más por  actividad realizada la semana pasada, según provincia, cantón, parroquia de residencia y sexo al nacer"
censo_rate_trabajo_1_2_total_geografia_la_semana_pasada_no_trabajo,censo_ind_trabajo_1_2_total_geografia_la_semana_pasada_no_trabajo,censo_ind_trabajo_1_2_total_geografia_numero_total_de_personas_de_5_anos_o_mas,La semana pasada (…): | No trabajó,Número total de personas de 5 años o más,"Población de 5 años o más por  actividad realizada la semana pasada, según provincia, cantón, parroquia de residencia y sexo al nacer"
censo_rate_trabajo_1_2_total_geografia_la_semana_pasada_realizo_algun_trabajo_ocasional_cachuelo_o_chaucha_por_un_pago,censo_ind_trabajo_1_2_total_geografia_la_semana_pasada_realizo_algun_trabajo_ocasional_cachuelo_o_chaucha_por_un_pago,censo_ind_trabajo_1_2_total_geografia_numero_total_de_personas_de_5_anos_o_mas,La semana pasada (…): | Realizó algún trabajo ocasional (cachuelo o chaucha) por un pago?,Número total de personas de 5 años o más,"Población de 5 años o más por  actividad realizada la semana pasada, según provincia, cantón, parroquia de residencia y sexo al nacer"
censo_rate_trabajo_1_2_total_geografia_la_semana_pasada_trabajo_al_menos_una_hora_para_generar_un_ingreso,censo_ind_trabajo_1_2_total_geografia_la_semana_pasada_trabajo_al_menos_una_hora_para_generar_un_ingreso,censo_ind_trabajo_1_2_total_geografia_numero_total_de_personas_de_5_anos_o_mas,La semana pasada (…): | Trabajó al menos una hora para generar un ingreso?,Número total de personas de 5 años o más,"Población de 5 años o más por  actividad realizada la semana pasada, según provincia, cantón, parroquia de residencia y sexo al nacer"
censo_rate_trabajo_3_2_hombres_condicion_de_actividad_en_la_fuerza_de_trabajo_condicion_de_ocupacion_desocupada,censo_ind_trabajo_3_2_hombres_condicion_de_actividad_en_la_fuerza_de_trabajo_condicion_de_ocupacion_desocupada,censo_ind_trabajo_3_2_hombres_numero_total_de_personas_de_15_anos_o_mas,Condición de actividad | En la fuerza de trabajo | Condición de ocupación | Desocupada,Número total de personas de 15 años o más,"Población de 15 años o más por condición de actividad y de ocupación, según provincia, cantón, parroquia de residencia y sexo al nacer"
censo_rate_trabajo_3_2_hombres_condicion_de_actividad_en_la_fuerza_de_trabajo_condicion_de_ocupacion_ocupada,censo_ind_trabajo_3_2_hombres_condicion_de_actividad_en_la_fuerza_de_trabajo_condicion_de_ocupacion_ocupada,censo_ind_trabajo_3_2_hombres_numero_total_de_personas_de_15_anos_o_mas,Condición de actividad | En la fuerza de trabajo | Condición de ocupación | Ocupada,Número total de personas de 15 años o más,"Población de 15 años o más por condición de actividad y de ocupación, según provincia, cantón, parroquia de residencia y sexo al nacer"
censo_rate_trabajo_3_2_hombres_condicion_de_actividad_fuera_de_la_fuerza_de_trabajo_condicion_de_ocupacion_desocupada,censo_ind_trabajo_3_2_hombres_condicion_de_actividad_fuera_de_la_fuerza_de_trabajo_condicion_de_ocupacion_desocupada,censo_ind_trabajo_3_2_hombres_numero_total_de_personas_de_15_anos_o_mas,Condición de actividad | Fuera de la fuerza de trabajo | Condición de ocupación | Desocupada,Número total de personas de 15 años o más,"Población de 15 años o más por condición de actividad y de ocupación, según provincia, cantón, parroquia de residencia y sexo al nacer"
censo_rate_trabajo_3_2_mujeres_condicion_de_actividad_en_la_fuerza_de_trabajo_condicion_de_ocupacion_desocupada,censo_ind_trabajo_3_2_mujeres_condicion_de_actividad_en_la_fuerza_de_trabajo_condicion_de_ocupacion_desocupada,censo_ind_trabajo_3_2_mujeres_numero_total_de_personas_de_15_anos_o_mas,Condición de actividad | En la fuerza de trabajo | Condición de ocupación | Desocupada,Número total de personas de 15 años o más,"Población de 15 años o más por condición de actividad y de ocupación, según provincia, cantón, parroquia de residencia y sexo al nacer"
censo_rate_trabajo_3_2_mujeres_condicion_de_actividad_en_la_fuerza_de_trabajo_condicion_de_ocupacion_ocupada,censo_ind_trabajo_3_2_mujeres_condicion_de_actividad_en_la_fuerza_de_trabajo_condicion_de_ocupacion_ocupada,censo_ind_trabajo_3_2_mujeres_numero_total_de_personas_de_15_anos_o_mas,Condición de actividad | En la fuerza de trabajo | Condición de ocupación | Ocupada,Número total de personas de 15 años o más,"Población de 15 años o más por condición de actividad y de ocupación, según provincia, cantón, parroquia de residencia y sexo al nacer"
censo_rate_trabajo_3_2_mujeres_condicion_de_actividad_fuera_de_la_fuerza_de_trabajo_condicion_de_ocupacion_desocupada,censo_ind_trabajo_3_2_mujeres_condicion_de_actividad_fuera_de_la_fuerza_de_trabajo_condicion_de_ocupacion_desocupada,censo_ind_trabajo_3_2_mujeres_numero_total_de_personas_de_15_anos_o_mas,Condición de actividad | Fuera de la fuerza de trabajo | Condición de ocupación | Desocupada,Número total de personas de 15 años o más,"Población de 15 años o más por condición de actividad y de ocupación, según provincia, cantón, parroquia de residencia y sexo al nacer"
censo_rate_trabajo_3_2_total_geografia_condicion_de_actividad_en_la_fuerza_de_trabajo_condicion_de_ocupacion_desocupada,censo_ind_trabajo_3_2_total_geografia_condicion_de_actividad_en_la_fuerza_de_trabajo_condicion_de_ocupacion_desocupada,censo_ind_trabajo_3_2_total_geografia_numero_total_de_personas_de_15_anos_o_mas,Condición de actividad | En la fuerza de trabajo | Condición de ocupación | Desocupada,Número total de personas de 15 años o más,"Población de 15 años o más por condición de actividad y de ocupación, según provincia, cantón, parroquia de residencia y sexo al nacer"
censo_rate_trabajo_3_2_total_geografia_condicion_de_actividad_en_la_fuerza_de_trabajo_condicion_de_ocupacion_ocupada,censo_ind_trabajo_3_2_total_geografia_condicion_de_actividad_en_la_fuerza_de_trabajo_condicion_de_ocupacion_ocupada,censo_ind_trabajo_3_2_total_geografia_numero_total_de_personas_de_15_anos_o_mas,Condición de actividad | En la fuerza de trabajo | Condición de ocupación | Ocupada,Número total de personas de 15 años o más,"Población de 15 años o más por condición de actividad y de ocupación, según provincia, cantón, parroquia de residencia y sexo al nacer"
censo_rate_trabajo_3_2_total_geografia_condicion_de_actividad_fuera_de_la_fuerza_de_trabajo_condicion_de_ocupacion_desocupada,censo_ind_trabajo_3_2_total_geografia_condicion_de_actividad_fuera_de_la_fuerza_de_trabajo_condicion_de_ocupacion_desocupada,censo_ind_trabajo_3_2_total_geografia_numero_total_de_personas_de_15_anos_o_mas,Condición de actividad | Fuera de la fuerza de trabajo | Condición de ocupación | Desocupada,Número total de personas de 15 años o más,"Población de 15 años o más por condición de actividad y de ocupación, según provincia, cantón, parroquia de residencia y sexo al nacer"
