ADM3_PCODE;Sufragantes;Votos_válidos;Nulos;Blancos;Nulos_pct;Blancos_pct;Centro;"Centro con tinte
institucionalista";Centro pragmático;"Centro-derecha
moderado";"Centro-izquierda
libertaria";"DANIEL NOBOA AZIN
(Derecha liberal 
moderada)";Derecha autoritaria;"Derecha autoritaria
dura";"Derecha autoritaria
moderada";Derecha liberal;Derecha moderada;Izquierda autoritaria;Izquierda libertaria;"LUISA GONZALEZ
(Izquierda autoritaria)"
EC010150;9015,0;8369,0;529,0;111,0;0,05867997781475319;0,012312811980033278;0,04836383804769828;0,0017748197448696616;0,0026622296173044926;0,0013311148086522463;0,003771491957848031;0,4753189129229063;0,003216860787576262;0,0009983361064891847;0,0018857459789240155;0,0019966722129783694;0,002329450915141431;0,004936217415418747;0,03538546866333888;0,33621741541874656
EC010151;18049,0;16323,0;1404,0;312,0;0,07778824311596211;0,01728627624799158;0,04460080890908084;0,0023824034572552497;0,002604022383511552;0,001828356141614494;0,0032688791622804587;0,3927087373261677;0,0036013075516649123;0,001939165604742645;0,0018837608731785695;0,002936450772896005;0,0027148318466397032;0,006149925203612389;0,0610006094520472;0,3670009418804366
EC010152;4073,0;3640,0;321,0;112,0;0,07881168671740732;0,027498158605450528;0,02995335133808004;0,003682789098944267;0,0031917505524183647;0,003928308372207218;0,003682789098944267;0,3562484655045421;0,004787625828627547;0,0024551927326295114;0,00220967345936656;0,001718634912840658;0,0012275963663147557;0,003928308372207218;0,11244782715443162;0,35551190768475327
EC010153;1006,0;860,0;83,0;63,0;0,08250497017892644;0,06262425447316103;0,02584493041749503;0,002982107355864811;0,002982107355864811;0,0019880715705765406;0,0019880715705765406;0,23359840954274355;0,003976143141153081;0,0009940357852882703;0,0019880715705765406;0,006958250497017893;0,006958250497017893;0,003976143141153081;0,1073558648111332;0,44532803180914515
EC010154;1659,0;1447,0;162,0;48,0;0,09764918625678119;0,028933092224231464;0,0379746835443038;0,0024110910186859553;0,0030138637733574444;0,004219409282700422;0,0006027727546714888;0,4104882459312839;0,003616636528028933;0,0024110910186859553;0,0012055455093429777;0,009041591320072333;0,004822182037371911;0,002109704641350211;0,0644966847498493;0,32007233273056057
EC010155;2947,0;2591,0;270,0;84,0;0,09161859518154054;0,028503562945368172;0,043434000678656264;0,003053953172718018;0,0033932813030200203;0,0023752969121140144;0,005429250084832033;0,3898880217170003;0,0035629453681710215;0,003053953172718018;0,0020359687818120122;0,005429250084832033;0,0020359687818120122;0,005429250084832033;0,07431286053613845;0,32677298948082795
EC010156;3166,0;2813,0;284,0;68,0;0,08970309538850284;0,02147820593809223;0,058749210360075806;0,003474415666456096;0,004421983575489577;0,002842703727100442;0,004737839545167404;0,3310170562223626;0,003948199620972836;0,002526847757422615;0,003474415666456096;0,006317119393556538;0,002526847757422615;0,005527479469361971;0,07454200884396715;0,37492103600758053
EC010157;4490,0;3898,0;432,0;158,0;0,09621380846325167;0,03518930957683741;0,027394209354120267;0,0022271714922048997;0,0017817371937639199;0,0020044543429844097;0,0026726057906458797;0,26659242761692653;0,005345211581291759;0,004454342984409799;0,0020044543429844097;0,0022271714922048997;0,0033407572383073497;0,0027839643652561247;0,062360801781737196;0,4748329621380846
EC010158;4302,0;3899,0;315,0;87,0;0,07322175732217573;0,020223152022315203;0,050674105067410505;0,00302185030218503;0,002789400278940028;0,0020920502092050207;0,004416550441655044;0,39516503951650395;0,002789400278940028;0,0018596001859600185;0,001394700139470014;0,005346350534635054;0,0020920502092050207;0,004300325430032543;0,07438400743840075;0,34890748489074846
EC010159;1276,0;1072,0;126,0;78,0;0,0987460815047022;0,061128526645768025;0,034482758620689655;0,003918495297805642;0,0023510971786833857;0,0;0,003134796238244514;0,26880877742946707;0,005877742946708464;0,004702194357366771;0,0023510971786833857;0,011755485893416929;0,007053291536050157;0,0054858934169279;0,09012539184952978;0,3887147335423197
EC010160;3648,0;3268,0;302,0;77,0;0,08278508771929824;0,021107456140350877;0,05016447368421053;0,0043859649122807015;0,0024671052631578946;0,003289473684210526;0,0021929824561403508;0,35855263157894735;0,00356359649122807;0,0010964912280701754;0,0024671052631578946;0,005482456140350877;0,0030153508771929823;0,005893640350877193;0,08196271929824561;0,3618421052631579
EC010161;4459,0;3884,0;402,0;170,0;0,09015474321596771;0,03812514016595649;0,0282574568288854;0,0015698587127158557;0,0026911863646557526;0,00358824848620767;0,00358824848620767;0,26911863646557527;0,004373177842565598;0,0031397174254317113;0,001794124243103835;0,0038125140165956493;0,002466920834267773;0,002466920834267773;0,1531733572549899;0,38416685355460867
EC010162;14751,0;13263,0;1230,0;255,0;0,08338417734390889;0,017286963595688428;0,04779336994102095;0,0026438885499288182;0,0026438885499288182;0,0016270083384177345;0,003118432648633991;0,40010846722256116;0,0035251847332384246;0,0012202562538133007;0,002101552437122907;0,002847264592231035;0,003118432648633991;0,006236865297267982;0,05091180258965494;0,36146701918514
EC010163;7054,0;6348,0;554,0;150,0;0,07853700028352707;0,021264530762687837;0,04990076552310746;0,001842925999432946;0,0025517436915225406;0,0015593989225971081;0,001984689537850865;0,3874397504961724;0,0034732066912390135;0,001701162461015027;0,002835270768358378;0,0022682166146867026;0,0025517436915225406;0,004961723844627162;0,07655231074567621;0,3518571023532747
EC010164;4239,0;3718,0;395,0;123,0;0,09318235432885115;0,029016277423920735;0,04293465439962255;0,0033026657230478887;0,0011795234725171032;0,003066761028544468;0,003538570417551309;0,30927105449398445;0,0024769992922859165;0,003066761028544468;0,0014154281670205238;0,0033026657230478887;0,001887237556027365;0,0036565227648030197;0,12502948808681294;0,36683179995281906
EC010165;9190,0;8191,0;800,0;197,0;0,08705114254624592;0,021436343852013057;0,05136017410228509;0,0028291621327529923;0,0022850924918389553;0,0031556039173014144;0,00250272034820457;0,37257889009793255;0,0038628944504896625;0,00250272034820457;0,003264417845484222;0,002176278563656148;0,002176278563656148;0,005495103373231774;0,06311207834602829;0,3646354733405876
EC010166;2567,0;2298,0;211,0;56,0;0,08219711725749902;0,0218153486560187;0,0362290611608882;0,0038955979742890533;0,0038955979742890533;0,002337358784573432;0,0038955979742890533;0,2341254382547721;0,003506038176860148;0,002337358784573432;0,0007791195948578107;0,0031164783794312427;0,00506427736657577;0,00876509544215037;0,06077132839890923;0,514218932606155
EC010167;7812,0;6821,0;757,0;229,0;0,09690220174091142;0,029313876088069638;0,04326676907322068;0,004352278545826933;0,007040450588837685;0,0038402457757296467;0,005504352278545827;0,31579621095750127;0,006848438300051204;0,003200204813108039;0,0033282130056323605;0,0062724014336917565;0,004224270353302612;0,005440348182283666;0,07872503840245776;0,373015873015873
EC010168;7118,0;6131,0;821,0;164,0;0,1153413880303456;0,02304017982579376;0,04102275920202304;0,001826355717898286;0,0021073335206518687;0,005057600449564484;0,005338578252318067;0,304860915987637;0,004706378196122506;0,001966844619275077;0,001966844619275077;0,002388311323405451;0,004214667041303737;0,0033717336330429896;0,13276201180106773;0,34166900814835627
EC010169;5310,0;4660,0;518,0;128,0;0,0975517890772128;0,024105461393596987;0,04952919020715631;0,0018832391713747645;0,002824858757062147;0,002071563088512241;0,0026365348399246705;0,32448210922787196;0,004425612052730697;0,002071563088512241;0,0018832391713747645;0,0035781544256120526;0,0032015065913370997;0,006591337099811676;0,0839924670433145;0,37740112994350283
EC010170;13432,0;12079,0;1114,0;235,0;0,08293627159023229;0,017495533055390113;0,0604526503871352;0,0031268612269207863;0,002233472304943419;0,0027546158427635497;0,0027546158427635497;0,3244490768314473;0,003871351995235259;0,0017123287671232876;0,002010125074449077;0,0037969029184038118;0,0034991066110780225;0,005285884455032757;0,101697438951757;0,3724687313877308
EC010171;3281,0;2873,0;320,0;88,0;0,0975312404754648;0,02682109113075282;0,04388905821395916;0,0015239256324291375;0,0021334958854007926;0,0051813471502590676;0,0012191405059433099;0,286193233770192;0,004419384334044499;0,0021334958854007926;0,004266991770801585;0,0027430661383724473;0,0015239256324291375;0,004266991770801585;0,13197195976836332;0,3754952758305395
EC010250;6170,0;5434,0;538,0;197,0;0,08719611021069693;0,03192868719611021;0,03387358184764992;0,00226904376012966;0,002917341977309562;0,0019448946515397082;0,0034035656401944893;0,4585089141004862;0,004051863857374392;0,0016207455429497568;0,0024311183144246355;0,0019448946515397082;0,003565640194489465;0,0032414910858995136;0,1252836304700162;0,22836304700162074
EC010251;1598,0;1461,0;107,0;29,0;0,06695869837296621;0,018147684605757195;0,03254067584480601;0,0025031289111389237;0,0018773466833541927;0,0006257822277847309;0,0018773466833541927;0,46871088861076343;0,0037546933667083854;0,0025031289111389237;0,0037546933667083854;0,0006257822277847309;0,0050062578222778474;0,00344180225281602;0,06508135168961202;0,31476846057571967
EC010252;377,0;350,0;8,0;19,0;0,021220159151193633;0,050397877984084884;0,03713527851458886;0,002652519893899204;0,007957559681697613;0,005305039787798408;0,002652519893899204;0,23342175066312998;0,0;0,0;0,002652519893899204;0,0;0,002652519893899204;0,002652519893899204;0,1989389920424403;0,4297082228116711
EC010350;16004,0;13946,0;1665,0;390,0;0,10403649087728067;0,024368907773056735;0,035678580354911275;0,003874031492126968;0,0020619845038740317;0,0016245938515371157;0,002749312671832042;0,3853411647088228;0,002811797050737316;0,0016870782304423894;0,0029367658085478632;0,0016245938515371157;0,003124218945263684;0,005092476880779805;0,06810797300674831;0,34678830292426893
EC010352;981,0;818,0;118,0;45,0;0,12028542303771661;0,045871559633027525;0,023445463812436288;0,0020387359836901123;0,007135575942915392;0,0030581039755351682;0,0020387359836901123;0,2619775739041794;0,003567787971457696;0,0010193679918450561;0,0030581039755351682;0,009174311926605505;0,0061162079510703364;0,0030581039755351682;0,14169215086646278;0,3598369011213048
EC010353;2736,0;2442,0;204,0;92,0;0,07456140350877193;0,033625730994152045;0,043859649122807015;0,0062134502923976605;0,0043859649122807015;0,0029239766081871343;0,0062134502923976605;0,26900584795321636;0,003289473684210526;0,003654970760233918;0,0029239766081871343;0,00402046783625731;0,003654970760233918;0,004751461988304093;0,12463450292397661;0,40497076023391815
EC010354;1113,0;935,0;138,0;40,0;0,12398921832884097;0,03593890386343217;0,020664869721473494;0,004492362982929021;0,004492362982929021;0,0008984725965858042;0,0026954177897574125;0,29380053908355797;0,0026954177897574125;0,0017969451931716084;0,0008984725965858042;0,0026954177897574125;0,004492362982929021;0,004492362982929021;0,11410601976639713;0,3746630727762803
EC010356;530,0;452,0;45,0;33,0;0,08490566037735849;0,062264150943396226;0,03018867924528302;0,0018867924528301887;0,005660377358490566;0,005660377358490566;0,0018867924528301887;0,3660377358490566;0,007547169811320755;0,0018867924528301887;0,0037735849056603774;0,0018867924528301887;0,0037735849056603774;0,0037735849056603774;0,06792452830188679;0,33962264150943394
EC010357;2662,0;2223,0;327,0;108,0;0,12283996994740796;0,0405709992486852;0,01728024042073629;0,0018782870022539444;0,0018782870022539444;0,003005259203606311;0,006010518407212622;0,2261457550713749;0,0035687453042824945;0,003756574004507889;0,0018782870022539444;0,0011269722013523666;0,002253944402704733;0,00507137490608565;0,1217129977460556;0,4308790383170548
EC010358;1772,0;1511,0;196,0;65,0;0,11060948081264109;0,03668171557562077;0,03611738148984198;0,0039503386004514675;0,002257336343115124;0,001693002257336343;0,0028216704288939053;0,2528216704288939;0,0056433408577878106;0,001693002257336343;0,001128668171557562;0,002257336343115124;0,005079006772009029;0,004232505643340858;0,0981941309255079;0,42494356659142213
EC010359;448,0;385,0;49,0;14,0;0,109375;0,03125;0,013392857142857142;0,0;0,002232142857142857;0,0;0,008928571428571428;0,3125;0,004464285714285714;0,004464285714285714;0,002232142857142857;0,008928571428571428;0,002232142857142857;0,011160714285714286;0,11830357142857142;0,3549107142857143
EC010360;439,0;380,0;42,0;17,0;0,09567198177676538;0,0387243735763098;0,04555808656036447;0,004555808656036446;0,0;0,004555808656036446;0,002277904328018223;0,26879271070615035;0,00683371298405467;0,004555808656036446;0,00683371298405467;0,002277904328018223;0,004555808656036446;0,0056947608200455585;0,08428246013667426;0,4123006833712984
EC010450;6984,0;6281,0;515,0;186,0;0,07373997709049256;0,02663230240549828;0,028493699885452462;0,002577319587628866;0,0018613974799541809;0,003150057273768614;0,003865979381443299;0,17253722794959908;0,0030784650630011454;0,002004581901489118;0,001575028636884307;0,001145475372279496;0,002720504009163803;0,00429553264604811;0,2880870561282932;0,3765750286368843
EC010451;1648,0;1461,0;146,0;41,0;0,08859223300970874;0,02487864077669903;0,027305825242718445;0,0024271844660194173;0,0012135922330097086;0,0018203883495145632;0,0024271844660194173;0,2032766990291262;0,0036407766990291263;0,0012135922330097086;0,0012135922330097086;0,0006067961165048543;0,00424757281553398;0,003944174757281553;0,2536407766990291;0,3719660194174757
EC010452;1058,0;938,0;92,0;28,0;0,08695652173913043;0,026465028355387523;0,0330812854442344;0,002835538752362949;0,0;0,003780718336483932;0,004725897920604915;0,29584120982986767;0,001890359168241966;0,001890359168241966;0,001890359168241966;0,001890359168241966;0,001890359168241966;0,003780718336483932;0,1219281663516068;0,4054820415879017
EC010453;931,0;835,0;74,0;22,0;0,079484425349087;0,023630504833512353;0,02577873254564984;0,0010741138560687433;0,004296455424274973;0,0010741138560687433;0,0010741138560687433;0,2158968850698174;0,001611170784103115;0,0010741138560687433;0,0010741138560687433;0,0;0,0010741138560687433;0,0021482277121374865;0,11493018259935553;0,5220193340494093
EC010550;10820,0;9610,0;963,0;238,0;0,08900184842883549;0,021996303142329022;0,0344731977818854;0,0011090573012939;0,0016635859519408503;0,0010166358595194084;0,0019408502772643253;0,3591497227356747;0,003096118299445471;0,0014787430683918669;0,0019408502772643253;0,0012939001848428836;0,0021256931608133085;0,004158964879852125;0,06700554528650647;0,40046210720887243
EC010552;884,0;775,0;76,0;33,0;0,08597285067873303;0,03733031674208145;0,020361990950226245;0,0022624434389140274;0,0011312217194570137;0,0;0,00904977375565611;0,2658371040723982;0,006221719457013574;0,0022624434389140274;0,0;0,0011312217194570137;0,003393665158371041;0,006787330316742082;0,083710407239819;0,46153846153846156
EC010553;1323,0;1149,0;127,0;47,0;0,09599395313681028;0,03552532123960695;0,037037037037037035;0,0030234315948601664;0,0030234315948601664;0,0;0,003779289493575208;0,3348450491307634;0,006424792139077854;0,0007558578987150416;0,0022675736961451248;0,0022675736961451248;0,006046863189720333;0,001889644746787604;0,09372637944066516;0,36507936507936506
EC010554;1171,0;960,0;177,0;33,0;0,1511528608027327;0,028181041844577284;0,02049530315969257;0,0;0,0034158838599487617;0,0;0,006831767719897523;0,32450896669513235;0,0029888983774551663;0,0017079419299743809;0,004269854824935952;0,0;0,0017079419299743809;0,007258753202391118;0,07087959009393681;0,3654995730145175
EC010556;651,0;585,0;47,0;17,0;0,07219662058371736;0,026113671274961597;0,02457757296466974;0,0;0,0;0,004608294930875576;0,0030721966205837174;0,35944700460829493;0,0030721966205837174;0,0030721966205837174;0,0030721966205837174;0,0030721966205837174;0,0015360983102918587;0,0015360983102918587;0,07219662058371736;0,4147465437788018
EC010559;1320,0;1137,0;130,0;53,0;0,09848484848484848;0,04015151515151515;0,041666666666666664;0,0022727272727272726;0,0030303030303030303;0,0007575757575757576;0,0030303030303030303;0,2765151515151515;0,005303030303030303;0,0015151515151515152;0,0007575757575757576;0,0030303030303030303;0,0022727272727272726;0,0026515151515151517;0,11969696969696969;0,39090909090909093
EC010561;767,0;656,0;78,0;33,0;0,1016949152542373;0,04302477183833116;0,011734028683181226;0,0;0,003911342894393742;0,0;0,002607561929595828;0,21642764015645372;0,0045632333767926985;0,001303780964797914;0,0;0,0;0,001303780964797914;0,0;0,04432855280312908;0,5645371577574967
EC010562;800,0;695,0;69,0;36,0;0,08625;0,045;0,02;0,00125;0,005;0,00375;0,00125;0,27;0,00875;0,00375;0,00125;0,00625;0,0;0,00375;0,0675;0,46375
EC010650;4943,0;4484,0;307,0;151,0;0,06210803155978151;0,030548250050576573;0,017600647380133522;0,0014161440420797087;0,0014161440420797087;0,001820756625531054;0,002225369208982399;0,2692696742868703;0,0037426663969249443;0,001213837750354036;0,00020230629172567267;0,0008092251669026907;0,0032369006676107627;0,004551891563827635;0,04187740238721424;0,5494638883269269
EC010652;927,0;845,0;48,0;34,0;0,05177993527508091;0,036677454153182305;0,022653721682847898;0,0010787486515641855;0,002157497303128371;0,0010787486515641855;0,0010787486515641855;0,3117583603020496;0,0016181229773462784;0,0;0,0010787486515641855;0,0;0,0010787486515641855;0,0016181229773462784;0,042071197411003236;0,5210355987055016
EC010750;2540,0;2366,0;120,0;54,0;0,047244094488188976;0,02125984251968504;0,03897637795275591;0,002362204724409449;0,0027559055118110236;0,002362204724409449;0,001968503937007874;0,4905511811023622;0,003937007874015748;0,0011811023622047244;0,0027559055118110236;0,0011811023622047244;0,005511811023622047;0,0031496062992125984;0,06929133858267716;0,2984251968503937
EC010751;398,0;372,0;18,0;8,0;0,04522613065326633;0,020100502512562814;0,05025125628140704;0,0;0,005025125628140704;0,002512562814070352;0,010050251256281407;0,45226130653266333;0,00628140703517588;0,007537688442211055;0,005025125628140704;0,0;0,0;0,001256281407035176;0,08793969849246232;0,2989949748743719
EC010850;9699,0;8889,0;582,0;224,0;0,060006186204763376;0,023095164449943292;0,030003093102381688;0,0014434477781214558;0,0019589648417362615;0,0010310341272296113;0,0014434477781214558;0,46138777193525105;0,003041550675327353;0,001546551190844417;0,0019589648417362615;0,0012372409526755336;0,002371378492628106;0,005052067223425096;0,07011032065161357;0,32580678420455716
EC010851;2057,0;1882,0;124,0;51,0;0,060281964025279536;0,024793388429752067;0,031113271754982984;0,0019445794846864365;0,0024307243558580457;0,0019445794846864365;0,003403014098201264;0,42245989304812837;0,003889158969372873;0,0019445794846864365;0,0009722897423432182;0,0009722897423432182;0,0019445794846864365;0,005104521147301896;0,05930967428293631;0,3684978123480797
EC010852;926,0;859,0;40,0;27,0;0,04319654427645788;0,029157667386609073;0,026997840172786176;0,0010799136069114472;0,0032397408207343412;0,0032397408207343412;0,0032397408207343412;0,40712742980561556;0,004319654427645789;0,0021598272138228943;0,0010799136069114472;0,0010799136069114472;0,0021598272138228943;0,003779697624190065;0,052915766738660906;0,40712742980561556
EC010853;1229,0;1098,0;90,0;41,0;0,07323026851098453;0,03336045565500407;0,022782750203417412;0,0032546786004882017;0,004882017900732303;0,0016273393002441008;0,0032546786004882017;0,3572009764035802;0,005695687550854353;0,0016273393002441008;0,0016273393002441008;0,0008136696501220504;0,004882017900732303;0,007729861676159479;0,13018714401952808;0,33441822620016276
EC010854;449,0;415,0;27,0;7,0;0,060133630289532294;0,015590200445434299;0,024498886414253896;0,0;0,0022271714922048997;0,0;0,0022271714922048997;0,46993318485523383;0,004454342984409799;0,004454342984409799;0,0;0,0;0,0;0,01670378619153675;0,2182628062360802;0,1603563474387528
EC010950;8144,0;7120,0;794,0;223,0;0,0974950884086444;0,027382121807465618;0,032784872298624756;0,0011051080550098231;0,0022102161100196463;0,0015962671905697446;0,0018418467583497054;0,31777996070726916;0,002026031434184676;0,0019646365422396855;0,0015962671905697446;0,0008595284872298625;0,0029469548133595285;0,003867878192534381;0,075024557956778;0,42276522593320237
EC010951;890,0;775,0;94,0;21,0;0,10561797752808989;0,02359550561797753;0,04157303370786517;0,0011235955056179776;0,0011235955056179776;0,0;0,0011235955056179776;0,3898876404494382;0,0056179775280898875;0,0;0,0033707865168539327;0,0011235955056179776;0,0044943820224719105;0,006741573033707865;0,08426966292134831;0,31797752808988766
EC010952;2096,0;1876,0;166,0;55,0;0,07919847328244274;0,026240458015267174;0,02385496183206107;0,00047709923664122136;0,0033396946564885495;0,00047709923664122136;0,0033396946564885495;0,2876908396946565;0,002385496183206107;0,0014312977099236641;0,0019083969465648854;0,0009541984732824427;0,002385496183206107;0,004770992366412214;0,10782442748091603;0,4470419847328244
EC010953;741,0;678,0;48,0;15,0;0,06477732793522267;0,020242914979757085;0,021592442645074223;0,001349527665317139;0,001349527665317139;0,0;0,004048582995951417;0,27530364372469635;0,0006747638326585695;0,0;0,004048582995951417;0,004048582995951417;0,001349527665317139;0,005398110661268556;0,07152496626180836;0,5182186234817814
EC010954;2052,0;1804,0;189,0;58,0;0,09210526315789473;0,028265107212475632;0,025341130604288498;0,0029239766081871343;0,00341130604288499;0,0014619883040935672;0,0043859649122807015;0,2948343079922027;0,005847953216374269;0,0014619883040935672;0,0009746588693957114;0,0009746588693957114;0,0014619883040935672;0,005360623781676413;0,1101364522417154;0,4093567251461988
EC010955;2196,0;1897,0;237,0;61,0;0,10792349726775956;0,027777777777777776;0,022313296903460837;0,001366120218579235;0,0036429872495446266;0,001366120218579235;0,0018214936247723133;0,2568306010928962;0,005009107468123861;0,002276867030965392;0,004098360655737705;0,0036429872495446266;0,004098360655737705;0,007058287795992714;0,10837887067395265;0,42987249544626593
EC010956;1132,0;949,0;135,0;48,0;0,11925795053003534;0,04240282685512368;0,013250883392226149;0,0008833922261484099;0,007950530035335688;0,00441696113074205;0,00265017667844523;0,4558303886925795;0,0035335689045936395;0,00441696113074205;0,0;0,0008833922261484099;0,007067137809187279;0,010159010600706713;0,13074204946996468;0,18286219081272084
EC011050;2097,0;1801,0;215,0;81,0;0,10252742012398665;0,03862660944206009;0,03195040534096328;0,0004768717215069146;0,0004768717215069146;0,001430615164520744;0,002384358607534573;0,31711969480209823;0,0026227944682880307;0,0009537434430138292;0,0;0,0009537434430138292;0,004291845493562232;0,0026227944682880307;0,11158798283261803;0,37672865999046257
EC011051;690,0;649,0;27,0;14,0;0,0391304347826087;0,020289855072463767;0,036231884057971016;0,0014492753623188406;0,002898550724637681;0,0014492753623188406;0,0;0,3391304347826087;0,0036231884057971015;0,0;0,0;0,0;0,002898550724637681;0,011594202898550725;0,06666666666666667;0,45942028985507244
EC011150;5087,0;4455,0;486,0;145,0;0,09553764497739335;0,028504029880086493;0,04265775506192255;0,002555533713387065;0,0037350108118734027;0,001572636131315117;0,002752113229801455;0,3823471594259878;0,0041281698447021824;0,0023589541969726755;0,0033418517790446234;0,0023589541969726755;0,002555533713387065;0,005700805976017299;0,05622174169451543;0,3536465500294869
EC011151;791,0;680,0;89,0;21,0;0,1125158027812895;0,02654867256637168;0,018963337547408345;0,0025284450063211127;0,0;0,0037926675094816687;0,0037926675094816687;0,20353982300884957;0,004424778761061947;0,0;0,0037926675094816687;0,0050568900126422255;0,0025284450063211127;0,014538558786346398;0,0695322376738306;0,5082174462705437
EC011152;695,0;577,0;85,0;33,0;0,1223021582733813;0,04748201438848921;0,050359712230215826;0,0;0,011510791366906475;0,0;0,008633093525179856;0,2503597122302158;0,006474820143884892;0,0028776978417266188;0,0;0,010071942446043165;0,0014388489208633094;0,0007194244604316547;0,07482014388489208;0,40575539568345326
EC011153;643,0;505,0;104,0;34,0;0,16174183514774496;0,05287713841368585;0,027993779160186624;0,0;0,003110419906687403;0,004665629860031105;0,006220839813374806;0,18506998444790046;0,007776049766718507;0,004665629860031105;0,0;0,007776049766718507;0,006220839813374806;0,0038880248833592537;0,06687402799377916;0,4494556765163297
EC011154;478,0;425,0;38,0;16,0;0,0794979079497908;0,03347280334728033;0,043933054393305436;0,0041841004184100415;0,0041841004184100415;0,0041841004184100415;0,0020920502092050207;0,4246861924686193;0,0010460251046025104;0,0041841004184100415;0,0020920502092050207;0,0;0,0041841004184100415;0,006276150627615063;0,08577405857740586;0,29497907949790797
EC011250;1172,0;1092,0;64,0;16,0;0,05460750853242321;0,013651877133105802;0,03839590443686007;0,0034129692832764505;0,0017064846416382253;0,0008532423208191126;0,004266211604095563;0,31313993174061433;0,006825938566552901;0,0;0,0008532423208191126;0,0008532423208191126;0,0;0,004266211604095563;0,027303754266211604;0,5187713310580204
EC011253;892,0;839,0;41,0;13,0;0,04596412556053812;0,014573991031390135;0,016816143497757848;0,002242152466367713;0,0033632286995515697;0,0011210762331838565;0,0011210762331838565;0,257847533632287;0,002802690582959641;0,0033632286995515697;0,0;0,0;0,0011210762331838565;0,00616591928251121;0,04035874439461883;0,5952914798206278
EC011350;1761,0;1660,0;72,0;27,0;0,04088586030664395;0,015332197614991482;0,02555366269165247;0,0005678591709256105;0,0;0,001135718341851221;0,002271436683702442;0,2231686541737649;0,00028392958546280523;0,001135718341851221;0,0017035775127768314;0,0005678591709256105;0,0017035775127768314;0,002555366269165247;0,014764338444065871;0,6643952299829642
EC011351;650,0;620,0;18,0;11,0;0,027692307692307693;0,016923076923076923;0,027692307692307693;0,0;0,0015384615384615385;0,0015384615384615385;0,0015384615384615385;0,18923076923076923;0,0007692307692307692;0,0015384615384615385;0,0;0,0;0,003076923076923077;0,0015384615384615385;0,04;0,683076923076923
EC011352;1553,0;1450,0;77,0;26,0;0,049581455247907275;0,01674179008370895;0,026400515132002575;0,000643915003219575;0,000643915003219575;0,00128783000643915;0,003219575016097875;0,21442369607211847;0,0003219575016097875;0,0;0,000643915003219575;0,000643915003219575;0,000643915003219575;0,0028976175144880875;0,044430135222150675;0,6342562781712814
EC011450;2420,0;2195,0;176,0;47,0;0,07272727272727272;0,019421487603305785;0,028925619834710745;0,002892561983471074;0,0;0,002892561983471074;0,001652892561983471;0,3239669421487603;0,0022727272727272726;0,00041322314049586776;0,0008264462809917355;0,002066115702479339;0,0012396694214876034;0,003305785123966942;0,045867768595041325;0,48512396694214877
EC011550;14103,0;13013,0;781,0;308,0;0,05537828830745232;0,021839324966319223;0,01630858682549812;0,0005672551939303694;0,0017726724810324045;0,0019144862795149968;0,0014181379848259236;0,2888038006097993;0,002907182868893143;0,0017017655817911082;0,0015599517833085159;0,0004963482946890732;0,00241083457420407;0,0024817414734453662;0,016024959228532937;0,5789548323051833
EC020150;18491,0;15920,0;1952,0;611,0;0,10556486939592234;0,03304310204964577;0,016224109026012654;0,0015142501757611812;0,0009734465415607593;0,0018928127197014764;0,0028121788978421936;0,2612622356822238;0,002704018171002109;0,0013520090855010545;0,002920339624682278;0,0030825807149424045;0,0028121788978421936;0,0030014601698123413;0,34259910226596724;0,21210318533340544
EC020151;1750,0;1422,0;212,0;114,0;0,12114285714285715;0,06514285714285714;0,016;0,001142857142857143;0,0034285714285714284;0,002285714285714286;0,004;0,24114285714285713;0,004571428571428572;0,002285714285714286;0,002857142857142857;0,008571428571428572;0,0034285714285714284;0,003142857142857143;0,31485714285714284;0,19714285714285715
EC020153;1698,0;1370,0;262,0;66,0;0,15429917550058891;0,038869257950530034;0,02237926972909305;0,0017667844522968198;0,0017667844522968198;0,001177856301531213;0,0017667844522968198;0,22968197879858657;0,0032391048292108363;0,002355712603062426;0,0005889281507656066;0,0017667844522968198;0,002355712603062426;0,0014723203769140165;0,3462897526501767;0,1855123674911661
EC020155;3201,0;2886,0;257,0;58,0;0,0802874101843174;0,01811933770696657;0,010309278350515464;0,0009372071227741331;0,001562011871290222;0,001562011871290222;0,002499218994064355;0,16182442986566697;0,0020306154326772885;0,00031240237425804435;0,0012496094970321774;0,001562011871290222;0,001562011871290222;0,002499218994064355;0,3898781630740394;0,31927522649172135
EC020156;1401,0;1284,0;81,0;36,0;0,057815845824411134;0,02569593147751606;0,021413276231263382;0,0014275517487508922;0,0007137758743754461;0,0014275517487508922;0,0014275517487508922;0,5324768022840828;0,0046395431834403995;0,0007137758743754461;0,0007137758743754461;0,0021413276231263384;0,0014275517487508922;0,0017844396859386152;0,10206995003568879;0,23768736616702354
EC020157;2762,0;2428,0;234,0;100,0;0,08472121650977553;0,036205648081100654;0,01991310644460536;0,000724112961622013;0,002896451846488052;0,001448225923244026;0,0018102824040550326;0,23171614771904417;0,0038015930485155685;0,001448225923244026;0,003620564808110065;0,002896451846488052;0,0018102824040550326;0,0052498189717595945;0,3555394641564084;0,23714699493120928
EC020158;1455,0;1346,0;93,0;16,0;0,06391752577319587;0,010996563573883162;0,03711340206185567;0,002061855670103093;0,0006872852233676976;0,0013745704467353953;0,003436426116838488;0,4865979381443299;0,003780068728522337;0,002061855670103093;0,0;0,0013745704467353953;0,003436426116838488;0,003436426116838488;0,12371134020618557;0,24879725085910653
EC020159;7814,0;6361,0;1078,0;375,0;0,13795751215766572;0,04799078576913233;0,006014845149731251;0,0015357051446122344;0,0016636805733299207;0,002047606859482979;0,002303557716918352;0,09201433324801638;0,0047990785769132325;0,003839262861530586;0,0033273611466598414;0,005246992577425134;0,005502943434860507;0,003135398003583312;0,44944970565651393;0,22523675454312772
EC020160;4594,0;4128,0;331,0;137,0;0,07205050065302569;0,02982150631258163;0,01697866782760122;0,00043535045711797995;0,0017414018284719198;0,00065302568567697;0,0017414018284719198;0,45559425337396603;0,002503265128428385;0,0015237265999129299;0,00130605137135394;0,00261210274270788;0,00239442751414889;0,0032651284283848497;0,06573791902481498;0,33630822812363953
EC020250;9522,0;8499,0;703,0;317,0;0,0738290275152279;0,03329132535181684;0,03192606595253098;0,0013652593992858643;0,0014702793530770846;0,0013652593992858643;0,0033606385213190504;0,4463348036126864;0,004043268220961983;0,001575299306868305;0,0014702793530770846;0,002835538752362949;0,0036756983826927115;0,002572988867884898;0,08916194076874606;0,2947910102919555
EC020251;4581,0;4028,0;373,0;181,0;0,08142327002837808;0,039511023793931455;0,015935385287055227;0,0006548788474132286;0,0013097576948264572;0,0010914647456887142;0,0015280506439641999;0,4798079022047588;0,0038201266099105;0,0010914647456887142;0,004147566033617114;0,0019646365422396855;0,0006548788474132286;0,0027286618642217856;0,0397293167430692;0,3182711198428291
EC020350;5163,0;4905,0;180,0;77,0;0,034863451481696686;0,014913809800503584;0,030796048808832074;0,0015494867325198528;0,0013558008909548712;0,0007747433662599264;0,0001936858415649816;0,6649234940925818;0,002324230098779779;0,0011621150493898896;0,0007747433662599264;0,0017431725740848344;0,001936858415649816;0,0027116017819097424;0,04570985860933566;0,18903738136742204
EC020351;1960,0;1701,0;168,0;91,0;0,08571428571428572;0,04642857142857143;0,02346938775510204;0,0005102040816326531;0,0005102040816326531;0,0010204081632653062;0,002551020408163265;0,3989795918367347;0,0033163265306122448;0,0020408163265306124;0,0020408163265306124;0,001530612244897959;0,002551020408163265;0,0035714285714285713;0,19591836734693877;0,2229591836734694
EC020353;2133,0;1918,0;174,0;40,0;0,08157524613220815;0,01875293014533521;0,033286451007969994;0,00046882325363338024;0,001875293014533521;0,0014064697609001407;0,0009376465072667605;0,4125644631973746;0,0046882325363338025;0,001875293014533521;0,0014064697609001407;0,0014064697609001407;0,0046882325363338025;0,0030473511486169714;0,09095171120487576;0,33286451007969997
EC020354;727,0;652,0;66,0;9,0;0,0907840440165062;0,012379642365887207;0,023383768913342505;0,0;0,0;0,0;0,001375515818431912;0,5447042640990372;0,0034387895460797797;0,002751031636863824;0,001375515818431912;0,001375515818431912;0,002751031636863824;0,008253094910591471;0,07152682255845942;0,22420907840440166
EC020355;1415,0;1259,0;120,0;36,0;0,08480565371024736;0,025441696113074206;0,01342756183745583;0,0;0,0;0,0007067137809187279;0,0014134275618374558;0,5469964664310955;0,00530035335689046;0,0014134275618374558;0,0;0,0014134275618374558;0,0063604240282685515;0,0014134275618374558;0,05441696113074205;0,25017667844522967
EC020450;12935,0;11651,0;889,0;385,0;0,06872825666795516;0,029764205643602628;0,027831465017394665;0,0007730962504831851;0,0017008117510630073;0,0012369540007730962;0,0013915732508697333;0,4780827212988017;0,003749516814843448;0,0018554310011596445;0,0013142636258214148;0,0021646695013529185;0,0029377657518361035;0,0030923850019327404;0,06950135291843834;0,29826053343641284
EC020550;10785,0;9982,0;654,0;139,0;0,06063977746870654;0,012888270746407048;0,031896152063050534;0,0019471488178025036;0,0009272137227630969;0,0011126564673157164;0,0014835419564209551;0,5980528511821975;0,0024571163653222066;0,0007417709782104776;0,001205377839592026;0,0010199350950394065;0,0023180343069077423;0,004265183124710246;0,04654612888270746;0,22484932777005098
EC020551;2531,0;2331,0;132,0;67,0;0,05215329909126827;0,026471750296325564;0,0225207427894113;0,0007902015013828526;0,0003951007506914263;0,0007902015013828526;0,0007902015013828526;0,5602528644804425;0,004938759383642829;0,0015804030027657052;0,001185302252074279;0,001185302252074279;0,002370604504148558;0,002963255630185697;0,029632556301856974;0,2836823389964441
EC020552;1810,0;1580,0;177,0;53,0;0,09779005524861878;0,029281767955801105;0,0281767955801105;0,0022099447513812156;0,0011049723756906078;0,0022099447513812156;0,0022099447513812156;0,4403314917127072;0,004143646408839779;0,0016574585635359116;0,0016574585635359116;0,004419889502762431;0,0033149171270718232;0,0030386740331491712;0,06906077348066299;0,30220994475138124
EC020553;844,0;772,0;46,0;27,0;0,054502369668246446;0,031990521327014215;0,008293838862559242;0,002369668246445498;0,004739336492890996;0,002369668246445498;0,001184834123222749;0,6078199052132701;0,0035545023696682463;0,0;0,005924170616113744;0,0071090047393364926;0,0035545023696682463;0,002962085308056872;0,058056872037914695;0,20023696682464456
EC020554;4111,0;3678,0;330,0;100,0;0,08027243979567016;0,024324981756263683;0,029189978107516418;0,001459498905375821;0,0021892483580637314;0,0009729992702505473;0,002918997810751642;0,4120651909511068;0,004621746533690099;0,0024324981756263684;0,001459498905375821;0,004135246898564826;0,0038919970810021892;0,0032838725370955973;0,0931646801264899;0,3249817562636828
EC020555;1251,0;1147,0;88,0;16,0;0,07034372501998401;0,012789768185451638;0,019184652278177457;0,0007993605115907274;0,0007993605115907274;0,0031974420463629096;0,0015987210231814548;0,4276578737010392;0,0031974420463629096;0,0;0,0015987210231814548;0,003996802557953637;0,0031974420463629096;0,019984012789768184;0,1518784972022382;0,2565947242206235
EC020556;725,0;677,0;36,0;12,0;0,0496551724137931;0,016551724137931035;0,04551724137931035;0,0;0,002758620689655172;0,001379310344827586;0,008275862068965517;0,48413793103448277;0,006206896551724138;0,0;0,0;0,006896551724137931;0,002758620689655172;0,004137931034482759;0,08827586206896551;0,2731034482758621
EC020650;13045,0;11980,0;712,0;348,0;0,05458029896512073;0,026676887696435416;0,015791490992717518;0,0006899195093905711;0,0013031812955155231;0,0020697585281717135;0,0016098121885779993;0,6279800689919509;0,0024530471444998083;0,006822537370640092;0,0005366040628593331;0,0018397853583748563;0,0023763894212341895;0,0016864699118436183;0,029053277117669606;0,22000766577232655
EC020750;5140,0;4667,0;340,0;132,0;0,06614785992217899;0,025680933852140077;0,023346303501945526;0,0013618677042801556;0,002529182879377432;0,0007782101167315176;0,0007782101167315176;0,4118677042801556;0,0021400778210116734;0,0013618677042801556;0,0013618677042801556;0,0023346303501945525;0,0011673151750972762;0,0029182879377431907;0,08735408560311284;0,36361867704280154
EC030150;2548,0;2279,0;193,0;75,0;0,07574568288854003;0,02943485086342229;0,054945054945054944;0,0003924646781789639;0,0011773940345368916;0,0;0,0011773940345368916;0,5019623233908949;0,004709576138147566;0,0027472527472527475;0,002354788069073783;0,0019623233908948193;0,003532182103610675;0,003924646781789639;0,07653061224489796;0,23037676609105182
EC030151;2110,0;1902,0;158,0;51,0;0,07488151658767772;0,024170616113744076;0,023222748815165877;0,0014218009478672985;0,005213270142180095;0,0014218009478672985;0,0009478672985781991;0,45592417061611373;0,005213270142180095;0,00047393364928909954;0,002369668246445498;0,0042654028436018955;0,0014218009478672985;0,002369668246445498;0,08720379146919431;0,3023696682464455
EC030153;4728,0;4340,0;282,0;105,0;0,05964467005076142;0,022208121827411168;0,03955160744500846;0,0008460236886632825;0,0014805414551607445;0,0010575296108291032;0,0019035532994923859;0,6334602368866328;0,005499153976311337;0,0027495769881556685;0,0021150592216582064;0,0021150592216582064;0,0038071065989847717;0,004124365482233503;0,05922165820642978;0,15038071065989847
EC030154;4221,0;3806,0;300,0;114,0;0,07107320540156362;0,02700781805259417;0,04738213693437574;0,0011845534233593934;0,0037905709547500594;0,001658374792703151;0,002606017531390666;0,35607675906183367;0,005330490405117271;0,0021321961620469083;0,0035536602700781805;0,0018952854773750297;0,003079838900734423;0,008291873963515755;0,06870409855484483;0,3823738450604122
EC030155;1954,0;1697,0;202,0;56,0;0,10337768679631525;0,028659160696008188;0,03480040941658137;0,0020470829068577278;0,0040941658137154556;0,00255885363357216;0,0035823950870010235;0,4631525076765609;0,006653019447287615;0,0015353121801432957;0,0040941658137154556;0,0015353121801432957;0,0030706243602865915;0,004605936540429887;0,11003070624360287;0,21545547594677583
EC030156;1059,0;867,0;162,0;28,0;0,1529745042492918;0,02644003777148253;0,019830028328611898;0,0018885741265344666;0,0009442870632672333;0,0009442870632672333;0,003777148253068933;0,2842304060434372;0,008026440037771483;0,003777148253068933;0,0056657223796034;0,0056657223796034;0,003777148253068933;0,0056657223796034;0,17752596789423986;0,28328611898017
EC030157;1092,0;899,0;142,0;50,0;0,13003663003663005;0,045787545787545784;0,028388278388278388;0,0;0,0027472527472527475;0,003663003663003663;0,0027472527472527475;0,3324175824175824;0,00641025641025641;0,005494505494505495;0,0009157509157509158;0,005494505494505495;0,005494505494505495;0,004578754578754579;0,14377289377289376;0,27014652014652013
EC030158;2054,0;1808,0;196,0;50,0;0,09542356377799416;0,024342745861733205;0,05160662122687439;0,0014605647517039922;0,005355404089581304;0,0019474196689386564;0,004868549172346641;0,3729308666017527;0,009980525803310613;0,0029211295034079843;0,005842259006815969;0,005355404089581304;0,004381694255111977;0,005355404089581304;0,11100292112950341;0,2818889970788705
EC030160;937,0;829,0;93,0;14,0;0,09925293489861259;0,014941302027748132;0,03948772678762007;0,0032017075773745998;0,0010672358591248667;0,0;0,005336179295624333;0,3425827107790822;0,004268943436499467;0,0021344717182497333;0,007470651013874066;0,004268943436499467;0,0021344717182497333;0,0021344717182497333;0,18356456776947705;0,28068303094983993
EC030250;8562,0;7807,0;564,0;185,0;0,06587245970567625;0,021607101144592383;0,030833917309039945;0,001868722261153936;0,002219107685120299;0,001635131978509694;0,001635131978509694;0,5131978509693996;0,004321420228918477;0,001284746554543331;0,001868722261153936;0,002219107685120299;0,00233590282644242;0,0034454566690025694;0,09460406447091801;0,24258350852604532
EC030251;1796,0;1566,0;169,0;60,0;0,09409799554565701;0,0334075723830735;0,023942093541202674;0,0016703786191536749;0,0016703786191536749;0,0027839643652561247;0,0033407572383073497;0,4471046770601336;0,005567928730512249;0,0022271714922048997;0,004454342984409799;0,0033407572383073497;0,0011135857461024498;0,0038975501113585748;0,13752783964365256;0,22383073496659242
EC030252;724,0;657,0;55,0;11,0;0,07596685082872928;0,015193370165745856;0,024861878453038673;0,0055248618784530384;0,0027624309392265192;0,0027624309392265192;0,0;0,5027624309392266;0,0055248618784530384;0,0;0,0013812154696132596;0,0055248618784530384;0,0027624309392265192;0,0027624309392265192;0,12154696132596685;0,22099447513812154
EC030253;367,0;320,0;36,0;11,0;0,09809264305177112;0,02997275204359673;0,010899182561307902;0,0;0,0;0,0;0,0;0,40054495912806537;0,006811989100817439;0,0;0,0027247956403269754;0,0027247956403269754;0,0;0,009536784741144414;0,17166212534059946;0,2506811989100817
EC030254;459,0;414,0;22,0;23,0;0,04793028322440087;0,05010893246187364;0,030501089324618737;0,002178649237472767;0,002178649237472767;0,0;0,0;0,2962962962962963;0,0032679738562091504;0,0;0,004357298474945534;0,008714596949891068;0,004357298474945534;0,0032679738562091504;0,16122004357298475;0,3790849673202614
EC030350;14796,0;13599,0;933,0;260,0;0,06305758313057583;0,017572316842389836;0,024398486077318194;0,0009462016761286835;0,0013517166801838335;0,0011489591781562584;0,0019599891862665587;0,40409570154095703;0,005102730467693971;0,002906190862395242;0,00283860502838605;0,0022303325223033254;0,0016896458502297918;0,005778588807785888;0,20147337118140038;0,2522979183563125
EC030351;1899,0;1599,0;222,0;77,0;0,11690363349131122;0,040547656661400734;0,020010531858873092;0,00315955766192733;0,000526592943654555;0,00105318588730911;0,00210637177461822;0,3075302790942601;0,006055818852027383;0,0026329647182727752;0,001579778830963665;0,001579778830963665;0,0026329647182727752;0,0028962611901000527;0,2685624012638231;0,21274354923644023
EC030352;1523,0;1351,0;125,0;46,0;0,08207485226526592;0,030203545633617858;0,017071569271175313;0,0;0,0026263952724885093;0,0006565988181221273;0,0013131976362442547;0,27511490479317136;0,0036112934996717005;0,001969796454366382;0,0013131976362442547;0,003282994090610637;0,0013131976362442547;0,005252790544977019;0,2449113591595535;0,319763624425476
EC030353;1223,0;1004,0;161,0;57,0;0,13164349959116925;0,04660670482420278;0,006541291905151268;0,005723630417007359;0,0;0,0024529844644317253;0,004088307440719542;0,12428454619787407;0,004905968928863451;0,001635322976287817;0,0024529844644317253;0,001635322976287817;0,0024529844644317253;0,0028618152085036794;0,4938675388389207;0,16026165167620604
EC030354;1666,0;1419,0;184,0;62,0;0,11044417767106843;0,03721488595438175;0,01020408163265306;0,0012004801920768306;0,0;0,004201680672268907;0,0012004801920768306;0,2707082833133253;0,005702280912364946;0,004801920768307323;0,0012004801920768306;0,001800720288115246;0,004201680672268907;0,0027010804321728693;0,18187274909963985;0,35354141656662663
EC030355;2934,0;2543,0;284,0;106,0;0,09679618268575324;0,03612815269256987;0,014314928425357873;0,0017041581458759373;0,0027266530334014998;0,0017041581458759373;0,004771642808452625;0,24130879345603273;0,003749147920927062;0,0013633265167007499;0,0017041581458759373;0,0006816632583503749;0,0017041581458759373;0,0035787321063394683;0,24130879345603273;0,3387866394001363
EC030356;4442,0;3596,0;650,0;195,0;0,14633048176497074;0,04389914452949122;0,009230076542098155;0,0009004952723998199;0,0011256190904997748;0,002926609635299415;0,0018009905447996398;0,15961278703286808;0,005628095452498875;0,0006753714542998649;0,0027014858171994596;0,004727600180099055;0,0027014858171994596;0,002476361999099505;0,28027915353444394;0,3266546600630347
EC030357;943,0;849,0;78,0;16,0;0,08271474019088017;0,016967126193001062;0,019088016967126194;0,0010604453870625664;0,0010604453870625664;0,0;0,0021208907741251328;0,15906680805938495;0,006362672322375398;0,0010604453870625664;0,003181336161187699;0,0010604453870625664;0,0010604453870625664;0,0010604453870625664;0,471898197242842;0,22481442205726404
EC030358;1108,0;982,0;97,0;29,0;0,08754512635379061;0,026173285198555957;0,01895306859205776;0,0;0,002707581227436823;0,002707581227436823;0,0;0,39981949458483756;0,006768953068592058;0,0018050541516245488;0,0036101083032490976;0,0036101083032490976;0,002707581227436823;0,002707581227436823;0,04693140794223827;0,3844765342960289
EC030361;1025,0;866,0;112,0;47,0;0,10926829268292683;0,045853658536585365;0,011707317073170732;0,000975609756097561;0,002926829268292683;0,001951219512195122;0,001951219512195122;0,15317073170731707;0,004390243902439025;0,0;0,000975609756097561;0,000975609756097561;0,002926829268292683;0,003902439024390244;0,3902439024390244;0,2604878048780488
EC030362;653,0;567,0;52,0;34,0;0,07963246554364471;0,05206738131699847;0,022970903522205207;0,0015313935681470138;0,0;0,004594180704441042;0,0030627871362940277;0,3001531393568147;0,007656967840735069;0,0015313935681470138;0,004594180704441042;0,007656967840735069;0,0015313935681470138;0,006891271056661562;0,17611026033690658;0,31546707503828486
EC030363;1897,0;1686,0;163,0;48,0;0,08592514496573538;0,025303110173958882;0,012124406958355299;0,0010542962572482868;0,0021085925144965737;0,0021085925144965737;0,0010542962572482868;0,3305218766473379;0,003426462836056932;0,0021085925144965737;0,002635740643120717;0,0;0,0015814443858724301;0,0031628887717448603;0,14760147601476015;0,3726937269372694
EC030450;28381,0;25946,0;1889,0;536,0;0,06655861315668933;0,01888587435255981;0,020471442162009794;0,00042281808251999576;0,0033473098199499666;0,002290264613649977;0,0015503329692399845;0,3812409710721962;0,002290264613649977;0,001515098129029985;0,0016560374898699835;0,0016208026496599838;0,002607378175539974;0,006113244776434939;0,028469750889679714;0,45220393925513547
EC030451;2941,0;2660,0;192,0;87,0;0,06528391703502211;0,029581774906494388;0,015980958857531452;0,0006800408024481469;0,0027201632097925877;0,0013600816048962938;0,0017001020061203672;0,2828969738184291;0,004420265215912955;0,0010200612036722204;0,0023801428085685142;0,0006800408024481469;0,005780346820809248;0,002890173410404624;0,020061203672220335;0,5545732743964638
EC030452;3858,0;3510,0;227,0;121,0;0,058838776568170034;0,03136340072576464;0,01503369621565578;0,0;0,0059616381544841885;0,002073613271124935;0,0007776049766718507;0,22109901503369622;0,003499222395023328;0,0018144116122343183;0,002073613271124935;0,0012960082944530845;0,002592016588906169;0,004924831518921721;0,016329704510108865;0,6238983929497148
EC030550;6290,0;5713,0;448,0;130,0;0,0712241653418124;0,02066772655007949;0,019077901430842606;0,0012718600953895071;0,0006359300476947536;0,0004769475357710652;0,0019077901430842607;0,27297297297297296;0,0022257551669316376;0,0006359300476947536;0,0017488076311605724;0,0011128775834658188;0,0025437201907790143;0,002861685214626391;0,23259141494435612;0,36311605723370427
EC030650;2513,0;2289,0;157,0;67,0;0,06247512932749701;0,026661360923199363;0,025069637883008356;0,0031834460803820135;0,0007958615200955034;0,0007958615200955034;0,00238758456028651;0,38081973736569835;0,0033824114604058893;0,0019896538002387586;0,0019896538002387586;0,00238758456028651;0,0031834460803820135;0,0029844807003581377;0,07282132908873856;0,4027059291683247
EC030651;826,0;733,0;56,0;36,0;0,06779661016949153;0,043583535108958835;0,04721549636803874;0,0012106537530266344;0,002421307506053269;0,0036319612590799033;0,0012106537530266344;0,3474576271186441;0,0018159806295399517;0,0012106537530266344;0,0012106537530266344;0,0;0,0012106537530266344;0,004842615012106538;0,035108958837772396;0,4322033898305085
EC030750;3311,0;2898,0;263,0;148,0;0,07943219571126547;0,04469948655995168;0,010570824524312896;0,0015101177891875567;0,000906070673512534;0,0015101177891875567;0,001812141347025068;0,18272425249169436;0,003624282694050136;0,000906070673512534;0,0024161884627000906;0,0015101177891875567;0,0021141649048625794;0,0012080942313500453;0,386288130474177;0,27333131984294773
EC040150;26987,0;25149,0;1454,0;367,0;0,05387779301144996;0,013599140326824027;0,0351650794827139;0,0006299329306703227;0,001630414644087894;0,002000963426835143;0,004372475636417535;0,5760551376588728;0,002278875013895579;0,0014451402527142698;0,0020750731833845924;0,0010004817134175714;0,0036684329491977617;0,004353948197280172;0,024345055026494238;0,26623930040389815
EC040151;1777,0;1565,0;149,0;59,0;0,08384918401800788;0,033202025886325266;0,025323579065841307;0,0011254924029262803;0,0039392234102419805;0,0016882386043894203;0,0039392234102419805;0,3140123804164322;0,0036578503095104106;0,0011254924029262803;0,0028137310073157004;0,0011254924029262803;0,010692177827799663;0,0025323579065841305;0,032076533483398985;0,4704558244231851
EC040153;6888,0;6226,0;478,0;179,0;0,06939605110336818;0,025987224157955867;0,03281068524970964;0,0008710801393728223;0,003048780487804878;0,0021777003484320556;0,0021777003484320556;0,5078397212543554;0,003556910569105691;0,0010162601626016261;0,003629500580720093;0,0014518002322880372;0,0027584204413472705;0,003556910569105691;0,035859465737514515;0,29602206736353076
EC040154;1227,0;1100,0;92,0;35,0;0,07497962510187449;0,02852485737571312;0,020374898125509373;0,0016299918500407497;0,0016299918500407497;0,0024449877750611247;0,0032599837000814994;0,26405867970660146;0,004889975550122249;0,0024449877750611247;0,004889975550122249;0,0008149959250203749;0,0016299918500407497;0,0012224938875305623;0,039119804400977995;0,5419722901385493
EC040155;594,0;559,0;28,0;7,0;0,04713804713804714;0,011784511784511785;0,04882154882154882;0,0;0,003367003367003367;0,003367003367003367;0,0016835016835016834;0,43265993265993263;0,003367003367003367;0,0016835016835016834;0,0016835016835016834;0,0;0,0;0,0025252525252525255;0,05218855218855219;0,3838383838383838
EC040156;730,0;517,0;91,0;120,0;0,12465753424657534;0,1643835616438356;0,012328767123287671;0,0013698630136986301;0,005479452054794521;0,0027397260273972603;0,005479452054794521;0,08767123287671233;0,010958904109589041;0,0027397260273972603;0,0;0,0013698630136986301;0,005479452054794521;0,015068493150684932;0,024657534246575342;0,5068493150684932
EC040157;2005,0;1849,0;96,0;57,0;0,047880299251870324;0,028428927680798004;0,013965087281795512;0,0004987531172069825;0,0029925187032418953;0,00199501246882793;0,00399002493765586;0,43690773067331673;0,001745635910224439;0,00199501246882793;0,00199501246882793;0,00199501246882793;0,0029925187032418953;0,005735660847880299;0,0399002493765586;0,3980049875311721
EC040158;983,0;916,0;47,0;19,0;0,04781281790437437;0,019328585961342827;0,029501525940996948;0,001017293997965412;0,004069175991861648;0,0;0,003051881993896236;0,49745676500508645;0,003560528992878942;0,001017293997965412;0,001017293997965412;0,001017293997965412;0,00508646998982706;0,00254323499491353;0,03255340793489318;0,34384537131230924
EC040159;2387,0;1809,0;322,0;255,0;0,1348973607038123;0,106828655215752;0,018433179723502304;0,0041893590280687055;0,005446166736489317;0,003770423125261835;0,009216589861751152;0,18810222036028487;0,01152073732718894;0,0041893590280687055;0,004608294930875576;0,005446166736489317;0,002932551319648094;0,004398826979472141;0,06619187264348554;0,41348973607038125
EC040161;1691,0;1551,0;95,0;45,0;0,056179775280898875;0,026611472501478415;0,026611472501478415;0,0;0,0011827321111768185;0,0005913660555884093;0,0029568302779420462;0,3217031342400946;0,0029568302779420462;0,0005913660555884093;0,0017740981667652277;0,0011827321111768185;0,004730928444707274;0,0020697811945594325;0,04316972205795387;0,5026611472501479
EC040250;4321,0;3922,0;321,0;77,0;0,07428835917611663;0,017819949085859755;0,03309419115945383;0,0006942837306179125;0,0023142791020597086;0,0023142791020597086;0,003934274473501504;0,36889608886831754;0,0018514232816477668;0,0018514232816477668;0,00277713492247165;0,00023142791020597085;0,0032399907428835918;0,0034714186530895625;0,05299699143716732;0,4246702152279565
EC040251;1233,0;1110,0;97,0;25,0;0,0786699107866991;0,0202757502027575;0,032441200324412;0,0008110300081103001;0,0056772100567721;0,0;0,006488240064882401;0,3682076236820762;0,0040551500405515;0,0024330900243309003;0,0;0,0016220600162206002;0,004866180048661801;0,00283860502838605;0,054339010543390104;0,4095701540957015
EC040252;1714,0;1551,0;126,0;37,0;0,073512252042007;0,021586931155192533;0,01866977829638273;0,0011668611435239206;0,0011668611435239206;0,0;0,004084014002333722;0,22170361726954493;0,002042007001166861;0,0005834305717619603;0,001750291715285881;0,0011668611435239206;0,004084014002333722;0,0014585764294049008;0,03558926487747958;0,6079346557759626
EC040253;1392,0;1245,0;115,0;32,0;0,08261494252873564;0,022988505747126436;0,021551724137931036;0,0014367816091954023;0,0021551724137931034;0,0021551724137931034;0,0028735632183908046;0,3103448275862069;0,0017959770114942528;0,0021551724137931034;0,0021551724137931034;0,0014367816091954023;0,0014367816091954023;0,00610632183908046;0,05962643678160919;0,47126436781609193
EC040254;1685,0;1467,0;138,0;81,0;0,08189910979228486;0,048071216617210685;0,011869436201780416;0,0011869436201780415;0,004154302670623145;0,0;0,0035608308605341245;0,15074183976261127;0,005341246290801187;0,002373887240356083;0,0011869436201780415;0,002373887240356083;0,004154302670623145;0,004451038575667656;0,017804154302670624;0,6516320474777448
EC040255;1366,0;1207,0;108,0;49,0;0,07906295754026355;0,03587115666178624;0,010980966325036604;0,0;0,004392386530014641;0,0007320644216691069;0,006588579795021962;0,24084919472913616;0,0014641288433382138;0,0014641288433382138;0,0036603221083455345;0,0007320644216691069;0,004392386530014641;0,002562225475841874;0,04538799414348463;0,5563689604685212
EC040350;4021,0;3709,0;237,0;73,0;0,05894056204924148;0,01815468788858493;0,035811987067893555;0,000994777418552599;0,001989554837105198;0,0002486943546381497;0,002238249191743347;0,47600099477741853;0,002238249191743347;0,0014921661278288984;0,0029843322556577967;0,0014921661278288984;0,005471275802039294;0,0028599850783387216;0,05197712011937329;0,3315095747326536
EC040351;743,0;672,0;51,0;20,0;0,06864064602960969;0,026917900403768506;0,021534320323014805;0,0;0,0;0,0;0,005383580080753701;0,34320323014804843;0,002018842530282638;0,0026917900403768506;0,0013458950201884253;0,0;0,005383580080753701;0,0026917900403768506;0,07537012113055182;0,44010767160161507
EC040352;3036,0;2829,0;151,0;55,0;0,049736495388669304;0,018115942028985508;0,0266798418972332;0,0013175230566534915;0,0009881422924901185;0,0029644268774703555;0,0029644268774703555;0,3089591567852437;0,0029644268774703555;0,0013175230566534915;0,007905138339920948;0,0016469038208168643;0,0016469038208168643;0,002635046113306983;0,0764163372859025;0,4878129117259552
EC040353;2527,0;2299,0;177,0;51,0;0,07004352987732489;0,020182034032449545;0,0221606648199446;0,0019786307874950534;0,002770083102493075;0,001187178472497032;0,003561535417491096;0,3122279382667194;0,0025722200237435692;0,0015829046299960427;0,008705975464978234;0,0007914523149980214;0,003957261574990107;0,0031658092599920855;0,08626830233478433;0,45310645033636726
EC040450;5349,0;4879,0;381,0;83,0;0,071228266965788;0,015516919050289775;0,0358945597307908;0,0003739016638624042;0,0009347541596560105;0,0007478033277248083;0,00448681996634885;0,3825014021312395;0,00271078706300243;0,0009347541596560105;0,002243409983174425;0,0011217049915872126;0,001869508319312021;0,004860721630211255;0,04655075715086932;0,4193307160216863
EC040451;2426,0;2077,0;178,0;166,0;0,07337180544105523;0,06842539159109645;0,005770816158285243;0,004534212695795548;0,0032976092333058533;0,00247320692497939;0,00247320692497939;0,1224237427864798;0,006389117889530091;0,002061005770816158;0,0032976092333058533;0,00247320692497939;0,007007419620774938;0,001236603462489695;0,025968672712283595;0,6591096455070075
EC040452;1591,0;1328,0;147,0;115,0;0,09239472030169704;0,07228158390949088;0,02011313639220616;0,001257071024512885;0,00251414204902577;0,0043997485857950975;0,0056568196103079825;0,20364550597108735;0,0028284098051539913;0,0043997485857950975;0,00251414204902577;0,0;0,0069138906348208675;0,0043997485857950975;0,03896920175989944;0,5298554368321811
EC040453;1121,0;1006,0;79,0;36,0;0,0704727921498662;0,032114183764495985;0,013380909901873328;0,001784121320249777;0,001784121320249777;0,001784121320249777;0,003568242640499554;0,15878679750223015;0,004906333630686887;0,003568242640499554;0,0026761819803746653;0,0;0,0044603033006244425;0,0013380909901873326;0,04192685102586976;0,6512042818911686
EC040550;8150,0;7457,0;558,0;133,0;0,06846625766871166;0,016319018404907976;0,03914110429447853;0,000736196319018405;0,0034355828220858898;0,0011042944785276073;0,00785276073619632;0,4166871165644172;0,0025766871165644172;0,0020858895705521473;0,002331288343558282;0,000736196319018405;0,002822085889570552;0,007116564417177914;0,05067484662576687;0,3679754601226994
EC040551;2194,0;1912,0;235,0;47,0;0,10711030082041932;0,021422060164083864;0,0414767547857794;0,0018231540565177757;0,0027347310847766638;0,0027347310847766638;0,006381039197812215;0,41567912488605285;0,0029626253418413855;0,0027347310847766638;0,0022789425706472195;0,0013673655423883319;0,004102096627164996;0,0054694621695533276;0,056517775752051046;0,31677301731996355
EC040552;545,0;510,0;32,0;3,0;0,05871559633027523;0,005504587155963303;0,025688073394495414;0,001834862385321101;0,0;0,001834862385321101;0,001834862385321101;0,42201834862385323;0,001834862385321101;0,001834862385321101;0,001834862385321101;0,001834862385321101;0,007339449541284404;0,0027522935779816515;0,029357798165137616;0,43119266055045874
EC040553;762,0;684,0;47,0;31,0;0,06167979002624672;0,04068241469816273;0,03543307086614173;0,0;0,0013123359580052493;0,0013123359580052493;0,006561679790026247;0,31496062992125984;0,0032808398950131233;0,007874015748031496;0,0013123359580052493;0,0;0,0013123359580052493;0,001968503937007874;0,048556430446194225;0,468503937007874
EC040554;2415,0;2138,0;203,0;73,0;0,08405797101449275;0,030227743271221533;0,03395445134575569;0,00041407867494824016;0,002484472049689441;0,006211180124223602;0,007453416149068323;0,34575569358178054;0,005175983436853002;0,002898550724637681;0,002898550724637681;0,002898550724637681;0,004968944099378882;0,004554865424430642;0,05879917184265011;0,39710144927536234
EC040555;861,0;768,0;72,0;21,0;0,08362369337979095;0,024390243902439025;0,03368176538908246;0,0011614401858304297;0,0023228803716608595;0,0011614401858304297;0,0;0,32171893147502906;0,0017421602787456446;0,0;0,003484320557491289;0,004645760743321719;0,005807200929152149;0,0011614401858304297;0,07317073170731707;0,43902439024390244
EC040650;5326,0;4885,0;324,0;111,0;0,06083364626361247;0,020841156590311678;0,037363875328576795;0,000938790837401427;0,0013143071723619977;0,0022530980097634247;0,003755163349605708;0,4951182876455126;0,0022530980097634247;0,001877581674802854;0,0026286143447239955;0,0005632745024408562;0,0031918888471648517;0,003661284265865565;0,03661284265865565;0,319752159218926
EC040651;1086,0;1007,0;53,0;26,0;0,04880294659300184;0,02394106813996317;0,03683241252302026;0,0027624309392265192;0,001841620626151013;0,003683241252302026;0,003683241252302026;0,3425414364640884;0,001841620626151013;0,0;0,001841620626151013;0,0;0,0;0,0023020257826887663;0,0423572744014733;0,48342541436464087
EC050150;15943,0;14713,0;990,0;237,0;0,062096217775826384;0,014865458194819043;0,026092956156306843;0,0005017876183905162;0,00263438499655021;0,002508938091952581;0,0019444270212632504;0,49858872232327667;0,0026030232704008028;0,0018189801166656214;0,002132597378159694;0,002508938091952581;0,002508938091952581;0,00664868594367434;0,18892303832402935;0,17418302703380795
EC050151;5368,0;4956,0;341,0;71,0;0,06352459016393443;0,013226527570789865;0,011549925484351714;0,0005588673621460507;0,0022354694485842027;0,0035394932935916544;0,0022354694485842027;0,35842026825633383;0,0030737704918032786;0,0018628912071535022;0,0016766020864381521;0,005216095380029807;0,0026080476900149033;0,004936661698956781;0,2900521609538003;0,22727272727272727
EC050152;4206,0;3816,0;315,0;74,0;0,07489300998573467;0,01759391345696624;0,019971469329529243;0,00047551117451260106;0,0028530670470756064;0,025439847836424157;0,0016642891107941037;0,3193057536852116;0,0015454113171659534;0,01378982406086543;0,003090822634331907;0,0028530670470756064;0,0019020446980504042;0,0042796005706134095;0,28245363766048504;0,22182596291012838
EC050153;7318,0;6880,0;355,0;78,0;0,0485105220005466;0,01065864990434545;0,01639792292976223;0,000683246788740093;0,0010931948619841486;0,0015031429352282044;0,0010931948619841486;0,25416780541131456;0,0012981688986061766;0,001639792292976223;0,002049740366220279;0,003006285870456409;0,0008198961464881115;0,004167805411314567;0,3908171631593331;0,25594424706203883
EC050154;1475,0;1381,0;80,0;14,0;0,05423728813559322;0,009491525423728813;0,010169491525423728;0,0013559322033898306;0,0013559322033898306;0,0006779661016949153;0,002711864406779661;0,4054237288135593;0,0013559322033898306;0,002033898305084746;0,0013559322033898306;0,0006779661016949153;0,0006779661016949153;0,003728813559322034;0,2583050847457627;0,24135593220338983
EC050156;6818,0;6328,0;413,0;73,0;0,060574948665297744;0,01070695218539161;0,018040481079495452;0,00044001173364623054;0,0013200352009386917;0,0007333528894103843;0,0016133763567028453;0,2585802288061015;0,0024200645350542682;0,0022000586682311527;0,0027867409797594604;0,0023467292461132297;0,002053388090349076;0,003300088002346729;0,34995599882663536;0,27662070988559695
EC050157;1799,0;1626,0;144,0;29,0;0,08004446914952751;0,016120066703724293;0,027237354085603113;0,0016675931072818232;0,0022234574763757642;0,005558643690939411;0,0027793218454697055;0,41411895497498613;0,0027793218454697055;0,0011117287381878821;0,0027793218454697055;0,0038910505836575876;0,0016675931072818232;0,006948304613674263;0,1528627015008338;0,26848249027237353
EC050158;4276,0;3876,0;299,0;99,0;0,06992516370439664;0,02315247895229186;0,012394761459307764;0,0009354536950420954;0,0023386342376052385;0,0037418147801683817;0,0011693171188026192;0,2675397567820393;0,0026894293732460245;0,0011693171188026192;0,002104770813844715;0,0018709073900841909;0,0035079513564078577;0,003274087932647334;0,45650140318054255;0,1412535079513564
EC050159;8070,0;7402,0;550,0;114,0;0,06815365551425032;0,01412639405204461;0,01127633209417596;0,0007434944237918215;0,001734820322180917;0,0028500619578686495;0,0013630731102850062;0,2114002478314746;0,0017967781908302355;0,0021065675340768276;0,0011152416356877324;0,003345724907063197;0,002973977695167286;0,004522924411400247;0,4368029739776952;0,2288723667905824
EC050161;10223,0;9494,0;552,0;175,0;0,05399589161694219;0,017118262740878413;0,017216081385112002;0,001173823730803091;0,002347647461606182;0,0018585542404382276;0,0016629169519710456;0,28279370047931135;0,002249828817372591;0,0019563728846718185;0,0029345593270077275;0,0030323779712413184;0,0032280152597085002;0,005037660178029932;0,33991978871172845;0,2559913919593074
EC050162;8738,0;7875,0;722,0;135,0;0,08262760357061112;0,015449759670405128;0,005951018539711604;0,0005722133211261158;0,0008010986495765621;0,001373311970702678;0,00022888532845044633;0,1596475165941863;0,0009155413138017853;0,0010299839780270085;0,0009155413138017853;0,0011444266422522317;0,0010299839780270085;0,0023460746166170748;0,5707255664911879;0,151293202105745
EC050250;3486,0;3191,0;215,0;79,0;0,06167527251864601;0,022662076878944348;0,013482501434308663;0,0005737234652897303;0,0017211703958691911;0,00028686173264486515;0,0005737234652897303;0,21084337349397592;0,0030120481927710845;0,001434308663224326;0,002008032128514056;0,002008032128514056;0,0017211703958691911;0,0037292025243832474;0,0321285140562249;0,6351118760757315
EC050251;2423,0;2202,0;170,0;51,0;0,070160957490714;0,021048287247214196;0,018572018159306643;0,0012381345439537762;0,0016508460586050352;0,0008254230293025176;0,0012381345439537762;0,3417251341312423;0,002682624845233182;0,002888980602558811;0,0024762690879075525;0,0012381345439537762;0,0024762690879075525;0,0047461824184894755;0,13082955014444902;0,38877424680148576
EC050252;1950,0;1780,0;122,0;46,0;0,06256410256410257;0,02358974358974359;0,014358974358974359;0,0;0,0010256410256410256;0,002564102564102564;0,0010256410256410256;0,4605128205128205;0,003076923076923077;0,003076923076923077;0,0015384615384615385;0,0041025641025641026;0,002564102564102564;0,004615384615384616;0,0917948717948718;0,3148717948717949
EC050350;5420,0;4728,0;464,0;229,0;0,08560885608856089;0,04225092250922509;0,013099630996309963;0,0005535055350553505;0,0027675276752767526;0,0007380073800738007;0,0009225092250922509;0,32767527675276753;0,008210332103321033;0,0025830258302583027;0,0014760147601476014;0,0018450184501845018;0,002952029520295203;0,003966789667896679;0,22416974169741696;0,26918819188191884
EC050351;9017,0;8078,0;694,0;240,0;0,07696573139625153;0,026616391260951534;0,015304424975047134;0,0008872130420317178;0,0026616391260951538;0,001663524453809471;0,0023289342353332593;0,402462016191638;0,0070977043362537426;0,0013308195630475769;0,0011090163025396474;0,002218032605079295;0,0015526228235555064;0,003327048907618942;0,061772208051458354;0,3817234113341466
EC050352;720,0;628,0;49,0;43,0;0,06805555555555555;0,059722222222222225;0,0125;0,001388888888888889;0,002777777777777778;0,0;0,0;0,20694444444444443;0,00625;0,0;0,0;0,006944444444444444;0,004166666666666667;0,002777777777777778;0,26944444444444443;0,35
EC050353;1224,0;1078,0;91,0;53,0;0,07434640522875817;0,04330065359477124;0,007352941176470588;0,0024509803921568627;0,0;0,0024509803921568627;0,0024509803921568627;0,29901960784313725;0,004901960784313725;0,0016339869281045752;0,0;0,0016339869281045752;0,004084967320261438;0,0032679738562091504;0,2916666666666667;0,25163398692810457
EC050450;29505,0;26781,0;2193,0;519,0;0,07432638535841384;0,01759023894255211;0,02142009828842569;0,000813421453990849;0,0013218098627351296;0,002541942043721403;0,001525165226232842;0,31530249110320285;0,002389425521098119;0,0020335536349771225;0,0018640908320623623;0,003050330452465684;0,0020335536349771225;0,00838840874428063;0,3071343840027114;0,22708015590577868
EC050451;3515,0;2881,0;435,0;197,0;0,12375533428165007;0,05604551920341394;0,005405405405405406;0,002275960170697013;0,001991465149359886;0,001991465149359886;0,0011379800853485065;0,09331436699857752;0,0025604551920341396;0,0025604551920341396;0,0017069701280227596;0,004551920341394026;0,003982930298719772;0,004125177809388336;0,5112375533428165;0,17610241820768135
EC050453;6517,0;5480,0;757,0;276,0;0,11615774129200553;0,042350774896424734;0,003682676077949977;0,0007672241829062452;0,0009206690194874942;0,0053705692803437165;0,0021482277121374865;0,053245358293693416;0,002608562221881234;0,0010741138560687433;0,0013810035292312413;0,00951357986803744;0,0016878932023937393;0,004603345097437471;0,6038054319472149;0,14285714285714285
EC050455;2094,0;1918,0;143,0;33,0;0,06829035339063992;0,015759312320916905;0,02387774594078319;0,0014326647564469914;0,0014326647564469914;0,0038204393505253103;0,0019102196752626551;0,4302769818529131;0,0028653295128939827;0,0009551098376313276;0,0028653295128939827;0,0009551098376313276;0,0019102196752626551;0,009789875835721109;0,19149952244508117;0,2297039159503343
EC050456;1475,0;1224,0;161,0;89,0;0,10915254237288136;0,06033898305084746;0,006779661016949152;0,0006779661016949153;0,002033898305084746;0,0013559322033898306;0,002711864406779661;0,11254237288135593;0,0030508474576271187;0,002711864406779661;0,002033898305084746;0,0047457627118644066;0,0013559322033898306;0,0023728813559322033;0,43457627118644065;0,24745762711864408
EC050457;2519,0;2280,0;176,0;62,0;0,06986899563318777;0,02461294164350933;0,01071853910281858;0,0015879317189360857;0,0003969829297340214;0,0015879317189360857;0,0015879317189360857;0,33664152441445017;0,003374354902739182;0,0031758634378721714;0,0023818975784041284;0,0031758634378721714;0,001984914648670107;0,00277888050813815;0,1540293767368003;0,37554585152838427
EC050458;10307,0;8660,0;1184,0;462,0;0,1148733870185311;0,044823906083244394;0,003686814786067721;0,0011642573008634907;0,0009702144173862424;0,0034927719025904724;0,0011642573008634907;0,07072863102745706;0,0021344717182497333;0,0019404288347724848;0,0014553216260793636;0,007761715339089939;0,002037450276511109;0,0021829824391190454;0,5048995828078006;0,23226933152226642
EC050550;27982,0;25658,0;1894,0;416,0;0,06768636980916304;0,014866700021442357;0,019905653634479308;0,0008934314916732185;0,0013937531270102209;0,0017153884640125794;0,001250804088342506;0,38292473733114146;0,001786862983346437;0,0015009649060110071;0,002037023801014938;0,002465870917018083;0,002215710099349582;0,003806018154527911;0,2759988564076907;0,21345865199056535
EC050551;1994,0;1830,0;136,0;27,0;0,06820461384152457;0,01354062186559679;0,02357071213640923;0,0010030090270812437;0,0015045135406218655;0,0005015045135406219;0,0025075225677031092;0,5145436308926781;0,0027582748244734203;0,0025075225677031092;0,0020060180541624875;0,0010030090270812437;0,003009027081243731;0,004012036108324975;0,141925777331996;0,21013039117352056
EC050552;5124,0;4477,0;515,0;131,0;0,10050741608118657;0,025565964090554255;0,005659640905542545;0,00312256049960968;0,00156128024980484;0,001366120218579235;0,002927400468384075;0,11260733801717408;0,00195160031225605;0,001756440281030445;0,00234192037470726;0,006049960967993755;0,00273224043715847;0,00234192037470726;0,5411787665886026;0,18384074941451992
EC050553;5247,0;4755,0;363,0;127,0;0,06918238993710692;0,024204307223175146;0,012006861063464836;0,000952925481227368;0,0015246807699637887;0,0011435105774728416;0,0015246807699637887;0,24147131694301505;0,0018105584143319991;0,0017152658662092624;0,0017152658662092624;0,002858776443682104;0,0007623403849818944;0,0026681913474366306;0,4534019439679817;0,17819706498951782
EC050554;4998,0;4600,0;327,0;71,0;0,06542617046818727;0,014205682272909163;0,01600640256102441;0,0006002400960384153;0,001800720288115246;0,001600640256102441;0,0012004801920768306;0,4023609443777511;0,0020008003201280513;0,0008003201280512205;0,0024009603841536613;0,0022008803521408565;0,001800720288115246;0,002901160464185674;0,2631052420968387;0,21668667466986793
EC050555;2424,0;2213,0;179,0;32,0;0,07384488448844885;0,013201320132013201;0,0231023102310231;0,00041254125412541255;0,0033003300330033004;0,0016501650165016502;0,0008250825082508251;0,40965346534653463;0,002268976897689769;0,00041254125412541255;0,0037128712871287127;0,0033003300330033004;0,0020627062706270625;0,004331683168316832;0,18935643564356436;0,26196369636963696
EC050650;14029,0;12789,0;987,0;246,0;0,07035426616294818;0,017535105852163377;0,015753082899707747;0,000712809180982251;0,000712809180982251;0,003421484068714805;0,0005702473447858009;0,31356475871409223;0,0017107420343574025;0,0008553710171787012;0,001425618361964502;0,0016394611162591775;0,0023522702972414286;0,0038848100363532683;0,38227956376078126;0,17713308147408938
EC050651;1719,0;1535,0;139,0;45,0;0,08086096567771961;0,02617801047120419;0,01861547411285631;0,0034904013961605585;0,0017452006980802793;0,009889470622454915;0,0005817335660267597;0,15997673065735893;0,002617801047120419;0,0011634671320535194;0,0;0,0029086678301337987;0,0011634671320535194;0,0014543339150668994;0,4968004653868528;0,18848167539267016
EC050652;955,0;884,0;55,0;16,0;0,05759162303664921;0,016753926701570682;0,020942408376963352;0,0010471204188481676;0,0031413612565445027;0,0020942408376963353;0,0;0,33507853403141363;0,0036649214659685864;0,005235602094240838;0,0010471204188481676;0,007329842931937173;0,0010471204188481676;0,0036649214659685864;0,27958115183246074;0,2544502617801047
EC050750;6291,0;5739,0;420,0;133,0;0,06676204101096805;0,02114131298680655;0,011921793037672867;0,0011127006835161342;0,0019074868860276585;0,0011127006835161342;0,0007947862025115244;0,25512637100619934;0,0015895724050230488;0,001271657924018439;0,0006358289620092195;0,0015895724050230488;0,002543315848036878;0,002304879987283421;0,22254013670322684;0,4039103481163567
EC050751;5106,0;4439,0;525,0;139,0;0,1028202115158637;0,027222875048962005;0,005287896592244419;0,0007833920877399138;0,0013709361535448493;0,0011750881316098707;0,0009792401096748924;0,057971014492753624;0,002056404230317274;0,0011750881316098707;0,0009792401096748924;0,005679592636114375;0,0013709361535448493;0,0024481002741872306;0,4557383470426949;0,32784958871915393
EC050752;2060,0;1844,0;161,0;55,0;0,07815533980582524;0,02669902912621359;0,008737864077669903;0,0004854368932038835;0,000970873786407767;0,0014563106796116505;0,0014563106796116505;0,12524271844660195;0,002184466019417476;0,0004854368932038835;0,000970873786407767;0,0048543689320388345;0,004368932038834952;0,0024271844660194173;0,42718446601941745;0,30970873786407765
EC050753;1494,0;1406,0;63,0;24,0;0,04216867469879518;0,01606425702811245;0,008701472556894244;0,0006693440428380187;0,0013386880856760374;0,0006693440428380187;0,0;0,1358768406961178;0,0006693440428380187;0,0;0,0;0,0013386880856760374;0,002008032128514056;0,0016733601070950468;0,4939759036144578;0,2918340026773762
EC050754;627,0;599,0;20,0;8,0;0,03189792663476874;0,012759170653907496;0,028708133971291867;0,0;0,0;0,001594896331738437;0,001594896331738437;0,3843700159489633;0,001594896331738437;0,0;0,009569377990430622;0,003189792663476874;0,0;0,001594896331738437;0,22488038277511962;0,29505582137161085
EC060150;43073,0;40597,0;2081,0;378,0;0,04831332853527732;0,008775799224572238;0,03524249529867899;0,0006268428017551598;0,0018108792050704617;0,0009750888027302486;0,0019501776054604973;0,6479232930141853;0,001787662805005456;0,0011376036031852902;0,0019966104055905093;0,0005571936015601421;0,0036681912102709355;0,004608455412903675;0,04190560211733568;0,19192997933740394
EC060151;2548,0;2239,0;223,0;85,0;0,08751962323390895;0,033359497645211934;0,010596546310832025;0,0031397174254317113;0,0015698587127158557;0,00510204081632653;0,004709576138147566;0,22959183673469388;0,0027472527472527475;0,0019623233908948193;0,003532182103610675;0,004709576138147566;0,005494505494505495;0,00510204081632653;0,391287284144427;0,20133437990580846
EC060152;4873,0;4380,0;399,0;92,0;0,08187974553663041;0,018879540324235583;0,01846911553457829;0,002257336343115124;0,0020521239482864766;0,0008208495793145906;0,003693823106915658;0,48758465011286684;0,004001641699158629;0,0016416991586291811;0,0026677611327724196;0,002462548737943772;0,005951159450030782;0,005438128462959163;0,19474656269238663;0,1576031192284014
EC060153;1763,0;1558,0;165,0;40,0;0,09359047078842882;0,022688598979013045;0,023255813953488372;0,0028360748723766306;0,0028360748723766306;0,0;0,0028360748723766306;0,5660805445263755;0,0014180374361883153;0,0028360748723766306;0,0022688598979013048;0,0017016449234259785;0,003970504821327283;0,0028360748723766306;0,08564946114577425;0,18094157685762904
EC060154;3432,0;3044,0;259,0;128,0;0,07546620046620046;0,037296037296037296;0,007575757575757576;0,002913752913752914;0,0008741258741258741;0,0026223776223776225;0,004370629370629371;0,2065850815850816;0,005099067599067599;0,002913752913752914;0,001456876456876457;0,004953379953379953;0,004662004662004662;0,004516317016317016;0,30244755244755245;0,32634032634032634
EC060155;4997,0;4572,0;355,0;69,0;0,07104262557534521;0,01380828497098259;0,026615969581749048;0,0008004802881729037;0,0020012007204322593;0,0008004802881729037;0,0038022813688212928;0,5813488092855713;0,0016009605763458075;0,0022013207924754855;0,0014008405043025814;0,0018010806483890335;0,004602761656994196;0,002601560936561937;0,09845907544526716;0,1827096257754653
EC060156;6405,0;5655,0;550,0;200,0;0,0858704137392662;0,0312256049960968;0,013427010148321624;0,002185792349726776;0,002654176424668228;0,002966432474629196;0,004839968774395004;0,26869633099141293;0,004059328649492584;0,002654176424668228;0,001249024199843872;0,003278688524590164;0,00468384074941452;0,00741608118657299;0,21467603434816548;0,33864168618266977
EC060157;4116,0;3463,0;521,0;134,0;0,12657920310981535;0,03255587949465501;0,007045675413022352;0,0024295432458697765;0,002672497570456754;0,002672497570456754;0,017249757045675412;0,3136540330417881;0,00413022351797862;0,0184645286686103;0,0017006802721088435;0,0029154518950437317;0,0031584062196307093;0,004008746355685131;0,2422254616132167;0,2108843537414966
EC060158;4770,0;4170,0;487,0;112,0;0,10209643605870021;0,02348008385744235;0,010062893081761006;0,005241090146750524;0,0010482180293501049;0,00440251572327044;0,005241090146750524;0,3039832285115304;0,003668763102725367;0,0012578616352201257;0,0033542976939203353;0,0035639412997903563;0,00440251572327044;0,003459119496855346;0,2647798742138365;0,2526205450733753
EC060159;3831,0;3460,0;293,0;81,0;0,07648133646567476;0,021143304620203602;0,018533020099190813;0,0013051422605063951;0,0023492560689115116;0,0015661707126076742;0,0033933698773166276;0,5280605586008875;0,0014356564865570347;0,0010441138084051162;0,0026102845210127902;0,0010441138084051162;0,003915426781519186;0,0075698251109370925;0,1370399373531715;0,184286087183503
EC060160;5984,0;5391,0;487,0;105,0;0,0813836898395722;0,017546791443850268;0,017379679144385027;0,002005347593582888;0,0006684491978609625;0,001002673796791444;0,007185828877005348;0,4067513368983957;0,0035093582887700536;0,002005347593582888;0,0025066844919786097;0,0015040106951871657;0,0035093582887700536;0,003927139037433155;0,24147727272727273;0,20003342245989306
EC060161;5406,0;4843,0;408,0;155,0;0,07547169811320754;0,028671846096929337;0,014798372179060304;0,003329633740288568;0,001664816870144284;0,001664816870144284;0,006104328523862375;0,45338512763596006;0,0028671846096929338;0,0029596744358120607;0,0029596744358120607;0,002589715131335553;0,0029596744358120607;0,0057343692193858676;0,1437291897891232;0,24250832408435072
EC060250;7715,0;6878,0;640,0;191,0;0,0829552819183409;0,02475696694750486;0,016331821127673365;0,0015554115359688917;0,0012961762799740765;0,00220349967595593;0,003370058327932599;0,3983149708360337;0,004018146467919637;0,0020738820479585226;0,0031108230719377834;0,0023331173039533378;0,004277381723914452;0,003305249513933895;0,1792611795204148;0,2627349319507453
EC060251;5818,0;4609,0;917,0;290,0;0,15761430044688896;0,049845307665864556;0,007047095221725679;0,002921966311447233;0,0012031625988312134;0,004640770024063252;0,007047095221725679;0,10140941904434514;0,0062736335510484706;0,0024063251976624267;0,0010312822275696115;0,004125128910278446;0,004297009281540048;0,0033516672396012377;0,3329322791337229;0,3038844963905122
EC060253;1203,0;957,0;159,0;88,0;0,13216957605985039;0,07315045719035744;0,00831255195344971;0,004987531172069825;0,0;0,0016625103906899418;0,00831255195344971;0,2427265170407315;0,005403158769742311;0,004156275976724855;0,0033250207813798837;0,0033250207813798837;0,004156275976724855;0,0020781379883624274;0,2028262676641729;0,2967581047381546
EC060254;1095,0;921,0;128,0;46,0;0,11689497716894977;0,04200913242009133;0,0136986301369863;0,0018264840182648401;0,0018264840182648401;0,0027397260273972603;0,0073059360730593605;0,2776255707762557;0,007762557077625571;0,0036529680365296802;0,0018264840182648401;0,0027397260273972603;0,0027397260273972603;0,0045662100456621;0,09680365296803653;0,40365296803652967
EC060255;1018,0;873,0;110,0;35,0;0,10805500982318271;0,0343811394891945;0,012770137524557957;0,0009823182711198428;0,0009823182711198428;0,0;0,005893909626719057;0,30157170923379173;0,0029469548133595285;0,0009823182711198428;0,0;0,0009823182711198428;0,003929273084479371;0,0029469548133595285;0,09724950884086445;0,4204322200392927
EC060256;213,0;198,0;10,0;4,0;0,046948356807511735;0,018779342723004695;0,018779342723004695;0,004694835680751174;0,0;0,004694835680751174;0,0;0,3427230046948357;0,0;0,0;0,004694835680751174;0,0;0,018779342723004695;0,0;0,10328638497652583;0,431924882629108
EC060257;391,0;329,0;46,0;16,0;0,11764705882352941;0,04092071611253197;0,017902813299232736;0,005115089514066497;0,0025575447570332483;0,0;0,005115089514066497;0,1969309462915601;0,0076726342710997444;0,0025575447570332483;0,010230179028132993;0,0;0,005115089514066497;0,0038363171355498722;0,1534526854219949;0,4194373401534527
EC060258;424,0;361,0;51,0;12,0;0,12028301886792453;0,02830188679245283;0,01179245283018868;0,0023584905660377358;0,0047169811320754715;0,009433962264150943;0,0047169811320754715;0,18867924528301888;0,009433962264150943;0,0;0,0;0,0047169811320754715;0,007075471698113208;0,0023584905660377358;0,14150943396226415;0,4528301886792453
EC060259;1723,0;1500,0;182,0;39,0;0,10562971561230412;0,022634939059779455;0,02379570516540917;0,002901915264074289;0,003482298316889147;0,003482298316889147;0,004062681369704005;0,4289030760301799;0,004062681369704005;0,0017411491584445734;0,003482298316889147;0,0011607661056297156;0,003482298316889147;0,002901915264074289;0,1433546140452699;0,236796285548462
EC060260;6043,0;5207,0;576,0;261,0;0,09531689558166474;0,043190468310441835;0,007777593910309449;0,0036405758729108058;0,0021512493794472944;0,0024822108224391857;0,010259804732748635;0,1780572563296376;0,004881681284130399;0,0024822108224391857;0,0018202879364554029;0,005295383087870263;0,004467979480390534;0,003723316233658779;0,46119477080920074;0,16481879860996193
EC060350;8293,0;7322,0;739,0;229,0;0,0891112986856385;0,027613650066320994;0,012902447847582299;0,0015675871216688773;0,0020499216206439166;0,0020499216206439166;0,007596768358856867;0,3325696370432895;0,003979259616544073;0,002411672494875196;0,001205836247437598;0,0026528397443627157;0,009164355480525745;0,0037983841794284336;0,24514650910406366;0,24804051609791392
EC060351;705,0;640,0;45,0;19,0;0,06382978723404255;0,02695035460992908;0,02553191489361702;0,0028368794326241137;0,0028368794326241137;0,0;0,009929078014184398;0,49361702127659574;0,0014184397163120568;0,0014184397163120568;0,00425531914893617;0,0;0,01702127659574468;0,0014184397163120568;0,16453900709219857;0,18014184397163122
EC060352;11473,0;10311,0;860,0;299,0;0,07495859844853134;0,02606118713501264;0,007147215200906476;0,0017432232197332868;0,0016560620587466226;0,0016560620587466226;0,006188442430053168;0,21772858014468752;0,00440163862982655;0,0018303843807199512;0,0014817397367732938;0,0024405125076266015;0,00941340538655975;0,0033992852784799094;0,3657282315000436;0,26610302449228623
EC060353;2171,0;1917,0;173,0;81,0;0,07968678028558268;0,037309995393827726;0,010133578995854445;0,00046061722708429296;0,0009212344541685859;0,0009212344541685859;0,0036849378166743437;0,21971441731920774;0,0029940119760479044;0,0013818516812528789;0,0023030861354214646;0,004145555043758637;0,008751727314601566;0,0029940119760479044;0,27222478120681715;0,3463841547673883
EC060354;1607,0;1320,0;206,0;80,0;0,1281891723708774;0,049782202862476664;0,0074673304293715;0,001866832607342875;0,004978220286247666;0,0031113876789047915;0,008711885500933417;0,17548226509023024;0,010267579340385812;0,004978220286247666;0,0012445550715619166;0,0043559427504667085;0,005600497822028625;0,0031113876789047915;0,23335407591785937;0,343497199751089
EC060450;9901,0;9024,0;680,0;190,0;0,06867993132006868;0,01918998081001919;0,026764973235026766;0,001817998182001818;0,001413998586001414;0,002120997879002121;0,003837996162003838;0,5705484294515706;0,0023734976265023734;0,001312998687001313;0,001918998081001919;0,00100999899000101;0,003635996364003636;0,003332996667003333;0,10554489445510555;0,1800828199171801
EC060550;4671,0;4027,0;496,0;144,0;0,1061871119674588;0,030828516377649325;0,015842432027403125;0,0017126953543138515;0,00149860843502462;0,0019267822736030828;0,00149860843502462;0,38599871547848424;0,0033183472489830873;0,0017126953543138515;0,002140869192892314;0,0019267822736030828;0,002140869192892314;0,0031042603296938557;0,1252408477842004;0,30764290301862557
EC060551;526,0;467,0;48,0;11,0;0,09125475285171103;0,02091254752851711;0,024714828897338403;0,0038022813688212928;0,0038022813688212928;0,0;0,0019011406844106464;0,37832699619771865;0,0038022813688212928;0,0;0,0076045627376425855;0,0019011406844106464;0,0;0,0;0,13498098859315588;0,3231939163498099
EC060552;421,0;368,0;43,0;10,0;0,1021377672209026;0,023752969121140142;0,019002375296912115;0,0023752969121140144;0,004750593824228029;0,0;0,0023752969121140144;0,4014251781472684;0,00831353919239905;0,0;0,0;0,0;0,0023752969121140144;0,0035629453681710215;0,1163895486935867;0,3016627078384798
EC060553;615,0;511,0;67,0;37,0;0,10894308943089431;0,06016260162601626;0,014634146341463415;0,0;0,0;0,0016260162601626016;0,00975609756097561;0,2032520325203252;0,005691056910569106;0,0;0,0;0,0;0,00975609756097561;0,0024390243902439024;0,13658536585365855;0,43902439024390244
EC060554;666,0;569,0;76,0;20,0;0,11411411411411411;0,03003003003003003;0,009009009009009009;0,003003003003003003;0,0015015015015015015;0,003003003003003003;0,0015015015015015015;0,4114114114114114;0,0045045045045045045;0,003003003003003003;0,0;0,003003003003003003;0,0045045045045045045;0,0045045045045045045;0,11411411411411411;0,2822822822822823
EC060650;16805,0;14800,0;1558,0;441,0;0,09271050282653973;0,026242189824457005;0,008568878310026777;0,0024397500743826243;0,0019041951800059507;0,002856292770008926;0,0050580184468908065;0,19190717048497472;0,005444808092829515;0,0046414757512645045;0,001368640285629277;0,003927402558762273;0,003927402558762273;0,009372210651591788;0,3766736090449271;0,24778339779827432
EC060651;5677,0;4955,0;559,0;159,0;0,09846750044037343;0,028007750572485467;0,008807468733485996;0,001937643121366919;0,0017614937466971991;0,004756033116082438;0,0036991368680641184;0,28765192883565266;0,004139510304738418;0,0026422406200457987;0,001937643121366919;0,0033468381187246785;0,0033468381187246785;0,0032587634313898184;0,33979214373788974;0,19834419587810465
EC060652;7846,0;6937,0;680,0;232,0;0,08666836604639307;0,029569207239357635;0,007392301809839409;0,002421616110119806;0,002421616110119806;0,0034412439459597247;0,005480499617639562;0,1549834310476676;0,00325006372673974;0,0022941626306398166;0,0021667091511598266;0,004205964822839663;0,0034412439459597247;0,004779505480499617;0,4850879429008412;0,19474891664542443
EC060750;11309,0;10651,0;535,0;119,0;0,04730745423998585;0,010522592625342648;0,02573171810062782;0,0006189760367848616;0,001061101777345477;0,0012379520735697233;0,0024759041471394466;0,6218940666725616;0,001635865240074277;0,006278185515960739;0,0008842514811212309;0,0008842514811212309;0,002918029887700062;0,00371385622070917;0,06596516049164382;0,20116721195508003
EC060751;422,0;391,0;26,0;5,0;0,061611374407582936;0,011848341232227487;0,016587677725118485;0,0;0,0;0,0;0,0;0,5781990521327014;0,002369668246445498;0,0;0,002369668246445498;0,0;0,004739336492890996;0,002369668246445498;0,07819905213270142;0,23696682464454977
EC060752;1651,0;1510,0;116,0;21,0;0,07026044821320412;0,012719563900666263;0,01029678982434888;0,0;0,0012113870381586917;0,0;0,0018170805572380376;0,581465778316172;0,0030284675953967293;0,0006056935190793458;0,0006056935190793458;0,0;0,0012113870381586917;0,0015142337976983646;0,13446396123561477;0,17383403997577226
EC060753;494,0;446,0;40,0;8,0;0,08097165991902834;0,016194331983805668;0,01417004048582996;0,0;0,0020242914979757085;0,0;0,0020242914979757085;0,6275303643724697;0,0010121457489878543;0,0020242914979757085;0,0;0,0;0,0020242914979757085;0,0020242914979757085;0,0728744939271255;0,17408906882591094
EC060754;9039,0;8190,0;673,0;176,0;0,07445513884279234;0,019471180440314192;0,027657926761809934;0,001327580484566877;0,0022126341409447947;0,002102002433897555;0,004978426817125788;0,4945237305011616;0,0027104768226573735;0,0015488438986613563;0,0022126341409447947;0,0023232658479920344;0,003761478039606151;0,0027104768226573735;0,18464431906184312;0,16793893129770993
EC060755;1509,0;1363,0;113,0;33,0;0,07488402915838303;0,02186878727634195;0,013916500994035786;0,0;0,0013253810470510272;0,0026507620941020544;0,0019880715705765406;0,5738899933730948;0,0016567263088137839;0,0006626905235255136;0,0013253810470510272;0,0033134526176275677;0,0026507620941020544;0,0026507620941020544;0,10934393638170974;0,18356527501656728
EC060756;3081,0;2838,0;200,0;42,0;0,06491398896462187;0,013631937682570594;0,01525478740668614;0,0022719896137617657;0,0012982797792924375;0,0012982797792924375;0,004543979227523531;0,5387861084063615;0,004868549172346641;0,0009737098344693282;0,0012982797792924375;0,0012982797792924375;0,0016228497241155468;0,010873093151574165;0,1460564751703992;0,17494320025965596
EC060757;937,0;875,0;48,0;14,0;0,051227321237993596;0,014941302027748132;0,012806830309498399;0,0010672358591248667;0,0010672358591248667;0,0010672358591248667;0,0010672358591248667;0,6296691568836713;0,0;0,0;0,0;0,0021344717182497333;0,0021344717182497333;0,0016008537886872999;0,11099252934898612;0,16862326574172892
EC060758;875,0;820,0;42,0;13,0;0,048;0,014857142857142857;0,014857142857142857;0,001142857142857143;0,0;0,0;0,0034285714285714284;0,6102857142857143;0,004;0,0034285714285714284;0,001142857142857143;0,0;0,0034285714285714284;0,0005714285714285715;0,12571428571428572;0,16457142857142856
EC060759;393,0;359,0;28,0;6,0;0,07124681933842239;0,015267175572519083;0,007633587786259542;0,002544529262086514;0,0;0,002544529262086514;0,002544529262086514;0,5216284987277354;0,002544529262086514;0,0;0,002544529262086514;0,0;0,0;0,002544529262086514;0,10941475826972011;0,2544529262086514
EC060850;8258,0;7503,0;575,0;177,0;0,06962945023007992;0,021433761201259383;0,021433761201259383;0,0007265681763138775;0,001453136352627755;0,0016953257447323807;0,0023007992249939454;0,39053039476870915;0,0032695567934124484;0,0021797045289416324;0,0009687575684185032;0,0016953257447323807;0,0035117461855170744;0,002664083313150884;0,15173165415354808;0,31847905061758297
EC060950;2239,0;2132,0;93,0;13,0;0,041536400178651185;0,005806163465832961;0,029477445288075034;0,001786511835640911;0,0008932559178204555;0,0008932559178204555;0,003573023671281822;0,6395712371594462;0,0015631978561857973;0,001786511835640911;0,0022331397945511387;0,0;0,0044662795891022775;0,0022331397945511387;0,047342563644484144;0,2125949084412684
EC060951;1102,0;1032,0;62,0;8,0;0,056261343012704176;0,007259528130671506;0,028130671506352088;0,0018148820326678765;0,0009074410163339383;0,0027223230490018148;0,0018148820326678765;0,5626134301270418;0,002268602540834846;0,0009074410163339383;0,0027223230490018148;0,0;0,009074410163339383;0,0027223230490018148;0,024500907441016333;0,2912885662431942
EC060952;827,0;794,0;28,0;4,0;0,03385731559854897;0,0048367593712212815;0,018137847642079808;0,014510278113663845;0,0024183796856106408;0,007255139056831923;0,0012091898428053204;0,6964933494558646;0,0006045949214026602;0,0;0,0;0,0;0,009673518742442563;0,004232164449818622;0,032648125755743655;0,16807738814993953
EC060953;662,0;594,0;63,0;5,0;0,09516616314199396;0,0075528700906344415;0,01812688821752266;0,0015105740181268882;0,0;0,0;0,0;0,6253776435045317;0,0015105740181268882;0,0;0,004531722054380665;0,0015105740181268882;0,0075528700906344415;0,0022658610271903325;0,04229607250755287;0,18882175226586104
EC060954;1286,0;1233,0;44,0;9,0;0,03421461897356143;0,006998444790046656;0,02255054432348367;0,0;0,0007776049766718507;0,0;0,0023328149300155523;0,713841368584759;0,0019440124416796269;0,0007776049766718507;0,0;0,0;0,0038880248833592537;0,0019440124416796269;0,045878693623639194;0,16096423017107309
EC060955;354,0;336,0;15,0;3,0;0,0423728813559322;0,00847457627118644;0,01977401129943503;0,002824858757062147;0,005649717514124294;0,0;0,00847457627118644;0,5677966101694916;0,002824858757062147;0,0;0,002824858757062147;0,002824858757062147;0,005649717514124294;0,002824858757062147;0,1440677966101695;0,17796610169491525
EC060956;226,0;212,0;13,0;2,0;0,05752212389380531;0,008849557522123894;0,022123893805309734;0,0;0,004424778761061947;0,004424778761061947;0,0;0,46017699115044247;0,0;0,0;0,004424778761061947;0,0;0,004424778761061947;0,004424778761061947;0,084070796460177;0,34513274336283184
EC061050;11234,0;10147,0;862,0;224,0;0,07673135125511839;0,019939469467687376;0,016645896385971158;0,001246216841730461;0,002848495638241054;0,0018693252625956917;0,001246216841730461;0,30247463058572194;0,0029820188712836033;0,001424247819120527;0,0021363717286807904;0,0016912942852056257;0,004895851878226811;0,002848495638241054;0,040858109311020116;0,5142424781912053
EC070150;5625,0;5097,0;399,0;124,0;0,07093333333333333;0,022044444444444443;0,025244444444444444;0,0010666666666666667;0,0037333333333333333;0,0012444444444444445;0,0019555555555555554;0,3354666666666667;0,004711111111111111;0,0014222222222222223;0,0019555555555555554;0,0016;0,003022222222222222;0,0048;0,009422222222222222;0,5009777777777777
EC070152;2748,0;2526,0;139,0;82,0;0,05058224163027657;0,029839883551673944;0,018195050946142648;0,0;0,001455604075691412;0,001819505094614265;0,005822416302765648;0,24526928675400292;0,004184861717612809;0,001091703056768559;0,001455604075691412;0,002183406113537118;0,002547307132459971;0,002183406113537118;0,008005822416302766;0,61863173216885
EC070250;16433,0;15190,0;896,0;339,0;0,054524432544270675;0,020629221688066694;0,029026957950465528;0,000730237935860768;0,0015213290330432666;0,0015213290330432666;0,0017647416783301893;0,44903547739305055;0,0028600985821213413;0,0016430353556867278;0,0016430353556867278;0,0009127974198259599;0,004320574453842877;0,003590336517982109;0,009371386843546521;0,40996774782449946
EC070251;1059,0;994,0;48,0;17,0;0,0453257790368272;0,016052880075542966;0,0113314447592068;0,0;0,0;0,0018885741265344666;0,003777148253068933;0,3276676109537299;0,00141643059490085;0,0018885741265344666;0,0;0,0009442870632672333;0,0018885741265344666;0,005193578847969783;0,0056657223796034;0,5703493862134089
EC070254;2151,0;1851,0;239,0;61,0;0,1111111111111111;0,028358902835890282;0,026499302649930265;0,002789400278940028;0,001394700139470014;0,0009298000929800093;0,0041841004184100415;0,24314272431427242;0,005113900511390051;0,0023245002324500234;0,001394700139470014;0,002789400278940028;0,006508600650860065;0,00302185030218503;0,01208740120874012;0,5402138540213854
EC070255;527,0;497,0;20,0;10,0;0,03795066413662239;0,018975332068311195;0,022770398481973434;0,0018975332068311196;0,0056925996204933585;0,0018975332068311196;0,0;0,36242884250474383;0,003795066413662239;0,0018975332068311196;0,0018975332068311196;0,0018975332068311196;0,007590132827324478;0,0056925996204933585;0,020872865275142316;0,4952561669829222
EC070256;1278,0;1195,0;51,0;32,0;0,03990610328638498;0,025039123630672927;0,017214397496087636;0,0;0,003912363067292645;0,0;0,002347417840375587;0,282472613458529;0,004694835680751174;0,003912363067292645;0,0;0,001564945226917058;0,004694835680751174;0,003129890453834116;0,014084507042253521;0,5892018779342723
EC070350;2300,0;2059,0;180,0;61,0;0,0782608695652174;0,026521739130434784;0,021739130434782608;0,0;0,0004347826086956522;0,0017391304347826088;0,002173913043478261;0,5791304347826087;0,002391304347826087;0,0013043478260869566;0,0004347826086956522;0,0004347826086956522;0,005652173913043478;0,003260869565217391;0,004347826086956522;0,2665217391304348
EC070351;1170,0;1036,0;87,0;47,0;0,07435897435897436;0,040170940170940174;0,02564102564102564;0,0;0,0017094017094017094;0,0;0,0017094017094017094;0,6162393162393163;0,0029914529914529917;0,002564102564102564;0,002564102564102564;0,002564102564102564;0,005128205128205128;0,002564102564102564;0,009401709401709401;0,20683760683760682
EC070352;763,0;689,0;47,0;27,0;0,061598951507208385;0,035386631716906945;0,011795543905635648;0,002621231979030144;0,0;0,0;0,003931847968545216;0,5150720838794234;0,007208387942332897;0,005242463958060288;0,001310615989515072;0,001310615989515072;0,003931847968545216;0,00327653997378768;0,010484927916120577;0,32634338138925295
EC070353;350,0;327,0;16,0;7,0;0,045714285714285714;0,02;0,022857142857142857;0,0;0,0;0,002857142857142857;0,0;0,62;0,0;0,0;0,0;0,0;0,0;0,0014285714285714286;0,002857142857142857;0,28285714285714286
EC070354;392,0;351,0;24,0;17,0;0,061224489795918366;0,04336734693877551;0,015306122448979591;0,0;0,0;0,002551020408163265;0,002551020408163265;0,49744897959183676;0,002551020408163265;0,002551020408163265;0,0;0,00510204081632653;0,0;0,00510204081632653;0,017857142857142856;0,336734693877551
EC070355;414,0;387,0;20,0;7,0;0,04830917874396135;0,016908212560386472;0,03140096618357488;0,0;0,0;0,0024154589371980675;0,0;0,32608695652173914;0,0012077294685990338;0,0;0,0024154589371980675;0,0024154589371980675;0,0024154589371980675;0,0;0,00966183574879227;0,5555555555555556
EC070450;5384,0;5008,0;264,0;108,0;0,04903417533432392;0,020059435364041606;0,025074294205052007;0,0005572065378900445;0,0020430906389301636;0,0007429420505200594;0,001300148588410104;0,41363298662704306;0,003900445765230312;0,0009286775631500742;0,0009286775631500742;0,0007429420505200594;0,002786032689450223;0,003900445765230312;0,009843982169390787;0,45598068350668647
EC070451;824,0;744,0;55,0;25,0;0,06674757281553398;0,03033980582524272;0,010922330097087379;0,0;0,0;0,0;0,0;0,2949029126213592;0,0048543689320388345;0,0036407766990291263;0,0024271844660194173;0,0012135922330097086;0,0048543689320388345;0,00424757281553398;0,009708737864077669;0,5570388349514563
EC070550;2808,0;2576,0;168,0;65,0;0,05982905982905983;0,023148148148148147;0,02849002849002849;0,0014245014245014246;0,0017806267806267807;0,0017806267806267807;0,0035612535612535613;0,38354700854700857;0,003205128205128205;0,0007122507122507123;0,0017806267806267807;0,0014245014245014246;0,004273504273504274;0,006588319088319089;0,023148148148148147;0,4458689458689459
EC070650;26098,0;24129,0;1524,0;440,0;0,05839527933174956;0,016859529465859453;0,018200628400643726;0,0008429764732929727;0,00249061230745651;0,0013794160472066824;0,0012644647099394589;0,2748103302935091;0,005441029963981914;0,0011878304850946432;0,0016859529465859454;0,000996244922982604;0,0021840754080772475;0,00302705188137022;0,010115717679515671;0,5924591922752701
EC070651;4557,0;4200,0;255,0;102,0;0,05595786701777485;0,02238314680710994;0,015580425718674566;0,0013166556945358788;0,0017555409260478386;0,0015360983102918587;0,0008777704630239193;0,16326530612244897;0,005047180162387536;0,0010972130787798991;0,0015360983102918587;0,0017555409260478386;0,0030721966205837174;0,0016458196181698486;0,009874917709019092;0,706605222734255
EC070652;2382,0;2188,0;143,0;50,0;0,0600335852225021;0,020990764063811923;0,017632241813602016;0,0;0,0025188916876574307;0,00041981528127623844;0,0016792611251049538;0,290512174643157;0,005667506297229219;0,0008396305625524769;0,0020990764063811922;0,0016792611251049538;0,0020990764063811922;0,0033585222502099076;0,010075566750629723;0,5709487825356843
EC070653;2462,0;2280,0;106,0;75,0;0,04305442729488221;0,030463038180341188;0,010560519902518278;0,0012185215272136475;0,0008123476848090983;0,00040617384240454913;0,0012185215272136475;0,1661251015434606;0,00974817221770918;0,0012185215272136475;0,0016246953696181965;0,0;0,002843216896831844;0,001421608448415922;0,005280259951259139;0,7124289195775793
EC070654;3058,0;2816,0;146,0;94,0;0,04774362328319163;0,030739045127534337;0,015696533682145193;0,0003270111183780249;0,002616088947024199;0,0006540222367560497;0,0006540222367560497;0,1906474820143885;0,005068672334859386;0,0003270111183780249;0,0029431000654022237;0,0013080444735120995;0,002289077828646174;0,003106605624591236;0,014715500327011119;0,6723348593852191
EC070750;2516,0;2299,0;153,0;64,0;0,060810810810810814;0,025437201907790145;0,025039745627980923;0,000397456279809221;0,000397456279809221;0,0023847376788553257;0,0023847376788553257;0,3696343402225755;0,00397456279809221;0,001987281399046105;0,000794912559618442;0,001589825119236884;0,00397456279809221;0,003179650238473768;0,01232114467408585;0,4785373608903021
EC070850;4448,0;4114,0;232,0;102,0;0,052158273381294966;0,022931654676258992;0,019784172661870502;0,0004496402877697842;0,003372302158273381;0,008093525179856115;0,0017985611510791368;0,40467625899280574;0,0038219424460431656;0,0017985611510791368;0,0013489208633093526;0,0011241007194244604;0,0035971223021582736;0,002810251798561151;0,007194244604316547;0,458408273381295
EC070851;459,0;420,0;25,0;12,0;0,054466230936819175;0,026143790849673203;0,017429193899782137;0,0;0,0;0,004357298474945534;0,0;0,42919389978213507;0,0010893246187363835;0,0;0,002178649237472767;0,0;0,002178649237472767;0,002178649237472767;0,004357298474945534;0,44880174291938996
EC070950;39974,0;36301,0;3049,0;609,0;0,07627457847600941;0,015234902686746385;0,021839195477060088;0,000550357732526142;0,0018762195427027568;0,0015760244158703157;0,001951268324410867;0,4087656977035073;0,004177715515084805;0,0013008455496072446;0,0015259918947315755;0,0009506179016360634;0,0037024065642667736;0,003577325261419923;0,00835543103016961;0,44021113723920546
EC070951;4624,0;4153,0;362,0;105,0;0,07828719723183392;0,022707612456747406;0,01513840830449827;0,00021626297577854672;0,0019463667820069203;0,0012975778546712802;0,002378892733564014;0,2296712802768166;0,004108996539792387;0,0010813148788927337;0,0006487889273356401;0,0010813148788927337;0,003676470588235294;0,004000865051903114;0,005622837370242215;0,6191608996539792
EC070952;1579,0;1444,0;101,0;32,0;0,06396453451551615;0,02026599113362888;0,02026599113362888;0,0006333122229259025;0,001266624445851805;0,0006333122229259025;0,0006333122229259025;0,26662444585180495;0,006016466117796073;0,001266624445851805;0,0006333122229259025;0,0;0,0037998733375554147;0,0037998733375554147;0,018999366687777075;0,5801139962001267
EC070953;2635,0;2367,0;208,0;60,0;0,07893738140417457;0,022770398481973434;0,015939278937381403;0,0003795066413662239;0,004174573055028463;0,0;0,0007590132827324478;0,2717267552182163;0,0058823529411764705;0,0018975332068311196;0,0007590132827324478;0,0007590132827324478;0,0015180265654648956;0,0026565464895635673;0,007590132827324478;0,5757115749525616
EC070954;2507,0;2228,0;220,0;59,0;0,08775428799361787;0,023534104507379337;0,02153968887116075;0,0007977662544874351;0,0011966493817311527;0,0015955325089748703;0,0015955325089748703;0,2792181890706023;0,008376545672118069;0,0015955325089748703;0,0011966493817311527;0,0007977662544874351;0,006382130035899481;0,00498603909054647;0,017550857598723574;0,5285201435979258
EC070955;894,0;815,0;47,0;32,0;0,052572706935123045;0,035794183445190156;0,026845637583892617;0,003355704697986577;0,0022371364653243847;0,0022371364653243847;0,003355704697986577;0,28187919463087246;0,005592841163310962;0,0;0,0;0,0011185682326621924;0,0022371364653243847;0,007829977628635347;0,008948545861297539;0,5525727069351231
EC070956;890,0;836,0;31,0;23,0;0,0348314606741573;0,025842696629213482;0,014606741573033709;0,0011235955056179776;0,0011235955056179776;0,0022471910112359553;0,0033707865168539327;0,20449438202247192;0,0033707865168539327;0,0033707865168539327;0,0;0,0;0,0033707865168539327;0,0033707865168539327;0,0056179775280898875;0,6865168539325842
EC071050;14071,0;13068,0;807,0;188,0;0,05735200056854523;0,013360813019685879;0,02743230758297207;0,0004974770805202189;0,0011370904697605004;0,0009949541610404379;0,0013502949328405942;0,6061402885367067;0,0029493284059412977;0,0009949541610404379;0,0017056357046407505;0,0008528178523203753;0,002416317248241063;0,0029493284059412977;0,005685452348802501;0,26771373747423777
EC071051;1053,0;904,0;106,0;43,0;0,100664767331434;0,04083570750237417;0,03513770180436847;0,003798670465337132;0,003798670465337132;0,002849002849002849;0,002849002849002849;0,24976258309591642;0,008547008547008548;0,0;0,002849002849002849;0,0;0,005698005698005698;0,003798670465337132;0,006647673314339981;0,5204178537511871
EC071052;932,0;834,0;68,0;31,0;0,07296137339055794;0,033261802575107295;0,02682403433476395;0,002145922746781116;0,004291845493562232;0,002145922746781116;0,001072961373390558;0,38412017167381973;0,0075107296137339056;0,002145922746781116;0,0;0,001072961373390558;0,002145922746781116;0,006437768240343348;0,012875536480686695;0,4281115879828326
EC071053;1049,0;965,0;57,0;27,0;0,05433746425166826;0,025738798856053385;0,017159199237368923;0,0038131553860819827;0,0019065776930409914;0,0009532888465204957;0,0038131553860819827;0,5748331744518589;0,0023832221163012394;0,0;0,0009532888465204957;0,0019065776930409914;0,0009532888465204957;0,0014299332697807435;0,008579599618684462;0,2974261201143947
EC071054;553,0;501,0;34,0;17,0;0,06148282097649186;0,03074141048824593;0,012658227848101266;0,0;0,0;0,0018083182640144665;0,0;0,43399638336347196;0,007233273056057866;0,003616636528028933;0,0018083182640144665;0,0;0,0;0,0018083182640144665;0,007233273056057866;0,4267631103074141
EC071055;607,0;555,0;40,0;12,0;0,06589785831960461;0,019769357495881382;0,029654036243822075;0,0016474464579901153;0,0016474464579901153;0,0;0,0016474464579901153;0,6128500823723229;0,005766062602965404;0,0;0,0;0,0016474464579901153;0,0016474464579901153;0,009060955518945634;0,0016474464579901153;0,23228995057660626
EC071056;1341,0;1237,0;73,0;32,0;0,054436987322893364;0,023862788963460103;0,023117076808351976;0,0007457121551081282;0,0022371364653243847;0,0007457121551081282;0,0;0,3982102908277405;0,007829977628635347;0,0007457121551081282;0,0014914243102162564;0,0;0,0007457121551081282;0,0011185682326621924;0,005965697240865026;0,47054436987322895
EC071150;7690,0;7053,0;456,0;180,0;0,05929778933680104;0,02340702210663199;0,024317295188556565;0,0011703511053315994;0,0014304291287386215;0,0016905071521456437;0,0018205461638491547;0,5513654096228868;0,002860858257477243;0,0010403120936280884;0,002210663198959688;0,0029908972691807542;0,0031209362808842654;0,0027308192457737323;0,005331599479843953;0,3094928478543563
EC071151;428,0;383,0;28,0;17,0;0,06542056074766354;0,0397196261682243;0,02570093457943925;0,004672897196261682;0,004672897196261682;0,007009345794392523;0,002336448598130841;0,4672897196261682;0,004672897196261682;0,002336448598130841;0,002336448598130841;0,0;0,0;0,004672897196261682;0,014018691588785047;0,34579439252336447
EC071152;528,0;469,0;17,0;42,0;0,032196969696969696;0,07954545454545454;0,043560606060606064;0,001893939393939394;0,001893939393939394;0,001893939393939394;0,003787878787878788;0,5132575757575758;0,003787878787878788;0,005681818181818182;0,001893939393939394;0,0;0,003787878787878788;0,0;0,013257575757575758;0,2897727272727273
EC071153;696,0;613,0;46,0;37,0;0,06609195402298851;0,05316091954022988;0,028735632183908046;0,0;0,0014367816091954023;0,0028735632183908046;0,007183908045977011;0,4813218390804598;0,0021551724137931034;0,0028735632183908046;0,0;0,0014367816091954023;0,004310344827586207;0,0035919540229885057;0,015804597701149427;0,3232758620689655
EC071250;1069,0;964,0;82,0;24,0;0,07670720299345182;0,02245088868101029;0,019644527595884004;0,0018709073900841909;0,0018709073900841909;0,0009354536950420954;0,0018709073900841909;0,25631431244153413;0,005612722170252572;0,002806361085126286;0,0;0,0;0,007483629560336763;0,002806361085126286;0,011225444340505144;0,5809167446211413
EC071251;2047,0;1883,0;119,0;43,0;0,05813385442110405;0,021006350757205666;0,01612115290669272;0,0;0,0019540791402051783;0,0019540791402051783;0,0029311187103077674;0,41963849535906206;0,0039081582804103565;0,002442598925256473;0,0029311187103077674;0,0009770395701025891;0,004885197850512946;0,00537371763556424;0,009770395701025891;0,43771372740595993
EC071252;538,0;487,0;26,0;25,0;0,048327137546468404;0,046468401486988845;0,0037174721189591076;0,0055762081784386614;0,0018587360594795538;0,0;0,0;0,13197026022304834;0,011152416356877323;0,0018587360594795538;0,0;0,0;0,0;0,0027881040892193307;0,011152416356877323;0,7211895910780669
EC071253;1477,0;1293,0;114,0;68,0;0,07718348002708192;0,046039268788083954;0,02234258632362898;0,002708192281651997;0,004062288422477996;0,0;0,0;0,34190927555856465;0,038930264048747464;0,06364251861882193;0,002031144211238998;0,0013540961408259986;0,0006770480704129993;0,003723764387271496;0,008124576844955992;0,34326337169939064
EC071254;987,0;900,0;54,0;32,0;0,0547112462006079;0,03242147922998987;0,013171225937183385;0,0;0,00911854103343465;0,0010131712259371835;0,0;0,3434650455927052;0,00303951367781155;0,004052684903748734;0,00303951367781155;0,0010131712259371835;0,004052684903748734;0,005065856129685917;0,005065856129685917;0,5116514690982776
EC071255;1417,0;1289,0;84,0;44,0;0,059280169371912494;0,031051517290049402;0,03881439661256175;0,0;0,0035285815102328866;0,0;0,0007057163020465773;0,43048694424841216;0,002117148906139732;0,0035285815102328866;0,0014114326040931546;0,002117148906139732;0,0056457304163726185;0,0035285815102328866;0,0077628793225123505;0,4043754410726888
EC071256;1781,0;1585,0;153,0;43,0;0,08590679393599102;0,024143739472206625;0,01347557551937114;0,0;0,003368893879842785;0,002807411566535654;0,0016844469399213925;0,14486243683323977;0,005334081976417743;0,0016844469399213925;0,002807411566535654;0,0016844469399213925;0,0039303761931499155;0,0025266704098820887;0,0072992700729927005;0,6906232453677709
EC071257;1371,0;1241,0;80,0;53,0;0,058351568198395334;0,03865791393143691;0,02698760029175784;0,0014587892049598833;0,007293946024799417;0,002188183807439825;0,0014587892049598833;0,350109409190372;0,006199854121079504;0,0014587892049598833;0,002188183807439825;0,002188183807439825;0,002188183807439825;0,0029175784099197666;0,015317286652078774;0,47410649161196206
EC071350;9189,0;8554,0;467,0;167,0;0,05082163456306454;0,018173903580367832;0,0306888671237349;0,0007617803895962564;0,0020676896289041247;0,0010882576994232234;0,003808901947981282;0,6478398084666449;0,003972140602894765;0,0021765153988464467;0,0008706061595385788;0,0009794319294809011;0,0019588638589618022;0,003101534443356187;0,007182500816193275;0,2173250625748177
EC071351;1134,0;982,0;85,0;66,0;0,07495590828924162;0,0582010582010582;0,030864197530864196;0,0008818342151675485;0,0008818342151675485;0,0008818342151675485;0,004409171075837742;0,21340388007054673;0,009259259259259259;0,0008818342151675485;0,001763668430335097;0,004409171075837742;0,005291005291005291;0,0030864197530864196;0,04144620811287478;0,5361552028218695
EC071352;770,0;724,0;31,0;14,0;0,04025974025974026;0,01818181818181818;0,015584415584415584;0,0012987012987012987;0,0012987012987012987;0,0;0,0012987012987012987;0,7285714285714285;0,001948051948051948;0,0012987012987012987;0,0012987012987012987;0,005194805194805195;0,003896103896103896;0,0006493506493506494;0,003896103896103896;0,17142857142857143
EC071353;2144,0;1780,0;260,0;104,0;0,12126865671641791;0,048507462686567165;0,016791044776119403;0,0004664179104477612;0,0004664179104477612;0,0023320895522388058;0,005130597014925373;0,22061567164179105;0,009095149253731344;0,0037313432835820895;0,0013992537313432835;0,0023320895522388058;0,006996268656716418;0,004897388059701493;0,07509328358208955;0,466884328358209
EC071354;1013,0;874,0;72,0;68,0;0,07107601184600197;0,06712734452122408;0,02073050345508391;0,0019743336623889436;0,0029615004935834156;0,0029615004935834156;0,003948667324777887;0,49259624876604147;0,008884501480750246;0,003948667324777887;0,0;0,0019743336623889436;0,008884501480750246;0,0029615004935834156;0,018756169792694965;0,28035538005923
EC071355;1587,0;1469,0;75,0;44,0;0,04725897920604915;0,027725267800882167;0,03969754253308128;0,002520478890989288;0,000630119722747322;0,001260239445494644;0,001260239445494644;0,520478890989288;0,002520478890989288;0,00315059861373661;0,001260239445494644;0,001890359168241966;0,001890359168241966;0,002835538752362949;0,008821676118462508;0,3320730938878387
EC071356;645,0;605,0;31,0;9,0;0,04806201550387597;0,013953488372093023;0,021705426356589147;0,0;0,0;0,0031007751937984496;0,0015503875968992248;0,6077519379844961;0,0007751937984496124;0,0;0,0;0,0031007751937984496;0,0031007751937984496;0,0;0,006201550387596899;0,289922480620155
EC071357;574,0;533,0;23,0;18,0;0,04006968641114982;0,0313588850174216;0,02613240418118467;0,0;0,0017421602787456446;0,0;0,005226480836236934;0,6132404181184669;0,003484320557491289;0,0017421602787456446;0,005226480836236934;0,0;0,003484320557491289;0,004355400696864111;0,006968641114982578;0,24912891986062718
EC071358;855,0;746,0;65,0;44,0;0,07602339181286549;0,05146198830409357;0,021052631578947368;0,0011695906432748538;0,0011695906432748538;0,0;0,0035087719298245615;0,6210526315789474;0,004093567251461989;0,004678362573099415;0,0023391812865497076;0,0023391812865497076;0,007017543859649123;0,0035087719298245615;0,00935672514619883;0,18362573099415205
EC071359;665,0;605,0;36,0;24,0;0,05413533834586466;0,03609022556390978;0,010526315789473684;0,0;0,0015037593984962407;0,0015037593984962407;0,0;0,6526315789473685;0,007518796992481203;0,004511278195488722;0,007518796992481203;0,0015037593984962407;0,004511278195488722;0,004511278195488722;0,03007518796992481;0,17142857142857143
EC071450;2191,0;2017,0;102,0;71,0;0,04655408489274304;0,03240529438612506;0,020538566864445457;0,00045641259698767686;0,0022820629849383844;0,00045641259698767686;0,00045641259698767686;0,447740757644911;0,0029666818804198994;0,0013692377909630307;0,00045641259698767686;0,003194888178913738;0,003194888178913738;0,0034230944774075764;0,005020538566864446;0,4226380648105888
EC071451;704,0;671,0;26,0;7,0;0,036931818181818184;0,009943181818181818;0,028409090909090908;0,002840909090909091;0,0014204545454545455;0,0;0,002840909090909091;0,36079545454545453;0,0035511363636363635;0,0;0,0014204545454545455;0,0;0,005681818181818182;0,0035511363636363635;0,008522727272727272;0,5269886363636364
EC071452;700,0;641,0;34,0;23,0;0,04857142857142857;0,032857142857142856;0,02142857142857143;0,0;0,002857142857142857;0,0;0,0;0,4471428571428571;0,0035714285714285713;0,0;0,002857142857142857;0,0014285714285714286;0,004285714285714286;0,002142857142857143;0,011428571428571429;0,41285714285714287
EC071453;511,0;449,0;38,0;25,0;0,07436399217221135;0,04892367906066536;0,043052837573385516;0,0;0,0019569471624266144;0,0019569471624266144;0,0;0,44227005870841485;0,0019569471624266144;0,0;0,003913894324853229;0,003913894324853229;0,0019569471624266144;0,0009784735812133072;0,009784735812133072;0,3639921722113503
EC080150;34625,0;31360,0;2524,0;736,0;0,07289530685920578;0,021256317689530686;0,015566787003610109;0,0006064981949458483;0,0019927797833935016;0,000924187725631769;0,0015595667870036101;0,5060216606498195;0,006931407942238267;0,0031191335740072203;0,0025415162454873646;0,0007797833935018051;0,0019350180505415162;0,004;0,0043898916967509026;0,3444043321299639
EC080152;2182,0;1806,0;238,0;139,0;0,10907424381301559;0,06370302474793767;0,00458295142071494;0,00045829514207149406;0,0009165902841429881;0,004124656278643446;0,001374885426214482;0,3162236480293309;0,015123739688359304;0,004124656278643446;0,0036663611365719525;0,00045829514207149406;0,002749770852428964;0,005270394133822181;0,005499541704857928;0,4427131072410632
EC080153;1424,0;1142,0;176,0;106,0;0,12359550561797752;0,07443820224719101;0,0049157303370786515;0,0035112359550561797;0,0007022471910112359;0,0007022471910112359;0,002106741573033708;0,29424157303370785;0,038623595505617975;0,0056179775280898875;0,0;0,0007022471910112359;0,007724719101123595;0,010533707865168539;0,0028089887640449437;0,3806179775280899
EC080154;2607,0;2141,0;279,0;187,0;0,10701956271576525;0,07172995780590717;0,00652090525508247;0,0015343306482546988;0,0011507479861910242;0,0015343306482546988;0,002685078634445723;0,3532796317606444;0,013233601841196778;0,002685078634445723;0,0034522439585730723;0,0007671653241273494;0,0038358266206367474;0,008438818565400843;0,00652090525508247;0,3939393939393939
EC080159;1776,0;1357,0;229,0;190,0;0,12894144144144143;0,10698198198198199;0,008445945945945946;0,0016891891891891893;0,0022522522522522522;0,0022522522522522522;0,0016891891891891893;0,3547297297297297;0,01266891891891892;0,002815315315315315;0,00563063063063063;0,0016891891891891893;0,0011261261261261261;0,008164414414414414;0,00731981981981982;0,3327702702702703
EC080163;4262,0;3538,0;477,0;245,0;0,11191928671984984;0,05748474894415767;0,01008916001877053;0,0009385265133740028;0,0018770530267480056;0,002111684655091506;0,0004692632566870014;0,31557954012200845;0,013725950258094791;0,003754106053496011;0,002346316283435007;0,0004692632566870014;0,0009385265133740028;0,002229000469263257;0,002580947911778508;0,45706241201313935
EC080165;2202,0;1698,0;368,0;135,0;0,16712079927338783;0,06130790190735695;0,005903723887375113;0,002270663033605813;0,002270663033605813;0,00045413260672116256;0,00045413260672116256;0,28337874659400547;0,017711171662125342;0,002270663033605813;0,0009082652134423251;0,0018165304268846503;0,0009082652134423251;0,0034059945504087193;0,004087193460490463;0,42415985467756584
EC080166;3325,0;2948,0;265,0;115,0;0,07969924812030076;0,03458646616541353;0,011127819548872181;0,0015037593984962407;0,0033082706766917294;0,0003007518796992481;0,002105263157894737;0,316390977443609;0,022255639097744362;0,0012030075187969924;0,0018045112781954887;0,0003007518796992481;0,002706766917293233;0,002857142857142857;0,0033082706766917294;0,4923308270676692
EC080168;8384,0;7442,0;712,0;232,0;0,08492366412213741;0,02767175572519084;0,01407442748091603;0,0007156488549618321;0,0020276717557251907;0,0010734732824427481;0,0008349236641221374;0,3945610687022901;0,007216125954198473;0,0008349236641221374;0,0022662213740458014;0,0007156488549618321;0,002504770992366412;0,003816793893129771;0,0029818702290076338;0,44298664122137404
EC080250;4844,0;4072,0;312,0;455,0;0,06440957886044592;0,09393063583815028;0,0059867877786952935;0,00020644095788604458;0,0008257638315441783;0,0006193228736581337;0,0016515276630883566;0,20458298926507018;0,005470685383980181;0,0012386457473162675;0,001445086705202312;0,00020644095788604458;0,0016515276630883566;0,0018579686209744012;0,0018579686209744012;0,6056977704376548
EC080251;1054,0;815,0;121,0;117,0;0,11480075901328274;0,1110056925996205;0,007590132827324478;0,0028462998102466793;0,0028462998102466793;0,0009487666034155598;0,0009487666034155598;0,18216318785578747;0,009487666034155597;0,0;0,0009487666034155598;0,0018975332068311196;0,003795066413662239;0,004269449715370019;0,004743833017077799;0,5370018975332068
EC080252;1109,0;963,0;89,0;56,0;0,08025247971145176;0,05049594229035167;0,005410279531109108;0,004508566275924256;0,004508566275924256;0,0009017132551848512;0,004508566275924256;0,18304779080252478;0,013074842200180343;0,0;0,0063119927862939585;0,0036068530207394047;0,008115419296663661;0,004959422903516681;0,14156898106402163;0,4697926059513075
EC080253;7116,0;5990,0;655,0;470,0;0,09204609331084879;0,06604834176503653;0,00505902192242833;0,0009836987071388421;0,002951096121416526;0,0012647554806070826;0,0009836987071388421;0,22751545812254076;0,00990725126475548;0,0015458122540753232;0,0022484541877459247;0,0019673974142776843;0,0021079258010118043;0,0027403035413153458;0,01925238898257448;0,5505902192242833
EC080254;1894,0;1574,0;196,0;123,0;0,10348468848996832;0,06494192185850053;0,006335797254487857;0,0010559662090813093;0,0021119324181626186;0,0005279831045406547;0,0031678986272439284;0,235480464625132;0,01293558606124604;0,0010559662090813093;0,0021119324181626186;0,0005279831045406547;0,0021119324181626186;0,0007919746568109821;0,005807814149947202;0,5432946145723336
EC080255;348,0;296,0;31,0;21,0;0,08908045977011494;0,0603448275862069;0,008620689655172414;0,0028735632183908046;0,011494252873563218;0,0;0,005747126436781609;0,15229885057471265;0,020114942528735632;0,0028735632183908046;0,0028735632183908046;0,008620689655172414;0,008620689655172414;0,0028735632183908046;0,0;0,6005747126436781
EC080256;1398,0;1172,0;144,0;82,0;0,10300429184549356;0,058655221745350504;0,00357653791130186;0,002145922746781116;0,001430615164520744;0,000715307582260372;0,000715307582260372;0,2117310443490701;0,009298998569384835;0,005007153075822604;0,002145922746781116;0,000715307582260372;0,002145922746781116;0,002503576537911302;0,002861230329041488;0,5815450643776824
EC080257;539,0;413,0;46,0;80,0;0,08534322820037106;0,14842300556586271;0,0037105751391465678;0,0018552875695732839;0,0037105751391465678;0,0;0,0;0,22634508348794063;0,025974025974025976;0,0018552875695732839;0,0;0,0;0,0018552875695732839;0,0009276437847866419;0,0018552875695732839;0,4712430426716141
EC080258;1357,0;1057,0;157,0;142,0;0,1156963890935888;0,10464259395725865;0,007369196757553427;0,005158437730287398;0,006632277081798084;0,005158437730287398;0,0036845983787767134;0,34635224760501104;0,012159174649963155;0,0036845983787767134;0,0058953574060427415;0,0014738393515106854;0,008106116433308769;0,0036845983787767134;0,008106116433308769;0,3456153279292557
EC080259;1775,0;1525,0;146,0;104,0;0,08225352112676056;0,05859154929577465;0,008450704225352112;0,0016901408450704226;0,004507042253521127;0,0028169014084507044;0,0016901408450704226;0,26140845070422536;0,009859154929577466;0,0016901408450704226;0,0011267605633802818;0,0;0,003943661971830986;0,0028169014084507044;0,038873239436619716;0,5076056338028169
EC080260;936,0;758,0;78,0;100,0;0,08333333333333333;0,10683760683760683;0,005341880341880342;0,0;0,0010683760683760685;0,002136752136752137;0,003205128205128205;0,08440170940170941;0,011752136752136752;0,002136752136752137;0,0;0,0010683760683760685;0,0;0,0005341880341880342;0,004273504273504274;0,6816239316239316
EC080261;3822,0;3018,0;507,0;296,0;0,1326530612244898;0,07744636316064887;0,010727367870225013;0,0028780743066457353;0,003924646781789639;0,0018315018315018315;0,0028780743066457353;0,22579801151229723;0,009942438513867086;0,0020931449502878076;0,0018315018315018315;0,0015698587127158557;0,0052328623757195184;0,003401360544217687;0,18027210884353742;0,3239141810570382
EC080262;960,0;745,0;80,0;135,0;0,08333333333333333;0,140625;0,0010416666666666667;0,0;0,005208333333333333;0,0;0,0010416666666666667;0,128125;0,013541666666666667;0,0010416666666666667;0,003125;0,0;0,003125;0,003125;0,0010416666666666667;0,5989583333333334
EC080263;1291,0;1099,0;115,0;76,0;0,08907823392718822;0,05886909372579396;0,0038729666924864447;0,000774593338497289;0,0038729666924864447;0,004647560030983733;0,003098373353989156;0,25639039504260264;0,013555383423702556;0,003098373353989156;0,0;0,001549186676994578;0,000774593338497289;0,006196746707978312;0,07436096049573973;0,45933384972889235
EC080264;701,0;582,0;71,0;48,0;0,10128388017118402;0,06847360912981455;0,0014265335235378032;0,0014265335235378032;0,0028530670470756064;0,0014265335235378032;0,0;0,16690442225392296;0,014978601997146932;0,0028530670470756064;0,0014265335235378032;0,0014265335235378032;0,0014265335235378032;0,0014265335235378032;0,0014265335235378032;0,6148359486447932
EC080265;1034,0;876,0;89,0;67,0;0,086073500967118;0,06479690522243714;0,005802707930367505;0,0019342359767891683;0,0019342359767891683;0,0019342359767891683;0,0;0,18085106382978725;0,008704061895551257;0,0009671179883945841;0,0;0,0;0,0019342359767891683;0,0019342359767891683;0,007736943907156673;0,6228239845261122
EC080350;7791,0;6873,0;596,0;322,0;0,07649852393787704;0,04132973944294699;0,00975484533436016;0,0014118855089205495;0,0019252984212552945;0,001668591965087922;0,001668591965087922;0,24592478500834297;0,007059427544602747;0,001283532280836863;0,0019252984212552945;0,0014118855089205495;0,00243871133359004;0,001668591965087922;0,010268258246694905;0,5850340136054422
EC080351;997,0;869,0;75,0;52,0;0,07522567703109329;0,05215646940822467;0,0050150451354062184;0,0010030090270812437;0,0010030090270812437;0,0;0,0;0,16950852557673018;0,009528585757271816;0,003009027081243731;0,0050150451354062184;0,0;0,0050150451354062184;0,0005015045135406219;0,004012036108324975;0,6579739217652959
EC080352;1283,0;1157,0;76,0;48,0;0,059236165237724084;0,037412314886983634;0,002338269680436477;0,000779423226812159;0,000779423226812159;0,001558846453624318;0,001558846453624318;0,0950896336710834;0,013639906469212782;0,0;0,001558846453624318;0,0;0,002338269680436477;0,0003897116134060795;0,004676539360872954;0,7630553390491036
EC080353;1062,0;895,0;117,0;50,0;0,11016949152542373;0,047080979284369114;0,010357815442561206;0,002824858757062147;0,0018832391713747645;0,002824858757062147;0,0;0,15725047080979285;0,014124293785310734;0,005649717514124294;0,0009416195856873823;0,002824858757062147;0,006591337099811676;0,003295668549905838;0,009416195856873822;0,6073446327683616
EC080354;647,0;577,0;31,0;39,0;0,04791344667697063;0,06027820710973725;0,0030911901081916537;0,0030911901081916537;0,0;0,0030911901081916537;0,0;0,2009273570324575;0,0077279752704791345;0,0030911901081916537;0,0015455950540958269;0,00463678516228748;0,00463678516228748;0,0015455950540958269;0,0061823802163833074;0,642967542503864
EC080355;914,0;809,0;58,0;47,0;0,06345733041575492;0,05142231947483589;0,006564551422319475;0,0;0,0;0,0;0,0010940919037199124;0,12363238512035012;0,008205689277899343;0,0032822757111597373;0,002188183807439825;0,0;0,0010940919037199124;0,0010940919037199124;0,002188183807439825;0,7264770240700219
EC080356;1852,0;1639,0;116,0;96,0;0,06263498920086392;0,05183585313174946;0,004859611231101512;0,0016198704103671706;0,0010799136069114472;0,0016198704103671706;0,0021598272138228943;0,1695464362850972;0,008639308855291577;0,0021598272138228943;0,0010799136069114472;0,0005399568034557236;0,0005399568034557236;0,0013498920086393088;0,007019438444924406;0,6727861771058316
EC080357;3863,0;3319,0;352,0;193,0;0,0911208904996117;0,04996117007507119;0,008801449650530676;0,000776598498576236;0,003365260160497023;0,0002588661661920787;0,001553196997152472;0,14988351022521357;0,009448615066010873;0,0025886616619207868;0,0020709293295366298;0,0010354646647683149;0,0020709293295366298;0,002200362412632669;0,04504271291742169;0,618431271032876
EC080358;3369,0;3002,0;194,0;175,0;0,05758385277530424;0,051944197091124966;0,008014247551202136;0,0008904719501335708;0,0014841199168892847;0,00029682398337785694;0,0011872959335114278;0,14574057583852776;0,00771742356782428;0,0020777678836449986;0,0008904719501335708;0,0014841199168892847;0,0026714158504007124;0,0020777678836449986;0,018996734936182844;0,6877411694864946
EC080450;47379,0;41150,0;4257,0;1961,0;0,08984993351484835;0,04138964520146056;0,012832689588214187;0,00120306464889508;0,0028071508474218536;0,001582979801177737;0,0017307245826209924;0,40511619071740645;0,008843580489246291;0,0037147259334304227;0,0023005973110449777;0,00120306464889508;0,004643407416788028;0,002775491251398299;0,00799932459528483;0,4001561873403829
EC080451;3619,0;2794,0;560,0;265,0;0,15473887814313347;0,0732246476927328;0,00801326333241227;0,00027631942525559546;0,0027631942525559545;0,0033158331030671458;0,0022105554020447637;0,31859629731970157;0,019342359767891684;0,0022105554020447637;0,0013815971262779773;0,0011052777010223818;0,004421110804089527;0,004559270516717325;0,009947499309201437;0,3699917104172423
EC080452;1479,0;1183,0;159,0;135,0;0,1075050709939148;0,09127789046653144;0,008113590263691683;0,001352265043948614;0,0;0,001352265043948614;0,002028397565922921;0,299526707234618;0,009465855307640297;0,000676132521974307;0,001352265043948614;0,0;0,004732927653820149;0,007099391480730223;0,006085192697768763;0,4415145368492224
EC080453;11269,0;9586,0;1093,0;590,0;0,09699174727127519;0,05235602094240838;0,009317596947377762;0,001419824296743278;0,002662170556393646;0,0010648682225574584;0,001331085278196823;0,24527464726240128;0,01073742124412104;0,0031946046676723755;0,001508563315289733;0,0016860413523826427;0,00363829976040465;0,002529062028573964;0,030881178454166297;0,5221403851273405
EC080454;5964,0;4954,0;664,0;348,0;0,11133467471495641;0,05835010060362173;0,007209926224010731;0,0021797451374916165;0,0015090543259557343;0,0021797451374916165;0,0018443997317236754;0,39302481556002683;0,01006036217303823;0,002850435949027498;0,0041918175720992625;0,0015090543259557343;0,0038564721663313212;0,0022635814889336017;0,006036217303822937;0,3796109993293092
EC080455;16156,0;13949,0;1528,0;672,0;0,09457786580836841;0,0415944540727903;0,011822233226046051;0,0007427581084426838;0,0024139638524387223;0,0014855162168853676;0,001547412725922258;0,3313320128744739;0,008170339192869523;0,001361723198811587;0,002290170834364942;0,0012998266897746968;0,0031567219608814065;0,0026615498885862836;0,009532062391681109;0,4747462243129488
EC080550;16456,0;13887,0;1578,0;982,0;0,0958920758385999;0,05967428293631502;0,009783665532328635;0,001762275157997083;0,0014584346135148275;0,001762275157997083;0,0024307243558580457;0,23523334953816238;0,00610719494409334;0,0014584346135148275;0,0027345649003403015;0,001276130286825474;0,0030991735537190084;0,00398031113271755;0,005712202236266407;0,5570004861448712
EC080551;1126,0;909,0;131,0;87,0;0,11634103019538189;0,07726465364120781;0,004440497335701598;0,0008880994671403197;0,0017761989342806395;0,0008880994671403197;0,003552397868561279;0,1705150976909414;0,007548845470692718;0,003552397868561279;0,0008880994671403197;0,0008880994671403197;0,0053285968028419185;0,0053285968028419185;0,018650088809946713;0,5701598579040853
EC080552;1157,0;969,0;81,0;107,0;0,07000864304235091;0,09248055315471046;0,00432152117545376;0,0025929127052722557;0,00432152117545376;0,0;0,001728608470181504;0,14261019878997408;0,009939498703543647;0,0025929127052722557;0,001728608470181504;0,003457216940363008;0,0025929127052722557;0,0025929127052722557;0,001728608470181504;0,6447709593777009
EC080553;519,0;453,0;45,0;21,0;0,08670520231213873;0,04046242774566474;0,017341040462427744;0,0;0,0019267822736030828;0,0;0,0019267822736030828;0,24470134874759153;0,01348747591522158;0,0019267822736030828;0,005780346820809248;0,0;0,0038535645472061657;0,0038535645472061657;0,0038535645472061657;0,5568400770712909
EC080554;985,0;853,0;75,0;57,0;0,07614213197969544;0,05786802030456853;0,01116751269035533;0,0010152284263959391;0,0010152284263959391;0,0020304568527918783;0,0;0,1949238578680203;0,003553299492385787;0,003045685279187817;0,0;0,0;0,0;0,0025380710659898475;0,0010152284263959391;0,6395939086294417
EC080555;194,0;158,0;7,0;29,0;0,03608247422680412;0,14948453608247422;0,005154639175257732;0,0;0,010309278350515464;0,005154639175257732;0,015463917525773196;0,26288659793814434;0,01804123711340206;0,0;0,005154639175257732;0,0;0,0;0,002577319587628866;0,0;0,4690721649484536
EC080556;1166,0;975,0;99,0;92,0;0,08490566037735849;0,07890222984562607;0,00686106346483705;0,0008576329331046312;0,002572898799313894;0,0008576329331046312;0,005145797598627788;0,2144082332761578;0,00986277873070326;0,0008576329331046312;0,003430531732418525;0,0008576329331046312;0,0017152658662092624;0,001286449399656947;0,007718696397941681;0,5686106346483705
EC080557;820,0;632,0;119,0;69,0;0,14512195121951219;0,08414634146341464;0,004878048780487805;0,0024390243902439024;0,004878048780487805;0,0;0,006097560975609756;0,07804878048780488;0,014634146341463415;0,004878048780487805;0,0;0,0024390243902439024;0,0012195121951219512;0,006097560975609756;0,10365853658536585;0,5207317073170732
EC080558;595,0;495,0;41,0;58,0;0,06890756302521009;0,09747899159663866;0,015126050420168067;0,0016806722689075631;0,0067226890756302525;0,0016806722689075631;0,005042016806722689;0,1949579831932773;0,008403361344537815;0,0016806722689075631;0,0016806722689075631;0,0;0,0;0,0;0,005042016806722689;0,5815126050420169
EC080559;1257,0;1030,0;132,0;93,0;0,10501193317422435;0,07398568019093078;0,011933174224343675;0,0015910898965791568;0,0015910898965791568;0,0015910898965791568;0,0007955449482895784;0,13046937151949084;0,010342084327764518;0,003977724741447892;0,0007955449482895784;0,0015910898965791568;0,0015910898965791568;0,003579952267303103;0,005568814638027049;0,630071599045346
EC080560;1054,0;901,0;59,0;94,0;0,055977229601518026;0,08918406072106262;0,003795066413662239;0,0009487666034155598;0,0009487666034155598;0,0;0,0028462998102466793;0,29127134724857684;0,010910815939278937;0,0018975332068311196;0,0;0,0018975332068311196;0,0028462998102466793;0,0018975332068311196;0,0056925996204933585;0,5170777988614801
EC080561;1804,0;1554,0;145,0;105,0;0,0803769401330377;0,0582039911308204;0,006097560975609756;0,0011086474501108647;0,0033259423503325942;0,002771618625277162;0,003880266075388027;0,20842572062084258;0,012749445676274944;0,003880266075388027;0,003880266075388027;0,0022172949002217295;0,0011086474501108647;0,0033259423503325942;0,026053215077605323;0,5665188470066519
EC080650;13276,0;11823,0;1022,0;428,0;0,07698101837902983;0,032238626092196444;0,013558300692979813;0,0008285628201265442;0,002259716782163302;0,0013558300692979813;0,0016571256402530884;0,3114642964748418;0,006327206990057246;0,0018830973184694184;0,0029376318168122927;0,0016571256402530884;0,0027116601385959627;0,002485688460379632;0,005498644169930702;0,5271166013859596
EC080651;2091,0;1714,0;241,0;135,0;0,11525585844093734;0,06456241032998565;0,010043041606886656;0,0009564801530368245;0,00430416068866571;0,0014347202295552368;0,0023912003825920613;0,2615973218555715;0,011477761836441894;0,0023912003825920613;0,003347680535628886;0,0009564801530368245;0,0052606408417025345;0,003825920612147298;0,003347680535628886;0,493065518890483
EC080652;2829,0;2427,0;275,0;125,0;0,09720749381406858;0,04418522446094026;0,008483563096500531;0,0003534817956875221;0,0017674089784376105;0,0007069635913750442;0,0021208907741251328;0,23153057617532696;0,009720749381406858;0,003181336161187699;0,0014139271827500884;0,002827854365500177;0,002474372569812655;0,00335807705903146;0,003181336161187699;0,5737009544008483
EC080653;6140,0;5312,0;556,0;273,0;0,09055374592833876;0,044462540716612375;0,010749185667752443;0,0008143322475570033;0,0021172638436482085;0,0017915309446254071;0,0016286644951140066;0,2229641693811075;0,008876221498371336;0,0014657980456026058;0,0024429967426710096;0,0011400651465798045;0,002280130293159609;0,0028501628664495114;0,005700325732899023;0,5885993485342019
EC080654;7563,0;6662,0;616,0;283,0;0,08144916038609018;0,03741901361893429;0,013354488959407643;0,0006611133148221605;0,0019833399444664813;0,0014544492926087532;0,001057781303715457;0,2673542245140817;0,009057252413063599;0,002380007933359778;0,0019833399444664813;0,001190003966679889;0,0034377892370752346;0,002380007933359778;0,004098902551897396;0,5590374190136189
EC080750;4869,0;4139,0;427,0;305,0;0,08769767919490655;0,06264119942493325;0,005545286506469501;0,0010269049086054631;0,0010269049086054631;0,0006161429451632779;0,0006161429451632779;0,2688437050729102;0,010166358595194085;0,001643047853768741;0,001643047853768741;0,0018484288354898336;0,00390223865270076;0,0026699527623742043;0,002875333744095297;0,5348120764017252
EC080751;2601,0;2010,0;332,0;259,0;0,12764321414840446;0,09957708573625529;0,0038446751249519417;0,0019223375624759708;0,006535947712418301;0,00038446751249519417;0,0015378700499807767;0,19569396386005383;0,012495194156093811;0,0034602076124567475;0,0007689350249903883;0,0019223375624759708;0,0019223375624759708;0,002499038831218762;0,008458285274894272;0,5163398692810458
EC080752;2885,0;2184,0;381,0;320,0;0,1320623916811092;0,11091854419410745;0,0076256499133448875;0,0034662045060658577;0,0024263431542461003;0,0038128249566724438;0,003119584055459272;0,3012131715771231;0,01386481802426343;0,0020797227036395147;0,0038128249566724438;0,0013864818024263432;0,0027729636048526864;0,0025996533795493936;0,014558058925476604;0,3778162911611785
EC080753;3443,0;2900,0;303,0;241,0;0,08800464711007842;0,06999709555620098;0,006099331977926227;0,003194888178913738;0,0034853325588149867;0,0014522218995062445;0,0011617775196049957;0,18210862619808307;0,007406331687481847;0,0014522218995062445;0,0008713331397037467;0,0005808887598024978;0,0034853325588149867;0,0023235550392099913;0,007261109497531223;0,6116758640720302
EC080754;3384,0;2688,0;451,0;244,0;0,133274231678487;0,07210401891252956;0,010638297872340425;0,0008865248226950354;0,0032505910165484633;0,0032505910165484633;0,0017730496453900709;0,17819148936170212;0,012706855791962174;0,0020685579196217494;0,0032505910165484633;0,002955082742316785;0,0020685579196217494;0,007535460992907801;0,005319148936170213;0,5401891252955082
EC080755;3966,0;3349,0;372,0;242,0;0,09379727685325265;0,06101865859808371;0,008825012607160867;0,0002521432173474534;0,0015128593040847202;0,0005042864346949068;0,0007564296520423601;0,18028240040342916;0,0071860816944024205;0,0007564296520423601;0,0005042864346949068;0,0012607160867372667;0,0012607160867372667;0,0021432173474533536;0,002017145738779627;0,6278366111951589
EC090150;279765,0;520157,0;16745,5;2844,5;0,05985559308705521;0,010167461977016425;0,02667953460940432;0,0005754829946562293;0,005672618090182832;0,0011652637034654085;0,0010616052758565225;0,47298089467946314;0,006751201901595982;0,0017121512698157382;0,003588726252390399;0,0012599860597287008;0,003050774757385663;0,004181187782603256;0,006425035297481815;0,3835951602237592
EC090152;8407,0;7537,0;525,0;344,0;0,06244796003330558;0,04091828238372785;0,014868561912691805;0,0015463304389199478;0,005947424765076721;0,0011894849530153444;0,0016652789342214821;0,2967764957773284;0,016355418103960986;0,0034495063637444987;0,00321160937314143;0,0026168668966337575;0,003925300344950636;0,006899012727488997;0,008207446175805875;0,5066016414892351
EC090153;3069,0;2715,0;208,0;144,0;0,06777451938742261;0,0469208211143695;0,009449332029977192;0,0013033561420658195;0,010101010101010102;0,0006516780710329097;0,0019550342130987292;0,36656891495601174;0,019550342130987292;0,002932551319648094;0,002606712284131639;0,0019550342130987292;0,0032583903551645487;0,002932551319648094;0,008145975887911373;0,4307592049527533
EC090156;19163,0;17248,0;1283,0;626,0;0,06695193863173825;0,032667118927099094;0,011637008819078433;0,0008871262328445442;0,005635860773365339;0,0014089651933413348;0,001461149089391014;0,21870270834420497;0,011454365182904555;0,0032354015550801023;0,0019829880498878046;0,0010436779209935813;0,0028179303866826696;0,002478735062359756;0,0072013776548557114;0,6161874445546105
EC090157;7999,0;6566,0;697,0;737,0;0,0871358919864983;0,09213651706463308;0,007625953244155519;0,0017502187773471684;0,005500687585948244;0,0008751093886735842;0,0018752344043005376;0,16152019002375298;0,024565570696337042;0,0032504063007875983;0,0030003750468808603;0,002125265658207276;0,002125265658207276;0,002125265658207276;0,00450056257032129;0,573321665208151
EC090158;8257,0;7357,0;648,0;251,0;0,07847886641637399;0,030398449800169553;0,009930967663800411;0,0014533123410439626;0,003027734043841589;0,0013322029792902992;0,0014533123410439626;0,23640547414315127;0,00750878042872714;0,003027734043841589;0,001937749788058617;0,0013322029792902992;0,002179968511565944;0,0026644059585805985;0,009325420855032095;0,5992491219571273
EC090250;18867,0;16295,0;1598,0;956,0;0,08469815020936027;0,050670482853659826;0,01319764668468755;0,001113054539672444;0,0067843324322891824;0,0015900779138177772;0,00137806752530874;0,2773625907669476;0,008162399957597922;0,002173106482217629;0,0020671012879631104;0,0014310701224359993;0,002173106482217629;0,0018285896008904436;0,0047702337414533315;0,5296549530927015
EC090350;14725,0;13211,0;1015,0;501,0;0,06893039049235994;0,03402376910016978;0,015891341256366723;0,0014940577249575552;0,004889643463497453;0,0009507640067911715;0,0005432937181663837;0,20088285229202038;0,005297113752122241;0,001901528013582343;0,0031918505942275044;0,0023769100169779285;0,0019694397283531407;0,004889643463497453;0,012971137521222411;0,6297453310696095
EC090450;42321,0;37052,0;3298,0;1963,0;0,07792821530682167;0,046383592070130666;0,017249119822310435;0,0012759622882257036;0,004111434039838378;0,0016540251884407267;0,0016540251884407267;0,25977647031024786;0,009439758039743862;0,002622811370241724;0,00723045296661232;0,0025046667139245293;0,0024337799201342124;0,004075990642943219;0,00430046548994589;0,5436544505092035
EC090550;15888,0;13637,0;1301,0;939,0;0,08188569989929506;0,0591012084592145;0,014161631419939577;0,0014476334340382678;0,0025176233635448137;0,0013846928499496476;0,0009441087613293052;0,18460473313192347;0,007615810674723061;0,0033987915407854984;0,0015735146022155086;0,0033987915407854984;0,0021399798590130917;0,0039652567975830815;0,0032099697885196376;0,616377139979859
EC090551;2789,0;2458,0;160,0;168,0;0,05736823234134098;0,06023664395840803;0,012190749372534958;0,0017927572606669057;0,0014342058085335247;0,002151308712800287;0,002151308712800287;0,17927572606669057;0,008605234851201148;0,0035855145213338113;0,0014342058085335247;0,006095374686267479;0,0014342058085335247;0,0030476873431337396;0,0035855145213338113;0,6428827536751524
EC090650;64872,0;55840,0;6269,0;2736,0;0,09663645332346775;0,042175360710321866;0,014767542237020594;0,0014798372179060304;0,005302750030829942;0,0012486126526082132;0,0015414971019854483;0,31727093353064495;0,01330311999013442;0,006458872857319028;0,0028209396966333705;0,0020964360587002098;0,0022814157109384632;0,004115797262301147;0,004269946972499692;0,4663953631767172
EC090652;4281,0;3442,0;553,0;284,0;0,12917542630226583;0,06633964027096473;0,014716187806587245;0,000700770847932726;0,008876430740481197;0,001868722261153936;0,001635131978509694;0,24713851903760803;0,01518336837187573;0,004905395935529082;0,002803083391730904;0,002569493109086662;0,001868722261153936;0,004204625087596356;0,00467180565288484;0,4734875029198785
EC090653;6549,0;5387,0;798,0;361,0;0,12185066422354558;0,055122919529699194;0,014353336387234692;0,0009161704076958314;0,00320659642693541;0,0024431210871888836;0,0016796457474423576;0,3040158802870667;0,015345854328905176;0,0024431210871888836;0,0029012062910367996;0,002748511223087494;0,0036646816307833257;0,00465719957245381;0,005038937242327073;0,43915101542220186
EC090654;3490,0;3022,0;293,0;174,0;0,08395415472779369;0,0498567335243553;0,011461318051575931;0,0014326647564469914;0,0057306590257879654;0,001146131805157593;0,0005730659025787965;0,2659025787965616;0,01174785100286533;0,002292263610315186;0,003151862464183381;0,0008595988538681948;0,0025787965616045844;0,013037249283667621;0,004297994269340974;0,5169054441260745
EC090656;5215,0;4363,0;488,0;364,0;0,09357622243528284;0,0697986577181208;0,015532118887823586;0,0007670182166826462;0,004793863854266539;0,0015340364333652923;0,0019175455417066154;0,2542665388302972;0,0174496644295302;0,0024928092042186003;0,0049856184084372005;0,0023010546500479385;0,0023010546500479385;0,0032598274209012464;0,005560882070949185;0,4987535953978907
EC090750;114766,0;105615,0;7437,0;1656,0;0,06480142202394437;0,014429360612027953;0,021975149434501507;0,0007754909990763815;0,0080773051252113;0,0013070073018141262;0,0010891727515117719;0,381010055242842;0,006142934318526393;0,0019256574246728124;0,003494066186849764;0,0011240262795601484;0,002640154749664535;0,004130143073732638;0,010142376662077618;0,4661572242650262
EC090850;51705,0;45238,0;4337,0;2122,0;0,08387970215646456;0,04104051832511363;0,010173097379363697;0,0007736195725751862;0,0035586500338458562;0,0014311962092640944;0,0011604293588627793;0,254559520355865;0,0053089643167972145;0,0046610579247654965;0,002069432356638623;0,0017793250169229281;0,001624601102407891;0,002195145537182091;0,0032105212261870227;0,5749153853592496
EC090851;5425,0;4482,0;587,0;356,0;0,10820276497695852;0,0656221198156682;0,008110599078341014;0,0022119815668202765;0,0022119815668202765;0,0007373271889400922;0,0012903225806451613;0,21788018433179723;0,007373271889400922;0,0022119815668202765;0,0027649769585253456;0,0023963133640552995;0,0016589861751152074;0,0020276497695852535;0,003686635944700461;0,5622119815668203
EC090852;4425,0;3858,0;303,0;263,0;0,06847457627118644;0,05943502824858757;0,010621468926553673;0,0006779661016949153;0,0013559322033898306;0,001807909604519774;0,0029378531073446326;0,1398870056497175;0,0068926553672316385;0,0031638418079096044;0,0024858757062146894;0,002033898305084746;0,0024858757062146894;0,0015819209039548022;0,003615819209039548;0,6838418079096045
EC090950;38343,0;34347,0;2764,0;1220,0;0,072086169574629;0,03181806327100123;0,012205617713793913;0,000834572151370524;0,006806979109615836;0,0010953759486738127;0,0013561797459771014;0,29963748272174845;0,006076728477166627;0,002425475314920585;0,003520851263594398;0,001434420885168088;0,0025037164541115717;0,0037946952507628513;0,014996218344939102;0,5292230654878335
EC091050;121375,0;110172,0;8842,0;2319,0;0,0728486096807415;0,01910607621009269;0,019633367662203912;0,0006838311019567457;0,0077693099897013385;0,0011204943357363542;0,0011287332646755922;0,37066941297631306;0,004284243048403707;0,0018455200823892894;0,0028341915550978373;0,0016560247167868177;0,0021668383110195677;0,003851699279093718;0,00713491246138002;0,4747847579814624
EC091051;1283,0;1156,0;78,0;49,0;0,060795011691348405;0,03819173811379579;0,010132501948558068;0,000779423226812159;0,001558846453624318;0,002338269680436477;0,0;0,1558846453624318;0,005455962587685113;0,001558846453624318;0,000779423226812159;0,003117692907248636;0,003117692907248636;0,0011691348402182386;0,001558846453624318;0,7069368667186282
EC091053;4325,0;3832,0;322,0;171,0;0,07445086705202313;0,03953757225433526;0,011560693641618497;0,0006936416184971098;0,006242774566473989;0,0011560693641618498;0,0011560693641618498;0,3001156069364162;0,006936416184971098;0,0011560693641618498;0,0025433526011560694;0,0013872832369942196;0,0025433526011560694;0,0027745664739884392;0,006936416184971098;0,5310982658959538
EC091054;5274,0;4813,0;361,0;101,0;0,06844899507015548;0,019150549867273416;0,011755783086841108;0,0005688282138794084;0,006446719757299962;0,0013272658323852863;0,0015168752370117557;0,3507773985589685;0,005024649222601441;0,0022753128555176336;0,002085703450891164;0,0024649222601441033;0,0037921880925293893;0,002180508153204399;0,009480470231323474;0,5056882821387941
EC091150;35610,0;32131,0;2558,0;904,0;0,07183375456332491;0,02538612749227745;0,015922493681550125;0,0010109519797809603;0,0037349059253018813;0,0008705419825891604;0,0007301319853973602;0,2664981746700365;0,0038612749227745014;0,009800617803987643;0,0037629879247402416;0,0014602639707947205;0,002358887952822241;0,002695871946082561;0,013535523729289525;0,569502948609941
EC091151;2512,0;2291,0;139,0;80,0;0,0553343949044586;0,03184713375796178;0,01393312101910828;0,0003980891719745223;0,0031847133757961785;0,0015923566878980893;0,0007961783439490446;0,19785031847133758;0,004578025477707006;0,0007961783439490446;0,0011942675159235668;0,004378980891719745;0,0019904458598726115;0,002786624203821656;0,01194267515923567;0,6592356687898089
EC091152;3257,0;2849,0;285,0;121,0;0,08750383788762665;0,037150752225974824;0,016272643536997238;0,0006140620202640467;0,003070310101320233;0,0015351550506601166;0,00092109303039607;0,19435062941357076;0,005680073687442432;0,0021492170709241634;0,002456248081056187;0,00092109303039607;0,0015351550506601166;0,0021492170709241634;0,01289530242554498;0,6223518575376114
EC091153;1889,0;1698,0;117,0;70,0;0,06193753308628904;0,037056643726839596;0,008470089994706194;0,0005293806246691371;0,0037056643726839597;0,0021175224986765486;0,0026469031233456856;0,1725780836421387;0,006352567496029645;0,0026469031233456856;0,0026469031233456856;0,0015881418740074113;0,0021175224986765486;0,0018528321863419798;0,008470089994706194;0,6749602964531498
EC091154;6030,0;5046,0;593,0;389,0;0,09834162520729685;0,06451077943615258;0,010281923714759536;0,0011608623548922056;0,0038142620232172473;0,0008291873963515755;0,001824212271973466;0,1824212271973466;0,007131011608623549;0,003648424543946932;0,003150912106135987;0,003648424543946932;0,0029850746268656717;0,002570480928689884;0,004643449419568822;0,5990049751243781
EC091250;29331,0;26491,0;1976,0;855,0;0,06736899526098666;0,029150046026388463;0,014353414476151512;0,0011591831168388394;0,005557260236609731;0,001363744843339811;0,0012614639800893252;0,2614980737104088;0,004636732467355358;0,001977430022842726;0,0025911152023456413;0,0016364938120077735;0,0024888343390951553;0,0025570215812621457;0,018103712795335992;0,5767958814905731
EC091350;13521,0;11771,0;1009,0;731,0;0,07462465793950152;0,054064048517121516;0,011315731084978922;0,001035426373788921;0,005029213815546187;0,00162709858738259;0,0021448117742770504;0,255232601138969;0,006360476296131943;0,002588565934472302;0,002662524961171511;0,002662524961171511;0,0023666888543746765;0,002218770800976259;0,003919828415058058;0,5628281931809778
EC091450;31915,0;27811,0;2869,0;1232,0;0,08989503368322106;0,03860253799154003;0,017107942973523423;0,0016919943600188;0,004292652357825474;0,0019426601911326962;0,001723327588908037;0,2805263982453392;0,009368635437881873;0,0024753250822497257;0,0031959893467021776;0,0023499921666927776;0,0030079899733667552;0,003305655647814507;0,007143976186746044;0,5206015979946733
EC091451;2586,0;2272,0;194,0;119,0;0,07501933488012374;0,0460170146945089;0,017788089713843776;0,0034802784222737818;0,004640371229698376;0,0015467904098994587;0,0038669760247486465;0,2482598607888631;0,00908739365815932;0,004640371229698376;0,0019334880123743233;0,0034802784222737818;0,0038669760247486465;0,002900232018561485;0,008120649651972157;0,5529775715390565
EC091452;4066,0;3612,0;304,0;146,0;0,07476635514018691;0,03590752582390556;0,015494343334972946;0,0022134776192818495;0,007132316773241515;0,001721593703885883;0,0014756517461878996;0,2683226758484998;0,007009345794392523;0,0027053615346778162;0,0031972454500737825;0,002459419576979833;0,001967535661583866;0,0043039842597147075;0,0031972454500737825;0,5558288243974422
EC091650;27639,0;24580,0;2018,0;1039,0;0,07301277180795253;0,037591808676146025;0,013133615543254097;0,0006150729042295307;0,007561778646115996;0,0010854227721697602;0,0011577842903144108;0,2715004160787293;0,011686385180361084;0,0023879300987734724;0,0035095336300155575;0,0016281341582546401;0,0019537609899055682;0,003075364521147654;0,005499475378993451;0,5497666341039835
EC091651;7146,0;6312,0;548,0;284,0;0,07668625804645955;0,03974251329415057;0,013993842709207949;0,000279876854184159;0,007136859781696054;0,000559753708368318;0,0012594458438287153;0,22558074447243212;0,01105513574027428;0,0009795689896445563;0,0019591379792891126;0,0006996921354603975;0,0026588301147495103;0,0025888609012034705;0,004058214385670305;0,596837391547719
EC091850;31562,0;27177,0;2742,0;1622,0;0,08687662378809961;0,051390913123376215;0,020499334642925037;0,0012673468094544073;0,006938723781762879;0,0016158671820543692;0,0019643875546543313;0,24184145491413725;0,01053482035358976;0,002629744629617895;0,0030733160129269373;0,003390152715290539;0,002598060959381535;0,003390152715290539;0,006780305430581078;0,5406184652430137
EC091950;29377,0;25000,0;2893,0;1470,0;0,09847840147053817;0,0500391462708922;0,017700922490383634;0,0012254484801034822;0,008407938182932225;0,001565850835687783;0,001633931306804643;0,2657180787691051;0,009173843482996902;0,002110494604622664;0,0028593797869081255;0,0029615004935834156;0,0024508969602069644;0,004050788031453177;0,004731592742621779;0,5131905912788917
EC091951;6017,0;5047,0;547,0;427,0;0,09090909090909091;0,07096559747382417;0,014791424297822835;0,0009971746717633372;0,006481635366461692;0,001329566229017783;0,0014957620076450058;0,24796410171181651;0,014043543294000333;0,026425128801728436;0,0029915240152900116;0,0029915240152900116;0,0033239155725444574;0,0034901113511716804;0,003656307129798903;0,4912747216220708
EC091952;3431,0;2882,0;309,0;236,0;0,09006120664529292;0,06878461090061207;0,009909647333139027;0,0002914602156805596;0,006995045176333431;0,001457301078402798;0,0005829204313611193;0,23579131448557272;0,025648498979889245;0,002914602156805596;0,002914602156805596;0,002331681725444477;0,0017487612940833576;0,0018944914019236375;0,0032060623724861556;0,5167589624016322
EC091953;7572,0;6360,0;601,0;606,0;0,07937136819862652;0,08003169572107766;0,012546222926571579;0,0011885895404120444;0,006339144215530904;0,0014527205493924987;0,0018489170628631802;0,22900158478605387;0,009310618066561015;0,003301637612255679;0,0035657686212361333;0,004226096143687269;0,0019809825673534074;0,0053486529318541995;0,005150554675118859;0,5400158478605388
EC092050;22658,0;20098,0;1738,0;814,0;0,07670579927619384;0,03592550092682496;0,013990643481331097;0,0006620178303468973;0,00653190925942272;0,0017212463589019332;0,0007502868743931503;0,28069556006708446;0,006421572954364904;0,001986053491040692;0,002339129667225704;0,0014123047047400476;0,0028687439315032218;0,002780474887456969;0,0058257569070526965;0,5498278753641098
EC092053;6322,0;5527,0;503,0;294,0;0,07956342929452705;0,046504270800379624;0,011230623220499843;0,0006327111673521037;0,00585257829800696;0,0006327111673521037;0,0006327111673521037;0,2099019297690604;0,00506168933881683;0,002372666877570389;0,003954444795950649;0,0011072445428661815;0,0014236001265422334;0,0037171781081936097;0,006643467257197089;0,6123062322049985
EC092055;6459,0;5730,0;508,0;223,0;0,07864994581204521;0,03452546833875213;0,009289363678588018;0,0007741136398823347;0,004799504567270475;0,0009289363678588017;0,0006192909119058678;0,18439386901997212;0,006734788666976312;0,003251277287505806;0,0020126954636940702;0,0015482272797646694;0,0021675181916705373;0,004722093203282242;0,007276668214893946;0,6471590029416319
EC092056;9972,0;8880,0;843,0;246,0;0,0845367027677497;0,0246690734055355;0,012234255916566386;0,00020056157240272763;0,006117127958283193;0,0009025270758122744;0,001604492579221821;0,20938628158844766;0,005014039310068191;0,0015042117930204573;0,004312073806658644;0,001604492579221821;0,001704773365423185;0,004111512234255916;0,005615724027276374;0,6270557561171279
EC092150;39823,0;36162,0;2570,0;1071,0;0,06453556989679331;0,026894005976445774;0,018356226301383623;0,0014815558847901967;0,01230444717876604;0,0016824448183210708;0,0012053336011852447;0,3260176280039173;0,007269668282148507;0,0016824448183210708;0,004871556638123697;0,0023353338522964116;0,002912889536197675;0,0035908896868643747;0,012706225045827788;0,5007910001757778
EC092250;12906,0;11323,0;1005,0;575,0;0,07787075778707578;0,04455292112195878;0,013869518053618472;0,0008523167518983419;0,003719200371920037;0,0010072834340616767;0,001394700139470014;0,3693630869363087;0,007825817449248412;0,001394700139470014;0,0021695335502866886;0,0016271501627150163;0,0025569502556950256;0,0020533085386641873;0,005423833875716721;0,45420734542073454
EC092251;5848,0;5193,0;404,0;246,0;0,06908344733242135;0,042065663474692205;0,011114911080711354;0,0015389876880984952;0,008378932968536252;0,0010259917920656635;0,001880984952120383;0,24640902872777018;0,007780437756497948;0,003419972640218878;0,002051983584131327;0,001880984952120383;0,0032489740082079343;0,004616963064295486;0,005813953488372093;0,5764363885088919
EC092350;9169,0;8506,0;504,0;156,0;0,05496782637146908;0,017013851019740428;0,022248882102737486;0,0002181262951248773;0,004362525902497546;0,0007634420329370705;0,0017450103609990184;0,2688406587414113;0,005235031082997056;0,0010906314756243866;0,0023993892463736502;0,0016359472134365798;0,0018540735085614572;0,004471589050059985;0,009161304395244848;0,5939579016250409
EC092450;15434,0;13253,0;1304,0;866,0;0,08448879098095115;0,056109887261889334;0,013023195542309187;0,00213813658157315;0,007645458079564598;0,002526888687313723;0,0015550084229622911;0,3115848127510691;0,007483478035506026;0,002526888687313723;0,004211481145522872;0,0027212647401840093;0,0023325126344434367;0,005863677594920306;0,004665025268886873;0,47706362576130623
EC092550;17905,0;16080,0;1232,0;582,0;0,06880759564367495;0,032504886903099696;0,014744484780787489;0,0009494554593688913;0,006422786931024853;0,0010053057805082379;0,0014521083496230104;0,297347109745881;0,009327003630270874;0,0018430605975984361;0,003574420552918179;0,0025691147724099415;0,0026808154146886346;0,00485897793912315;0,005640882435074002;0,5314716559620217
EC092750;10096,0;9198,0;708,0;188,0;0,07012678288431062;0,01862123613312203;0,020899366085578446;0,0006933438985736926;0,007428684627575277;0,0005942947702060222;0,0005942947702060222;0,35320919175911253;0,0037143423137876385;0,0011885895404120444;0,0027733755942947703;0,0013866877971473852;0,003169572107765452;0,0027733755942947703;0,025554675118858953;0,4805863708399366
EC092850;10524,0;9261,0;793,0;467,0;0,07535157734701635;0,044374762447738504;0,014823261117445839;0,0009502090459901178;0,010642341315089319;0,0011402508551881414;0,0006651463321930824;0,201634359559103;0,006793994678829343;0,002280501710376283;0,002280501710376283;0,0020904599011782594;0,0026605853287723297;0,002613074876472824;0,0070315469403268716;0,6149752945648043
EC100150;2883,0;2650,0;179,0;54,0;0,062088102670828996;0,018730489073881373;0,029830038154699964;0,001734304543877905;0,001387443635102324;0,001734304543877905;0,002428026361429067;0,3704474505723205;0,002774887270204648;0,001040582726326743;0,002774887270204648;0,002081165452653486;0,006243496357960458;0,006763787721123829;0,07943114810960805;0,40097121054457163
EC100151;4372,0;3755,0;394,0;215,0;0,09011893870082342;0,049176578225068615;0,00960658737419945;0,0016010978956999085;0,0022872827081427266;0,0004574565416285453;0,0016010978956999085;0,2056267154620311;0,0057182067703568165;0,005032021957913998;0,0029734675205855443;0,0027447392497712718;0,003888380603842635;0,0028591033851784083;0,05146386093321134;0,5544373284537969
EC100152;3100,0;2746,0;290,0;61,0;0,0935483870967742;0,01967741935483871;0,01032258064516129;0,0006451612903225806;0,001935483870967742;0,000967741935483871;0,0022580645161290325;0,14225806451612905;0,006290322580645161;0,001935483870967742;0,002903225806451613;0,0025806451612903226;0,0035483870967741938;0,0032258064516129032;0,2867741935483871;0,4106451612903226
EC100153;2126,0;1840,0;193,0;91,0;0,09078080903104421;0,04280338664158043;0,019285042333019756;0,0009407337723424271;0,0014111006585136407;0,0028222013170272815;0,0023518344308560675;0,20178739416745062;0,0037629350893697085;0,0018814675446848542;0,0018814675446848542;0,0014111006585136407;0,0028222013170272815;0,0025870178739416747;0,04656632173095014;0,5696142991533396
EC100154;6654,0;5932,0;608,0;108,0;0,0913736098587316;0,016230838593327322;0,018184550646227832;0,0007514277126540427;0,002705139765554554;0,0012022843402464682;0,0007514277126540427;0,18229636308987077;0,0029305680793507666;0,0012022843402464682;0,0012022843402464682;0,0021039975954313195;0,0043582807333934475;0,002254283137962128;0,2628494138863841;0,4035166816952209
EC100155;3000,0;2516,0;318,0;166,0;0,106;0,05533333333333333;0,008333333333333333;0,0026666666666666666;0,0023333333333333335;0,0036666666666666666;0,0033333333333333335;0,22233333333333333;0,005;0,0023333333333333335;0,0013333333333333333;0,002;0,002;0,0028333333333333335;0,03866666666666667;0,534
EC100156;1571,0;1383,0;127,0;62,0;0,08084022915340547;0,03946530872056015;0,010821133036282623;0,0006365372374283895;0,001273074474856779;0,0006365372374283895;0,0019096117122851686;0,15531508593252705;0,002546148949713558;0,0019096117122851686;0,002546148949713558;0,001273074474856779;0,009548058561425843;0,001273074474856779;0,02928071292170592;0,6575429662635264
EC100157;13661,0;12514,0;935,0;207,0;0,06844301295659176;0,01515262425883903;0,03140326476831857;0,001830027084400849;0,0019032281677768832;0,0016836249176487813;0,0015372227508967133;0,40004392065002564;0,003660054168801698;0,0013908205841446453;0,002415635751409121;0,0016104238342727472;0,0046848693360661735;0,00461166825269014;0,06763780103945538;0,3833540736402899
EC100250;15723,0;14558,0;956,0;204,0;0,06080264580550786;0,012974623163518412;0,028366087896711824;0,001017617503021052;0,0031800546969407875;0,0018444317242256568;0,0019716339121032883;0,45659225338675824;0,0026394453984608535;0,001017617503021052;0,0015900273484703938;0,0013356229727151307;0,003752464542390129;0,0050244864211664445;0,0658271322266743;0,3440819182089932
EC100251;1174,0;1068,0;81,0;25,0;0,06899488926746167;0,02129471890971039;0,020442930153321975;0,002555366269165247;0,0008517887563884157;0,002555366269165247;0,0008517887563884157;0,3534923339011925;0,004258943781942078;0,0;0,002555366269165247;0,0008517887563884157;0,004258943781942078;0,0008517887563884157;0,044293015332197615;0,46678023850085176
EC100252;4503,0;4119,0;302,0;87,0;0,06706640017765934;0,019320453031312457;0,03553186764379303;0,001554519209415945;0,002664890073284477;0,0017765933821896514;0,0017765933821896514;0,387297357317344;0,0035531867643793028;0,02664890073284477;0,001554519209415945;0,0028869642460581835;0,0035531867643793028;0,00621807683766378;0,11592271818787475;0,3140128803020209
EC100253;2624,0;2341,0;232,0;52,0;0,08841463414634146;0,019817073170731708;0,03277439024390244;0,0022865853658536584;0,004192073170731708;0,0019054878048780487;0,0019054878048780487;0,3521341463414634;0,0040015243902439025;0,0026676829268292685;0,001524390243902439;0,0011432926829268292;0,004954268292682927;0,006288109756097561;0,07850609756097561;0,3875762195121951
EC100254;8039,0;7271,0;635,0;131,0;0,07898992411991541;0,016295559149147903;0,018161462868515985;0,00161711655678567;0,0018659037193680806;0,0014927229754944644;0,0008707550690384376;0,24741883318820748;0,0026122652071153126;0,000995148650329643;0,00161711655678567;0,0007463614877472322;0,002985445950988929;0,0037940042293817637;0,21918149023510386;0,39470083343699464
EC100350;5109,0;4675,0;342,0;89,0;0,06694069289489137;0,017420238794284598;0,01605010765316109;0,0007829320806420043;0,003327461342728518;0,0017615971814445098;0,0013701311411235075;0,32080642004306126;0,002935995302407516;0,0013701311411235075;0,002348796241926013;0,0009786651008025053;0,002935995302407516;0,004697592483852026;0,22626737130553926;0,3217850851438638
EC100351;1530,0;1320,0;146,0;62,0;0,09542483660130718;0,040522875816993466;0,011764705882352941;0,00065359477124183;0,0032679738562091504;0,0032679738562091504;0,00196078431372549;0,2111111111111111;0,00261437908496732;0,00065359477124183;0,00196078431372549;0,0;0,00196078431372549;0,00261437908496732;0,09019607843137255;0,5254901960784314
EC100352;6415,0;5683,0;493,0;236,0;0,07685113016367888;0,036788776305533906;0,012626656274356976;0,0004676539360872954;0,0037412314886983633;0,0010911925175370225;0,0012470771628994544;0,20950896336710834;0,005222135619641465;0,001558846453624318;0,0017147310989867497;0,001558846453624318;0,0037412314886983633;0,0020265003897116133;0,055183164458300855;0,5789555728760717
EC100353;4544,0;3795,0;606,0;142,0;0,13336267605633803;0,03125;0,012984154929577465;0,0019806338028169014;0,0022007042253521128;0,0022007042253521128;0,0015404929577464788;0,11091549295774648;0,003961267605633803;0,0019806338028169014;0,0024207746478873238;0,0024207746478873238;0,002640845070422535;0,0034110915492957744;0,20444542253521128;0,4746919014084507
EC100354;1278,0;1136,0;96,0;44,0;0,07511737089201878;0,03442879499217527;0,010954616588419406;0,001564945226917058;0,001564945226917058;0,002347417840375587;0,003129890453834116;0,27856025039123633;0,002347417840375587;0,002347417840375587;0,001564945226917058;0,0;0,003912363067292645;0,003912363067292645;0,10172143974960876;0,46870109546165883
EC100355;479,0;415,0;32,0;30,0;0,06680584551148225;0,06263048016701461;0,012526096033402923;0,0041753653444676405;0,0041753653444676405;0,0020876826722338203;0,0020876826722338203;0,27139874739039666;0,005219206680584551;0,0020876826722338203;0,0020876826722338203;0,0020876826722338203;0,0020876826722338203;0,003131524008350731;0,13569937369519833;0,4091858037578288
EC100356;5931,0;5304,0;485,0;144,0;0,0817737312426235;0,024279210925644917;0,013657056145675266;0,0011802394199966278;0,004720957679986511;0,002697690102849435;0,0025290844714213456;0,29742033383915023;0,0034564154442758388;0,0018546619457089867;0,002191873208565166;0,001686056314280897;0,002697690102849435;0,0028662957342775247;0,18023941999662788;0,37076378351036926
EC100357;1566,0;1369,0;123,0;73,0;0,07854406130268199;0,04661558109833972;0,010855683269476373;0,001277139208173691;0,0006385696040868455;0,0019157088122605363;0,0019157088122605363;0,18901660280970625;0,0028735632183908046;0,001277139208173691;0,0006385696040868455;0,001277139208173691;0,002554278416347382;0,0028735632183908046;0,14303959131545338;0,508301404853129
EC100358;525,0;482,0;25,0;18,0;0,047619047619047616;0,03428571428571429;0,017142857142857144;0,0038095238095238095;0,0019047619047619048;0,0019047619047619048;0,005714285714285714;0,26476190476190475;0,0009523809523809524;0,0019047619047619048;0,0019047619047619048;0,0;0,0038095238095238095;0,0019047619047619048;0,0380952380952381;0,5714285714285714
EC100450;15917,0;14663,0;1006,0;242,0;0,06320286486146887;0,01520387007601935;0,02154928692592825;0,0015078218257209273;0,0033297731984670478;0,000879562731670541;0,0023245586479864297;0,30238110196645096;0,0026072752403091034;0,0010680404598856568;0,0020104291009612365;0,002261732738581391;0,0033297731984670478;0,0033611861531695673;0,20688571967079222;0,36175158635421245
EC100451;4981,0;4541,0;339,0;101,0;0,06805862276651276;0,02027705280064244;0,009235093354748043;0,0006022886970487854;0,0018068660911463562;0,0008030515960650472;0,0018068660911463562;0,10218831559927725;0,0028106805862276652;0,0012045773940975708;0,0006022886970487854;0,0028106805862276652;0,0016061031921300944;0,0056213611724553305;0,3202168239309376;0,4519172856856053
EC100452;5508,0;4947,0;437,0;122,0;0,07933914306463326;0,02214960058097313;0,00944081336238199;0,001270878721859114;0,001270878721859114;0,0014524328249818446;0,0027233115468409588;0,14161220043572983;0,0042665214233841686;0,0016339869281045752;0,0009077705156136529;0,002178649237472767;0,0039941902687000725;0,002632534495279593;0,28812636165577343;0,4297385620915033
EC100453;4964,0;4564,0;326,0;74,0;0,06567284448025786;0,014907332796132152;0,014907332796132152;0,000201450443190975;0,0012087026591458502;0,0012087026591458502;0,0006043513295729251;0,16458501208702658;0,002115229653505238;0,0014101531023368251;0,0008058017727639;0,0014101531023368251;0,004230459307010476;0,0026188557614826753;0,27618855761482675;0,44319097502014504
EC100454;325,0;291,0;24,0;10,0;0,07384615384615385;0,03076923076923077;0,021538461538461538;0,0;0,0;0,0;0,0;0,2923076923076923;0,0015384615384615385;0,0;0,003076923076923077;0,0;0,003076923076923077;0,0;0,16615384615384615;0,40615384615384614
EC100455;6709,0;5953,0;619,0;137,0;0,09226412282009241;0,020420330898792666;0,00849605008197943;0,001043374571471158;0,0025339096735728125;0,0011924280816813235;0,00163958861231182;0,15307795498583993;0,004024444775674467;0,0008943210612609927;0,001341481591891489;0,0022358026531524816;0,0034282307348338053;0,0027574899388880607;0,3386495751974959;0,35921895960649874
EC100456;6140,0;5561,0;422,0;154,0;0,06872964169381107;0,0250814332247557;0,008957654723127036;0,001954397394136808;0,0021172638436482085;0,0021172638436482085;0,0017915309446254071;0,12996742671009773;0,0035830618892508143;0,0008143322475570033;0,000977198697068404;0,0029315960912052116;0,002768729641693811;0,004234527687296417;0,3674267100977199;0,3682410423452769
EC100457;8327,0;7543,0;637,0;140,0;0,07649813858532485;0,016812777711060406;0,015611865017413235;0,00036027380809415153;0,0028821904647532122;0,001321003963011889;0,0022817341179296267;0,272607181457908;0,0024018253872943435;0,0006004563468235859;0,0012009126936471718;0,0012009126936471718;0,003963011889035667;0,004143148793082743;0,1977903206436892;0,39293863336135465
EC100458;4069,0;3563,0;364,0;137,0;0,08945686900958466;0,03366920619316786;0,008355861391005161;0,001228803145736053;0,0014745637748832638;0,001966085033177685;0,0029491275497665276;0,08355861391005161;0,006512656672401081;0,0014745637748832638;0,0014745637748832638;0,002703366920619317;0,002703366920619317;0,0038092897517817644;0,28655689358564757;0,4605554190218727
EC100459;1370,0;1218,0;92,0;60,0;0,06715328467153285;0,043795620437956206;0,00948905109489051;0,00072992700729927;0,00072992700729927;0,0036496350364963502;0,00072992700729927;0,30364963503649633;0,0032846715328467154;0,0021897810218978104;0,00072992700729927;0,00072992700729927;0,0036496350364963502;0,0040145985401459855;0,059854014598540145;0,48832116788321167
EC100550;8500,0;7615,0;681,0;196,0;0,08011764705882353;0,023058823529411764;0,017294117647058824;0,00047058823529411766;0,0024705882352941176;0,000588235294117647;0,0017647058823529412;0,2994117647058824;0,003;0,0017647058823529412;0,0015294117647058824;0,0009411764705882353;0,0035294117647058825;0,0026470588235294116;0,07694117647058824;0,4778823529411765
EC100551;958,0;876,0;62,0;19,0;0,06471816283924843;0,019832985386221295;0,010438413361169102;0,0020876826722338203;0,0;0,0020876826722338203;0,0041753653444676405;0,19937369519832984;0,006263048016701462;0,003131524008350731;0,0010438413361169101;0,0010438413361169101;0,009394572025052192;0,004697286012526096;0,08350730688935282;0,5762004175365344
EC100552;1299,0;1143,0;115,0;40,0;0,08852963818321787;0,030792917628945343;0,008468052347959968;0,0;0,0023094688221709007;0,001539645881447267;0,001539645881447267;0,1424172440338722;0,0050038491147036184;0,001539645881447267;0,001539645881447267;0,0;0,003849114703618168;0,0023094688221709007;0,19091608929946113;0,5111624326404927
EC100553;800,0;739,0;42,0;21,0;0,0525;0,02625;0,02875;0,0;0,0025;0,0025;0,00375;0,16625;0,003125;0,0;0,0;0,0025;0,01125;0,004375;0,0775;0,61375
EC100650;5779,0;5245,0;403,0;126,0;0,06973524831285689;0,021803080117667416;0,02249524139124416;0,0013843225471534867;0,00207648382073023;0,0006921612735767433;0,0015573628655476727;0,28292092057449386;0,0028551652535040665;0,0017304031839418584;0,0013843225471534867;0,0008652015919709292;0,0029416854127011596;0,0023360442983215088;0,05571898252292784;0,5234469631424122
EC100651;1596,0;1367,0;184,0;44,0;0,11528822055137844;0,02756892230576441;0,022556390977443608;0,0018796992481203006;0,003132832080200501;0,0037593984962406013;0,003132832080200501;0,27631578947368424;0,0037593984962406013;0,0018796992481203006;0,003132832080200501;0,0006265664160401002;0,003132832080200501;0,003446115288220551;0,12844611528822056;0,3941102756892231
EC100652;1534,0;1312,0;135,0;87,0;0,0880052151238592;0,056714471968709254;0,01303780964797914;0,000651890482398957;0,005867014341590613;0,001303780964797914;0,003259452411994785;0,3057366362451108;0,005541069100391135;0,001955671447196871;0,001303780964797914;0,0;0,003259452411994785;0,003259452411994785;0,2242503259452412;0,2770534550195567
EC100653;1712,0;1490,0;163,0;58,0;0,09521028037383178;0,03387850467289719;0,015186915887850467;0,0;0,002336448598130841;0,0;0,002336448598130841;0,2488317757009346;0,004380841121495327;0,0011682242990654205;0,0011682242990654205;0,002336448598130841;0,005841121495327103;0,002628504672897196;0,04848130841121495;0,5286214953271028
EC100654;2270,0;1986,0;231,0;53,0;0,10176211453744494;0,023348017621145373;0,01629955947136564;0,0013215859030837004;0,007048458149779736;0,0026431718061674008;0,003964757709251102;0,23480176211453743;0,003964757709251102;0,001762114537444934;0,0;0,0004405286343612335;0,003524229074889868;0,003524229074889868;0,06211453744493392;0,5259911894273128
EC100655;1269,0;1129,0;106,0;32,0;0,08353033884948778;0,0252167060677699;0,019700551615445233;0,0;0,0031520882584712374;0,0;0,0031520882584712374;0,24428684003152087;0,001970055161544523;0,0007880220646178094;0,0007880220646178094;0,0;0,0031520882584712374;0,00512214342001576;0,06304176516942474;0,5374310480693459
EC110150;23951,0;22765,0;977,0;199,0;0,0407916162164419;0,008308630119827982;0,04955951734791867;0,000584526742098451;0,0026303703394430296;0,004008183374389378;0,002296355058243915;0,6338357479854704;0,002400734833618638;0,0010020458435973446;0,00129430921464657;0,0008350382029977872;0,003047889440941923;0,0067638094442820755;0,010145714166423113;0,22291344829025928
EC110151;937,0;849,0;59,0;28,0;0,06296691568836713;0,029882604055496264;0,03948772678762007;0,007470651013874066;0,004268943436499467;0,004268943436499467;0,0021344717182497333;0,48986125933831376;0,005869797225186766;0,0010672358591248667;0,0010672358591248667;0,0021344717182497333;0,0021344717182497333;0,005869797225186766;0,09071504802561366;0,23799359658484526
EC110152;1724,0;1525,0;144,0;55,0;0,08352668213457076;0,031902552204176336;0,037122969837587005;0,002320185614849188;0,00580046403712297;0,0017401392111368909;0,0017401392111368909;0,5846867749419954;0,006090487238979118;0,0;0,002320185614849188;0,0034802784222737818;0,0034802784222737818;0,0020301624129930394;0,08120649651972157;0,14443155452436196
EC110153;1031,0;958,0;45,0;26,0;0,04364694471387003;0,02521823472356935;0,041707080504364696;0,0009699321047526673;0,0;0,0;0,0;0,4131910766246363;0,001454898157129001;0,0;0,0019398642095053346;0,0009699321047526673;0,002909796314258002;0,002909796314258002;0,03297769156159069;0,42580019398642094
EC110154;1394,0;1204,0;120,0;70,0;0,08608321377331421;0,05021520803443329;0,024390243902439025;0,0014347202295552368;0,0028694404591104736;0,0;0,0014347202295552368;0,3299856527977044;0,007173601147776184;0,002152080344332855;0,0007173601147776184;0,0028694404591104736;0,00430416068866571;0,005021520803443328;0,09684361549497848;0,37230989956958394
EC110155;960,0;891,0;47,0;22,0;0,04895833333333333;0,022916666666666665;0,03229166666666667;0,0;0,0;0,0020833333333333333;0,0;0,6739583333333333;0,0026041666666666665;0,0;0,0010416666666666667;0,003125;0,007291666666666667;0,0010416666666666667;0,046875;0,15416666666666667
EC110156;5594,0;5021,0;402,0;171,0;0,07186271004647837;0,0305684662138005;0,04093671791204862;0,000893814801573114;0,001966392563460851;0,0023239184840900965;0,0021451555237754737;0,5341437254200929;0,003754022166607079;0,001787629603146228;0,0021451555237754737;0,0021451555237754737;0,003575259206292456;0,003754022166607079;0,018770110833035394;0,2717196996782267
EC110157;3064,0;2769,0;224,0;69,0;0,0731070496083551;0,02251958224543081;0,015339425587467363;0,0022845953002610967;0,0022845953002610967;0,0009791122715404699;0,0019582245430809398;0,25783289817232374;0,0016318537859007832;0,0006527415143603133;0,0006527415143603133;0,00293733681462141;0,0026109660574412533;0,0035900783289817234;0,4911879895561358;0,11455613577023499
EC110158;898,0;824,0;57,0;17,0;0,06347438752783964;0,01893095768374165;0,034521158129175944;0,0;0,0011135857461024498;0,0077951002227171495;0,0011135857461024498;0,5779510022271714;0,005567928730512249;0,0011135857461024498;0,0022271714922048997;0,0022271714922048997;0,0;0,007238307349665924;0,021158129175946547;0,24276169265033407
EC110159;985,0;896,0;64,0;24,0;0,0649746192893401;0,024365482233502538;0,03451776649746193;0,0;0,0020304568527918783;0,0;0,0010152284263959391;0,5248730964467005;0,0020304568527918783;0,003045685279187817;0,0;0,003045685279187817;0,0010152284263959391;0,0025380710659898475;0,05888324873096447;0,2720812182741117
EC110160;2164,0;1970,0;131,0;62,0;0,060536044362292055;0,02865064695009242;0,033271719038817;0,0018484288354898336;0,006007393715341959;0,0018484288354898336;0,0004621072088724584;0,4588724584103512;0,004158964879852125;0,0027726432532347504;0,0009242144177449168;0,003234750462107209;0,0036968576709796672;0,0020794824399260627;0,04436229205175601;0,34057301293900183
EC110161;3673,0;3368,0;215,0;87,0;0,058535257282875036;0,02368635992376804;0,031581813231690715;0,0005445140212360468;0,0002722570106180234;0,0008167710318540703;0,002450313095562211;0,4955077593248026;0,0021780560849441874;0,0005445140212360468;0,002450313095562211;0,0008167710318540703;0,004900626191124422;0,002450313095562211;0,025047644976858154;0,34277157636809147
EC110162;947,0;898,0;30,0;19,0;0,03167898627243928;0,02006335797254488;0,03167898627243928;0,0;0,0;0,0010559662090813093;0,0021119324181626186;0,6610348468848997;0,0026399155227032735;0,0;0,0021119324181626186;0,0;0,004223864836325237;0,0015839493136219642;0,007391763463569166;0,23020063357972545
EC110163;1025,0;970,0;24,0;29,0;0,023414634146341463;0,02829268292682927;0,0224390243902439;0,0;0,000975609756097561;0,0;0,001951219512195122;0,5853658536585366;0,000975609756097561;0,000975609756097561;0,001951219512195122;0,001951219512195122;0,000975609756097561;0,0024390243902439024;0,00878048780487805;0,31414634146341464
EC110250;10682,0;10057,0;459,0;160,0;0,04296948137052986;0,014978468451600824;0,04090994195843475;0,0009361542782250515;0,002434001123385134;0,0020595394120951132;0,0014042314173375772;0,5693690320164763;0,002995693690320165;0,0011233851338700617;0,001217000561692567;0,0017786931286275977;0,003651001685077701;0,005897771952817824;0,03744617112900206;0,2613742744804344
EC110251;1124,0;982,0;87,0;54,0;0,07740213523131673;0,04804270462633452;0,02402135231316726;0,006227758007117438;0,0017793594306049821;0,0035587188612099642;0,0017793594306049821;0,2615658362989324;0,005782918149466192;0,008896797153024912;0,0026690391459074734;0,005338078291814947;0,010676156583629894;0,004893238434163701;0,14145907473309607;0,38434163701067614
EC110252;1430,0;1334,0;55,0;41,0;0,038461538461538464;0,028671328671328673;0,026573426573426574;0,0013986013986013986;0,002097902097902098;0,0006993006993006993;0,002797202797202797;0,3181818181818182;0,004195804195804196;0,002097902097902098;0,0006993006993006993;0,004195804195804196;0,0;0,003146853146853147;0,025874125874125874;0,5335664335664335
EC110253;585,0;501,0;43,0;40,0;0,0735042735042735;0,06837606837606838;0,042735042735042736;0,0017094017094017094;0,0017094017094017094;0,0;0,0017094017094017094;0,39829059829059826;0,005128205128205128;0,0017094017094017094;0,005128205128205128;0,008547008547008548;0,008547008547008548;0,002564102564102564;0,03076923076923077;0,3401709401709402
EC110254;655,0;578,0;43,0;33,0;0,06564885496183206;0,050381679389312976;0,01984732824427481;0,0015267175572519084;0,007633587786259542;0,0015267175572519084;0,007633587786259542;0,2687022900763359;0,010687022900763359;0,0030534351145038168;0,0015267175572519084;0,004580152671755725;0,0030534351145038168;0,0061068702290076335;0,06564885496183206;0,46412213740458014
EC110350;17482,0;16407,0;792,0;272,0;0,045303740990733324;0,015558860542272051;0,033691797277199405;0,0011440338634023568;0,0016588491019334172;0,001430042329252946;0,0016016474087632993;0,4990847729092781;0,0028886855050909506;0,0016016474087632993;0,0019448575677840064;0,0014872440224230638;0,003031689738016245;0,0044617320672691915;0,015215650383251345;0,36191511268733556
EC110351;2119,0;1941,0;116,0;61,0;0,05474280320906088;0,02878716375648891;0,034450212364322795;0,0018876828692779614;0,0023596035865974517;0,0018876828692779614;0,002831524303916942;0,4686172722982539;0,0025955639452571967;0,002831524303916942;0,0009438414346389807;0,0009438414346389807;0,0033034450212364322;0,0033034450212364322;0,018404907975460124;0,365738555922605
EC110352;313,0;289,0;16,0;8,0;0,051118210862619806;0,025559105431309903;0,02875399361022364;0,0;0,0;0,0;0,003194888178913738;0,4728434504792332;0,006389776357827476;0,0;0,0;0,0;0,0;0,004792332268370607;0,022364217252396165;0,3738019169329074
EC110353;1263,0;1180,0;59,0;22,0;0,04671417260490895;0,01741884402216944;0,030878859857482184;0,000791765637371338;0,003167062549485352;0,00395882818685669;0,001583531274742676;0,5423594615993665;0,0027711797307996833;0,0;0,00395882818685669;0,0055423594615993665;0,0023752969121140144;0,001979414093428345;0,00870942201108472;0,32145684877276326
EC110354;346,0;321,0;18,0;7,0;0,05202312138728324;0,02023121387283237;0,057803468208092484;0,0;0,0;0,002890173410404624;0,0;0,4884393063583815;0,001445086705202312;0,002890173410404624;0,0;0,0;0,0;0,004335260115606936;0,014450867052023121;0,34971098265895956
EC110450;4851,0;4524,0;201,0;124,0;0,04143475572047001;0,025561739847454135;0,04225932797361369;0,001443001443001443;0,0026798598227169654;0,0012368583797155227;0,0020614306328592042;0,5143269428983714;0,0020614306328592042;0,0035044320758606472;0,0012368583797155227;0,0026798598227169654;0,001443001443001443;0,001958359101216244;0,006802721088435374;0,3448773448773449
EC110451;818,0;760,0;23,0;35,0;0,028117359413202935;0,042787286063569685;0,02567237163814181;0,0012224938875305623;0,0024449877750611247;0,0012224938875305623;0,0;0,32396088019559904;0,0006112469437652812;0,0;0,0024449877750611247;0,0024449877750611247;0,004889975550122249;0,0006112469437652812;0,009779951100244499;0,5525672371638142
EC110455;1834,0;1656,0;115,0;62,0;0,06270447110141766;0,03380588876772083;0,03489640130861505;0,0010905125408942203;0,0010905125408942203;0,0;0,0016357688113413304;0,31297709923664124;0,0027262813522355507;0,0027262813522355507;0,003816793893129771;0,0005452562704471102;0,0027262813522355507;0,0010905125408942203;0,006543075245365322;0,5272628135223555
EC110456;1644,0;1523,0;71,0;51,0;0,04318734793187348;0,03102189781021898;0,023722627737226276;0,0012165450121654502;0,0012165450121654502;0,0006082725060827251;0,0;0,354014598540146;0,004562043795620438;0,0006082725060827251;0,0;0,004866180048661801;0,004257907542579075;0,0012165450121654502;0,005474452554744526;0,5188564476885644
EC110457;428,0;403,0;13,0;13,0;0,030373831775700934;0,030373831775700934;0,03271028037383177;0,002336448598130841;0,002336448598130841;0,0;0,0;0,3341121495327103;0,0011682242990654205;0,0;0,0;0,007009345794392523;0,0;0,0;0,011682242990654205;0,5490654205607477
EC110550;3040,0;2819,0;139,0;81,0;0,04572368421052632;0,026644736842105263;0,024342105263157894;0,0006578947368421052;0,002631578947368421;0,001644736842105263;0,001644736842105263;0,48717105263157895;0,004769736842105263;0,003618421052631579;0,0006578947368421052;0,001644736842105263;0,006907894736842105;0,0021381578947368422;0,017763157894736842;0,3648026315789474
EC110551;916,0;843,0;52,0;21,0;0,056768558951965066;0,02292576419213974;0,027292576419213975;0,001091703056768559;0,0032751091703056767;0,002183406113537118;0,0032751091703056767;0,38318777292576417;0,006004366812227074;0,001091703056768559;0,001091703056768559;0,0;0,002183406113537118;0,0016375545851528383;0,004366812227074236;0,4759825327510917
EC110552;444,0;402,0;24,0;18,0;0,05405405405405406;0,04054054054054054;0,018018018018018018;0,0;0,0045045045045045045;0,0022522522522522522;0,0022522522522522522;0,4864864864864865;0,0045045045045045045;0,0;0,0022522522522522522;0,0;0,0045045045045045045;0,007882882882882882;0,013513513513513514;0,34684684684684686
EC110553;841,0;772,0;47,0;22,0;0,0558858501783591;0,026159334126040427;0,041617122473246136;0,0011890606420927466;0,0023781212841854932;0,0023781212841854932;0,0;0,27586206896551724;0,0023781212841854932;0,0011890606420927466;0,0;0,0011890606420927466;0,005945303210463734;0,0023781212841854932;0,026159334126040427;0,5505350772889417
EC110554;433,0;400,0;20,0;13,0;0,046189376443418015;0,03002309468822171;0,06004618937644342;0,0023094688221709007;0,0023094688221709007;0,0;0,0023094688221709007;0,45958429561200925;0,006928406466512702;0,0023094688221709007;0,0;0,011547344110854504;0,0;0,0011547344110854503;0,020785219399538105;0,3464203233256351
EC110650;3228,0;2978,0;171,0;77,0;0,05297397769516728;0,02385377942998761;0,04399008674101611;0,0009293680297397769;0,0021685254027261464;0,0006195786864931846;0,0006195786864931846;0,3271375464684015;0,0034076827757125155;0,0021685254027261464;0,0015489467162329617;0,0012391573729863693;0,0021685254027261464;0,0032527881040892194;0,02509293680297398;0,501548946716233
EC110651;1266,0;1174,0;60,0;32,0;0,04739336492890995;0,02527646129541864;0,018957345971563982;0,0007898894154818325;0,001579778830963665;0,002369668246445498;0,0;0,25829383886255924;0,001184834123222749;0,0039494470774091624;0,0007898894154818325;0,005529225908372828;0,005529225908372828;0,001184834123222749;0,020537124802527645;0,6042654028436019
EC110652;1276,0;1150,0;74,0;52,0;0,05799373040752351;0,04075235109717868;0,0438871473354232;0,0023510971786833857;0,006269592476489028;0,003918495297805642;0,004702194357366771;0,3236677115987461;0,003918495297805642;0,003134796238244514;0,0023510971786833857;0,004702194357366771;0,003918495297805642;0,004702194357366771;0,03761755485893417;0,44749216300940436
EC110653;1156,0;1063,0;58,0;34,0;0,050173010380622836;0,029411764705882353;0,020761245674740483;0,0;0,0025951557093425604;0,0008650519031141869;0,0025951557093425604;0,1782006920415225;0,0017301038062283738;0,0008650519031141869;0,0025951557093425604;0,0034602076124567475;0,0034602076124567475;0,00043252595155709344;0,031141868512110725;0,6686851211072664
EC110654;1212,0;1076,0;55,0;82,0;0,04537953795379538;0,06765676567656766;0,015676567656765675;0,0;0,0033003300330033004;0,0016501650165016502;0,0;0,43481848184818483;0,0028877887788778876;0,0049504950495049506;0,0008250825082508251;0,004125412541254125;0,0008250825082508251;0,0012376237623762376;0,02145214521452145;0,3919141914191419
EC110655;1124,0;1040,0;48,0;35,0;0,042704626334519574;0,03113879003558719;0,016903914590747332;0,0;0,0017793594306049821;0,0;0,0;0,20106761565836298;0,013790035587188613;0,0008896797153024911;0,0008896797153024911;0,0008896797153024911;0,0026690391459074734;0,0013345195729537367;0,01601423487544484;0,6539145907473309
EC110656;613,0;554,0;38,0;21,0;0,06199021207177814;0,03425774877650897;0,01957585644371941;0,0032626427406199023;0,0065252854812398045;0,0016313213703099511;0,004893964110929853;0,2805872756933116;0,00734094616639478;0,0032626427406199023;0,0;0,0032626427406199023;0,0032626427406199023;0,0024469820554649264;0,013050570962479609;0,5448613376835236
EC110750;2572,0;2431,0;94,0;43,0;0,03654743390357698;0,01671850699844479;0,05909797822706065;0,0007776049766718507;0,0023328149300155523;0,005443234836702955;0,0;0,5808709175738724;0,0027216174183514776;0,0023328149300155523;0,0019440124416796269;0,0011664074650077762;0,0027216174183514776;0,004665629860031105;0,013219284603421462;0,26049766718507
EC110751;1612,0;1488,0;67,0;55,0;0,04156327543424317;0,034119106699751864;0,05831265508684864;0,0012406947890818859;0,0024813895781637717;0,0006203473945409429;0,0018610421836228288;0,43982630272952855;0,004652605459057072;0,0024813895781637717;0,0024813895781637717;0,0006203473945409429;0,0037220843672456576;0,004652605459057072;0,024193548387096774;0,36662531017369726
EC110753;2626,0;2393,0;169,0;64,0;0,06435643564356436;0,024371667936024372;0,039223153084539226;0,003427265803503427;0,0015232292460015233;0,001904036557501904;0,0015232292460015233;0,3964204112718964;0,005521706016755522;0,00456968773800457;0,003427265803503427;0,0015232292460015233;0,004188880426504189;0,004379284082254379;0,025894897182025894;0,40784463061690784
EC110754;733,0;673,0;33,0;27,0;0,045020463847203276;0,036834924965893585;0,034106412005457026;0,0;0,002728512960436562;0,0;0,0;0,607094133697135;0,0020463847203274215;0,002728512960436562;0,002728512960436562;0,004092769440654843;0,002728512960436562;0,0047748976807639835;0,020463847203274217;0,22783083219645292
EC110756;1220,0;1110,0;74,0;36,0;0,060655737704918035;0,029508196721311476;0,040983606557377046;0,002459016393442623;0,002459016393442623;0,003278688524590164;0,005737704918032787;0,49098360655737705;0,005327868852459016;0,002459016393442623;0,001639344262295082;0,001639344262295082;0,007377049180327869;0,004098360655737705;0,01557377049180328;0,3163934426229508
EC110850;9199,0;8647,0;382,0;164,0;0,04152625285357104;0,01782802478530275;0,020980541363191652;0,00097836721382759;0,002174149364061311;0,0014131970866398521;0,0047831286009348845;0,5232090444613545;0,002717686705076639;0,0008696597456245244;0,0008696597456245244;0,0016306120230459833;0,003369931514295032;0,0026089792368735733;0,007609522774214589;0,361452331775193
EC110851;577,0;536,0;24,0;17,0;0,0415944540727903;0,029462738301559793;0,0415944540727903;0,0;0,0;0,0017331022530329288;0,005199306759098787;0,37261698440207974;0,0034662045060658577;0,0;0,0;0,005199306759098787;0,0034662045060658577;0,005199306759098787;0,024263431542461005;0,45753899480069327
EC110852;709,0;656,0;25,0;28,0;0,03526093088857546;0,039492242595204514;0,015514809590973202;0,0028208744710860366;0,005641748942172073;0,0028208744710860366;0,004231311706629055;0,6375176304654443;0,003526093088857546;0,004231311706629055;0,0028208744710860366;0,004231311706629055;0,0028208744710860366;0,0028208744710860366;0,019746121297602257;0,21015514809590974
EC110853;447,0;409,0;21,0;17,0;0,04697986577181208;0,03803131991051454;0,024608501118568233;0,0022371364653243847;0,0;0,0;0,0044742729306487695;0,4899328859060403;0,0011185682326621924;0,0022371364653243847;0,0044742729306487695;0,0022371364653243847;0,0;0,0;0,0;0,3825503355704698
EC110950;8990,0;8299,0;486,0;203,0;0,054060066740823136;0,02258064516129032;0,05261401557285873;0,0012235817575083426;0,0028921023359288096;0,0026696329254727474;0,0025583982202447165;0,49410456062291436;0,003503893214682981;0,001557285873192436;0,0017797552836484984;0,003559510567296997;0,0026696329254727474;0,0038375973303670747;0,015906562847608455;0,32691879866518353
EC110951;713,0;625,0;60,0;28,0;0,08415147265077139;0,03927068723702665;0,05329593267882188;0,0;0,002805049088359046;0,001402524544179523;0,0;0,4067321178120617;0,004207573632538569;0,002805049088359046;0,0;0,004207573632538569;0,002805049088359046;0,002805049088359046;0,025245441795231416;0,3632538569424965
EC110952;1114,0;1021,0;54,0;39,0;0,04847396768402154;0,03500897666068223;0,03500897666068223;0,0008976660682226212;0,004488330341113106;0,0026929982046678637;0,003590664272890485;0,36804308797127466;0,0058348294434470375;0,004488330341113106;0,0;0,005385996409335727;0,004488330341113106;0,0026929982046678637;0,025134649910233394;0,4452423698384201
EC110954;1126,0;1033,0;54,0;37,0;0,047957371225577264;0,03285968028419183;0,05328596802841918;0,0026642984014209592;0,004440497335701598;0,0026642984014209592;0,0026642984014209592;0,3481349911190053;0,003996447602131439;0,0026642984014209592;0,0026642984014209592;0,007104795737122558;0,0017761989342806395;0,002220248667850799;0,016873889875666074;0,46003552397868563
EC110956;1141,0;1057,0;45,0;38,0;0,03943908851884312;0,033304119193689745;0,028921998247151623;0,0;0,0035056967572304996;0,0017528483786152498;0,0008764241893076249;0,2813321647677476;0,00043821209465381246;0,0017528483786152498;0,0017528483786152498;0,0017528483786152498;0,006134969325153374;0,0026292725679228747;0,014899211218229623;0,5775635407537248
EC110957;537,0;499,0;29,0;9,0;0,054003724394785846;0,01675977653631285;0,048417132216014895;0,0;0,0074487895716946;0,00186219739292365;0,00186219739292365;0,4264432029795158;0,000931098696461825;0,0037243947858473;0,00186219739292365;0,0;0,0;0,00186219739292365;0,020484171322160148;0,41154562383612664
EC110958;813,0;720,0;59,0;33,0;0,07257072570725707;0,04059040590405904;0,02214022140221402;0,0036900369003690036;0,0024600246002460025;0,0024600246002460025;0,0024600246002460025;0,33948339483394835;0,0036900369003690036;0,0012300123001230013;0,0;0,008610086100861008;0,0012300123001230013;0,0018450184501845018;0,004920049200492005;0,4858548585485855
EC110959;742,0;664,0;59,0;21,0;0,07951482479784366;0,02830188679245283;0,03773584905660377;0,0;0,0;0,0013477088948787063;0,006738544474393531;0,38544474393531;0,0047169811320754715;0,0026954177897574125;0,0013477088948787063;0,005390835579514825;0,0013477088948787063;0,0013477088948787063;0,018867924528301886;0,42183288409703507
EC111050;6935,0;6402,0;349,0;185,0;0,05032444124008652;0,026676279740447006;0,025666906993511176;0,00028839221341023794;0,0021629416005767843;0,0011535688536409518;0,0010093727469358328;0,36308579668348956;0,0028118240807498197;0,0014419610670511895;0,0010093727469358328;0,0010093727469358328;0,0017303532804614275;0,002956020187454939;0,009084354722422494;0,5039653929343908
EC111051;865,0;781,0;43,0;38,0;0,04971098265895954;0,04393063583815029;0,017341040462427744;0,0011560693641618498;0,0011560693641618498;0,0;0,003468208092485549;0,2878612716763006;0,004046242774566474;0,003468208092485549;0,0;0,0;0,003468208092485549;0,0023121387283236996;0,017341040462427744;0,5549132947976878
EC111052;615,0;547,0;32,0;36,0;0,05203252032520325;0,05853658536585366;0,014634146341463415;0,0;0,0065040650406504065;0,0;0,0;0,33983739837398375;0,0040650406504065045;0,0;0,0;0,008130081300813009;0,0065040650406504065;0,0016260162601626016;0,016260162601626018;0,4861788617886179
EC111053;1604,0;1465,0;75,0;63,0;0,046758104738154616;0,03927680798004988;0,012468827930174564;0,0;0,0012468827930174563;0,0006234413965087282;0,0018703241895261845;0,1596009975062344;0,004987531172069825;0,0006234413965087282;0,0012468827930174563;0,003117206982543641;0,003740648379052369;0,0012468827930174563;0,00997506234413965;0,706359102244389
EC111054;987,0;919,0;42,0;25,0;0,0425531914893617;0,025329280648429583;0,029381965552178316;0,0010131712259371835;0,00303951367781155;0,002026342451874367;0,0010131712259371835;0,41033434650455924;0,002026342451874367;0,00303951367781155;0,0010131712259371835;0,0;0,002026342451874367;0,001519756838905775;0,010131712259371834;0,46099290780141844
EC111055;830,0;711,0;80,0;39,0;0,0963855421686747;0,046987951807228916;0,018072289156626505;0,0;0,0024096385542168677;0,0012048192771084338;0,0;0,37710843373493974;0,006626506024096385;0,0036144578313253013;0,0;0,0012048192771084338;0,0012048192771084338;0,0036144578313253013;0,006024096385542169;0,42530120481927713
EC111150;6862,0;6378,0;355,0;127,0;0,05173418828329933;0,018507723695715534;0,024919848440687845;0,0010201107548819587;0,002185951617604197;0,0011658408627222385;0,0011658408627222385;0,3439230545030603;0,0016758962401632177;0,000728650539201399;0,0010201107548819587;0,0013115709705625181;0,0013115709705625181;0,003934712911687554;0,3443602448265812;0,19513261439813465
EC111151;1760,0;1429,0;229,0;100,0;0,13011363636363638;0,056818181818181816;0,014204545454545454;0,0017045454545454545;0,004545454545454545;0,0022727272727272726;0,005113636363636364;0,22386363636363638;0,007386363636363636;0,004545454545454545;0,002840909090909091;0,003409090909090909;0,003409090909090909;0,005113636363636364;0,26704545454545453;0,2539772727272727
EC111152;581,0;506,0;52,0;23,0;0,08950086058519793;0,039586919104991396;0,027538726333907058;0,0;0,0;0,0034423407917383822;0,0034423407917383822;0,3993115318416523;0,004302925989672977;0,0017211703958691911;0,0017211703958691911;0,0;0,012048192771084338;0,0051635111876075735;0,08261617900172118;0,32013769363166955
EC111153;949,0;816,0;83,0;50,0;0,0874604847207587;0,05268703898840885;0,0136986301369863;0,0;0,003161222339304531;0,002107481559536354;0,003161222339304531;0,30979978925184404;0,007376185458377239;0,002107481559536354;0,001053740779768177;0,003161222339304531;0,005268703898840885;0,004214963119072708;0,11696522655426765;0,3761854583772392
EC111154;1844,0;1677,0;117,0;49,0;0,06344902386117136;0,026572668112798264;0,02928416485900217;0,0016268980477223427;0,0032537960954446853;0,0021691973969631237;0,0027114967462039045;0,43546637744034705;0,006236442516268981;0,0021691973969631237;0,0;0,0027114967462039045;0,004338394793926247;0,002982646420824295;0,04934924078091106;0,3579175704989154
EC111155;828,0;740,0;58,0;30,0;0,07004830917874397;0,036231884057971016;0,043478260869565216;0,0012077294685990338;0,004830917874396135;0,0024154589371980675;0,0012077294685990338;0,43478260869565216;0,0024154589371980675;0,0012077294685990338;0,0012077294685990338;0,0024154589371980675;0,0;0,005434782608695652;0,06280193236714976;0,322463768115942
EC111156;2002,0;1781,0;159,0;63,0;0,07942057942057942;0,03146853146853147;0,016983016983016984;0,0014985014985014985;0,002997002997002997;0,002997002997002997;0,001998001998001998;0,3091908091908092;0,0024975024975024975;0,001998001998001998;0,000999000999000999;0,0014985014985014985;0,001998001998001998;0,003246753246753247;0,3661338661338661;0,16983016983016982
EC111157;709,0;649,0;47,0;13,0;0,06629055007052186;0,018335684062059238;0,019746121297602257;0,0;0,004231311706629055;0,0014104372355430183;0,004231311706629055;0,3723554301833568;0,0021156558533145277;0,004231311706629055;0,0;0,0;0,0;0,0021156558533145277;0,04231311706629055;0,45839210155148097
EC111158;1245,0;1118,0;78,0;47,0;0,06265060240963856;0,03775100401606426;0,016867469879518072;0,001606425702811245;0,00321285140562249;0,0008032128514056225;0,0024096385542168677;0,36224899598393573;0,008835341365461847;0,0008032128514056225;0,0008032128514056225;0,0008032128514056225;0,00321285140562249;0,00321285140562249;0,1429718875502008;0,3381526104417671
EC111159;2630,0;2301,0;191,0;138,0;0,0726235741444867;0,05247148288973384;0,018250950570342206;0,001520912547528517;0,0022813688212927757;0,0019011406844106464;0,001520912547528517;0,2855513307984791;0,004372623574144487;0,0011406844106463879;0,0019011406844106464;0,002661596958174905;0,0038022813688212928;0,002091254752851711;0,16007604562737643;0,38136882129277566
EC111160;797,0;698,0;68,0;31,0;0,08531994981179424;0,03889585947302384;0,01631116687578419;0,0012547051442910915;0,0037641154328732747;0,0;0,005018820577164366;0,3074027603513174;0,006273525721455458;0,0037641154328732747;0,0012547051442910915;0,002509410288582183;0,0037641154328732747;0,00439146800501882;0,08155583437892096;0,42785445420326224
EC111250;1980,0;1843,0;74,0;62,0;0,03737373737373737;0,031313131313131314;0,03737373737373737;0,0035353535353535356;0,0025252525252525255;0,0030303030303030303;0,0035353535353535356;0,45252525252525255;0,0030303030303030303;0,006060606060606061;0,0035353535353535356;0,00202020202020202;0,00202020202020202;0,004545454545454545;0,025757575757575757;0,37373737373737376
EC111251;625,0;578,0;25,0;20,0;0,04;0,032;0,0176;0,0;0,0032;0,0032;0,0064;0,4816;0,0048;0,0016;0,0048;0,0032;0,0016;0,0056;0,016;0,3648
EC111252;1517,0;1386,0;84,0;46,0;0,055372445616348055;0,03032300593276203;0,02900461437046803;0,0013183915622940012;0,004614370468029005;0,0026367831245880024;0,0013183915622940012;0,5253790375741595;0,0016479894528675016;0,0013183915622940012;0,0013183915622940012;0,0026367831245880024;0,003955174686882004;0,004614370468029005;0,01911667765326302;0,3085036255767963
EC111350;3707,0;3492,0;95,0;117,0;0,025627191799298624;0,03156190990018883;0,02185055300782304;0,0002697599136768276;0,0005395198273536552;0,0008092797410304828;0,002158079309414621;0,4931211222012409;0,003911518748314;0,002158079309414621;0,0005395198273536552;0,0018883193957377933;0,002697599136768276;0,002023199352576207;0,006474237928243863;0,39762611275964393
EC111351;578,0;555,0;11,0;12,0;0,01903114186851211;0,020761245674740483;0,006920415224913495;0,0;0,0;0,0;0,0;0,28027681660899656;0,0;0,0;0,0;0,0017301038062283738;0,0017301038062283738;0,0008650519031141869;0,0;0,6678200692041523
EC111352;1079,0;1012,0;33,0;33,0;0,030583873957367932;0,030583873957367932;0,019462465245597776;0,0027803521779425394;0,0009267840593141798;0,0009267840593141798;0,0027803521779425394;0,33086190917516217;0,004170528266913809;0,0009267840593141798;0,0009267840593141798;0,0018535681186283596;0,0009267840593141798;0,0009267840593141798;0,009267840593141797;0,5560704355885079
EC111353;962,0;872,0;33,0;57,0;0,034303534303534305;0,059251559251559255;0,031185031185031187;0,0;0,0031185031185031187;0,0010395010395010396;0,0031185031185031187;0,4365904365904366;0,009875259875259876;0,002079002079002079;0,004158004158004158;0,006237006237006237;0,004158004158004158;0,0;0,010395010395010396;0,38461538461538464
EC111354;1916,0;1743,0;82,0;91,0;0,04279749478079332;0,04749478079331942;0,0255741127348643;0,0;0,0015657620041753654;0,0;0,0015657620041753654;0,3209812108559499;0,0033924843423799585;0,0020876826722338203;0,0005219206680584551;0,0015657620041753654;0,0020876826722338203;0,0013048016701461378;0,0036534446764091857;0,5407098121085595
EC111355;614,0;535,0;40,0;40,0;0,06514657980456026;0,06514657980456026;0,003257328990228013;0,0;0,003257328990228013;0,0;0,0016286644951140066;0,249185667752443;0,0024429967426710096;0,0016286644951140066;0,0;0,0;0,0016286644951140066;0,0016286644951140066;0,009771986970684038;0,5928338762214984
EC111356;345,0;321,0;8,0;16,0;0,02318840579710145;0,0463768115942029;0,005797101449275362;0,002898550724637681;0,0;0,0;0,005797101449275362;0,35942028985507246;0,0;0,0;0,002898550724637681;0,0;0,002898550724637681;0,0;0,011594202898550725;0,5391304347826087
EC111450;3553,0;3345,0;137,0;68,0;0,03855896425555868;0,019138755980861243;0,015479876160990712;0,0;0,001125809175344779;0,0008443568815085843;0,0;0,3754573599774838;0,00267379679144385;0,001125809175344779;0,001125809175344779;0,001125809175344779;0,0016887137630171687;0,0015479876160990713;0,0030959752321981426;0,5319448353504082
EC111451;871,0;770,0;50,0;51,0;0,0574052812858783;0,05855338691159587;0,030998851894374284;0,001148105625717566;0,003444316877152698;0,0;0,001148105625717566;0,3467278989667049;0,006314580941446613;0,003444316877152698;0,0;0,001148105625717566;0,001148105625717566;0,0;0,008036739380022962;0,47416762342135477
EC111452;1254,0;1135,0;50,0;69,0;0,03987240829346093;0,05502392344497608;0,014354066985645933;0,0007974481658692185;0,001594896331738437;0,0007974481658692185;0,0007974481658692185;0,2567783094098884;0,003189792663476874;0,0023923444976076554;0,003189792663476874;0,0007974481658692185;0,0023923444976076554;0,001993620414673046;0,007974481658692184;0,6028708133971292
EC111453;1419,0;1296,0;46,0;75,0;0,03241719520789288;0,052854122621564484;0,017618040873854827;0,0;0,0;0,0007047216349541931;0,0014094432699083862;0,21916842847075405;0,0028188865398167725;0,0007047216349541931;0,0007047216349541931;0,0028188865398167725;0,0014094432699083862;0,0010570824524312897;0,004933051444679351;0,6560958421423537
EC111550;2114,0;1967,0;83,0;63,0;0,03926206244087039;0,029801324503311258;0,05203405865657521;0,0014191106906338694;0,0023651844843897824;0,0004730368968779565;0,0023651844843897824;0,5378429517502366;0,0023651844843897824;0,0033112582781456954;0,0004730368968779565;0,0033112582781456954;0,000946073793755913;0,002838221381267739;0,010879848628192999;0,304635761589404
EC111551;329,0;315,0;11,0;3,0;0,03343465045592705;0,00911854103343465;0,03343465045592705;0,0;0,0;0,0;0,0;0,6808510638297872;0,0060790273556231;0,0;0,00303951367781155;0,00303951367781155;0,0;0,004559270516717325;0,00911854103343465;0,2066869300911854
EC111552;759,0;704,0;27,0;28,0;0,03557312252964427;0,03689064558629776;0,06455862977602109;0,0;0,003952569169960474;0,0013175230566534915;0,0013175230566534915;0,38603425559947296;0,005928853754940711;0,0;0,0013175230566534915;0,005270092226613966;0,003952569169960474;0,003952569169960474;0,013175230566534914;0,4268774703557312
EC111650;3104,0;2854,0;167,0;80,0;0,05380154639175258;0,02577319587628866;0,03414948453608247;0,0009664948453608248;0,004188144329896907;0,0006443298969072165;0,0028994845360824743;0,5161082474226805;0,005315721649484536;0,0009664948453608248;0,0016108247422680412;0,005154639175257732;0,003865979381443299;0,0043492268041237115;0,024806701030927834;0,30476804123711343
EC111651;542,0;488,0;36,0;18,0;0,06642066420664207;0,033210332103321034;0,04797047970479705;0,005535055350553505;0,007380073800738007;0,0018450184501845018;0,0018450184501845018;0,477859778597786;0,006457564575645757;0,0;0,0;0,0018450184501845018;0,0036900369003690036;0,0018450184501845018;0,012915129151291513;0,32287822878228783
EC120150;50625,0;45135,0;4272,0;1192,0;0,08438518518518519;0,02354567901234568;0,016355555555555557;0,0008296296296296296;0,0037728395061728394;0,0014419753086419753;0,0008098765432098766;0,4699259259259259;0,008553086419753086;0,0012246913580246915;0,001817283950617284;0,0007506172839506173;0,0020938271604938274;0,002765432098765432;0,005728395061728395;0,3641679012345679
EC120152;4416,0;3540,0;487,0;379,0;0,11028079710144928;0,08582427536231885;0,006567028985507246;0,0009057971014492754;0,0018115942028985507;0,0006793478260869565;0,0018115942028985507;0,20720108695652173;0,012341485507246376;0,0020380434782608695;0,001585144927536232;0,0020380434782608695;0,0022644927536231885;0,0014719202898550725;0,0033967391304347825;0,5437047101449275
EC120153;12593,0;10584,0;1362,0;646,0;0,10815532438656396;0,05129834034781228;0,013737790836178829;0,000873501151433336;0,0030969586278091;0,0022234574763757642;0,0016675931072818232;0,26657666957833714;0,011633447153180338;0,001429365520527277;0,001747002302866672;0,001429365520527277;0,0030969586278091;0,0012705471293575797;0,010084967839275788;0,508695306916541
EC120154;11504,0;9580,0;1134,0;782,0;0,09857440890125174;0,06797635605006955;0,008692628650904033;0,0013908205841446453;0,0032162726008344925;0,001564673157162726;0,0006084840055632823;0,1717663421418637;0,010865785813630041;0,0030424200278164116;0,001999304589707928;0,001825452016689847;0,003390125173852573;0,0021296940194714883;0,004954798331015299;0,6043115438108484
EC120155;9714,0;8448,0;848,0;418,0;0,08729668519662342;0,04303067737286391;0,008338480543545398;0,0010294420424130121;0,001441218859378217;0,0016471072678608193;0,0009264978381717109;0,3885114268066708;0,009162034177475808;0,0024706609017912293;0,0011323862466543133;0,0010294420424130121;0,0024706609017912293;0,0013382746551369158;0,0030883261272390363;0,43658637018735846
EC120250;19206,0;16081,0;1889,0;1233,0;0,09835468082890764;0,06419868791002811;0,011558887847547642;0,000781005935645111;0,0031760908049567843;0,0012496094970321774;0,001509944808913881;0,20066645839841715;0,009840674789128397;0,002655420181193377;0,0021868166198063107;0,00213474955742997;0,0032802249297094657;0,002238883682182651;0,0039050296782255547;0,5800270748724357
EC120251;5962,0;4803,0;684,0;467,0;0,11472660181147266;0,07832941965783294;0,012579671251257966;0,0015095605501509561;0,0038577658503857765;0,0013418316001341832;0,0018450184501845018;0,20999664542099966;0,010231465951023146;0,0025159342502515934;0,0026836632002683663;0,0025159342502515934;0,0036900369003690036;0,002096611875209661;0,005367326400536733;0,5330426031533042
EC120252;6193,0;4847,0;853,0;491,0;0,13773615372194414;0,07928306152107217;0,008880994671403197;0,0022606168254480866;0,0017761989342806395;0,0017761989342806395;0,0014532536735023414;0,28338446633295655;0,010818666236072985;0,0024220894558372357;0,0016147263038914905;0,0024220894558372357;0,003067979977393832;0,0019376715646697885;0,005813014694009366;0,4422735346358792
EC120350;18430,0;16653,0;1258,0;519,0;0,06825827455236028;0,028160607704829085;0,015680954964731417;0,000759631036353771;0,002984264785675529;0,0013022246337493217;0,001519262072707542;0,46625067824199673;0,00583288117200217;0,002061855670103093;0,001573521432447097;0,0010309278350515464;0,0033098209441128593;0,003445469343461747;0,014378730330982095;0,37417254476397177
EC120351;1119,0;1035,0;61,0;23,0;0,05451295799821269;0,020554066130473638;0,012511170688114389;0,0017873100983020554;0,0017873100983020554;0,0008936550491510277;0,002680965147453083;0,5942806076854334;0,004468275245755138;0,0008936550491510277;0,0;0,0;0,0035746201966041107;0,002680965147453083;0,041108132260947276;0,2511170688114388
EC120450;11578,0;9912,0;1047,0;609,0;0,09043012610122646;0,05259975816203144;0,012178269131110727;0,0009500777336327518;0,002245638279495595;0,0016410433580929349;0,0016410433580929349;0,3744169977543617;0,010321299015373986;0,012696493349455865;0,0016410433580929349;0,002072896873380549;0,002072896873380549;0,002116082224909311;0,008464328899637243;0,4112109172568665
EC120451;4303,0;3606,0;479,0;219,0;0,11131768533581222;0,05089472461073669;0,016500116198001395;0,0023239600278875203;0,0023239600278875203;0,0018591680223100163;0,0009295840111550081;0,2581919590983035;0,010806414129676969;0,0023239600278875203;0,0034859400418312805;0,0027887520334650244;0,0013943760167325122;0,0019753660237043923;0,043225656518707876;0,4771089937253079
EC120452;14640,0;12181,0;1543,0;911,0;0,10539617486338798;0,062226775956284154;0,010860655737704918;0,0010245901639344263;0,0028688524590163933;0,0009562841530054645;0,0011612021857923497;0,3336065573770492;0,009016393442622951;0,002185792349726776;0,003005464480874317;0,0023907103825136613;0,002800546448087432;0,0023565573770491805;0,005191256830601093;0,44323770491803277
EC120550;12228,0;10934,0;971,0;324,0;0,07940791625776905;0,02649656526005888;0,01333006215243703;0,0008995747464834805;0,001962708537782139;0,0010631337912986587;0,0008995747464834805;0,2560516846581616;0,006133464180569185;0,0012266928361138372;0,0006542361792607131;0,002289826627412496;0,0021262675825973174;0,0026169447170428526;0,005561007523716062;0,5906117108276088
EC120553;9605,0;8343,0;878,0;385,0;0,09141072358146798;0,0400832899531494;0,011972930765226444;0,0011452368558042686;0,002706923477355544;0,0021863612701717855;0,0012493492972410203;0,25434669442998437;0,007287870900572618;0,0031233732431025507;0,0014575741801145237;0,0015616866215512754;0,003331598125976054;0,002030192608016658;0,0065590838105153565;0,5603331598125976
EC120555;3970,0;3413,0;419,0;135,0;0,10554156171284634;0,03400503778337532;0,01057934508816121;0,0012594458438287153;0,0025188916876574307;0,0015113350125944584;0,0007556675062972292;0,22367758186397985;0,006297229219143577;0,0017632241813602015;0,0007556675062972292;0,0007556675062972292;0,0025188916876574307;0,0020151133501259445;0,0055415617128463475;0,5914357682619648
EC120650;9516,0;8238,0;777,0;501,0;0,08165195460277427;0,05264817150063052;0,01366120218579235;0,0009457755359394704;0,003257671290458176;0,0018915510718789407;0,0014712063892391761;0,3547709121479613;0,00730348886086591;0,0017864649012189996;0,0010508617065994115;0,002101723413198823;0,0023118957545187053;0,0015762925598991173;0,003572929802437999;0,46111811685582177
EC120651;14652,0;12547,0;1482,0;620,0;0,10114660114660115;0,042315042315042316;0,012558012558012558;0,0012285012285012285;0,002388752388752389;0,0012967512967512968;0,0021157521157521156;0,33974883974883974;0,007848757848757848;0,001638001638001638;0,002184002184002184;0,002388752388752389;0,0017745017745017745;0,0022863772863772865;0,006756756756756757;0,46198471198471197
EC120750;41071,0;35994,0;3573,0;1478,0;0,08699569038981277;0,03598646246743444;0,015193202016021036;0,001120011687078474;0,002313067614618587;0,001290448248155633;0,0009252270458474349;0,3673881814418933;0,006744418202624723;0,004796571790314333;0,003286990820773782;0,0037009081833897397;0,0025078522558496263;0,0028487253780039444;0,011687078473862337;0,4429889703196903
EC120752;6429,0;5635,0;581,0;212,0;0,09037175299424482;0,03297557940581739;0,01664333488878519;0,0013999066728884741;0,0032664489034064394;0,0007777259293824856;0,0015554518587649713;0,2813812412505833;0,009099393373775081;0,0020220874163944624;0,0021776326022709598;0,0018665422305179655;0,002955358531653445;0,0023331777881474567;0,018043241561673667;0,5215430082438949
EC120753;1390,0;1179,0;120,0;89,0;0,08633093525179857;0,06402877697841726;0,015107913669064749;0,0014388489208633094;0,006474820143884892;0,0014388489208633094;0,0;0,3834532374100719;0,005035971223021582;0,0014388489208633094;0,0035971223021582736;0,002158273381294964;0,0035971223021582736;0,003237410071942446;0,020863309352517987;0,3920863309352518
EC120754;1411,0;1238,0;115,0;57,0;0,0815024805102764;0,040396881644223954;0,013465627214741318;0,0007087172218284905;0,0063784549964564135;0,003543586109142452;0,002834868887313962;0,29836995038979447;0,011693834160170093;0,001417434443656981;0,0007087172218284905;0,002834868887313962;0,002834868887313962;0,0024805102763997165;0,022678951098511695;0,49326718639262934
EC120850;51179,0;44066,0;4720,0;2351,0;0,09222532679419293;0,04593681001973466;0,014771683698391918;0,0008401883585064186;0,0038883135661111003;0,001621758924558901;0,0016412981887102133;0,31936927255319564;0,00782547529260048;0,0020125442075851424;0,002188397584946951;0,0014263662830457805;0,0023837902264600714;0,0033216749057230505;0,004611266339709647;0,48396803376384845
EC120851;6940,0;5729,0;773,0;431,0;0,11138328530259366;0,062103746397694524;0,015417867435158501;0,001440922190201729;0,004899135446685879;0,002161383285302594;0,0030259365994236313;0,2436599423631124;0,010662824207492795;0,003314121037463977;0,001729106628242075;0,0010086455331412103;0,0038904899135446687;0,0024495677233429395;0,006051873198847263;0,5126801152737752
EC120950;16593,0;14020,0;1525,0;1049,0;0,09190622551678419;0,06321942988006991;0,014102332308804918;0,0015669258120894352;0,004339179171939975;0,0015066594347013802;0,002049056831193877;0,18158259507021032;0,00903995660820828;0,002410655095522208;0,0021695895859699874;0,0021093232085819323;0,002651720605074429;0,002199722774664015;0,005243174832760803;0,6027240402579401
EC121050;44234,0;38590,0;3727,0;1901,0;0,08425645431116335;0,04297599131889497;0,012456481439616585;0,0011981733508161143;0,001831170592756703;0,000949495862910883;0,0010173169959759461;0,25154858253831897;0,005165709635122304;0,0016955283266265769;0,0014016367500113034;0,0014016367500113034;0,002079848080661934;0,0022607044355021024;0,005018763846814668;0,5769543789844915
EC121051;9693,0;8587,0;683,0;424,0;0,07046322088104819;0,04374290725265655;0,011761064685855771;0,0012380068090374497;0,0011348395749509956;0,0011348395749509956;0,000722170638605179;0,2031362839162282;0,005777365108841432;0,002166511915815537;0,001444341277210358;0,0015475085112968121;0,002063344681729083;0,0026823480862478077;0,00773754255648406;0,6348911585680388
EC121150;32347,0;28586,0;2519,0;1230,0;0,07787430055337435;0,038025164621139515;0,009769066683154543;0,0011747611834173185;0,0020712894549726403;0,0010820168794633195;0,0007728691996166569;0,2573963582403314;0,005502828701270597;0,001360249791325316;0,0014220793272946486;0,001236590719386651;0,0018858008470646428;0,002040374686987974;0,007481373852289239;0,5829906946548367
EC121250;27708,0;23945,0;2357,0;1393,0;0,08506568500072181;0,05027428901400317;0,012415186949617438;0,0017684423271257398;0,0048722390645301;0,0015518983687021798;0,0011549011115923199;0,2219214667244117;0,007236177277320629;0,0019849862855492997;0,00158798902843944;0,00122708243106684;0,0027067994802944997;0,00223762090371012;0,006604590731918579;0,5874476685433809
EC121350;12154,0;10654,0;1037,0;460,0;0,08532170478854698;0,0378476221819977;0,014069442158960013;0,0013164390324173112;0,0023037683067302947;0,0012341615928912293;0,0012341615928912293;0,3791344413361856;0,007898634194503868;0,0013987164719433932;0,0018923811090998848;0,0018923811090998848;0,003126542701991114;0,0022214908672042125;0,019417475728155338;0,4293236794470956
EC130150;16273,0;14250,0;1413,0;600,0;0,08683094696736926;0,036870890432003936;0,018496896700055308;0,0006759663245867387;0,0025195108461869356;0,0014133841332268173;0,002150801941866896;0,1989184538806612;0,004608861304000492;0,0020278989737602163;0,0015977385853868371;0,0014133841332268173;0,0028882197505069747;0,002703865298346955;0,004301603883733792;0,6246543354022
EC130151;11685,0;10162,0;1028,0;486,0;0,08797603765511339;0,04159178433889602;0,018057338468121523;0,0006846384253316217;0,002652973898160034;0,002738553701326487;0,0014548566538296961;0,23885323063756952;0,004321780059905862;0,0017115960633290544;0,0012836970474967907;0,0005990586221651691;0,0029097133076593923;0,0027813436029097134;0,0031664527171587505;0,5813436029097133
EC130152;4118,0;3485,0;398,0;232,0;0,09664885866925692;0,056338028169014086;0,013841670713938806;0,0007285089849441476;0,0014570179698882952;0,00048567265662943174;0,001942690626517727;0,20131131617289946;0,006192326372025255;0,0031568722680913063;0,0009713453132588635;0,0012141816415735794;0,0026711996114618746;0,00412821758135017;0,0014570179698882952;0,5964060223409422
EC130153;10374,0;9041,0;928,0;403,0;0,08945440524387893;0,03884711779448621;0,016869095816464237;0,0006747638326585695;0,002313475997686524;0,0010603431656063234;0,00192789666473877;0,19172932330827067;0,005928282244071718;0,0020242914979757085;0,0020242914979757085;0,0016387121650279545;0,0022170811644495855;0,0022652785810680547;0,005398110661268556;0,6272411798727588
EC130154;3053,0;2534,0;298,0;222,0;0,09760890926957091;0,07271536193907632;0,011464133639043564;0,00032754667540124465;0,003930560104814936;0,000982640026203734;0,00032754667540124465;0,18539141827710448;0,005076973468719293;0,004258106780216181;0,001965280052407468;0,0013101867016049786;0,002947920078611202;0,0013101867016049786;0,0036030134294136916;0,6007206026858828
EC130155;9774,0;8478,0;849,0;445,0;0,08686310620012277;0,045528954368733374;0,015142214037241662;0,0007161857990587272;0,003069367710251688;0,0009208103130755065;0,0013300593411090648;0,21577655003069368;0,004194802537343974;0,0017393083691426233;0,0017393083691426233;0,0012277470841006752;0,0031716799672600778;0,0024554941682013503;0,0040924902803355845;0,6051770002046245
EC130156;7320,0;6113,0;715,0;490,0;0,0976775956284153;0,06693989071038252;0,014617486338797813;0,000819672131147541;0,0012295081967213116;0,001366120218579235;0,001912568306010929;0,17540983606557378;0,0047814207650273225;0,003551912568306011;0,001912568306010929;0,0009562841530054645;0,00273224043715847;0,001639344262295082;0,0031420765027322405;0,6146174863387979
EC130157;2019,0;1684,0;157,0;178,0;0,07776126795443289;0,08816245666171373;0,005448241703813769;0,0;0,0004952947003467063;0,0014858841010401188;0,001981178801386825;0,12828132738979692;0,0032194155522535907;0,0014858841010401188;0,001981178801386825;0,001981178801386825;0,0004952947003467063;0,001981178801386825;0,004952947003467063;0,6750866765725607
EC130250;27330,0;24390,0;1878,0;1055,0;0,06871569703622393;0,038602268569337725;0,017855836077570436;0,000951335528723015;0,0021222100256128797;0,0009879253567508233;0,0014635931211123307;0,39531650201244056;0,006641053787047201;0,0017197219173069886;0,0018660812294182217;0,00190267105744603;0,002414928649835346;0,001957555799487742;0,0025246981339187707;0,4461031833150384
EC130350;14524,0;11924,0;1748,0;851,0;0,12035251996695125;0,0585926741944368;0,01707518589920132;0,0015835857890388323;0,0012393280088129992;0,0016524373450839988;0,001996695125309832;0,271894794822363;0,009949049848526577;0,0019278435692646654;0,001996695125309832;0,0024786560176259984;0,0026163591297163314;0,0024786560176259984;0,003442577802258331;0,4882263839162765
EC130351;3163,0;2446,0;453,0;264,0;0,14321846348403414;0,08346506481188745;0,010116977552956055;0,002529244388239014;0,001264622194119507;0,004110022130888397;0,004110022130888397;0,21530192854884603;0,013594688586784698;0,002213088839709137;0,00284539993676889;0,004110022130888397;0,00284539993676889;0,002687322162503952;0,005374644325007904;0,48593107809042047
EC130352;8627,0;6899,0;1195,0;535,0;0,13851860438159266;0,062014605308913874;0,010664193810130984;0,000579575750550597;0,0012750666512113132;0,0012750666512113132;0,0016228121015416715;0,2802828329662687;0,007476527182102701;0,002086472701982149;0,0012750666512113132;0,0013909818013214327;0,0027819636026428654;0,0018546424017619103;0,0016228121015416715;0,47617943665237045
EC130353;5167,0;3980,0;897,0;290,0;0,173601703115928;0,056125411263789435;0,011612154054577124;0,000774143603638475;0,00154828720727695;0,0017418231081865686;0,002322430810915425;0,23804915811883104;0,01054770659957422;0,00154828720727695;0,0013547513063673312;0,0030965744145539;0,0036771821172827557;0,002032126959550997;0,0032901103154635183;0,4760983162376621
EC130354;4578,0;3653,0;485,0;439,0;0,10594145915246833;0,09589340323285278;0,011577107907383137;0,00109217999126256;0,001310615989515072;0,0015290519877675841;0,001965923984272608;0,2105723023154216;0,010048055919615552;0,0015290519877675841;0,00218435998252512;0,002839667977282656;0,002839667977282656;0,002512013979903888;0,005242463958060288;0,5301441677588467
EC130355;4400,0;3437,0;520,0;442,0;0,11818181818181818;0,10045454545454545;0,012045454545454545;0,0022727272727272726;0,001590909090909091;0,0027272727272727275;0,0013636363636363637;0,22568181818181818;0,016022727272727272;0,0013636363636363637;0,0009090909090909091;0,003181818181818182;0,0018181818181818182;0,0017045454545454545;0,0027272727272727275;0,49
EC130356;5649,0;4539,0;749,0;362,0;0,1325898389095415;0,06408213843158081;0,015932023366967606;0,0008851124092759781;0,0014161798548415648;0,002301292264117543;0,002124269782262347;0,27102141972030447;0,013188174898212073;0,0015932023366967605;0,002124269782262347;0,0030093821915383252;0,0030093821915383252;0,0022127810231899452;0,004779607010090282;0,4645069923880333
EC130357;6425,0;5558,0;545,0;319,0;0,08482490272373541;0,049649805447470816;0,0133852140077821;0,0010894941634241246;0,0015564202334630351;0,0010894941634241246;0,0017120622568093384;0,20669260700389105;0,007159533073929961;0,000933852140077821;0,0007782101167315176;0,001867704280155642;0,002490272373540856;0,0017120622568093384;0,0029571984435797665;0,6127626459143969
EC130450;60929,0;53299,0;5113,0;2494,0;0,08391734641960315;0,04093288910042837;0,018316401056967947;0,0014935416632473864;0,002002330581496496;0,001592016937747214;0,0018710302154967258;0,3643585156493624;0,007541564772111802;0,0022156936762461224;0,002576769682745491;0,0020515682187464096;0,0029214331434948876;0,002732688867370218;0,005941341561489602;0,44888312626171445
EC130451;2365,0;1959,0;271,0;133,0;0,11458773784355179;0,05623678646934461;0,01733615221987315;0,0016913319238900633;0,0012684989429175475;0,0016913319238900633;0,0016913319238900633;0,3788583509513742;0,012050739957716702;0,0016913319238900633;0,0008456659619450317;0,0021141649048625794;0,002959830866807611;0,00507399577167019;0,004228329809725159;0,37970401691331923
EC130452;3425,0;2928,0;330,0;166,0;0,09635036496350365;0,048467153284671535;0,021021897810218976;0,0017518248175182481;0,0011678832116788322;0,0023357664233576644;0,0023357664233576644;0,3637956204379562;0,006423357664233576;0,002627737226277372;0,0023357664233576644;0,0017518248175182481;0,00291970802919708;0,0036496350364963502;0,008467153284671533;0,42423357664233574
EC130453;7983,0;6541,0;798,0;637,0;0,09996242014280346;0,07979456344732556;0,014155079544031066;0,002004259050482275;0,002129525241137417;0,002004259050482275;0,0026305900037579856;0,19528999123136664;0,008518100964549668;0,00400851810096455;0,002755856194413128;0,002129525241137417;0,003006388575723412;0,002254791431792559;0,00576224477013654;0,5619441312789678
EC130454;8702,0;7363,0;746,0;599,0;0,08572741898414157;0,06883475063203862;0,014824178349804642;0,002068490002298322;0,003217651114686279;0,0012640772236267525;0,0018386577798207308;0,22799356469777063;0,00959549528843944;0,002757986669731096;0,0022983222247759134;0,002183406113537118;0,0036773155596414617;0,002815444725350494;0,006090553895656171;0,5530912433923236
EC130550;17826,0;14597,0;1970,0;1252,0;0,11051273420845956;0,07023448894872658;0,015202513182991137;0,0020756198810725907;0,002131717715696174;0,0026926960619320095;0,002973185235049927;0,27364523729384044;0,019437899697071694;0,002748793896555593;0,0028048917311791766;0,00286098956580276;0,003365870077415012;0,0019914731291372154;0,004319533266015932;0,4611802984404802
EC130551;1941,0;1465,0;261,0;215,0;0,13446676970633695;0,11076764554353426;0,012364760432766615;0,0015455950540958269;0,0010303967027305513;0,0015455950540958269;0,0030911901081916537;0,23544564657393097;0,015455950540958269;0,0020607934054611026;0,0020607934054611026;0,002575991756826378;0,00463678516228748;0,002575991756826378;0,0036063884595569293;0,44873776403915505
EC130552;2433,0;1953,0;272,0;208,0;0,11179613645704892;0,0854911631730374;0,018084669132757913;0,0016440608302507192;0,002055076037813399;0,0016440608302507192;0,0008220304151253596;0,28812166050143856;0,016235100698725854;0,002466091245376079;0,0016440608302507192;0,0016440608302507192;0,002055076037813399;0,002055076037813399;0,004110152075626798;0,4418413481298808
EC130650;28744,0;25769,0;2223,0;740,0;0,07733787920957418;0,025744503200667967;0,033815752852769276;0,001113275814082939;0,005496799332034511;0,002330921235736154;0,002713609796827164;0,3780962983579182;0,006853604230448094;0,0034789869190091846;0,0035137767881992764;0,0023657111049262456;0,0034094071806290006;0,005357639855274144;0,008523517951572503;0,4272195936543279
EC130651;2320,0;1887,0;302,0;129,0;0,13017241379310346;0,05560344827586207;0,02456896551724138;0,0021551724137931034;0,0034482758620689655;0,003017241379310345;0,005603448275862069;0,2168103448275862;0,014439655172413792;0,008620689655172414;0,0021551724137931034;0,005172413793103448;0,005172413793103448;0,00646551724137931;0,01206896551724138;0,4827586206896552
EC130652;4336,0;3634,0;523,0;178,0;0,12061808118081181;0,041051660516605165;0,02467712177121771;0,0006918819188191881;0,004151291512915129;0,0013837638376383763;0,0029981549815498157;0,20871771217712176;0,011300738007380073;0,006918819188191882;0,0027675276752767526;0,0020756457564575647;0,0036900369003690036;0,006457564575645757;0,009455719557195572;0,5350553505535055
EC130654;1390,0;1179,0;142,0;69,0;0,10215827338129496;0,04964028776978417;0,014388489208633094;0,0007194244604316547;0,004316546762589928;0,002158273381294964;0,0057553956834532375;0,22877697841726619;0,010431654676258994;0,0057553956834532375;0,004316546762589928;0,0014388489208633094;0,0014388489208633094;0,014388489208633094;0,007913669064748202;0,5215827338129496
EC130656;1003,0;868,0;68,0;67,0;0,06779661016949153;0,06679960119641076;0,010967098703888335;0,0019940179461615153;0,0029910269192422734;0,0029910269192422734;0,0009970089730807576;0,1794616151545364;0,011465603190428714;0,0019940179461615153;0,003988035892323031;0,004985044865403789;0,003988035892323031;0,005483549351944167;0,01694915254237288;0,6001994017946162
EC130657;3351,0;2766,0;396,0;187,0;0,11817367949865712;0,05580423754103253;0,02118770516263802;0,0017905102954341987;0,0041778573560131305;0,003879438973440764;0,0029841838257236644;0,21665174574753804;0,01014622500746046;0,004774694121157864;0,0008952551477170994;0,002387347060578932;0,007162041181736795;0,009549388242315727;0,012831990450611758;0,5073112503730229
EC130658;2840,0;2452,0;251,0;135,0;0,08838028169014084;0,04753521126760563;0,01267605633802817;0,001056338028169014;0,0028169014084507044;0,0017605633802816902;0,001056338028169014;0,17781690140845072;0,007570422535211268;0,0031690140845070424;0,0017605633802816902;0,0017605633802816902;0,0024647887323943664;0,0024647887323943664;0,0038732394366197184;0,6330985915492958
EC130750;16388,0;14142,0;1225,0;1009,0;0,07474981693922382;0,061569441054430074;0,015438125457651941;0,000854283622162558;0,0020136685379546007;0,001647546985599219;0,001708567244325116;0,298572125945814;0,006071515743226751;0,001769587503051013;0,00183060776177691;0,001525506468147425;0,002684891383939468;0,00183060776177691;0,0034781547473761287;0,5156211862338296
EC130850;58164,0;53998,0;3406,0;725,0;0,05855855855855856;0,012464754831167045;0,029537170758544805;0,0006361323155216285;0,005037480228319923;0,0014613850491713087;0,0027852279760676706;0,3209201567980194;0,0028625954198473282;0,0023554088439584624;0,0023554088439584624;0,001065951447630837;0,0027680352107833026;0,003369781995736194;0,004676432157348188;0,5423113953648305
EC130851;3047,0;2719,0;188,0;140,0;0,061700032819166396;0,04594683295044306;0,01017394158188382;0,0003281916639317361;0,0016409583196586807;0,0009845749917952085;0,002953724975385625;0,10108303249097472;0,005415162454873646;0,0013127666557269445;0,001969149983590417;0,0016409583196586807;0,0016409583196586807;0,002953724975385625;0,0009845749917952085;0,7509025270758123
EC130852;2466,0;2252,0;110,0;105,0;0,04460665044606651;0,04257907542579075;0,010543390105433901;0,0012165450121654502;0,0008110300081103001;0,00283860502838605;0,00202757502027575;0,09570154095701541;0,005068937550689375;0,00283860502838605;0,00202757502027575;0,0024330900243309003;0,0024330900243309003;0,001013787510137875;0,0024330900243309003;0,7757502027575021
EC130950;34738,0;31640,0;2294,0;798,0;0,06603719269963729;0,022971961540675916;0,025937014220738096;0,0008636075767171397;0,0030514134377338936;0,001842362830329898;0,0020726581841211352;0,17718348782313317;0,007009614831020784;0,002504461972479705;0,002274166618688468;0,001842362830329898;0,003022626518509989;0,005599055789049456;0,006477056825378548;0,6585295641660429
EC130952;2751,0;2474,0;171,0;102,0;0,062159214830970554;0,03707742639040349;0,019265721555797893;0,0010905125408942203;0,0003635041802980734;0,0029080334423845873;0,0014540167211922936;0,178117048346056;0,009451108687749909;0,0007270083605961468;0,002544529262086514;0,0003635041802980734;0,004725554343874954;0,004362050163576881;0,0069065794256633955;0,653217011995638
EC131050;15423,0;13335,0;1469,0;612,0;0,09524735784218376;0,0396809959151916;0,02048888024379174;0,0015561174868702586;0,004149646631654023;0,0013616028010114763;0,0015561174868702586;0,3546651105491798;0,008234455034688452;0,002334176230305388;0,0026583673734033586;0,0023990144589249823;0,003371587888218894;0,0039551319457952405;0,00583544057576347;0,43986254295532645
EC131051;5062,0;4276,0;579,0;204,0;0,11438166732516791;0,040300276570525484;0,01738443303042276;0,002173054128802845;0,002370604504148558;0,0017779533781114183;0,0019755037534571317;0,27953378111418414;0,01066772026866851;0,002765705254839984;0,0015804030027657052;0,002568154879494271;0,0033583563808771235;0,0031608060055314103;0,0073093638877913866;0,49427103911497433
EC131052;6756,0;5608,0;732,0;410,0;0,108348134991119;0,06068679692125518;0,016725873297809356;0,003108348134991119;0,004736530491415038;0,0017761989342806395;0,0026642984014209592;0,22291296625222023;0,011027235050325636;0,003404381290704559;0,0026642984014209592;0,0017761989342806395;0,003996447602131439;0,003552397868561279;0,0076968620485494375;0,5294552989934873
EC131053;4201,0;3308,0;536,0;358,0;0,12758866936443705;0,08521780528445608;0,01237800523684837;0,0021423470602237563;0,0035705784337062606;0,0026184241847179244;0,00238038562247084;0,19804808378957392;0,011306831706736492;0,00476077124494168;0,00238038562247084;0,0021423470602237563;0,004046655558200428;0,0027374434658414665;0,004046655558200428;0,5208283741966199
EC131054;3320,0;2587,0;448,0;285,0;0,13493975903614458;0,0858433734939759;0,01716867469879518;0,002108433734939759;0,0030120481927710845;0,0030120481927710845;0,0009036144578313253;0,1789156626506024;0,009036144578313253;0,0036144578313253013;0,00391566265060241;0,002710843373493976;0,004518072289156626;0,0034638554216867468;0,006024096385542169;0,5283132530120482
EC131150;17856,0;14911,0;1511,0;1426,0;0,08462141577060932;0,0798611111111111;0,009520609318996415;0,001232078853046595;0,0021841397849462364;0,0016241039426523297;0,002632168458781362;0,15714605734767026;0,006944444444444444;0,0020721326164874552;0,001400089605734767;0,001736111111111111;0,0030241935483870967;0,0021001344086021504;0,0025201612903225806;0,631888440860215
EC131151;4812,0;3504,0;806,0;503,0;0,16749792186201165;0,10453034081463008;0,007896924355777223;0,003740648379052369;0,003117206982543641;0,0024937655860349127;0,003740648379052369;0,13881961762261014;0,016209476309226933;0,0029093931837073984;0,004156275976724855;0,004156275976724855;0,0033250207813798837;0,003221113881961762;0,00457190357439734;0,5103906899418121
EC131152;4681,0;3782,0;534,0;360,0;0,11407818842127751;0,07690664387951293;0,014313180944242684;0,0004272591326639607;0,002563554795983764;0,0017090365306558428;0,0038453321939756462;0,14740440076906644;0,007049775688955351;0,000640888698995941;0,0027771843623157445;0,0014954069643238624;0,002563554795983764;0,0026703695791497543;0,005127109591967528;0,6056398205511643
EC131250;26446,0;23626,0;1953,0;847,0;0,07384859714134463;0,032027527792482795;0,014747031687211677;0,0008696967405278681;0,001701580579293655;0,0015125160704832488;0,0010965741511003554;0,21572260455267336;0,003592225667397716;0,0010587612493382743;0,0015503289722453302;0,0011343870528624366;0,0018150192845798987;0,0025334644180594417;0,003592225667397716;0,6363155108523028
EC131350;18874,0;16445,0;1695,0;730,0;0,08980608244145385;0,03867754583024266;0,014941188937162234;0,0010066758503761788;0,0019603687612588746;0,0010596587898696619;0,0015365052453110099;0,28261099925823885;0,005563208646815725;0,0022782663982197733;0,0018544028822719085;0,0021193175797393237;0,0019603687612588746;0,0024901981561937054;0,0029140616721415706;0,5409558122284625
EC131351;5795,0;5021,0;448,0;318,0;0,07730802415875755;0,0548748921484038;0,013114754098360656;0,0015530629853321828;0,001725625539257981;0,0020707506471095774;0,0018981880931837791;0,23865401207937878;0,005780845556514236;0,0020707506471095774;0,0018981880931837791;0,0012079378774805867;0,0027610008628127696;0,0018981880931837791;0,004141501294219155;0,5799827437446075
EC131352;4060,0;3440,0;347,0;272,0;0,0854679802955665;0,06699507389162561;0,007142857142857143;0,0007389162561576355;0,0022167487684729066;0,0022167487684729066;0,00270935960591133;0,17635467980295566;0,006650246305418719;0,0017241379310344827;0,0034482758620689655;0,00270935960591133;0,002955665024630542;0,002832512315270936;0,005665024630541872;0,6204433497536945
EC131353;5007,0;3893,0;637,0;480,0;0,12722188935490314;0,09586578789694428;0,006990213700818854;0,001597763131615738;0,0011983223487118035;0,00219692430597164;0,0029958058717795086;0,09486718593968445;0,010485320551228281;0,0019972039145196726;0,003994407829039345;0,003994407829039345;0,00219692430597164;0,002396644697423607;0,0037946874375873775;0,6259237068104654
EC131355;3360,0;2823,0;319,0;215,0;0,09494047619047619;0,06398809523809523;0,009523809523809525;0,0008928571428571428;0,0020833333333333333;0,0005952380952380953;0,0008928571428571428;0,12321428571428572;0,010416666666666666;0,0017857142857142857;0,0020833333333333333;0,0026785714285714286;0,0020833333333333333;0,002232142857142857;0,004464285714285714;0,6645833333333333
EC131450;5871,0;5309,0;412,0;142,0;0,07017543859649122;0,024186680292965425;0,013796627491057742;0,00017032873445750298;0,0015329586101175269;0,0011923011412025208;0,001021972406745018;0,2939873956736501;0,004173053994208823;0,000851643672287515;0,0022142735479475386;0,000851643672287515;0,0027252597513200477;0,0023846022824050416;0,0027252597513200477;0,5700902742292625
EC131453;16760,0;14656,0;1342,0;762,0;0,08007159904534607;0,045465393794749405;0,010202863961813842;0,0013723150357995227;0,0016706443914081145;0,001431980906921241;0,0016706443914081145;0,20990453460620526;0,006324582338902148;0,0014916467780429594;0,0019689737470167065;0,0017899761336515514;0,0023269689737470166;0,0018794749403341288;0,0027446300715990453;0,6214797136038186
EC131457;9514,0;7802,0;1004,0;703,0;0,10552869455539206;0,0738911078410763;0,00861887744376708;0,0010510826150935463;0,0017868404456590288;0,0016817321841496743;0,0018919487071683834;0,18435989068740802;0,006569266344334665;0,0017868404456590288;0,001471515661130965;0,001156190876602901;0,0026277065377338657;0,0012612991381122556;0,0033634643682993485;0,5945974353584191
EC131550;24659,0;22187,0;1536,0;927,0;0,06228963056085;0,037592765318950484;0,01407194127904619;0,0009327223326168944;0,0020682103897157224;0,0011760412019952147;0,0019465509550265624;0,2268137394054909;0,006184354596698974;0,0023926355488868164;0,002108763534612109;0,0010949349122024413;0,001987104099922949;0,0018248915203374022;0,0033253578815037104;0,6258161320410398
EC131551;2936,0;2489,0;329,0;118,0;0,11205722070844687;0,040190735694822885;0,015667574931880108;0,0003405994550408719;0,0027247956403269754;0,0003405994550408719;0,0010217983651226157;0,2666893732970027;0,0025544959128065395;0,0013623978201634877;0,0006811989100817438;0,0;0,0003405994550408719;0,0020435967302452314;0,003746594005449591;0,5456403269754768
EC131552;3914,0;3272,0;484,0;156,0;0,12365866121614716;0,0398569238630557;0,01660705160960654;0,0017884517118037812;0,003321410321921308;0,000510986203372509;0,0002554931016862545;0,2879407256004088;0,005109862033725089;0,002043944813490036;0,0015329586101175269;0,002043944813490036;0,0017884517118037812;0,0015329586101175269;0,003321410321921308;0,5015329586101175
EC131650;12530,0;10916,0;1015,0;598,0;0,08100558659217877;0,047725458898643255;0,017637669592976857;0,0019952114924181963;0,002154828411811652;0,0020750199521149242;0,0033519553072625698;0,23176376695929768;0,007422186751795691;0,0031125299281723863;0,0024740622505985636;0,002873104549082203;0,0034317637669592977;0,0031125299281723863;0,005905826017557861;0,5733439744612929
EC131651;4150,0;3556,0;368,0;228,0;0,08867469879518072;0,05493975903614458;0,013493975903614458;0,002168674698795181;0,0033734939759036144;0,0012048192771084338;0,0012048192771084338;0,17012048192771084;0,007349397590361446;0,0014457831325301205;0,0019277108433734939;0,0031325301204819275;0,0016867469879518072;0,002891566265060241;0,005301204819277108;0,6313253012048192
EC131652;5245,0;4229,0;577,0;432,0;0,11000953288846521;0,08236415633937083;0,020781696854146808;0,002478551000953289;0,00438512869399428;0,002669208770257388;0,004957102001906578;0,20762631077216395;0,011916110581506196;0,006291706387035272;0,005338417540514776;0,004957102001906578;0,006482364156339371;0,006387035271687321;0,008388941849380362;0,49532888465204955
EC131653;2482,0;2009,0;287,0;186,0;0,11563255439161967;0,0749395648670427;0,01732473811442385;0,0008058017727639;0,0024174053182917004;0,0036261079774375505;0,0028203062046736503;0,16277195809830783;0,007252215954875101;0,004431909750201451;0,0024174053182917004;0,004834810636583401;0,0024174053182917004;0,005237711522965351;0,008058017727639;0,572522159548751
EC131750;31114,0;26891,0;2656,0;1556,0;0,08536350196053223;0,050009641961817834;0,009674101690557305;0,0011248955454136401;0,0016391335090313042;0,0017676929999357203;0,0016069936363052003;0,21932249148293373;0,006926142572475413;0,0018962524908401363;0,0020248119817445525;0,0018641126181140322;0,002346210709005592;0,0023301407726425403;0,004596001799832872;0,5978980523237128
EC131751;7538,0;6360,0;648,0;526,0;0,08596444680286548;0,06977978243565933;0,00835765455027859;0,0013266118333775537;0,0029185460334306182;0,0021225789334040858;0,0025205624834173522;0,16211196603873707;0,00776067922525869;0,0029185460334306182;0,00172459538339082;0,0025205624834173522;0,003581851950119395;0,0016582647917219421;0,004643141416821438;0,630140620854338
EC131752;3469,0;2877,0;302,0;289,0;0,08705678869991353;0,08330931104064572;0,012395503026808878;0,0008648025367541078;0,002017872585759585;0,003170942634765062;0,0014413375612568463;0,19688671086768522;0,01153070049005477;0,002017872585759585;0,0028826751225136927;0,0037474776592678004;0,0028826751225136927;0,002017872585759585;0,003459210147016431;0,5704814067454598
EC131753;2263,0;1928,0;160,0;175,0;0,07070260715863898;0,07733097657976137;0,008395934600088379;0,0017675651789659744;0,0026513477684489617;0,0008837825894829872;0,0004418912947414936;0,25231992929739283;0,0103844454264251;0,0030932390631904553;0,0013256738842244808;0,0017675651789659744;0,002209456473707468;0,002209456473707468;0,0057445868316394165;0,5461776403004861
EC131850;9596,0;8136,0;789,0;660,0;0,08222175906627761;0,06877865777407254;0,010525218841183827;0,0008336807002917883;0,0029178824510212586;0,0013547311379741558;0,0020842017507294707;0,15423092955398082;0,008076281784076699;0,0020842017507294707;0,0030220925385577324;0,0022926219258024177;0,002188411838265944;0,0023968320133388914;0,003126302626094206;0,6422467694872863
EC131950;10847,0;9769,0;752,0;322,0;0,06932792477182631;0,029685627362404352;0,01410528256660828;0,0007375311145938969;0,0016594450078362682;0,0016594450078362682;0,0017516363971605052;0,21369964045358164;0,004010325435604314;0,002396976122430165;0,0020282105651332166;0,0021204019544574537;0,0033188900156725363;0,0031806029316861807;0,008942564764451;0,6338158016041302
EC131951;4187,0;3543,0;390,0;252,0;0,09314545020300931;0,06018629090040602;0,008598041557200859;0,0004776689754000478;0,0014330069262001434;0,0016718414139001673;0,0014330069262001434;0,2039646524958204;0,006329113924050633;0,002627179364700263;0,0011941724385001193;0,0021495103893002148;0,0011941724385001193;0,0009553379508000956;0,0021495103893002148;0,6047289228564605
EC131952;2770,0;2502,0;184,0;84,0;0,0664259927797834;0,03032490974729242;0,023465703971119134;0,0007220216606498195;0,001444043321299639;0,0021660649819494585;0,001444043321299639;0,2512635379061372;0,005776173285198556;0,001444043321299639;0,0010830324909747292;0,0007220216606498195;0,003249097472924188;0,003249097472924188;0,023826714801444042;0,5743682310469314
EC132050;11663,0;10102,0;910,0;650,0;0,07802452199262626;0,055731801423304465;0,010717654119866244;0,0009431535625482294;0,0009431535625482294;0,0012003772614250193;0,0018005658921375288;0,164022978650433;0,005187344594015262;0,001543342193260739;0,0026579782217268284;0,002315013289891109;0,002143530823973249;0,0022721426734116437;0,0028294606876446884;0,6601217525508016
EC132150;16515,0;15389,0;706,0;415,0;0,04274901604601877;0,02512867090523766;0,01429003935815925;0,0006055101422948834;0,0023614895549500456;0,0006660611565243718;0,0009688162276718135;0,10475325461701483;0,0029064486830154405;0,0016954283984256737;0,001392673327278232;0,0011504692703602785;0,0024220405691795337;0,002300938540720557;0,004117468967605208;0,78698153194066
EC132250;13353,0;11782,0;951,0;616,0;0,07121995057290496;0,04613195536583539;0,009585860855238524;0,0008986744551786115;0,0008986744551786115;0,0024713547517411817;0,0011982326069048155;0,1840035946978207;0,004980154272448139;0,0014229012206994683;0,0010484535310417134;0,0014229012206994683;0,002546244289672733;0,0016850146034598967;0,0026211338276042836;0,6609001722459372
EC132251;3596,0;3169,0;202,0;226,0;0,05617352614015573;0,06284760845383759;0,010011123470522803;0,0013904338153503894;0,0016685205784204673;0,0013904338153503894;0,002502780867630701;0,18437152391546163;0,008064516129032258;0,0016685205784204673;0,0016685205784204673;0,001946607341490545;0,001946607341490545;0,0026418242491657398;0,0055617352614015575;0,6457174638487208
EC140150;14343,0;13244,0;863,0;233,0;0,06016872341908945;0,016244858118943037;0,034999651397894446;0,0012549675800041832;0,0013944084222268702;0,0014641288433382138;0,0019521717911176184;0,5142578261172698;0,0027539566338980687;0,002161333054451649;0,0019521717911176184;0,0018127309488949314;0,003276859792233145;0,005577633688907481;0,03988008087568849;0,30230774593878545
EC140151;392,0;377,0;11,0;4,0;0,02806122448979592;0,01020408163265306;0,030612244897959183;0,0;0,0;0,002551020408163265;0,0;0,5;0,0012755102040816326;0,0;0,0;0,0;0,002551020408163265;0,007653061224489796;0,0663265306122449;0,34183673469387754
EC140153;1866,0;1740,0;84,0;42,0;0,04501607717041801;0,022508038585209004;0,02840300107181136;0,0010718113612004287;0,0021436227224008574;0,0021436227224008574;0,001607717041800643;0,4437299035369775;0,005091103965702036;0,0021436227224008574;0,001607717041800643;0,0026795284030010718;0,001607717041800643;0,007770632368703108;0,04823151125401929;0,37138263665594856
EC140156;695,0;630,0;48,0;16,0;0,06906474820143885;0,02302158273381295;0,02302158273381295;0,0014388489208633094;0,0014388489208633094;0,0;0,0014388489208633094;0,5021582733812949;0,0014388489208633094;0,0;0,0;0,0014388489208633094;0,0028776978417266188;0,0035971223021582736;0,04460431654676259;0,31798561151079136
EC140157;8558,0;7724,0;598,0;234,0;0,06987613928487965;0,027342837111474644;0,01378826828698294;0,0019864454311755084;0,0038560411311053984;0,0035054919373685442;0,004089740593596635;0,48212199111942045;0,0029212432811404534;0,002453844356157981;0,0017527459686842721;0,007828931993456415;0,003271792474877308;0,004031315727973826;0,11439588688946016;0,24959102594064034
EC140158;774,0;705,0;56,0;12,0;0,07235142118863049;0,015503875968992248;0,03229974160206718;0,007751937984496124;0,007751937984496124;0,0;0,003875968992248062;0,4186046511627907;0,001937984496124031;0,0012919896640826874;0,0012919896640826874;0,007751937984496124;0,003875968992248062;0,002583979328165375;0,05426356589147287;0,36304909560723514
EC140160;189,0;181,0;7,0;1,0;0,037037037037037035;0,005291005291005291;0,021164021164021163;0,0;0,0;0,005291005291005291;0,0;0,5714285714285714;0,0;0,0;0,0;0,0;0,005291005291005291;0,005291005291005291;0,15343915343915343;0,19047619047619047
EC140162;1376,0;1212,0;103,0;61,0;0,07485465116279069;0,04433139534883721;0,013808139534883721;0,0029069767441860465;0,0007267441860465116;0,00436046511627907;0,002180232558139535;0,41569767441860467;0,00436046511627907;0,002180232558139535;0,002180232558139535;0,00436046511627907;0,003633720930232558;0,002543604651162791;0,16279069767441862;0,25218023255813954
EC140164;1432,0;1322,0;68,0;42,0;0,04748603351955307;0,029329608938547486;0,0335195530726257;0,0013966480446927375;0,0034916201117318434;0,002094972067039106;0,0013966480446927375;0,4238826815642458;0,0013966480446927375;0,0013966480446927375;0,004189944134078212;0,0013966480446927375;0,002793296089385475;0,003840782122905028;0,05865921787709497;0,3784916201117318
EC140250;6194,0;5712,0;338,0;144,0;0,054568937681627384;0,023248304811107522;0,026154342912495965;0,0008072328059412334;0,0009686793671294801;0,0014530190506942201;0,0016144656118824668;0,5792702615434291;0,001856635453664837;0,002098805295447207;0,0014530190506942201;0,0016144656118824668;0,0032289312237649337;0,003713270907329674;0,03745560219567323;0,25492412011624155
EC140251;183,0;164,0;16,0;3,0;0,08743169398907104;0,01639344262295082;0,01639344262295082;0,0;0,0;0,0;0,00546448087431694;0,366120218579235;0,00546448087431694;0,0;0,00546448087431694;0,00546448087431694;0,00546448087431694;0,00546448087431694;0,14754098360655737;0,3224043715846995
EC140252;198,0;186,0;6,0;6,0;0,030303030303030304;0,030303030303030304;0,015151515151515152;0,0;0,0;0,0;0,0;0,46464646464646464;0,0025252525252525255;0,0;0,0;0,0;0,0;0,005050505050505051;0,015151515151515152;0,4292929292929293
EC140253;3213,0;2910,0;206,0;97,0;0,06411453470277;0,030189853719265483;0,006535947712418301;0,001556178026766262;0,003112356053532524;0,001556178026766262;0,0034235916588857764;0,5536881419234361;0,002178649237472767;0,0012449424214130097;0,001556178026766262;0,0034235916588857764;0,0006224712107065049;0,002178649237472767;0,1300964830376595;0,19016495487083723
EC140254;363,0;350,0;11,0;2,0;0,030303030303030304;0,005509641873278237;0,027548209366391185;0,0;0,0027548209366391185;0,0;0,0027548209366391185;0,650137741046832;0,004132231404958678;0,0027548209366391185;0,0;0,0;0,008264462809917356;0,005509641873278237;0,06060606060606061;0,19008264462809918
EC140255;427,0;383,0;32,0;10,0;0,07494145199063232;0,0234192037470726;0,0117096018735363;0,0;0,00234192037470726;0,0;0,0;0,5644028103044496;0,00234192037470726;0,00234192037470726;0,00468384074941452;0,0;0,00234192037470726;0,00351288056206089;0,0351288056206089;0,26229508196721313
EC140256;516,0;472,0;33,0;11,0;0,06395348837209303;0,02131782945736434;0,02131782945736434;0,0;0,003875968992248062;0,0;0,005813953488372093;0,5387596899224806;0,003875968992248062;0,001937984496124031;0,0;0,001937984496124031;0,0;0,001937984496124031;0,06395348837209303;0,2655038759689923
EC140257;133,0;117,0;12,0;4,0;0,09022556390977443;0,03007518796992481;0,045112781954887216;0,0;0,0;0,022556390977443608;0,0;0,43609022556390975;0,0;0,0;0,0;0,0;0,007518796992481203;0,0037593984962406013;0,10526315789473684;0,2556390977443609
EC140258;576,0;527,0;29,0;20,0;0,050347222222222224;0,034722222222222224;0,015625;0,0;0,003472222222222222;0,001736111111111111;0,003472222222222222;0,5086805555555556;0,001736111111111111;0,005208333333333333;0,001736111111111111;0,0;0,001736111111111111;0,0008680555555555555;0,03298611111111111;0,3350694444444444
EC140350;3005,0;2832,0;119,0;53,0;0,039600665557404324;0,017637271214642262;0,03693843594009984;0,0016638935108153079;0,0006655574043261231;0,0019966722129783694;0,0013311148086522463;0,611314475873544;0,0034941763727121466;0,0019966722129783694;0,0013311148086522463;0,0006655574043261231;0,0033277870216306157;0,003826955074875208;0,03161397670549085;0,23494176372712147
EC140351;641,0;599,0;29,0;13,0;0,0452418096723869;0,0202808112324493;0,0374414976599064;0,0;0,0046801872074883;0,0015600624024961;0,0046801872074883;0,48205928237129486;0,0046801872074883;0,0;0,0;0,0015600624024961;0,0078003120124804995;0,00546021840873635;0,0483619344773791;0,32605304212168484
EC140353;1048,0;947,0;81,0;21,0;0,07729007633587787;0,020038167938931296;0,019083969465648856;0,0;0,0028625954198473282;0,0019083969465648854;0,0009541984732824427;0,47041984732824427;0,002385496183206107;0,003816793893129771;0,0;0,0009541984732824427;0,0019083969465648854;0,0014312977099236641;0,22232824427480916;0,1717557251908397
EC140356;341,0;312,0;18,0;11,0;0,05278592375366569;0,03225806451612903;0,020527859237536656;0,002932551319648094;0,005865102639296188;0,002932551319648094;0,008797653958944282;0,31671554252199413;0,005865102639296188;0,002932551319648094;0,0;0,002932551319648094;0,0;0,002932551319648094;0,05278592375366569;0,4809384164222874
EC140357;566,0;534,0;22,0;10,0;0,038869257950530034;0,0176678445229682;0,015901060070671377;0,0;0,0017667844522968198;0,0;0,0035335689045936395;0,5459363957597173;0,0035335689045936395;0,00530035335689046;0,0;0,00530035335689046;0,007067137809187279;0,0;0,07420494699646643;0,2773851590106007
EC140358;734,0;681,0;34,0;19,0;0,04632152588555858;0,025885558583106268;0,017711171662125342;0,0;0,0013623978201634877;0,0;0,0027247956403269754;0,4768392370572207;0,0020435967302452314;0,0013623978201634877;0,0027247956403269754;0,0;0,004087193460490463;0,004087193460490463;0,07493188010899182;0,3337874659400545
EC140450;3291,0;3040,0;195,0;54,0;0,059252506836827715;0,016408386508659983;0,027651169857186266;0,001215436037678517;0,003038590094196293;0,0027347310847766638;0,0006077180188392585;0,5174718930416287;0,0019750835612275903;0,0018231540565177757;0,003038590094196293;0,0015192950470981465;0,0015192950470981465;0,003038590094196293;0,05013673655423884;0,3029474323913704
EC140451;502,0;469,0;17,0;16,0;0,03386454183266932;0,03187250996015936;0,00796812749003984;0,00199203187250996;0,0;0,00199203187250996;0,00398406374501992;0,3784860557768924;0,00398406374501992;0,00398406374501992;0,00199203187250996;0,0;0,00199203187250996;0,0049800796812749;0,10956175298804781;0,4043824701195219
EC140452;428,0;398,0;22,0;9,0;0,0514018691588785;0,02102803738317757;0,04439252336448598;0,004672897196261682;0,002336448598130841;0,0;0,004672897196261682;0,5257009345794392;0,0011682242990654205;0,0;0,004672897196261682;0,0;0,0;0,0035046728971962616;0,07009345794392523;0,26401869158878505
EC140454;1326,0;1225,0;69,0;31,0;0,05203619909502263;0,023378582202111614;0,016591251885369532;0,0007541478129713424;0,0015082956259426848;0,0007541478129713424;0,0015082956259426848;0,4434389140271493;0,003393665158371041;0,0030165912518853697;0,0;0,005279034690799397;0,003770739064856712;0,001885369532428356;0,1334841628959276;0,3031674208144796
EC140455;905,0;825,0;46,0;33,0;0,05082872928176796;0,036464088397790057;0,008839779005524863;0,0022099447513812156;0,004419889502762431;0,0022099447513812156;0,004419889502762431;0,4176795580110497;0,004419889502762431;0,0022099447513812156;0,004419889502762431;0,0022099447513812156;0,0033149171270718232;0,0027624309392265192;0,1569060773480663;0,2883977900552486
EC140550;2306,0;2107,0;140,0;59,0;0,060711188204683436;0,025585429314830876;0,020381613183000868;0,0017346053772766695;0,003035559410234172;0,0013009540329575022;0,002168256721595837;0,4978317432784042;0,002385082393755421;0,0013009540329575022;0,002168256721595837;0,002168256721595837;0,0017346053772766695;0,005203816131830009;0,04640069384215091;0,3183000867302689
EC140551;301,0;274,0;21,0;6,0;0,06976744186046512;0,019933554817275746;0,03322259136212625;0,0;0,0033222591362126247;0,0;0,0;0,33554817275747506;0,0;0,0;0,0;0,0;0,0033222591362126247;0,0016611295681063123;0,04983388704318937;0,48172757475083056
EC140552;402,0;373,0;11,0;18,0;0,02736318407960199;0,04477611940298507;0,017412935323383085;0,0;0,0024875621890547263;0,0;0,0;0,44776119402985076;0,0037313432835820895;0,0024875621890547263;0,0024875621890547263;0,0024875621890547263;0,0024875621890547263;0,0012437810945273632;0,03482587064676617;0,4054726368159204
EC140553;1087,0;1009,0;44,0;34,0;0,040478380864765406;0,031278748850046;0,01839926402943882;0,0018399264029438822;0,0027598896044158236;0,0027598896044158236;0,0009199632014719411;0,40110395584176634;0,0018399264029438822;0,0027598896044158236;0,0009199632014719411;0,004599816007359705;0,0018399264029438822;0,0022999080036798527;0,1545538178472861;0,32750689972401104
EC140554;470,0;434,0;17,0;19,0;0,036170212765957444;0,04042553191489362;0,010638297872340425;0,002127659574468085;0,0;0,0;0,002127659574468085;0,4595744680851064;0,0031914893617021275;0,00425531914893617;0,0;0,002127659574468085;0,002127659574468085;0,0010638297872340426;0,036170212765957444;0,39574468085106385
EC140556;1061,0;972,0;61,0;28,0;0,057492931196983975;0,02639019792648445;0,017907634307257305;0,000942507068803016;0,002827521206409048;0,000942507068803016;0,001885014137606032;0,44769085768143263;0,00235626767200754;0,002827521206409048;0,000942507068803016;0,000942507068803016;0,0;0,001413760603204524;0,1291234684260132;0,30254476908576816
EC140557;861,0;793,0;40,0;28,0;0,04645760743321719;0,032520325203252036;0,012775842044134728;0,0011614401858304297;0,006968641114982578;0,005807200929152149;0,0011614401858304297;0,41579558652729387;0,0011614401858304297;0,0011614401858304297;0,0;0,003484320557491289;0,0011614401858304297;0,0023228803716608595;0,1602787456445993;0,3042973286875726
EC140650;9112,0;8361,0;546,0;205,0;0,05992098331870061;0,02249780509218613;0,024582967515364356;0,000987708516242318;0,0018656716417910447;0,001646180860403863;0,002414398595258999;0,47102721685689203;0,0023046532045654083;0,0014266900790166812;0,001975417032484636;0,0021949078138718174;0,0021949078138718174;0,0040057067603160666;0,04477611940298507;0,3498683055311677
EC140651;1300,0;1184,0;75,0;41,0;0,057692307692307696;0,031538461538461536;0,008461538461538461;0,004615384615384616;0,004615384615384616;0,003076923076923077;0,006923076923076923;0,38384615384615384;0,0034615384615384616;0,0007692307692307692;0,002307692307692308;0,003076923076923077;0,0015384615384615385;0,001153846153846154;0,1576923076923077;0,32461538461538464
EC140652;2033,0;1855,0;118,0;60,0;0,05804230201672405;0,029513034923757994;0,028037383177570093;0,000983767830791933;0,002459419576979833;0,001967535661583866;0,002459419576979833;0,43334972946384653;0,0027053615346778162;0,002459419576979833;0,003443187407771766;0,0054107230693556324;0,003935071323167732;0,0014756517461878996;0,06542056074766354;0,35415641908509593
EC140655;591,0;535,0;36,0;20,0;0,06091370558375635;0,0338409475465313;0,025380710659898477;0,0;0,005076142131979695;0,001692047377326565;0,001692047377326565;0,39593908629441626;0,00338409475465313;0,001692047377326565;0,005076142131979695;0,001692047377326565;0,001692047377326565;0,0008460236886632825;0,03553299492385787;0,4213197969543147
EC140750;2503,0;2221,0;168,0;113,0;0,06711945665201757;0,04514582500998801;0,017179384738314023;0,0015980823012385138;0,0015980823012385138;0,0031961646024770275;0,003595685177786656;0,4063124250898921;0,001797842588893328;0,0011985617259288853;0,001997602876548142;0,004794246903715541;0,003995205753096284;0,003595685177786656;0,09308829404714343;0,33799440671194564
EC140751;3349,0;2971,0;247,0;131,0;0,07375335921170499;0,03911615407584353;0,013138250223947446;0,0026873693639892504;0,0041803523439832785;0,004478948939982084;0,003881755747984473;0,4747685876381009;0,003881755747984473;0,0032845625559868616;0,004478948939982084;0,008360704687966557;0,0017915795759928337;0,0058226336219767095;0,10361301881158555;0,24305762914302778
EC140850;1487,0;1410,0;57,0;20,0;0,03833221250840619;0,013449899125756557;0,025554808338937456;0,0;0,0;0,0013449899125756557;0,0006724949562878278;0,48486886348352387;0,0013449899125756557;0,0013449899125756557;0,0026899798251513113;0,0013449899125756557;0,0026899798251513113;0,003026227303295225;0,017484868863483525;0,4014794889038332
EC140851;217,0;201,0;14,0;2,0;0,06451612903225806;0,009216589861751152;0,009216589861751152;0,0;0,0;0,0;0,0;0,3548387096774194;0,002304147465437788;0,0;0,0;0,0;0,004608294930875576;0,002304147465437788;0,013824884792626729;0,5345622119815668
EC140852;631,0;596,0;20,0;15,0;0,03169572107765452;0,02377179080824089;0,009508716323296355;0,001584786053882726;0,003169572107765452;0,001584786053882726;0,001584786053882726;0,5388272583201268;0,003169572107765452;0,003169572107765452;0,001584786053882726;0,003169572107765452;0,004754358161648178;0,0;0,19809825673534073;0,17115689381933438
EC140853;188,0;180,0;5,0;3,0;0,026595744680851064;0,015957446808510637;0,03723404255319149;0,005319148936170213;0,0;0,0;0,005319148936170213;0,3829787234042553;0,0;0,0;0,005319148936170213;0,0;0,010638297872340425;0,0026595744680851063;0,11170212765957446;0,39361702127659576
EC140854;292,0;276,0;6,0;10,0;0,02054794520547945;0,03424657534246575;0,02054794520547945;0,003424657534246575;0,0;0,0;0,0;0,4726027397260274;0,003424657534246575;0,003424657534246575;0,0;0,0;0,0;0,003424657534246575;0,0273972602739726;0,4041095890410959
EC140950;4206,0;3618,0;389,0;201,0;0,0924869234427009;0,04778887303851641;0,007370423204945316;0,0016642891107941037;0,004755111745126011;0,005230622919638612;0,00451735615786971;0,46457441749881123;0,006776034236804565;0,0033285782215882074;0,0007132667617689016;0,019971469329529243;0,0033285782215882074;0,0033285782215882074;0,16737993342843557;0,15715644317641464
EC140951;1295,0;1117,0;91,0;87,0;0,07027027027027027;0,06718146718146718;0,014671814671814672;0,003088803088803089;0,012355212355212355;0,003861003861003861;0,004633204633204633;0,14749034749034748;0,0069498069498069494;0,003861003861003861;0,0015444015444015444;0,012355212355212355;0,004633204633204633;0,007722007722007722;0,36833976833976834;0,25637065637065637
EC140952;3597,0;2998,0;401,0;195,0;0,11148179038087296;0,05421184320266889;0,004726160689463442;0,0025020850708924102;0,0061162079510703364;0,0025020850708924102;0,003614122880177926;0,42980261328885183;0,0034751181540172366;0,0016680567139282735;0,0013900472616068947;0,018626633305532388;0,004170141784820684;0,0037531276063386154;0,2774534334167362;0,06644425910480957
EC140953;3006,0;2641,0;201,0;165,0;0,06686626746506986;0,054890219560878244;0,003659347970725216;0,0029940119760479044;0,007318695941450432;0,004657351962741184;0,004324683965402528;0,4614105123087159;0,018795741849634066;0,002328675981370592;0,004324683965402528;0,04491017964071856;0,004657351962741184;0,003992015968063872;0,19627411842980705;0,09614105123087159
EC140954;1497,0;1377,0;65,0;55,0;0,04342017368069472;0,03674014696058784;0,006680026720106881;0,006680026720106881;0,004676018704074816;0,0033400133600534404;0,004676018704074816;0,19372077488309952;0,006012024048096192;0,005344021376085505;0,0013360053440213762;0,008016032064128256;0,006012024048096192;0,0033400133600534404;0,6212424849699398;0,0394121576486306
EC141050;1802,0;1646,0;101,0;54,0;0,0560488346281909;0,029966703662597113;0,017203107658157604;0,0;0,001664816870144284;0,002774694783573807;0,001664816870144284;0,42119866814650386;0,001664816870144284;0,00388457269700333;0,0005549389567147614;0,002774694783573807;0,002774694783573807;0,0024972253052164264;0,08712541620421754;0,3634850166481687
EC141051;1221,0;1083,0;70,0;68,0;0,05733005733005733;0,055692055692055695;0,006552006552006552;0,001638001638001638;0,005733005733005733;0,004914004914004914;0,004095004095004095;0,38493038493038495;0,001638001638001638;0,004095004095004095;0,001638001638001638;0,015561015561015561;0,004095004095004095;0,003276003276003276;0,3153153153153153;0,1285831285831286
EC141052;1521,0;1352,0;83,0;84,0;0,05456936226166995;0,055226824457593686;0,009204470742932281;0,005259697567389875;0,005917159763313609;0,0013149243918474688;0,0019723865877712033;0,44838921761998685;0,0019723865877712033;0,0013149243918474688;0,0013149243918474688;0,011834319526627219;0,0019723865877712033;0,003287310979618672;0,16896778435239973;0,22090729783037474
EC141150;1397,0;1286,0;70,0;41,0;0,05010737294201861;0,02934860415175376;0,023622047244094488;0,0035790980672870437;0,002863278453829635;0,0007158196134574087;0,004294917680744453;0,5039370078740157;0,0021474588403722263;0,0007158196134574087;0,0014316392269148174;0,0021474588403722263;0,0014316392269148174;0,005368647100930566;0,1073729420186113;0,2534001431639227
EC141250;3050,0;2745,0;183,0;123,0;0,06;0,040327868852459016;0,017049180327868854;0,0022950819672131148;0,003934426229508197;0,0019672131147540984;0,003934426229508197;0,33704918032786885;0,0034426229508196723;0,0022950819672131148;0,0006557377049180328;0,003934426229508197;0,004918032786885246;0,0036065573770491803;0,25672131147540983;0,25114754098360653
EC141251;2118,0;1847,0;159,0;112,0;0,07507082152974505;0,05288007554296506;0,010387157695939566;0,003777148253068933;0,0084985835694051;0,00424929178470255;0,0056657223796034;0,333805476864967;0,0044853635505193576;0,0033050047214353163;0,0018885741265344666;0,010859301227573183;0,00424929178470255;0,012039660056657223;0,18932955618508027;0,26298394711992445
EC150150;25063,0;23966,0;916,0;180,0;0,036547899293779676;0,007181901607947971;0,03946055939033635;0,0015959781350995492;0,001955073215496948;0,0010772852411921956;0,0009176874276822408;0,6137333918525316;0,002314168295894346;0,0012767825080796393;0,0029924590033116546;0,002792961736424211;0,0040697442445038505;0,004368990144835016;0,06659218768702868;0,2063998723217492
EC150151;4752,0;4372,0;260,0;122,0;0,054713804713804715;0,025673400673400674;0,030934343434343436;0,002946127946127946;0,002946127946127946;0,0023148148148148147;0,0008417508417508417;0,5486111111111112;0,003367003367003367;0,001473063973063973;0,001473063973063973;0,005050505050505051;0,004419191919191919;0,006628787878787879;0,09743265993265993;0,2015993265993266
EC150153;5033,0;4629,0;277,0;126,0;0,055036757401152395;0,025034770514603615;0,03655871249751639;0,0029803298231670973;0,004569839062189549;0,0009934432743890324;0,001986886548778065;0,526723624081065;0,0032783628054838068;0,004371150407311742;0,0015895092390224518;0,005364593681700775;0,004967216371945162;0,0035763957878005167;0,08046890522551162;0,23544605603020066
EC150154;1444,0;1402,0;30,0;12,0;0,02077562326869806;0,008310249307479225;0,02077562326869806;0,0013850415512465374;0,002770083102493075;0,0006925207756232687;0,0;0,6537396121883656;0,0013850415512465374;0,0006925207756232687;0,0013850415512465374;0,0034626038781163434;0,0006925207756232687;0,0031163434903047093;0,1433518005540166;0,1329639889196676
EC150155;3721,0;3498,0;162,0;61,0;0,04353668368718087;0,01639344262295082;0,026605751142166085;0,0018812147272238647;0,0013437248051599033;0,0013437248051599033;0,0010749798441279225;0,5995700080623488;0,0016124697661918839;0,0008062348830959419;0,002149959688255845;0,004837409298575652;0,0034936844934157483;0,006181134103735555;0,08116097823165816;0,20021499596882558
EC150156;4332,0;4030,0;233,0;72,0;0,05378578024007387;0,01662049861495845;0,03347183748845799;0,0025392428439519853;0,0011542012927054479;0,0013850415512465374;0,0009233610341643582;0,5630193905817175;0,00265466297322253;0,0013850415512465374;0,0009233610341643582;0,00554016620498615;0,0039242843951985225;0,0019621421975992612;0,09879963065558633;0,2079870729455217
EC150157;2550,0;2463,0;59,0;26,0;0,023137254901960783;0,01019607843137255;0,01647058823529412;0,00196078431372549;0,002352941176470588;0,000392156862745098;0,001568627450980392;0,6086274509803922;0,0017647058823529412;0,000784313725490196;0,000784313725490196;0,004705882352941176;0,001568627450980392;0,000784313725490196;0,10156862745098039;0,22
EC150158;3173,0;3020,0;109,0;41,0;0,03435234793570753;0,012921525370312008;0,021745981720768987;0,001575795776867318;0,00441222817522849;0,001575795776867318;0,0009454774661203908;0,5638197289631264;0,0026788528206744405;0,0012606366214938543;0,003151591553734636;0,0034667507091080997;0,0034667507091080997;0,0028364323983611725;0,13488811849984242;0,20044122281752286
EC150350;11651,0;10879,0;600,0;172,0;0,05149772551712299;0,014762681314908592;0,03416015792635825;0,001888249935627843;0,0030898635310273796;0,001888249935627843;0,0014591022229851515;0,42125139473006606;0,0032615226160844562;0,0023173976482705346;0,0018024203930993047;0,005235602094240838;0,0038623294137842246;0,004033988498841301;0,17346150545017594;0,26873229765685347
EC150352;4801,0;4473,0;256,0;73,0;0,053322224536554885;0,015205165590501979;0,027077692147469277;0,00041657987919183504;0,002082899395959175;0,0016663195167673402;0,00041657987919183504;0,3803374297021454;0,0023953343053530513;0,0012497396375755051;0,0024994792751510102;0,0039575088523224325;0,003124349093938763;0,002603624244948969;0,22057904603207665;0,2782753593001458
EC150354;2681,0;2505,0;136,0;40,0;0,05072734054457292;0,014919806042521447;0,02946661693397986;0,0003729951510630362;0,007086907870197687;0,0007459903021260724;0,001864975755315181;0,29653114509511375;0,0033569563595673255;0,0026109660574412533;0,0026109660574412533;0,005594927265945543;0,00484893696381947;0,004475941812756434;0,32525177172696756;0,24170085788884743
EC150356;1908,0;1797,0;84,0;27,0;0,0440251572327044;0,014150943396226415;0,027777777777777776;0,0015723270440251573;0,0031446540880503146;0,0010482180293501049;0,002620545073375262;0,2809224318658281;0,0031446540880503146;0,0010482180293501049;0,0005241090146750524;0,0041928721174004195;0,0020964360587002098;0,0018343815513626835;0,19654088050314467;0,41037735849056606
EC150450;3848,0;3599,0;218,0;31,0;0,056652806652806656;0,008056133056133057;0,03170478170478171;0,0005197505197505198;0,0002598752598752599;0,0007796257796257797;0,0007796257796257797;0,39942827442827444;0,0018191268191268192;0,0010395010395010396;0,0012993762993762994;0,002338877338877339;0,002858627858627859;0,004287941787941788;0,04521829521829522;0,43685031185031187
EC150451;604,0;564,0;28,0;12,0;0,046357615894039736;0,019867549668874173;0,02152317880794702;0,0;0,0033112582781456954;0,0;0,0;0,3956953642384106;0,0016556291390728477;0,0;0,0;0,0;0,0016556291390728477;0,0024834437086092716;0,06788079470198675;0,43543046357615894
EC150452;296,0;272,0;17,0;7,0;0,057432432432432436;0,02364864864864865;0,006756756756756757;0,0;0,0;0,0;0,0;0,3108108108108108;0,0016891891891891893;0,0;0,0;0,0033783783783783786;0,0033783783783783786;0,0016891891891891893;0,04054054054054054;0,5472972972972973
EC150453;524,0;517,0;6,0;1,0;0,011450381679389313;0,0019083969465648854;0,003816793893129771;0,0;0,0;0,0;0,0;0,0648854961832061;0,0;0,0;0,0;0,0019083969465648854;0,0;0,0;0,05725190839694656;0,8587786259541985
EC150454;1105,0;1022,0;69,0;14,0;0,06244343891402715;0,012669683257918552;0,026244343891402715;0,0;0,0009049773755656109;0,0;0,0;0,37013574660633486;0,0013574660633484162;0,0;0,0;0,0;0,0027149321266968325;0,0036199095022624436;0,04072398190045249;0,47420814479638007
EC150455;457,0;436,0;20,0;1,0;0,0437636761487965;0,002188183807439825;0,019693654266958426;0,0;0,0;0,0;0,0;0,4660831509846827;0,0010940919037199124;0,0;0,0;0,002188183807439825;0,002188183807439825;0,002188183807439825;0,03938730853391685;0,4179431072210066
EC150750;1728,0;1617,0;93,0;18,0;0,05381944444444445;0,010416666666666666;0,031828703703703706;0,0023148148148148147;0,0028935185185185184;0,0011574074074074073;0,0028935185185185184;0,4976851851851852;0,001736111111111111;0,0023148148148148147;0,001736111111111111;0,0005787037037037037;0,003472222222222222;0,004629629629629629;0,056712962962962965;0,3194444444444444
EC150751;458,0;438,0;14,0;6,0;0,03056768558951965;0,013100436681222707;0,028384279475982533;0,0;0,002183406113537118;0,0;0,006550218340611353;0,49563318777292575;0,0;0,0;0,002183406113537118;0,0;0,004366812227074236;0,0;0,04148471615720524;0,37554585152838427
EC150752;476,0;452,0;19,0;5,0;0,03991596638655462;0,01050420168067227;0,018907563025210083;0,0;0,0;0,0;0,01680672268907563;0,32142857142857145;0,0021008403361344537;0,0;0,0;0,0021008403361344537;0,004201680672268907;0,0010504201680672268;0,11134453781512606;0,4684873949579832
EC150753;601,0;558,0;38,0;5,0;0,0632279534109817;0,008319467554076539;0,024958402662229616;0,0;0,0016638935108153079;0,0;0,0066555740432612314;0,3427620632279534;0,0;0,008319467554076539;0,0016638935108153079;0,0;0,0;0,0008319467554076539;0,10149750415973377;0,43926788685524126
EC150754;1698,0;1618,0;58,0;22,0;0,03415783274440518;0,012956419316843345;0,03180212014134275;0,001177856301531213;0,0005889281507656066;0,001177856301531213;0,01060070671378092;0,5759717314487632;0,001177856301531213;0,001177856301531213;0,0005889281507656066;0,0005889281507656066;0,004122497055359246;0,001177856301531213;0,03651354534746761;0,2838633686690224
EC150756;234,0;227,0;6,0;0,0;0,02564102564102564;0,0;0,02564102564102564;0,0;0,01282051282051282;0,0;0,03418803418803419;0,44871794871794873;0,0;0,0;0,004273504273504274;0,0;0,004273504273504274;0,002136752136752137;0,03418803418803419;0,4017094017094017
EC150950;3295,0;3114,0;133,0;48,0;0,04036418816388467;0,01456752655538695;0,027921092564491653;0,0012139605462822458;0,0012139605462822458;0,00030349013657056146;0,0012139605462822458;0,6142640364188164;0,0030349013657056147;0,0021244309559939304;0,0009104704097116844;0,003338391502276176;0,005766312594840668;0,0025796661608497723;0,0646433990895296;0,2109256449165402
EC160150;28437,0;26517,0;1597,0;317,0;0,05615922917326019;0,011147448746351584;0,029152160917115026;0,0004923163484193128;0,0016527763125505504;0,0015121144987164609;0,0015824454056335055;0,6249956043183177;0,0026725744628476986;0,001125294510672715;0,0020395963005942963;0,001617610859092028;0,0027780708232232653;0,004395681682315293;0,04184688961564159;0,20955093715933468
EC160152;1458,0;1247,0;124,0;88,0;0,0850480109739369;0,06035665294924554;0,01577503429355281;0,0027434842249657062;0,00411522633744856;0,00205761316872428;0,00205761316872428;0,46982167352537724;0,008916323731138546;0,0;0,0;0,011659807956104253;0,0054869684499314125;0,003429355281207133;0,14266117969821673;0,17421124828532236
EC160154;1393,0;1265,0;78,0;49,0;0,05599425699928212;0,035175879396984924;0,023689877961234746;0,0007178750897343862;0,003589375448671931;0,0014357501794687725;0,0014357501794687725;0,5599425699928212;0,00574300071787509;0,0014357501794687725;0,0;0,004307250538406317;0,006460875807609476;0,002512562814070352;0,09045226130653267;0,1981335247666906
EC160155;1292,0;1227,0;48,0;17,0;0,03715170278637771;0,013157894736842105;0,02089783281733746;0,0007739938080495357;0,0030959752321981426;0,0015479876160990713;0,0007739938080495357;0,6269349845201239;0,005030959752321981;0,0015479876160990713;0,0007739938080495357;0,0023219814241486067;0,0046439628482972135;0,0042569659442724455;0,05417956656346749;0,21362229102167182
EC160156;2122,0;1846,0;177,0;98,0;0,08341187558906692;0,046182846371347785;0,013666352497643733;0,001413760603204524;0,004241281809613572;0,0051837888784165885;0,00471253534401508;0,32704995287464655;0,004241281809613572;0,004241281809613572;0,003298774740810556;0,008011310084825637;0,006597549481621112;0,00471253534401508;0,37464655984919887;0,09896324222431668
EC160157;340,0;315,0;17,0;8,0;0,05;0,023529411764705882;0,014705882352941176;0,0;0,0;0,0029411764705882353;0,0;0,6529411764705882;0,0058823529411764705;0,0029411764705882353;0,0;0,0;0,0058823529411764705;0,0029411764705882353;0,04411764705882353;0,18529411764705883
EC160158;226,0;202,0;21,0;3,0;0,09292035398230089;0,01327433628318584;0,01327433628318584;0,008849557522123894;0,008849557522123894;0,008849557522123894;0,022123893805309734;0,252212389380531;0,015486725663716814;0,0;0,004424778761061947;0,01327433628318584;0,008849557522123894;0,0;0,11504424778761062;0,40707964601769914
EC160159;432,0;394,0;21,0;17,0;0,04861111111111111;0,03935185185185185;0,009259259259259259;0,0023148148148148147;0,004629629629629629;0,009259259259259259;0,0;0,3194444444444444;0,005787037037037037;0,004629629629629629;0,0;0,016203703703703703;0,004629629629629629;0,004629629629629629;0,2962962962962963;0,22453703703703703
EC160161;2193,0;1960,0;164,0;70,0;0,07478340173278614;0,03191974464204286;0,008663930688554491;0,0013679890560875513;0,007751937984496124;0,004559963520291838;0,0027359781121751026;0,19927040583675332;0,003875968992248062;0,005471956224350205;0,0009119927040583675;0,010031919744642043;0,00364797081623347;0,001823985408116735;0,5166438668490652;0,12129502963976288
EC160162;4237,0;3841,0;288,0;110,0;0,0679726221383054;0,025961765400047205;0,011092754307292896;0,0028321925890960587;0,003068208638187397;0,002124144441822044;0,00259617654000472;0,4873731413736134;0,004366296908189757;0,0009440641963653528;0,001180080245456691;0,004956337030918102;0,00259617654000472;0,0038942648100070807;0,18928487137125324;0,18196837384942177
EC160163;3017,0;2764,0;192,0;61,0;0,06363937686443487;0,020218760357971495;0,015909844216108717;0,0019887305270135896;0,0006629101756711965;0,0019887305270135896;0,0019887305270135896;0,5223732184289028;0,0034802784222737818;0,0009943652635067948;0,002651640702684786;0,0019887305270135896;0,002651640702684786;0,0028173682466025854;0,10142525687769308;0,2489227709645343
EC160164;900,0;837,0;54,0;9,0;0,06;0,01;0,01888888888888889;0,0011111111111111111;0,0022222222222222222;0,0011111111111111111;0,0022222222222222222;0,5211111111111111;0,0033333333333333335;0,0033333333333333335;0,0022222222222222222;0,0;0,0033333333333333335;0,0022222222222222222;0,13444444444444445;0,2288888888888889
EC160165;1824,0;1710,0;88,0;24,0;0,04824561403508772;0,013157894736842105;0,02850877192982456;0,0005482456140350877;0,0010964912280701754;0,0021929824561403508;0,0010964912280701754;0,6288377192982456;0,0021929824561403508;0,0005482456140350877;0,001644736842105263;0,0027412280701754384;0,003289473684210526;0,003289473684210526;0,04824561403508772;0,20778508771929824
EC160166;1291,0;1184,0;85,0;23,0;0,06584043377226956;0,017815646785437646;0,026336173508907823;0,001549186676994578;0,003098373353989156;0,003098373353989156;0,000774593338497289;0,4740511231603408;0,003098373353989156;0,0;0,001549186676994578;0,0038729666924864447;0,0023237800154918666;0,005034856700232378;0,056545313710302095;0,32765298218435324
EC160250;1322,0;1243,0;67,0;12,0;0,05068078668683813;0,009077155824508321;0,023449319213313162;0,0007564296520423601;0,0022692889561270802;0,0015128593040847202;0,0007564296520423601;0,6111951588502269;0,0022692889561270802;0,0;0,0022692889561270802;0,0007564296520423601;0,0037821482602118004;0,00529500756429652;0,02798789712556732;0,2503782148260212
EC160251;1581,0;1493,0;60,0;28,0;0,03795066413662239;0,017710309930423784;0,01644528779253637;0,0018975332068311196;0,0018975332068311196;0,0031625553447185324;0,002530044275774826;0,4459203036053131;0,005376344086021506;0,002530044275774826;0,0018975332068311196;0,003795066413662239;0,0018975332068311196;0,0031625553447185324;0,14484503478810878;0,30044275774826057
EC160252;5314,0;5022,0;244,0;47,0;0,04591644712081295;0,008844561535566429;0,0312382386149793;0,0005645464809936018;0,0026345502446368085;0,003763643206624012;0,0016936394429808055;0,6236356793375988;0,002540459164471208;0,0015054572826496049;0,0001881821603312006;0,0016936394429808055;0,002822732404968009;0,003763643206624012;0,04252916823485134;0,2201731275875047
EC160350;3108,0;2970,0;96,0;42,0;0,03088803088803089;0,013513513513513514;0,015122265122265123;0,001287001287001287;0,001287001287001287;0,002574002574002574;0,0016087516087516086;0,46074646074646075;0,004021879021879022;0,00032175032175032174;0,0009652509652509653;0,0028957528957528956;0,0009652509652509653;0,0028957528957528956;0,166988416988417;0,287001287001287
EC160351;799,0;726,0;42,0;31,0;0,052565707133917394;0,03879849812265332;0,03379224030037547;0,0;0,0;0,0;0,0;0,5206508135168961;0,007509386733416771;0,0;0,0012515644555694619;0,011264080100125156;0,0025031289111389237;0,0031289111389236545;0,11889862327909888;0,19899874843554444
EC160450;3456,0;3277,0;122,0;55,0;0,03530092592592592;0,015914351851851853;0,011574074074074073;0,0023148148148148147;0,004050925925925926;0,002025462962962963;0,0014467592592592592;0,42042824074074076;0,0033275462962962963;0,00318287037037037;0,0011574074074074073;0,0026041666666666665;0,002025462962962963;0,003761574074074074;0,2204861111111111;0,26273148148148145
EC160451;1894,0;1675,0;114,0;105,0;0,06019007391763464;0,05543822597676874;0,008447729672650475;0,0031678986272439284;0,004223864836325237;0,006863780359028511;0,0015839493136219642;0,33738120380147835;0,006071805702217529;0,003695881731784583;0,0010559662090813093;0,004751847940865892;0,0031678986272439284;0,00395987328405491;0,24234424498416052;0,24762407602956704
EC170151;16068,0;15049,0;869,0;136,0;0,054082648742842916;0,00846402788150361;0,03261140154344038;0,0007468259895444362;0,0013691809808314662;0,0014314164799601693;0,0026761264625342297;0,4626587005227782;0,002396066716455066;0,009148618371919343;0,0024894199651481204;0,0010580034851879513;0,0034851879512073688;0,005134428678117998;0,06316903161563356;0,34067712223052027
EC170152;23327,0;21663,0;1390,0;259,0;0,05958760234920907;0,011103013675140395;0,032280190337377286;0,0009431131307069061;0,0018862262614138122;0,0015861448107343421;0,0030008145067947013;0,32687443734728;0,0029579457281262056;0,0022291764907617783;0,002743601834783727;0,0015004072533973507;0,003386633514811163;0,006151669738929138;0,10489990140180906;0,4291164744716423
EC170153;1472,0;1319,0;125,0;28,0;0,08491847826086957;0,019021739130434784;0,030570652173913044;0,0;0,001358695652173913;0,0006793478260869565;0,006793478260869565;0,3539402173913043;0,001358695652173913;0,0006793478260869565;0,0033967391304347825;0,001358695652173913;0,0033967391304347825;0,004076086956521739;0,11413043478260869;0,3688858695652174
EC170154;3933,0;3623,0;233,0;75,0;0,05924230867022629;0,01906941266209001;0,02161200101703534;0,0007627765064836003;0,0015255530129672007;0,0010170353419781336;0,0038138825324180014;0,3707093821510298;0,0027968471904398677;0,002288329519450801;0,001779811848461734;0,0020340706839562673;0,0025425883549453345;0,011568777015001272;0,08848207475209764;0,39588100686498856
EC170155;119774,0;110686,0;8012,0;1024,0;0,06689264782006112;0,0085494347688146;0,03516622973266318;0,0010436321739275636;0,0026967455374288245;0,00180339639654683;0,0025882077913403577;0,39430093342461636;0,002250070966987827;0,0015195284452385325;0,0025381134469918344;0,0012690567234959172;0,0032143870956968957;0,005385142017466228;0,05545443919381502;0,407258670496101
EC170156;69851,0;65601,0;3832,0;398,0;0,054859629783396084;0,005697842550571932;0,034144106741492604;0,0006585446163977609;0,002047214785758257;0,0016177291663684128;0,003206825958110836;0,5379880030350317;0,0025554394353695725;0,0017036262902463816;0,002090163347697241;0,0008160226768407038;0,00402284863495154;0,0053542540550600565;0,04246181157034259;0,2925799201156748
EC170157;30750,0;29285,0;1286,0;165,0;0,041821138211382114;0,005365853658536586;0,02926829268292683;0,0005853658536585366;0,0012032520325203251;0,001008130081300813;0,0026016260162601626;0,6401626016260162;0,003040650406504065;0,0009105691056910569;0,006959349593495935;0,0008130081300813008;0,001951219512195122;0,002991869918699187;0,0352520325203252;0,21957723577235772
EC170158;659,0;591,0;52,0;16,0;0,07890743550834597;0,024279210925644917;0,024279210925644917;0,0;0,0030349013657056147;0,0015174506828528073;0,0015174506828528073;0,36570561456752654;0,0030349013657056147;0,0015174506828528073;0,0015174506828528073;0,0;0,004552352048558422;0,006069802731411229;0,10015174506828528;0,37481031866464337
EC170159;6406,0;5891,0;425,0;90,0;0,06634405245082735;0,01404932875429285;0,019512956603184514;0,001248829222603809;0,0020293474867311896;0,0007805182641273806;0,0031220730565095223;0,2535123321885732;0,0032001248829222604;0,0021854511395566654;0,002497658445207618;0,0010927255697783327;0,0032781767093349986;0,0029659694036840464;0,10677489853262566;0,5112394630034343
EC170160;14364,0;13170,0;953,0;231,0;0,0663464216095795;0,01608187134502924;0,022208298524087997;0,001392369813422445;0,001113895850737956;0,0010442773600668337;0,002575884154831523;0,27708159287106654;0,002506265664160401;0,0012531328320802004;0,0027151211361737676;0,000835421888053467;0,00341130604288499;0,0032720690615427456;0,12754107490949596;0,46414647730437203
EC170161;1443,0;1296,0;116,0;32,0;0,08038808038808039;0,022176022176022176;0,01386001386001386;0,000693000693000693;0,002772002772002772;0,0;0,004158004158004158;0,3562023562023562;0,002079002079002079;0,002079002079002079;0,001386001386001386;0,002079002079002079;0,001386001386001386;0,0038115038115038116;0,06514206514206514;0,4365904365904366
EC170162;2791,0;2563,0;201,0;27,0;0,07201719813686851;0,009673951988534575;0,026872088857040486;0,0014331780723754925;0,002149767108563239;0,0014331780723754925;0,0025080616266571123;0,34682909351486924;0,0037620924399856684;0,002149767108563239;0,002149767108563239;0,0017914725904693658;0,002149767108563239;0,004478681476173415;0,09387316374059478;0,4184879971336439
EC170163;12983,0;11823,0;951,0;196,0;0,07324963413694832;0,015096664869444658;0,023492259108064392;0,0003851190017715474;0,0015404760070861895;0,0009242856042517138;0,0011553570053146423;0,3243472232919972;0,002079642609566356;0,0010783332049603327;0,0015404760070861895;0,0010783332049603327;0,0023107140106292845;0,0037356543171840097;0,07109296772702765;0,4700762535623508
EC170164;6090,0;5561,0;440,0;83,0;0,0722495894909688;0,013628899835796387;0,026436781609195402;0,00016420361247947455;0,002134646962233169;0,0009852216748768472;0,002134646962233169;0,29802955665024633;0,0038587848932676518;0,0009852216748768472;0,0024630541871921183;0,0013136288998357964;0,004105090311986864;0,004022988505747126;0,10853858784893268;0,45008210180623975
EC170165;8172,0;7583,0;517,0;66,0;0,06326480665687714;0,008076358296622614;0,029490944689182574;0,0013460597161037689;0,0015907978463044542;0,0007342143906020558;0,0020802741067058247;0,3833822809593735;0,0026921194322075378;0,0026921194322075378;0,0015907978463044542;0,0009789525208027412;0,003059226627508566;0,0047723935389133625;0,09630445423396965;0,3897454723445913
EC170166;1623,0;1507,0;94,0;23,0;0,05791743684534812;0,014171287738755391;0,02033271719038817;0,0018484288354898336;0,0012322858903265558;0,0018484288354898336;0,0018484288354898336;0,3567467652495379;0,004929143561306223;0,0012322858903265558;0,0012322858903265558;0,0006161429451632779;0,0024645717806531116;0,0015403573629081946;0,1361675908810844;0,3900184842883549
EC170168;1954,0;1725,0;173,0;56,0;0,08853633572159672;0,028659160696008188;0,013817809621289662;0,0010235414534288639;0,0015353121801432957;0,0040941658137154556;0,00255885363357216;0,3638689866939611;0,0035823950870010235;0,0015353121801432957;0,007676560900716479;0,00255885363357216;0,004605936540429887;0,0040941658137154556;0,062436028659160696;0,4017400204708291
EC170169;2531,0;2259,0;211,0;60,0;0,08336625839589096;0,023706045041485577;0,020545239035954167;0,0007902015013828526;0,0019755037534571317;0,0015804030027657052;0,001185302252074279;0,3828526274199921;0,002568154879494271;0,0015804030027657052;0,0039510075069142635;0,001185302252074279;0,0015804030027657052;0,004741209008297116;0,044251284077439744;0,41643619122876335
EC170170;9511,0;8985,0;439,0;83,0;0,04615708127431395;0,008726737461886238;0,02933445484176217;0,0008411313216275891;0,0013668383976448322;0,0010514141520344864;0,006308484912206918;0,5535695510461571;0,0025233939648827675;0,002628535380086216;0,0022079697192724213;0,0014719798128482809;0,0030491010409000106;0,004153085900536221;0,0616128693092209;0,26790032593838714
EC170171;1268,0;1148,0;102,0;18,0;0,0804416403785489;0,014195583596214511;0,018138801261829655;0,0007886435331230284;0,003943217665615142;0,0015772870662460567;0,0031545741324921135;0,2870662460567823;0,003548895899053628;0,002365930599369085;0,0007886435331230284;0,0;0,003943217665615142;0,0031545741324921135;0,13643533123028392;0,43375394321766564
EC170172;3190,0;2793,0;302,0;95,0;0,09467084639498433;0,029780564263322883;0,026018808777429465;0,0006269592476489029;0,0025078369905956114;0,001567398119122257;0,001567398119122257;0,34890282131661443;0,004231974921630094;0,0028213166144200625;0,0028213166144200625;0,0012539184952978057;0,00438871473354232;0,005642633228840125;0,07554858934169278;0,3877742946708464
EC170174;728,0;684,0;36,0;8,0;0,04945054945054945;0,01098901098901099;0,027472527472527472;0,0;0,0;0,0;0,0013736263736263737;0,43131868131868134;0,004807692307692308;0,0013736263736263737;0,004120879120879121;0,0013736263736263737;0,012362637362637362;0,003434065934065934;0,06593406593406594;0,37774725274725274
EC170175;14126,0;12921,0;987,0;216,0;0,06987115956392467;0,01529095285289537;0,028953702392750955;0,0003539572419651706;0,002123743451791024;0,0013450375194676482;0,002477700693756194;0,2958374628344896;0,003928925385813394;0,0020529520033979896;0,002973240832507433;0,0016282033130397848;0,0038227382132238427;0,004318278351975081;0,10151493699561093;0,4551182217188164
EC170176;15378,0;14385,0;801,0;192,0;0,052087397580959816;0,012485368708544674;0,020483808037456107;0,0009103914683313824;0,0011705033164260631;0,001755754974639095;0,003251398101183509;0,26479386136038496;0,002568604499934972;0,0011705033164260631;0,0024710625568994666;0,002080894784757446;0,0029912862530888282;0,004584471322668747;0,13811939133827547;0,4819222265574197
EC170177;26439,0;24818,0;1419,0;187,0;0,05367071371837059;0,007072884753583721;0,0292371118423541;0,0005673436968115284;0,0021937289610045765;0,0009455728280192141;0,0038579371383183933;0,5143916184424524;0,0021937289610045765;0,0016263852641930482;0,0023828435266084196;0,0004160520443284542;0,002874541397178411;0,005200650554105677;0,04334505843640077;0,3220621052233443
EC170178;5019,0;4459,0;385,0;175,0;0,07670850767085077;0,03486750348675035;0,021916716477385932;0,0019924287706714486;0,001394700139470014;0,0003984857541342897;0,001394700139470014;0,28631201434548714;0,0041841004184100415;0,002590157401872883;0,0021916716477385933;0,002590157401872883;0,002988643156007173;0,004383343295477187;0,10121538155010959;0,44630404463040446
EC170179;11860,0;11008,0;713,0;136,0;0,06011804384485666;0,011467116357504217;0,026475548060708263;0,0003372681281618887;0,0026981450252951096;0,0011804384485666105;0,0021079258010118043;0,37925801011804383;0,0030775716694772344;0,0016863406408094434;0,002951096121416526;0,0008431703204047217;0,003962900505902193;0,003372681281618887;0,0612141652613828;0,4325463743676223
EC170180;27192,0;25252,0;1706,0;225,0;0,0627390408943807;0,00827449249779347;0,02783907031479847;0,0007355104442483084;0,002059429243895263;0,0014342453662842013;0,0023536334215945864;0,39279935275080907;0,00224330685495734;0,0012503677552221243;0,0020962047661076785;0,0007355104442483084;0,003089143865842895;0,00553471609296852;0,07498528979111503;0,40372168284789645
EC170181;5074,0;4493,0;428,0;152,0;0,0843515963736697;0,029956641702798582;0,018525817895151755;0,0009854158454867955;0,001970831690973591;0,0017737485218762318;0,003744580212849823;0,28163184864012614;0,0026606227828143477;0,0017737485218762318;0,0035474970437524636;0,0017737485218762318;0,0029562475364603865;0,0043358297201418995;0,11765865195112338;0,4351596373669689
EC170183;2419,0;2224,0;157,0;38,0;0,0649028524183547;0,015708970649028525;0,03141794129805705;0,00041339396444811904;0,0024803637866887144;0,0024803637866887144;0,0016535758577924762;0,3985117817279868;0,0031004547333608927;0,0012401818933443572;0,002066969822240595;0,0016535758577924762;0,0012401818933443572;0,00434063662670525;0,05663497312939231;0,40471269119470854
EC170184;45723,0;42107,0;3164,0;438,0;0,06919930888174441;0,009579423922314808;0,03223760470660281;0,001268508190626162;0,0027119830282352425;0,0016621831463377293;0,0030181746604553508;0,43750410078078866;0,0030181746604553508;0,0015528289919734051;0,0033243662926754586;0,0009185748966603241;0,002799466351726702;0,0042866828510815125;0,06412527611923977;0,3551822933753253
EC170185;16023,0;14681,0;1079,0;254,0;0,0673406977469887;0,015852212444610873;0,02858391062847157;0,0008113337077950446;0,0022467702677401234;0,002121949697310117;0,0038694376833302126;0,29763465019035135;0,0037758222555077077;0,0016850777008050927;0,002995693690320165;0,0011233851338700617;0,0029332834051051613;0,0037758222555077077;0,08818573300879985;0,4689508831055358
EC170186;4427,0;4140,0;248,0;38,0;0,056019878021233344;0,008583690987124463;0,039078382651908744;0,0009035464196973119;0,0013553196295459679;0,0020329794443189517;0,00451773209848656;0,3930426925683307;0,003049469166478428;0,002484752654167608;0,00225886604924328;0,001581206234470296;0,0020329794443189517;0,00734131466004066;0,12017167381974249;0,3449288457194488
EC170250;5696,0;5227,0;368,0;100,0;0,06460674157303371;0,0175561797752809;0,023525280898876403;0,00035112359550561797;0,0024578651685393258;0,0008778089887640449;0,002106741573033708;0,18521769662921347;0,0017556179775280898;0,001053370786516854;0,0024578651685393258;0,0007022471910112359;0,0029845505617977527;0,0031601123595505617;0,19645365168539325;0,48964185393258425
EC170251;4110,0;3819,0;233,0;56,0;0,05669099756690998;0,013625304136253041;0,027493917274939172;0,00024330900243309004;0,0012165450121654502;0,00072992700729927;0,00145985401459854;0,3048661800486618;0,002068126520681265;0,0012165450121654502;0,0009732360097323601;0,00072992700729927;0,0017031630170316302;0,004622871046228711;0,1362530413625304;0,4389294403892944
EC170252;11520,0;10122,0;1094,0;300,0;0,09496527777777777;0,026041666666666668;0,010243055555555556;0,0008680555555555555;0,0011284722222222221;0,0009548611111111111;0,0013020833333333333;0,07864583333333333;0,002907986111111111;0,0009548611111111111;0,0009548611111111111;0,0015625;0,0026041666666666665;0,008637152777777778;0,29835069444444445;0,4579861111111111
EC170253;5593,0;5070,0;414,0;108,0;0,07402109780082246;0,019309851600214555;0,007330591811192562;0,00017879492222420883;0,0017879492222420883;0,0014303593777936707;0,0014303593777936707;0,09672805292329698;0,0020561416055784017;0,0007151796888968353;0,0007151796888968353;0,001072769533345253;0,0007151796888968353;0,002592526372251028;0,303951367781155;0,48113713570534594
EC170254;2243,0;2040,0;161,0;41,0;0,07177886758805171;0,018279090503789567;0,014266607222469906;0,0013374944271065537;0,0008916629514043691;0,0008916629514043691;0,00044583147570218456;0,1275078020508248;0,0008916629514043691;0,002229157378510923;0,0008916629514043691;0,002229157378510923;0,002229157378510923;0,0026749888542131075;0,29736959429335713;0,45207311636201514
EC170255;3154,0;2914,0;194,0;49,0;0,061509194673430564;0,015535827520608751;0,016804058338617627;0,0012682308180088776;0,0019023462270133164;0,0012682308180088776;0,0006341154090044388;0,20830691185795816;0,002694990488268865;0,0006341154090044388;0,009511731135066582;0,0012682308180088776;0,0019023462270133164;0,004280279010779962;0,20323398858592265;0,46322130627774255
EC170256;6577,0;6143,0;322,0;108,0;0,04895849171354721;0,01642086057473012;0,015964725558765394;0,0010643150372510264;0,003344990117074654;0,015508590542800668;0,001672495058537327;0,1886878516040748;0,001976585069180477;0,001520450053215752;0,0018245400638589023;0,000760225026607876;0,002280675079823628;0,0035730576250570167;0,21742435760985251;0,4728599665500988
EC170350;26930,0;25266,0;1416,0;240,0;0,052580764946156704;0,008911994058670627;0,027812848124767916;0,0005941329372447085;0,001188265874489417;0,0018195321203119197;0,001856665428889714;0,4257333828444114;0,001968065354623097;0,001596732268845154;0,0019309320460453026;0,00077979948013368;0,003304864463423691;0,004641663572224285;0,15796509468993689;0,30040846639435576
EC170351;7083,0;6609,0;404,0;65,0;0,05703797825780037;0,00917690244246788;0,029789637159395737;0,0014118311449950586;0,0021177467174925877;0,0008470986869970351;0,002258929831992094;0,36820556261471127;0,0026824791754906114;0,0012706480304955528;0,0021177467174925877;0,00028236622899901174;0,002964845404489623;0,0038119440914866584;0,16010165184243966;0,3487222928137795
EC170352;5235,0;4878,0;309,0;43,0;0,05902578796561605;0,008213944603629418;0,02464183381088825;0,0007640878701050621;0,002101241642788921;0,0015281757402101242;0,0007640878701050621;0,35491881566380135;0,002292263610315186;0,0026743075453677175;0,0017191977077363897;0,0009551098376313276;0,002101241642788921;0,004393505253104107;0,18796561604584527;0,33829990448901626
EC170353;12424,0;11421,0;854,0;153,0;0,06873792659368963;0,012314874436574372;0,026159047005795234;0,0009658725048293626;0,0019317450096587251;0,0015292981326464907;0,0016097875080489374;0,25740502253702513;0,0029781068898905344;0,001368319381841597;0,0016097875080489374;0,0009658725048293626;0,0021732131358660656;0,005312298776561494;0,1904378622021893;0,4165325177076626
EC170354;1176,0;1091,0;69,0;15,0;0,058673469387755105;0,012755102040816327;0,00935374149659864;0,0008503401360544217;0,0;0,0017006802721088435;0,0;0,26360544217687076;0,003826530612244898;0,0008503401360544217;0,002551020408163265;0,002551020408163265;0,0;0,004251700680272109;0,26700680272108845;0,3630952380952381
EC170355;2158,0;1919,0;188,0;51,0;0,0871177015755329;0,023632993512511583;0,022242817423540315;0,0009267840593141798;0,0004633920296570899;0,0023169601482854493;0,0018535681186283596;0,3767377201112141;0,0009267840593141798;0,004170528266913809;0,0037071362372567192;0,0004633920296570899;0,004633920296570899;0,0027803521779425394;0,0639481000926784;0,40037071362372567
EC170356;7820,0;7244,0;490,0;79,0;0,06265984654731457;0,01010230179028133;0,030946291560102302;0,0008951406649616369;0,0014066496163682865;0,0010230179028132991;0,0012787723785166241;0,38554987212276215;0,002173913043478261;0,002301790281329923;0,002301790281329923;0,0002557544757033248;0,0029411764705882353;0,005115089514066497;0,12583120204603582;0,35703324808184145
EC170357;3342,0;3109,0;193,0;40,0;0,05774985038898863;0,011968880909634948;0,026929982046678635;0,0008976660682226212;0,0014961101137043686;0,0005984440454817474;0,004189108318372232;0,49700777977259125;0,0011968880909634949;0,0017953321364452424;0,0005984440454817474;0,0008976660682226212;0,003590664272890485;0,005385996409335727;0,07899461400359066;0,30011968880909634
EC170450;15319,0;14310,0;775,0;236,0;0,05059076963248254;0,015405705333246296;0,022259938638292318;0,0007833409491481168;0,0016972387231542528;0,0011097330112931653;0,0010444545988641555;0,2315425288856975;0,0015340426920817285;0,0010444545988641555;0,002088909197728311;0,0008486193615771264;0,0024805796723023697;0,004047261570598603;0,18010313989163784;0,4779685358052092
EC170451;2728,0;2531,0;143,0;54,0;0,05241935483870968;0,019794721407624633;0,02126099706744868;0,0007331378299120235;0,001466275659824047;0,0018328445747800588;0,0007331378299120235;0,2569648093841642;0,0020161290322580645;0,00036656891495601173;0,0007331378299120235;0,0010997067448680353;0,004765395894428153;0,0023826979472140763;0,21480938416422288;0,4142228739002933
EC170452;3940,0;3599,0;269,0;70,0;0,0682741116751269;0,017766497461928935;0,016751269035532996;0,0012690355329949238;0,002284263959390863;0,0007614213197969543;0,0015228426395939086;0,2233502538071066;0,0021573604060913707;0,0017766497461928934;0,0017766497461928934;0,0017766497461928934;0,0012690355329949238;0,005964467005076142;0,14441624365482233;0,500253807106599
EC170453;1427,0;1324,0;75,0;28,0;0,05255781359495445;0,019621583742116328;0,014716187806587245;0,000700770847932726;0,001401541695865452;0,0;0,001401541695865452;0,23265592151366504;0,00350385423966363;0,004204625087596356;0,000700770847932726;0,002102312543798178;0,002102312543798178;0,00350385423966363;0,18780658724597057;0,46601261387526277
EC170454;3773,0;3495,0;210,0;69,0;0,055658627087198514;0,018287834614365228;0,007951232441028359;0,0010601643254704478;0,0021203286509408957;0,0007951232441028359;0,0010601643254704478;0,12934004770739466;0,0017227670288894779;0,0010601643254704478;0,0031804929764113437;0,0023853697323085077;0,0018552875695732839;0,0011926848661542539;0,24860853432282004;0,5210707659687251
EC170550;58280,0;54828,0;3050,0;369,0;0,05233356211393274;0,006331503088538092;0,030679478380233355;0,001338366506520247;0,0020933424845573094;0,0018531228551818806;0,0020075497597803705;0,4911633493479753;0,002616678105696637;0,001424159231297186;0,0025223061084420043;0,0008750857927247769;0,002796842827728209;0,00537920384351407;0,05403225806451613;0,3339910775566232
EC170551;2548,0;2353,0;171,0;22,0;0,06711145996860282;0,008634222919937205;0,03218210361067504;0,0007849293563579278;0,0011773940345368916;0,0019623233908948193;0,002354788069073783;0,3963893249607535;0,004120879120879121;0,0015698587127158557;0,0031397174254317113;0,0011773940345368916;0,002354788069073783;0,003924646781789639;0,07574568288854003;0,38854003139717425
EC170552;517,0;487,0;25,0;5,0;0,048355899419729204;0,009671179883945842;0,030947775628626693;0,0;0,0;0,0;0,0019342359767891683;0,26305609284332687;0,0019342359767891683;0,0019342359767891683;0,0038684719535783366;0,0019342359767891683;0,0038684719535783366;0,0019342359767891683;0,15667311411992263;0,4700193423597679
EC170750;8291,0;7678,0;464,0;150,0;0,055964298637076346;0,01809190688698589;0,02424315522856109;0,0012061271257990593;0,001567965263538777;0,0008442889880593415;0,001688577976118683;0,43854782294053796;0,0033168495959474127;0,0019298034012784947;0,0021710288264383064;0,0009649017006392474;0,0036183813773971777;0,004040525871426849;0,030515016282716197;0,4040525871426848
EC170751;1993,0;1898,0;67,0;28,0;0,03361766181635725;0,014049172102358254;0,02408429503261415;0,0010035122930255895;0,0035122930255895636;0,0;0,0015052684395383843;0,4977420973406924;0,0017561465127947818;0,002007024586051179;0,0015052684395383843;0,0;0,002007024586051179;0,0035122930255895636;0,0386352232814852;0,36979427997992975
EC170850;11124,0;10141,0;742,0;240,0;0,06670262495505214;0,021574973031283712;0,015821646889608056;0,0012585400934915498;0,0008090614886731392;0,0022473930240920533;0,0010787486515641855;0,3994066882416397;0,0031014023732470336;0,0011686443725278676;0,0017979144192736426;0,000719165767709457;0,004135203164329378;0,0031912980942107156;0,02831715210355987;0,44228694714131606
EC170950;15420,0;13874,0;1051,0;494,0;0,06815823605706874;0,032036316472114135;0,016926070038910505;0,0006485084306095979;0,001621271076523995;0,001880674448767834;0,0009079118028534371;0,32814526588845655;0,0043125810635538265;0,002269779507133593;0,0020752269779507134;0,0018158236057068742;0,0026588845654993516;0,003955901426718547;0,017055771725032424;0,5071984435797665
EC180150;2847,0;2641,0;173,0;33,0;0,060765718299964876;0,011591148577449948;0,021777309448542326;0,002107481559536354;0,0024587284861257463;0,0014049877063575693;0,0028099754127151387;0,6094134176325957;0,003161222339304531;0,0028099754127151387;0,003161222339304531;0,001053740779768177;0,0035124692658939235;0,004039339655778012;0,06708816297857394;0,19564453811029153
EC180151;3101,0;2777,0;263,0;60,0;0,08481135117703967;0,019348597226701063;0,021605933569816188;0,0009674298613350532;0,004514672686230248;0,00419219606578523;0,004514672686230248;0,33537568526281847;0,004998387616897775;0,0029022895840051595;0,0029022895840051595;0,0029022895840051595;0,003869719445340213;0,003708481135117704;0,19800064495324088;0,2963560141889713
EC180152;7180,0;6674,0;426,0;75,0;0,059331476323119775;0,010445682451253482;0,027298050139275765;0,0002785515320334262;0,0036211699164345403;0,0018105849582172701;0,0037604456824512533;0,5742339832869081;0,003342618384401114;0,0023676880222841226;0,0020891364902506965;0,0025069637883008357;0,004735376044568245;0,004387186629526463;0,06295264623955432;0,22841225626740946
EC180153;6662,0;6088,0;467,0;107,0;0,07009906934854399;0,016061242870009006;0,023566496547583308;0,002701891323926749;0,003452416691684179;0,0013509456619633744;0,0028519963974782347;0,5264184929450615;0,00397778444911438;0,0025517862503752625;0,002701891323926749;0,003452416691684179;0,0028519963974782347;0,003677574302011408;0,12488742119483638;0,20174121885319724
EC180154;2004,0;1740,0;191,0;71,0;0,09530938123752496;0,035429141716566866;0,013972055888223553;0,00249500998003992;0,00249500998003992;0,000998003992015968;0,0029940119760479044;0,4665668662674651;0,005239520958083832;0,003992015968063872;0,0029940119760479044;0,003493013972055888;0,003493013972055888;0,0029940119760479044;0,17764471057884232;0,17065868263473055
EC180155;7090,0;6665,0;365,0;58,0;0,05148095909732017;0,008180535966149507;0,024823695345557124;0,0007052186177715092;0,0029619181946403386;0,001692524682651622;0,0029619181946403386;0,5937940761636107;0,0028208744710860366;0,0012693935119887166;0,001692524682651622;0,0009873060648801129;0,0043723554301833565;0,003244005641748942;0,07799717912552892;0,2146685472496474
EC180156;14783,0;13754,0;839,0;188,0;0,056754380031116825;0,012717310424135831;0,02509639450720422;0,0018264222417641886;0,002773455996753027;0,0013529053642697692;0,003652844483528377;0,5478590272610431;0,003720489751741866;0,0023675843874720963;0,0016234864371237232;0,002502874923899073;0,004058716092809308;0,003619021849421633;0,11398227693972807;0,20861800717039844
EC180157;5643,0;5074,0;420,0;146,0;0,07442849548112707;0,025872762714867978;0,013999645578592948;0,00177210703526493;0,002303739145844409;0,002658160552897395;0,002480949849370902;0,3678894205209995;0,003189792663476874;0,002480949849370902;0,00177210703526493;0,003012581959950381;0,003189792663476874;0,002658160552897395;0,3331561226298068;0,15275562643983698
EC180158;2623,0;2434,0;163,0;25,0;0,0621425848265345;0,009531071292413268;0,02706824247045368;0,002287457110179184;0,002287457110179184;0,0019062142584826535;0,001143728555089592;0,5688143347312238;0,001715592832634388;0,002287457110179184;0,003431185665268776;0,001143728555089592;0,003812428516965307;0,004765535646206634;0,05261151353412123;0,24818909645444148
EC180159;4440,0;3797,0;435,0;203,0;0,09797297297297297;0,04572072072072072;0,008558558558558558;0,0015765765765765765;0,0011261261261261261;0,0033783783783783786;0,0036036036036036037;0,30608108108108106;0,004279279279279279;0,0022522522522522522;0,0022522522522522522;0,0018018018018018018;0,0036036036036036037;0,01036036036036036;0,2822072072072072;0,20945945945945946
EC180160;10742,0;10017,0;580,0;144,0;0,05399366970768944;0,013405324892943585;0,027183019921802273;0,0012102029417240738;0,002885868553342022;0,0023273133494693724;0,002978961087320797;0,5844349283187489;0,0036771550921616087;0,001768758145596723;0,002606590951405697;0,0023273133494693724;0,004282256563023646;0,0040960714950660955;0,09253397877490226;0,1924222677341277
EC180161;8714,0;7707,0;792,0;212,0;0,09088822584347028;0,024328666513656186;0,009180628873077806;0,0011475786091347257;0,0020656414964425065;0,0028689465228368145;0,001606610052788616;0,163185678218958;0,002983704383750287;0,001377094330961671;0,0014918521918751435;0,0049345880192793205;0,002409915079182924;0,0023525361487261877;0,5247876979573101;0,15871012164333256
EC180162;7025,0;5896,0;876,0;255,0;0,12469750889679715;0,036298932384341634;0,017224199288256227;0,0015658362989323844;0,001281138790035587;0,002419928825622776;0,0046975088967971534;0,28939501779359433;0,0038434163701067618;0,002562277580071174;0,0015658362989323844;0,004128113879003558;0,00498220640569395;0,003772241992882562;0,30562277580071173;0,18861209964412812
EC180163;6330,0;5857,0;405,0;67,0;0,06398104265402843;0,010584518167456557;0,024802527646129544;0,0014218009478672985;0,0037914691943127963;0,001579778830963665;0,002843601895734597;0,5502369668246445;0,003080568720379147;0,0034755134281200632;0,0022116903633491313;0,001263823064770932;0,00315955766192733;0,004660347551342812;0,104739336492891;0,21026856240126382
EC180164;1692,0;1393,0;232,0;67,0;0,13711583924349882;0,03959810874704492;0,010638297872340425;0,001182033096926714;0,002364066193853428;0,0065011820330969266;0,0035460992907801418;0,2895981087470449;0,004432624113475178;0,0;0,002364066193853428;0,0017730496453900709;0,004137115839243499;0,002364066193853428;0,2565011820330969;0,23108747044917258
EC180165;13642,0;12380,0;966,0;284,0;0,07081073156428676;0,020818061867761327;0,018105849582172703;0,002052484972877877;0,002492303181351708;0,002638909250842985;0,0019791819381322386;0,4352001172848556;0,004801348775839319;0,0021257880076235155;0,0025656062160973464;0,0031520304940624543;0,0035185456677906467;0,002932121389825539;0,20664125494795485;0,21155255827591263
EC180166;4897,0;4570,0;272,0;54,0;0,05554421074127017;0,011027159485399224;0,0261384521135389;0,001225239942822136;0,002450479885644272;0,002246273228507249;0,002450479885644272;0,5397181948131509;0,003879926485603431;0,0016336532570961813;0,002450479885644272;0,002246273228507249;0,003879926485603431;0,004084133142740453;0,08576679599754952;0,24709005513579743
EC180167;3064,0;2858,0;152,0;55,0;0,04960835509138381;0,017950391644908616;0,028067885117493474;0,0019582245430809398;0,0013054830287206266;0,0009791122715404699;0,004242819843342037;0,48661879895561355;0,0037532637075718017;0,0013054830287206266;0,0019582245430809398;0,0022845953002610967;0,00293733681462141;0,002447780678851175;0,15274151436031333;0,23596605744125326
EC180168;2386,0;2224,0;136,0;26,0;0,05699916177703269;0,010896898575020955;0,014249790444258172;0,0020955574182732607;0,0020955574182732607;0,0008382229673093043;0,005029337803855826;0,48742665549036046;0,005448449287510477;0,004191114836546521;0,0012573344509639564;0,004191114836546521;0,0037720033528918693;0,0020955574182732607;0,19362950544844929;0,19823973176865045
EC180250;12643,0;11742,0;761,0;132,0;0,06019141026655066;0,010440559993672388;0,02578501937831211;0,0007909515146721506;0,0015819030293443012;0,001265522423475441;0,0018982836352131613;0,5701969469271534;0,002016926362413984;0,0015028078778770862;0,0015819030293443012;0,0010282369690737957;0,0020564739381475914;0,0033219963616230325;0,03764929209839437;0,27272008225895755
EC180251;376,0;335,0;35,0;6,0;0,09308510638297872;0,015957446808510637;0,02127659574468085;0,0;0,0026595744680851063;0,0026595744680851063;0,0026595744680851063;0,4973404255319149;0,0;0,0026595744680851063;0,0;0,0026595744680851063;0,0026595744680851063;0,0026595744680851063;0,06382978723404255;0,2872340425531915
EC180252;851,0;773,0;66,0;12,0;0,07755581668625147;0,01410105757931845;0,01527614571092832;0,0011750881316098707;0,0011750881316098707;0,0;0,0011750881316098707;0,4594594594594595;0,0023501762632197414;0,0011750881316098707;0,0;0,0011750881316098707;0,0023501762632197414;0,004700352526439483;0,043478260869565216;0,36780258519388953
EC180253;1009,0;903,0;71,0;35,0;0,07036669970267592;0,03468780971258672;0,018830525272547076;0,0009910802775024777;0,0;0,0;0,0009910802775024777;0,40832507433102083;0,003468780971258672;0,002973240832507433;0,0009910802775024777;0,0019821605550049554;0,0019821605550049554;0,003468780971258672;0,06838453914767097;0,37561942517343905
EC180254;1532,0;1388,0;121,0;23,0;0,07898172323759792;0,015013054830287207;0,024151436031331592;0,0006527415143603133;0,0019582245430809398;0,0006527415143603133;0,0006527415143603133;0,5;0,0016318537859007832;0,0032637075718015664;0,0019582245430809398;0,0006527415143603133;0,0019582245430809398;0,0032637075718015664;0,03981723237597911;0,32049608355091386
EC180350;6992,0;6585,0;345,0;59,0;0,049342105263157895;0,008438215102974829;0,028461098398169335;0,0010011441647597254;0,002431350114416476;0,0015732265446224256;0,0014302059496567505;0,5773741418764302;0,002860411899313501;0,0017162471395881006;0,002288329519450801;0,002002288329519451;0,002860411899313501;0,004433638443935926;0,04562356979405034;0,26044050343249425
EC180450;4965,0;4636,0;266,0;62,0;0,05357502517623364;0,012487411883182276;0,022759315206445117;0,0026183282980866062;0,0034239677744209466;0,0018126888217522659;0,0032225579053373615;0,603423967774421;0,0014098690835850957;0,002014098690835851;0,0030211480362537764;0,0016112789526686808;0,0026183282980866062;0,0030211480362537764;0,07150050352467271;0,2068479355488419
EC180451;813,0;743,0;53,0;16,0;0,06519065190651907;0,01968019680196802;0,02706027060270603;0,0012300123001230013;0,0024600246002460025;0,0012300123001230013;0,0012300123001230013;0,5129151291512916;0,003075030750307503;0,0012300123001230013;0,0012300123001230013;0,0024600246002460025;0,004920049200492005;0,0024600246002460025;0,07380073800738007;0,2730627306273063
EC180550;6606,0;6171,0;361,0;73,0;0,05464729034211323;0,011050560096881623;0,02089009990917348;0,0009082652134423251;0,003330305782621859;0,00045413260672116256;0,0015137753557372085;0,6080835603996367;0,0024220405691795337;0,0015137753557372085;0,002270663033605813;0,002270663033605813;0,0028761731759006964;0,0018165304268846503;0,06584922797456857;0,21571298819255222
EC180551;891,0;793,0;71,0;27,0;0,07968574635241302;0,030303030303030304;0,005611672278338945;0,0;0,002244668911335578;0,0;0,002244668911335578;0,4994388327721661;0,0005611672278338945;0,0;0,002244668911335578;0,0;0,002244668911335578;0,0;0,12682379349046016;0,24803591470258138
EC180552;880,0;797,0;68,0;15,0;0,07727272727272727;0,017045454545454544;0,03068181818181818;0,0;0,0;0,0011363636363636363;0,0022727272727272726;0,5034090909090909;0,004545454545454545;0,003409090909090909;0,003409090909090909;0,003409090909090909;0,007954545454545454;0,0022727272727272726;0,13636363636363635;0,2
EC180553;1704,0;1551,0;109,0;43,0;0,06396713615023474;0,02523474178403756;0,01643192488262911;0,0011737089201877935;0,0011737089201877935;0,0005868544600938967;0,0029342723004694834;0,5223004694835681;0,0035211267605633804;0,0035211267605633804;0,0011737089201877935;0,0029342723004694834;0,004107981220657277;0,002640845070422535;0,1607981220657277;0,1807511737089202
EC180650;12956,0;12084,0;620,0;245,0;0,04785427601111454;0,01891015745600494;0,01744365544921272;0,002392713800555727;0,002469898116702686;0,001234949058351343;0,0020067922198209326;0,6125347329422661;0,0027400432232170422;0,00216116085211485;0,001234949058351343;0,0015436863229391787;0,0018524235875270144;0,0033575177523927136;0,11253473294226612;0,16309046001852423
EC180651;1216,0;1093,0;91,0;32,0;0,07483552631578948;0,02631578947368421;0,017269736842105265;0,0;0,0008223684210526315;0,001644736842105263;0,003289473684210526;0,5616776315789473;0,004111842105263158;0,004111842105263158;0,0008223684210526315;0,003289473684210526;0,003289473684210526;0,0024671052631578946;0,11019736842105263;0,17927631578947367
EC180652;1051,0;974,0;54,0;22,0;0,05137963843958135;0,02093244529019981;0,016175071360608945;0,0028544243577545195;0,003805899143672693;0,0;0,0009514747859181732;0,5918173168411037;0,004281636536631779;0,0009514747859181732;0,003805899143672693;0,0;0,003805899143672693;0,003330161750713606;0,10085632730732635;0,18648905803996194
EC180750;21169,0;19937,0;988,0;241,0;0,046672020407199206;0,011384571779488876;0,022107799140252255;0,0009920166280882423;0,0017478388209173793;0,0012282110633473474;0,001606122159761916;0,6385280362794653;0,0027398554490056216;0,002361944352591053;0,001653361046813737;0,001511644385658274;0,0029760498842647267;0,0030941471018942793;0,06037129765222731;0,19504936463696915
EC180751;1770,0;1643,0;105,0;22,0;0,059322033898305086;0,012429378531073447;0,024858757062146894;0,0;0,0039548022598870055;0,0011299435028248588;0,0011299435028248588;0,607909604519774;0,0019774011299435027;0,002824858757062147;0,0005649717514124294;0,001694915254237288;0,001694915254237288;0,00423728813559322;0,06836158192090395;0,2016949152542373
EC180752;1972,0;1818,0;120,0;32,0;0,060851926977687626;0,016227180527383367;0,019269776876267748;0,002535496957403651;0,002028397565922921;0,0015212981744421906;0,002535496957403651;0,6242393509127789;0,002028397565922921;0,0005070993914807302;0,002028397565922921;0,0030425963488843813;0,002535496957403651;0,0032961460446247464;0,08316430020283976;0,1678498985801217
EC180753;1573,0;1453,0;77,0;41,0;0,04895104895104895;0,026064844246662427;0,01652892561983471;0,003178639542275906;0,0019071837253655435;0,0006357279084551812;0,0012714558169103624;0,47488874761602035;0,002860775588048315;0,003814367450731087;0,003178639542275906;0,0012714558169103624;0,003178639542275906;0,002860775588048315;0,0712015257469803;0,3312142403051494
EC180754;1614,0;1474,0;108,0;32,0;0,06691449814126393;0,01982651796778191;0,00929368029739777;0,0024783147459727386;0,0018587360594795538;0,0018587360594795538;0,0;0,36864931846344484;0,0027881040892193307;0,0024783147459727386;0,004337050805452293;0,0037174721189591076;0,0037174721189591076;0,0037174721189591076;0,2707558859975217;0,23110285006195788
EC180755;2067,0;1877,0;157,0;29,0;0,07595549104983067;0,014029995162070633;0,013062409288824383;0,0009675858732462506;0,003386550556361877;0,0009675858732462506;0,0009675858732462506;0,33962264150943394;0,0043541364296081275;0,0009675858732462506;0,0009675858732462506;0,001451378809869376;0,00725689404934688;0,0043541364296081275;0,3018867924528302;0,21915820029027577
EC180756;2546,0;2354,0;149,0;41,0;0,05852317360565593;0,01610369206598586;0,014925373134328358;0,001178318931657502;0,001178318931657502;0,0015710919088766694;0,0054988216810683424;0,6064414768263944;0,003927729772191673;0,003142183817753339;0,0015710919088766694;0,0027494108405341712;0,00589159465828751;0,002356637863315004;0,07619795758051846;0,19167321288295366
EC180757;6028,0;5384,0;544,0;100,0;0,0902455209024552;0,0165892501658925;0,02339084273390843;0,0014930325149303252;0,0034837425348374254;0,0016589250165892503;0,0009953550099535502;0,5904114134041142;0,003566688785666888;0,0026542800265428003;0,0009953550099535502;0,0016589250165892503;0,0026542800265428003;0,0034837425348374254;0,06619110816191108;0,18347710683477106
EC180758;4094,0;3677,0;298,0;115,0;0,07278944797264289;0,028089887640449437;0,010258915486077186;0,0012212994626282364;0,0039081582804103565;0,004152418172936004;0,0029311187103077674;0,22349780166096728;0,003786028334147533;0,0019540791402051783;0,0012212994626282364;0,002442598925256473;0,004640937957987298;0,006106497313141182;0,5156326331216414;0,10649731314118221
EC180850;11856,0;11136,0;574,0;145,0;0,04841430499325236;0,012230094466936571;0,027243589743589744;0,0012651821862348178;0,0019399460188933874;0,0015182186234817814;0,0019399460188933874;0,6304824561403509;0,00354251012145749;0,0020242914979757085;0,0023616734143049934;0,0021086369770580296;0,0026147098515519568;0,0027412280701754384;0,08620107962213225;0,16700404858299595
EC180851;283,0;272,0;6,0;5,0;0,02120141342756184;0,0176678445229682;0,03180212014134275;0,0;0,0;0,0;0,0;0,7455830388692579;0,0088339222614841;0,0035335689045936395;0,0035335689045936395;0,0;0,0035335689045936395;0,0017667844522968198;0,024734982332155476;0,127208480565371
EC180852;1111,0;972,0;89,0;51,0;0,08010801080108011;0,04590459045904591;0,024302430243024302;0,0009000900090009;0,0018001800180018;0,0018001800180018;0,0009000900090009;0,5148514851485149;0,0022502250225022503;0,0018001800180018;0,0018001800180018;0,0036003600360036;0,0036003600360036;0,0049504950495049506;0,12331233123312331;0,18181818181818182
EC180853;1659,0;1561,0;78,0;20,0;0,04701627486437613;0,012055455093429777;0,0216998191681736;0,0018083182640144665;0,0012055455093429777;0,0024110910186859553;0,004822182037371911;0,6630500301386377;0,004822182037371911;0,0030138637733574444;0,0030138637733574444;0,003616636528028933;0,004822182037371911;0,0024110910186859553;0,081374321880651;0,13562386980108498
EC180854;1230,0;1158,0;59,0;11,0;0,04796747967479675;0,00894308943089431;0,034959349593495934;0,0008130081300813008;0,0008130081300813008;0,0;0,004878048780487805;0,5715447154471545;0,005284552845528455;0,0024390243902439024;0,0032520325203252032;0,0024390243902439024;0,0008130081300813008;0,0024390243902439024;0,1;0,2040650406504065
EC180855;8854,0;7953,0;691,0;208,0;0,07804382200135532;0,02349220691213011;0,020555681048113845;0,001920036141856788;0,0023718093517054437;0,003840072283713576;0,002597695956629772;0,3318274226338378;0,004122430539868986;0,00225886604924328;0,00169414953693246;0,003727128981251412;0,002484752654167608;0,003162412468940592;0,2550259769595663;0,2553648068669528
EC180856;1670,0;1489,0;134,0;45,0;0,08023952095808383;0,02694610778443114;0,029341317365269463;0,0011976047904191617;0,0029940119760479044;0,0005988023952095808;0,005988023952095809;0,3844311377245509;0,0032934131736526945;0,0023952095808383233;0,0029940119760479044;0,0029940119760479044;0,005389221556886228;0,0038922155688622755;0,22395209580838324;0,2149700598802395
EC180857;3600,0;3342,0;187,0;72,0;0,051944444444444446;0,02;0,03722222222222222;0,0016666666666666668;0,0044444444444444444;0,0025;0,0016666666666666668;0,5533333333333333;0,0030555555555555557;0,0022222222222222222;0,0033333333333333335;0,0025;0,0044444444444444444;0,0043055555555555555;0,11944444444444445;0,18083333333333335
EC180950;8065,0;7549,0;394,0;120,0;0,04885306881587105;0,014879107253564786;0,027526348419094855;0,0027278363298202106;0,004215747055176689;0,00024798512089274643;0,0018598884066955983;0,47526348419094855;0,005579665220086794;0,002851828890266584;0,002231866088034718;0,0021078735275883447;0,004711717296962182;0,00347179169249845;0,10762554246745196;0,2865468071915685
EC180951;711,0;678,0;29,0;4,0;0,040787623066104076;0,005625879043600563;0,035161744022503515;0,0;0,0028129395218002813;0,0;0,004219409282700422;0,6821378340365682;0,002109704641350211;0,0028129395218002813;0,0014064697609001407;0,0028129395218002813;0,005625879043600563;0,002109704641350211;0,053445850914205346;0,15471167369901548
EC190150;10814,0;10362,0;352,0;94,0;0,032550397632698354;0,00869243573145922;0,03199556130941372;0,0002774181616423155;0,002034399852043647;0,0015720362493064546;0,00046236360273719255;0,696319585722212;0,0012021453671167005;0,0012021453671167005;0,001109672646569262;0,0012021453671167005;0,002034399852043647;0,0061494359164046605;0,015812835213611983;0,1894766044017015
EC190151;2693,0;2535,0;122,0;36,0;0,04530263646490902;0,013367991088005942;0,029706646862235425;0,004084663943557371;0,0011139992573338284;0,0011139992573338284;0,0003713330857779428;0,6216115855922763;0,001856665428889714;0,0011139992573338284;0,0007426661715558856;0,0011139992573338284;0,0029706646862235424;0,0042703304864463425;0,025621982918678055;0,2395098403267731
EC190152;2229,0;2062,0;117,0;51,0;0,052489905787348586;0,02288021534320323;0,018842530282637954;0,00044863167339614175;0,0026917900403768506;0,0008972633467922835;0,0013458950201884253;0,5334230596680125;0,0022431583669807087;0,0008972633467922835;0,003589053387169134;0,0031404217137729925;0,004486316733961417;0,004037685060565276;0,07581875280394795;0,26693584567070433
EC190153;803,0;744,0;42,0;15,0;0,052303860523038606;0,0186799501867995;0,017434620174346202;0,0012453300124533001;0,0012453300124533001;0,0;0,0012453300124533001;0,6612702366127023;0,00311332503113325;0,0024906600249066002;0,0;0,0037359900373599006;0,0012453300124533001;0,0006226650062266501;0,0660024906600249;0,16313823163138233
EC190155;603,0;565,0;25,0;13,0;0,04145936981757877;0,02155887230514096;0,024875621890547265;0,0;0,0;0,001658374792703151;0,001658374792703151;0,5572139303482587;0,001658374792703151;0,0;0,0;0,003316749585406302;0,001658374792703151;0,0008291873963515755;0,03150912106135987;0,3101160862354892
EC190156;1407,0;1343,0;44,0;18,0;0,03127221037668799;0,01279317697228145;0,023454157782515993;0,0007107320540156361;0,0007107320540156361;0,0021321961620469083;0,0021321961620469083;0,7149964463397299;0,0017768301350390902;0,0;0,0014214641080312722;0,0007107320540156361;0,0021321961620469083;0,0042643923240938165;0,030561478322672354;0,1634683724235963
EC190158;1352,0;1267,0;56,0;29,0;0,04142011834319527;0,021449704142011833;0,029585798816568046;0,0;0,0022189349112426036;0,0014792899408284023;0,0022189349112426036;0,6005917159763313;0,0040680473372781065;0,0;0,005177514792899409;0,0007396449704142012;0,0022189349112426036;0,0025887573964497044;0,028106508875739646;0,2514792899408284
EC190250;4533,0;4252,0;186,0;95,0;0,04103242885506287;0,020957423339951466;0,035517317449812486;0,0013236267372600927;0,002867857930730201;0,003088462386940216;0,001544231193470108;0,5111405250386057;0,002316346790205162;0,0008824178248400617;0,0008824178248400617;0,0006618133686300463;0,004191484667990294;0,005404809177145378;0,021619236708581513;0,3388484447385837
EC190251;923,0;868,0;23,0;32,0;0,024918743228602384;0,03466955579631636;0,02925243770314193;0,0;0,0010834236186348862;0,0;0,0;0,49512459371614304;0,004333694474539545;0,0;0,0010834236186348862;0,0010834236186348862;0,0021668472372697724;0,0021668472372697724;0,01950162513542795;0,3781148429035753
EC190252;310,0;302,0;5,0;3,0;0,016129032258064516;0,00967741935483871;0,02903225806451613;0,0032258064516129032;0,0;0,0032258064516129032;0,0;0,6903225806451613;0,0032258064516129032;0,0;0,0;0,0;0,0;0,0;0,02258064516129032;0,21935483870967742
EC190254;237,0;216,0;17,0;4,0;0,07172995780590717;0,016877637130801686;0,008438818565400843;0,0;0,008438818565400843;0,0;0,004219409282700422;0,4936708860759494;0,008438818565400843;0,0;0,004219409282700422;0,004219409282700422;0,0;0,004219409282700422;0,02109704641350211;0,34177215189873417
EC190256;167,0;160,0;5,0;2,0;0,029940119760479042;0,011976047904191617;0,017964071856287425;0,005988023952095809;0,0;0,0;0,005988023952095809;0,5089820359281437;0,0;0,0;0,005988023952095809;0,005988023952095809;0,0;0,005988023952095809;0,005988023952095809;0,38922155688622756
EC190259;355,0;335,0;11,0;8,0;0,030985915492957747;0,022535211267605635;0,04225352112676056;0,0;0,0;0,0028169014084507044;0,0;0,5295774647887324;0,0;0,0028169014084507044;0,0;0,0;0,0;0,0014084507042253522;0,01971830985915493;0,3436619718309859
EC190350;2407,0;2242,0;101,0;61,0;0,04196094723722476;0,02534275031159119;0,024511840465309513;0,0016618196925633569;0,0012463647694225177;0,002077274615704196;0,0029081844619858743;0,49189862899875364;0,0012463647694225177;0,0012463647694225177;0,0024927295388450354;0,0033236393851267137;0,0033236393851267137;0,002285002077274616;0,0540091400083091;0,3356875778977981
EC190351;1232,0;1129,0;60,0;43,0;0,048701298701298704;0,0349025974025974;0,015422077922077922;0,0;0,004058441558441558;0,0008116883116883117;0,0;0,4407467532467532;0,003246753246753247;0,003246753246753247;0,004058441558441558;0,004058441558441558;0,004058441558441558;0,002029220779220779;0,05438311688311688;0,375
EC190352;550,0;511,0;23,0;15,0;0,04181818181818182;0,02727272727272727;0,007272727272727273;0,0036363636363636364;0,0;0,0;0,005454545454545455;0,6181818181818182;0,0009090909090909091;0,005454545454545455;0,0018181818181818182;0,0018181818181818182;0,005454545454545455;0,0018181818181818182;0,09090909090909091;0,18363636363636363
EC190353;402,0;360,0;13,0;29,0;0,03233830845771144;0,07213930348258707;0,017412935323383085;0,0;0,004975124378109453;0,0024875621890547263;0,012437810945273632;0,5174129353233831;0,0;0,0;0,0;0,0024875621890547263;0,0;0,0037313432835820895;0,06716417910447761;0,263681592039801
EC190450;2387,0;2173,0;104,0;108,0;0,04356933389191454;0,04524507750314202;0,015919564306661083;0,0012568077084206116;0,00041893590280687055;0,0016757436112274822;0,0008378718056137411;0,30791788856304986;0,0010473397570171764;0,0016757436112274822;0,0012568077084206116;0,0020946795140343527;0,0020946795140343527;0,006702974444909929;0,35693338919145373;0,20276497695852536
EC190451;1273,0;1145,0;79,0;49,0;0,062058130400628436;0,0384917517674784;0,015710919088766692;0,0015710919088766694;0,0015710919088766694;0,0;0,0015710919088766694;0,4469756480754124;0,0015710919088766694;0,0054988216810683424;0,0007855459544383347;0,003142183817753339;0,002356637863315004;0,003534956794972506;0,22073841319717202;0,18931657501963864
EC190452;703,0;647,0;25,0;32,0;0,03556187766714083;0,04551920341394026;0,012802275960170697;0,001422475106685633;0,001422475106685633;0,0;0,004267425320056899;0,17496443812233287;0,001422475106685633;0,001422475106685633;0,001422475106685633;0,002844950213371266;0,0;0,007823613086770981;0,4950213371266003;0,20625889046941678
EC190550;10337,0;9678,0;502,0;156,0;0,04856341298249008;0,01509141917384154;0,03714810873560995;0,0014510979974847636;0,0010641385314888265;0,0015478378639837477;0,0022250169294766374;0,5571248911676502;0,0025636064622230822;0,001257618264486795;0,00251523652897359;0,001257618264486795;0,002998935861468511;0,004401663925703783;0,0325045951436587;0,2812227919125472
EC190551;1662,0;1557,0;78,0;27,0;0,04693140794223827;0,016245487364620937;0,019855595667870037;0,0;0,0012033694344163659;0,0006016847172081829;0,0012033694344163659;0,50661853188929;0,0012033694344163659;0,0018050541516245488;0,0036101083032490976;0,0036101083032490976;0,0024067388688327317;0,0018050541516245488;0,09265944645006016;0,2972322503008424
EC190553;2902,0;2708,0;150,0;42,0;0,051688490696071676;0,014472777394900068;0,03273604410751206;0,00034458993797381116;0,0027567195037904893;0,0006891798759476223;0,0017229496898690559;0,4548587181254307;0,002067539627842867;0,00034458993797381116;0,0010337698139214334;0,0013783597518952446;0,002412129565816678;0,0034458993797381117;0,03445899379738112;0,3893866299104066
EC190650;5380,0;5039,0;234,0;105,0;0,043494423791821564;0,019516728624535316;0,025278810408921933;0,0009293680297397769;0,0020446096654275093;0,0016728624535315986;0,0007434944237918215;0,5763940520446097;0,002509293680297398;0,001486988847583643;0,0022304832713754648;0,0007434944237918215;0,0027881040892193307;0,0027881040892193307;0,029368029739776952;0,28234200743494425
EC190651;986,0;895,0;68,0;23,0;0,06896551724137931;0,02332657200811359;0,02129817444219067;0,002028397565922921;0,0010141987829614604;0,0010141987829614604;0,0010141987829614604;0,5141987829614605;0,002535496957403651;0,002028397565922921;0,002028397565922921;0,0010141987829614604;0,002028397565922921;0,002535496957403651;0,0436105476673428;0,30628803245436104
EC190652;993,0;927,0;49,0;20,0;0,04934541792547835;0,02014098690835851;0,023162134944612285;0,0010070493454179255;0,0030211480362537764;0,0010070493454179255;0,002014098690835851;0,5156092648539778;0,0015105740181268882;0,002014098690835851;0,0;0,0010070493454179255;0,005035246727089627;0,0025176233635448137;0,04229607250755287;0,3293051359516616
EC190653;767,0;705,0;37,0;24,0;0,048239895697522815;0,03129074315514994;0,02346805736636245;0,0;0,001303780964797914;0,002607561929595828;0,005215123859191656;0,4498044328552803;0,000651890482398957;0,003911342894393742;0,001303780964797914;0,001303780964797914;0,003911342894393742;0,001303780964797914;0,05867014341590613;0,363754889178618
EC190750;3893,0;3683,0;147,0;63,0;0,03776008219881839;0,01618289237092217;0,03776008219881839;0,0005137426149499101;0,0023118417672745952;0,0005137426149499101;0,0010274852298998202;0,639866426920113;0,0015412278448497304;0,0005137426149499101;0,0015412278448497304;0,0007706139224248652;0,0020549704597996403;0,005137426149499101;0,023118417672745955;0,22270742358078602
EC190752;575,0;529,0;32,0;13,0;0,05565217391304348;0,022608695652173914;0,029565217391304348;0,0;0,0;0,0;0,0;0,551304347826087;0,004347826086956522;0,0017391304347826088;0,0;0,0;0,0034782608695652175;0,0034782608695652175;0,043478260869565216;0,2747826086956522
EC190753;917,0;853,0;41,0;23,0;0,04471101417666303;0,025081788440567066;0,03707742639040349;0,0010905125408942203;0,0010905125408942203;0,0010905125408942203;0,0;0,64340239912759;0,0;0,003271537622682661;0,0;0,0;0,0;0,004362050163576881;0,03598691384950927;0,1984732824427481
EC190850;3026,0;2827,0;125,0;72,0;0,04130865829477859;0,023793787177792465;0,029411764705882353;0,00033046926635822867;0,0016523463317911435;0,0009914077990746861;0,0019828155981493722;0,456708526107072;0,001487111698612029;0,0019828155981493722;0,0006609385327164573;0,0006609385327164573;0,0039656311962987445;0,0031394580304031725;0,020489094514210177;0,4061467283542631
EC190851;934,0;878,0;35,0;21,0;0,03747323340471092;0,022483940042826552;0,019271948608137045;0,0010706638115631692;0,0021413276231263384;0,0010706638115631692;0,0;0,588865096359743;0,0010706638115631692;0,0010706638115631692;0,0010706638115631692;0,0;0,0032119914346895075;0,003747323340471092;0,017130620985010708;0,2955032119914347
EC190852;973,0;915,0;32,0;25,0;0,0328879753340185;0,025693730729701953;0,045220966084275435;0,0010277492291880781;0,0020554984583761563;0,0020554984583761563;0,003083247687564234;0,6680369989722508;0,0035971223021582736;0,0020554984583761563;0,0;0,0;0,006166495375128468;0,001541623843782117;0,023638232271325797;0,17677286742034942
EC190853;1063,0;1000,0;39,0;24,0;0,036688617121354655;0,022577610536218252;0,021636876763875823;0,0018814675446848542;0,0;0,004703668861712135;0,0009407337723424271;0,44967074317968014;0,003292568203198495;0,0009407337723424271;0,0028222013170272815;0,0009407337723424271;0,0018814675446848542;0,0037629350893697085;0,024459078080903106;0,4167450611476952
EC190854;338,0;318,0;6,0;14,0;0,01775147928994083;0,04142011834319527;0,047337278106508875;0,0;0,0;0,0;0,0;0,5946745562130178;0,0014792899408284023;0,0029585798816568047;0,0029585798816568047;0,0;0,0;0,004437869822485207;0,008875739644970414;0,27218934911242604
EC190950;1799,0;1720,0;64,0;16,0;0,03557531962201223;0,008893829905503057;0,03446359088382435;0,0;0,0016675931072818232;0,0022234574763757642;0,0011117287381878821;0,5547526403557532;0,0016675931072818232;0,0011117287381878821;0,0005558643690939411;0,0033351862145636463;0,008337965536409116;0,0025013896609227346;0,04724847137298499;0,29294052251250696
EC190951;433,0;409,0;14,0;10,0;0,03233256351039261;0,023094688221709007;0,02771362586605081;0,0;0,0023094688221709007;0,0023094688221709007;0,006928406466512702;0,4896073903002309;0,0023094688221709007;0,0023094688221709007;0,0;0,0;0,004618937644341801;0,005773672055427252;0,09468822170900693;0,2979214780600462
EC190952;1263,0;1189,0;56,0;19,0;0,04433887569279493;0,015043547110055424;0,034045922406967535;0,000791765637371338;0,0;0,0023752969121140144;0,000791765637371338;0,5510688836104513;0,001583531274742676;0,001583531274742676;0,0;0,001583531274742676;0,000791765637371338;0,001583531274742676;0,04513064133016627;0,29691211401425177
EC200150;4630,0;4353,0;223,0;50,0;0,04816414686825054;0,01079913606911447;0,031101511879049675;0,0006479481641468683;0,0019438444924406047;0,00043196544276457883;0,00021598272138228941;0,6174946004319655;0,01997840172786177;0,0006479481641468683;0,0017278617710583153;0,0;0,0019438444924406047;0,0028077753779697625;0,03822894168466523;0,2002159827213823
EC200151;514,0;493,0;13,0;8,0;0,02529182879377432;0,01556420233463035;0,029182879377431907;0,0019455252918287938;0,0;0,0019455252918287938;0,0019455252918287938;0,6264591439688716;0,02237354085603113;0,0;0,0;0,0;0,0038910505836575876;0,0;0,009727626459143969;0,23929961089494164
EC200250;1609,0;1511,0;83,0;14,0;0,05158483530142946;0,00870105655686762;0,03480422622747048;0,0;0,0018645121193287756;0,0;0,0;0,4095711622125544;0,02952144188937228;0,001243008079552517;0,0006215040397762585;0,0006215040397762585;0,0037290242386575512;0,0009322560596643878;0,011187072715972654;0,41454319453076444
EC200251;199,0;191,0;3,0;5,0;0,01507537688442211;0,02512562814070352;0,020100502512562814;0,0;0,005025125628140704;0,0;0,005025125628140704;0,44221105527638194;0,04271356783919598;0,0;0,005025125628140704;0,0;0,01507537688442211;0,0;0,0;0,38190954773869346
EC200350;8304,0;7737,0;488,0;77,0;0,05876685934489403;0,009272639691714836;0,04130539499036609;0,000361271676300578;0,0015655105973025048;0,001083815028901734;0,001445086705202312;0,4797687861271676;0,005960982658959537;0,0009633911368015414;0,0016859344894026974;0,0015655105973025048;0,0019267822736030828;0,0027697495183044317;0,043954720616570325;0,3386319845857418
EC210150;45599,0;42798,0;2306,0;478,0;0,0505712844579925;0,010482686023816312;0,032215618763569376;0,0010526546634794622;0,0012938880238601723;0,001798285050110748;0,001184236496414395;0,34331893243272876;0,0023465426873396345;0,0012061668019035506;0,002171100243426391;0,0026316366586986556;0,0028290094081010546;0,004429921708809403;0,024715454286278207;0,5106033027040067
EC210152;2358,0;2158,0;136,0;57,0;0,05767599660729432;0,024173027989821884;0,015267175572519083;0,0021204410517387615;0,0021204410517387615;0,0021204410517387615;0,0008481764206955047;0,21374045801526717;0,003604749787955895;0,0008481764206955047;0,0016963528413910093;0,0029686174724342664;0,003816793893129771;0,0033927056827820186;0,027989821882951654;0,6276505513146734
EC210153;3864,0;3430,0;276,0;155,0;0,07142857142857142;0,04011387163561077;0,02096273291925466;0,0010351966873706005;0,0033643892339544515;0,0012939958592132505;0,0018115942028985507;0,17339544513457558;0,002458592132505176;0,002070393374741201;0,0005175983436853002;0,0036231884057971015;0,0005175983436853002;0,004787784679089027;0,018115942028985508;0,6464803312629399
EC210155;4858,0;4443,0;302,0;107,0;0,062165500205846026;0,02202552490736929;0,027789213668176205;0,002470152326060107;0,002470152326060107;0,0020584602717167557;0,0012350761630300535;0,307739810621655;0,003396459448332647;0,0022643062988884316;0,0010292301358583778;0,004322766570605188;0,0032935364347468094;0,0038081515026759986;0,06628242074927954;0,4792095512556608
EC210156;5536,0;5017,0;363,0;153,0;0,0655708092485549;0,027637283236994218;0,024747109826589595;0,0009031791907514451;0,0016257225433526012;0,0025289017341040463;0,000541907514450867;0,20429913294797689;0,003793352601156069;0,001986994219653179;0,0018063583815028901;0,0034320809248554913;0,002890173410404624;0,005870664739884393;0,029082369942196533;0,6130780346820809
EC210157;2027,0;1887,0;103,0;34,0;0,050814010853478045;0,016773556980759743;0,021213616181549086;0,000986679822397632;0,0029600394671928957;0,00246669955599408;0,0;0,29748396645288605;0,004440059200789344;0,0029600394671928957;0,000986679822397632;0,003453379378391712;0,000986679822397632;0,003946719289590528;0,056240749876665025;0,5244203256043414
EC210158;4079,0;3746,0;253,0;80,0;0,062025006128953175;0,019612650159352783;0,026967393969110076;0,0007354743809757293;0,0014709487619514587;0,0007354743809757293;0,0007354743809757293;0,24932581515077226;0,002451581269919098;0,0014709487619514587;0,0007354743809757293;0,006128953174797744;0,0014709487619514587;0,004167688158862467;0,10762441774944839;0,5077224810002452
EC210160;1745,0;1567,0;124,0;54,0;0,07106017191977078;0,030945558739255013;0,02005730659025788;0,001146131805157593;0,0005730659025787965;0,001146131805157593;0,0005730659025787965;0,2361031518624642;0,0020057306590257878;0,0005730659025787965;0,0005730659025787965;0,004584527220630372;0,0034383954154727794;0,003151862464183381;0,02521489971346705;0,5936962750716333
EC210250;2566,0;2390,0;146,0;27,0;0,05689789555728761;0,010522213561964146;0,033904910366328915;0,001558846453624318;0,000779423226812159;0,0011691348402182386;0,0003897116134060795;0,3063133281371785;0,004676539360872954;0,000779423226812159;0,000779423226812159;0,001558846453624318;0,000779423226812159;0,003897116134060795;0,022213561964146533;0,544037412314887
EC210251;1044,0;992,0;43,0;9,0;0,04118773946360153;0,008620689655172414;0,022030651340996167;0,0;0,0;0,0;0,0;0,29693486590038315;0,005268199233716475;0,0019157088122605363;0,0;0,004789272030651341;0,0028735632183908046;0,005268199233716475;0,0603448275862069;0,5402298850574713
EC210252;2622,0;2485,0;105,0;31,0;0,04004576659038902;0,011823035850495805;0,011441647597254004;0,0011441647597254005;0,002669717772692601;0,0007627765064836003;0,0019069412662090007;0,17315026697177727;0,007627765064836003;0,0015255530129672007;0,0015255530129672007;0,003432494279176201;0,0015255530129672007;0,0032418001525553013;0,059496567505720827;0,6674294431731502
EC210254;949,0;886,0;52,0;11,0;0,0547945205479452;0,011591148577449948;0,011591148577449948;0,0;0,003161222339304531;0,0;0,0;0,1749209694415174;0,0036880927291886197;0,001053740779768177;0,0;0,0;0,0;0,001053740779768177;0,09272918861959958;0,6406743940990516
EC210350;1909,0;1757,0;93,0;59,0;0,04871660555264536;0,030906233630172867;0,013619696176008382;0,0010476689366160294;0,001571503404924044;0,0010476689366160294;0,0010476689366160294;0,23415400733368255;0,0018334206390780514;0,003143006809848088;0,0026191723415400735;0,0026191723415400735;0,001571503404924044;0,0020953378732320588;0,021477213200628602;0,6286013619696176
EC210351;1101,0;1015,0;59,0;28,0;0,053587647593097185;0,025431425976385105;0,023614895549500452;0,0018165304268846503;0,0009082652134423251;0,0009082652134423251;0,0018165304268846503;0,1734786557674841;0,004087193460490463;0,006357856494096276;0,0018165304268846503;0,006357856494096276;0,0;0,004541326067211626;0,051771117166212535;0,6357856494096276
EC210352;84,0;80,0;3,0;1,0;0,03571428571428571;0,011904761904761904;0,0;0,0;0,0;0,0;0,0;0,15476190476190477;0,0;0,0;0,0;0,0;0,0;0,0;0,11904761904761904;0,6785714285714286
EC210353;164,0;136,0;17,0;11,0;0,10365853658536585;0,06707317073170732;0,012195121951219513;0,006097560975609756;0,006097560975609756;0,0;0,0;0,024390243902439025;0,0;0,0;0,0;0,012195121951219513;0,0;0,003048780487804878;0,018292682926829267;0,7439024390243902
EC210354;850,0;755,0;53,0;41,0;0,06235294117647059;0,04823529411764706;0,01764705882352941;0,00823529411764706;0,001176470588235294;0,0035294117647058825;0,001176470588235294;0,11411764705882353;0,002352941176470588;0,004705882352941176;0,001176470588235294;0,004705882352941176;0,0058823529411764705;0,0029411764705882353;0,023529411764705882;0,691764705882353
EC210355;1919,0;1739,0;105,0;75,0;0,05471599791558103;0,03908285565398645;0,018759770713913496;0,001563314226159458;0,001563314226159458;0,0010422094841063053;0,0010422094841063053;0,20948410630536737;0,0020844189682126106;0,0010422094841063053;0,0005211047420531526;0,004168837936425221;0,005211047420531527;0,0028660760812923396;0,027618551328817093;0,6242834809796769
EC210450;21831,0;20028,0;1405,0;386,0;0,06435802299482388;0,017681278915303925;0,02528514497732582;0,0007787091750263387;0,0015574183500526775;0,0014658055059319317;0,0010535477073885758;0,3130868947826485;0,001969676148596033;0,0011451605515093216;0,0009161284412074573;0,004534835783976914;0,0025651596353808803;0,003114836700105355;0,024094178003756128;0,5307590124135404
EC210451;2870,0;2681,0;141,0;46,0;0,04912891986062718;0,01602787456445993;0,021254355400696864;0,0017421602787456446;0,003832752613240418;0,0020905923344947735;0,0017421602787456446;0,3087108013937282;0,0020905923344947735;0,0013937282229965157;0,0013937282229965157;0,009407665505226481;0,004878048780487805;0,003658536585365854;0,07595818815331011;0,4902439024390244
EC210452;549,0;492,0;34,0;23,0;0,061930783242258654;0,04189435336976321;0,0965391621129326;0,0018214936247723133;0,0018214936247723133;0,0018214936247723133;0,00546448087431694;0,2896174863387978;0,01092896174863388;0,0036429872495446266;0,0036429872495446266;0,009107468123861567;0,0;0,00546448087431694;0,023679417122040074;0,4262295081967213
EC210453;2817,0;2616,0;133,0;68,0;0,047213347532836354;0,024139155129570464;0,014199503017394392;0,0007099751508697196;0,0014199503017394391;0,0007099751508697196;0,0014199503017394391;0,16187433439829607;0,003727369542066028;0,001774937877174299;0,0007099751508697196;0,006034788782392616;0,004969826056088037;0,003017394391196308;0,03052893148739794;0,6908058217962372
EC210454;2351,0;2099,0;206,0;45,0;0,08762228838792004;0,019140791152700978;0,028498511271799233;0,0012760527435133986;0,0004253509145044662;0,0012760527435133986;0,0008507018290089324;0,4287537218205019;0,0036154827732879625;0,0012760527435133986;0,002126754572522331;0,0008507018290089324;0,0004253509145044662;0,0019140791152700979;0,028498511271799233;0,3874946831135687
EC210455;3402,0;3031,0;272,0;97,0;0,07995296884185774;0,028512639623750734;0,026455026455026454;0,0014697236919459142;0,00205761316872428;0,001763668430335097;0,00205761316872428;0,4165196942974721;0,0036743092298647854;0,0005878894767783657;0,0005878894767783657;0,003527336860670194;0,00205761316872428;0,004556143445032334;0,024397413286302176;0,39300411522633744
EC210550;588,0;554,0;23,0;9,0;0,0391156462585034;0,015306122448979591;0,04081632653061224;0,0;0,003401360544217687;0,0017006802721088435;0,0;0,3826530612244898;0,0;0,0;0,0;0,006802721088435374;0,0017006802721088435;0,0017006802721088435;0,00510204081632653;0,4965986394557823
EC210551;1428,0;1329,0;76,0;22,0;0,05322128851540616;0,015406162464985995;0,028711484593837534;0,0;0,0007002801120448179;0,0007002801120448179;0,0007002801120448179;0,3634453781512605;0,004201680672268907;0,0028011204481792717;0,0007002801120448179;0,004901960784313725;0,0;0,0031512605042016808;0,0196078431372549;0,49369747899159666
EC210552;139,0;127,0;11,0;1,0;0,07913669064748201;0,007194244604316547;0,03597122302158273;0,0;0,0;0,0;0,0;0,4676258992805755;0,0035971223021582736;0,0;0,0;0,0;0,007194244604316547;0,0035971223021582736;0,007194244604316547;0,381294964028777
EC210553;385,0;363,0;19,0;3,0;0,04935064935064935;0,007792207792207792;0,03116883116883117;0,005194805194805195;0,0;0,0025974025974025974;0,0;0,3064935064935065;0,0025974025974025974;0,0;0,0;0,0;0,0;0,0;0,012987012987012988;0,5792207792207792
EC210554;616,0;583,0;24,0;9,0;0,03896103896103896;0,01461038961038961;0,016233766233766232;0,003246753246753247;0,003246753246753247;0,0;0,0;0,3944805194805195;0,0016233766233766235;0,0016233766233766235;0,0;0,0016233766233766235;0,003246753246753247;0,0008116883116883117;0,024350649350649352;0,4935064935064935
EC210650;3728,0;3429,0;256,0;43,0;0,06866952789699571;0,011534334763948498;0,025482832618025753;0,001609442060085837;0,0008047210300429185;0,001072961373390558;0,0013412017167381974;0,32644849785407726;0,0014753218884120173;0,0013412017167381974;0,0008047210300429185;0,002145922746781116;0,0029506437768240345;0,002682403433476395;0,07027896995708155;0,47719957081545067
EC210651;579,0;540,0;32,0;7,0;0,055267702936096716;0,012089810017271158;0,008635578583765112;0,0;0,0017271157167530224;0,0;0,0;0,20552677029360966;0,0008635578583765112;0,0;0,0;0,0034542314335060447;0,0;0,004317789291882556;0,037996545768566495;0,6649395509499136
EC210652;2019,0;1863,0;115,0;40,0;0,05695889053987122;0,01981178801386825;0,029717682020802376;0,00396235760277365;0,0014858841010401188;0,0014858841010401188;0,0009905894006934125;0,3467062902426944;0,001733531451213472;0,0004952947003467063;0,0004952947003467063;0,0014858841010401188;0,0014858841010401188;0,001733531451213472;0,04110946012877662;0,48637939574046557
EC210653;1900,0;1759,0;99,0;41,0;0,05210526315789474;0,02157894736842105;0,018947368421052633;0,0036842105263157894;0,003157894736842105;0,002105263157894737;0,0015789473684210526;0,28421052631578947;0,0018421052631578947;0,002105263157894737;0,0010526315789473684;0,0010526315789473684;0,004210526315789474;0,004210526315789474;0,1773684210526316;0,4142105263157895
EC210750;4621,0;4274,0;209,0;138,0;0,04522830556156676;0,02986366587318762;0,017961480199091107;0,0015148236312486475;0,0015148236312486475;0,0017312270071413113;0,0010820168794633195;0,24128976412032027;0,002921445574550963;0,0008656135035706557;0,0006492101276779918;0,003029647262497295;0,0023804371348193033;0,0022722354468729714;0,029430859121402295;0,6130707639039169
EC210751;401,0;387,0;8,0;5,0;0,0199501246882793;0,012468827930174564;0,012468827930174564;0,0;0,004987531172069825;0,004987531172069825;0,0;0,13216957605985039;0,0;0,0;0,0;0,0024937655860349127;0,0;0,0;0,057356608478802994;0,7506234413965087
EC210752;1215,0;1149,0;46,0;20,0;0,03786008230452675;0,01646090534979424;0,019753086419753086;0,0;0,0008230452674897119;0,0;0,0;0,23292181069958848;0,00205761316872428;0,0008230452674897119;0,0008230452674897119;0,00411522633744856;0,0016460905349794238;0,00411522633744856;0,030452674897119343;0,6419753086419753
EC220150;34892,0;32686,0;1788,0;404,0;0,05124383812908403;0,011578585349077153;0,025449959876189386;0,0010030952653903474;0,0018915510718789407;0,0008884558064885934;0,0008597959417631549;0,4039321334403302;0,0018628912071535022;0,0013470136420956093;0,003754442279032443;0,0012896939126447323;0,0034965034965034965;0,004800527341510948;0,02897512323741832;0,4505617333486186
EC220151;7020,0;6430,0;445,0;143,0;0,0633903133903134;0,020370370370370372;0,021652421652421653;0,001282051282051282;0,0035612535612535613;0,0011396011396011395;0,0011396011396011395;0,3022792022792023;0,0032763532763532763;0,0015669515669515669;0,004700854700854701;0,001851851851851852;0,0032763532763532763;0,006695156695156695;0,04757834757834758;0,505982905982906
EC220152;2544,0;2315,0;150,0;78,0;0,0589622641509434;0,030660377358490566;0,010220125786163521;0,003930817610062893;0,003930817610062893;0,0023584905660377358;0,003930817610062893;0,2665094339622642;0,00294811320754717;0,0015723270440251573;0,006289308176100629;0,0023584905660377358;0,0031446540880503146;0,005699685534591195;0,046383647798742135;0,5420597484276729
EC220153;1016,0;929,0;65,0;22,0;0,0639763779527559;0,021653543307086614;0,018700787401574805;0,006889763779527559;0,017716535433070866;0,004921259842519685;0,004921259842519685;0,19389763779527558;0,006889763779527559;0,003937007874015748;0,003937007874015748;0,002952755905511811;0,000984251968503937;0,004921259842519685;0,09448818897637795;0,5374015748031497
EC220154;2825,0;2634,0;139,0;52,0;0,049203539823008846;0,018407079646017697;0,018053097345132742;0,0017699115044247787;0,0038938053097345134;0,0017699115044247787;0,00035398230088495576;0,33946902654867256;0,00247787610619469;0,0021238938053097347;0,0038938053097345134;0,0007079646017699115;0,0035398230088495575;0,0035398230088495575;0,021946902654867255;0,5228318584070797
EC220155;617,0;454,0;78,0;85,0;0,12641815235008103;0,13776337115072934;0,03241491085899514;0,019448946515397084;0,008103727714748784;0,006482982171799027;0,009724473257698542;0,25121555915721233;0,009724473257698542;0,004862236628849271;0,03079416531604538;0,009724473257698542;0,008103727714748784;0,0032414910858995136;0,08914100486223663;0,23987034035656402
EC220156;1321,0;1233,0;54,0;33,0;0,0408781226343679;0,02498107494322483;0,01968205904617714;0,001514004542013626;0,003785011355034065;0,000757002271006813;0,003785011355034065;0,4610143830431491;0,003785011355034065;0,001514004542013626;0,021196063588190765;0,002271006813020439;0,001514004542013626;0,011355034065102196;0,028009084027252083;0,35806207418622255
EC220157;2720,0;2428,0;200,0;92,0;0,07352941176470588;0,033823529411764704;0,021691176470588235;0,001838235294117647;0,002573529411764706;0,0029411764705882353;0,0029411764705882353;0,32426470588235295;0,002573529411764706;0,001838235294117647;0,004779411764705883;0,0022058823529411764;0,003676470588235294;0,004779411764705883;0,04779411764705882;0,46139705882352944
EC220158;3425,0;3084,0;223,0;116,0;0,06510948905109488;0,03386861313868613;0,01635036496350365;0,0035036496350364962;0,007883211678832117;0,0023357664233576644;0,00145985401459854;0,3702189781021898;0,0035036496350364962;0,0035036496350364962;0,00583941605839416;0,00291970802919708;0,004963503649635037;0,003211678832116788;0,08963503649635036;0,3783941605839416
EC220159;2540,0;2312,0;158,0;72,0;0,06220472440944882;0,028346456692913385;0,016929133858267716;0,001968503937007874;0,0027559055118110236;0,0031496062992125984;0,002362204724409449;0,22874015748031495;0,0037401574803149606;0,001968503937007874;0,005511811023622047;0,003543307086614173;0,004330708661417323;0,007480314960629921;0,05;0,5665354330708662
EC220160;2001,0;1805,0;144,0;52,0;0,07196401799100449;0,025987006496751622;0,021989005497251374;0,0069965017491254375;0,004497751124437781;0,0024987506246876563;0,0034982508745627187;0,2563718140929535;0,005247376311844078;0,0024987506246876563;0,0069965017491254375;0,0029985007496251873;0,004497751124437781;0,004247876061969015;0,11944027986006997;0,45077461269365315
EC220161;2083,0;1946,0;82,0;54,0;0,039366298607777246;0,025924147863658185;0,02160345655304849;0,00672107537205953;0,01056168987037926;0,002400384061449832;0,0028804608737397984;0,39510321651464236;0,0031204992798847817;0,00048007681228996637;0,003840614498319731;0,0009601536245799327;0,0043206913106096975;0,004800768122899664;0,06913106096975516;0,40038406144983196
EC220250;729,0;681,0;24,0;24,0;0,03292181069958848;0,03292181069958848;0,012345679012345678;0,0013717421124828531;0,0;0,0013717421124828531;0,0;0,34156378600823045;0,0013717421124828531;0,0027434842249657062;0,00411522633744856;0,0013717421124828531;0,0027434842249657062;0,00205761316872428;0,05075445816186557;0,5089163237311386
EC220251;562,0;490,0;57,0;15,0;0,10142348754448399;0,026690391459074734;0,03202846975088968;0,0071174377224199285;0,0035587188612099642;0,0;0,01601423487544484;0,15302491103202848;0,011565836298932384;0,0017793594306049821;0,0017793594306049821;0,0017793594306049821;0,014234875444839857;0,012455516014234875;0,04448398576512456;0,5480427046263345
EC220252;435,0;378,0;48,0;9,0;0,1103448275862069;0,020689655172413793;0,006896551724137931;0,006896551724137931;0,004597701149425287;0,004597701149425287;0,006896551724137931;0,2206896551724138;0,011494252873563218;0,0022988505747126436;0,013793103448275862;0,004597701149425287;0,009195402298850575;0,008045977011494253;0,13793103448275862;0,4114942528735632
EC220253;583,0;516,0;36,0;31,0;0,06174957118353345;0,05317324185248713;0,012006861063464836;0,005145797598627788;0,003430531732418525;0,00686106346483705;0,010291595197255575;0,22298456260720412;0,00686106346483705;0,008576329331046312;0,010291595197255575;0,003430531732418525;0,008576329331046312;0,003430531732418525;0,1457975986277873;0,42710120068610635
EC220255;291,0;275,0;7,0;9,0;0,024054982817869417;0,030927835051546393;0,006872852233676976;0,0;0,003436426116838488;0,003436426116838488;0,0;0,13058419243986255;0,001718213058419244;0,0;0,003436426116838488;0,003436426116838488;0,0;0,003436426116838488;0,10309278350515463;0,6804123711340206
EC220350;16296,0;15082,0;942,0;268,0;0,05780559646539028;0,01644575355915562;0,02583456062837506;0,0007977417771232204;0,0032523318605792834;0,001288659793814433;0,0011045655375552283;0,41531664212076586;0,001840942562592047;0,0016568483063328424;0,0031909671084928816;0,0012272950417280314;0,0033750613647520866;0,003835297005400098;0,02816642120765832;0,42893961708394696
EC220351;2295,0;2083,0;154,0;55,0;0,06710239651416122;0,023965141612200435;0,02178649237472767;0,0;0,00392156862745098;0,00043572984749455336;0,00130718954248366;0,3603485838779956;0,0023965141612200436;0,0008714596949891067;0,00392156862745098;0,002178649237472767;0,002178649237472767;0,004793028322440087;0,044880174291938996;0,4514161220043573
EC220352;971,0;823,0;121,0;27,0;0,12461380020597322;0,027806385169927908;0,021627188465499485;0,0010298661174047373;0,037075180226570546;0,0020597322348094747;0,005149330587023687;0,2286302780638517;0,008753861997940269;0,0020597322348094747;0,04840370751802266;0,017507723995880537;0,005149330587023687;0,005664263645726055;0,09474768280123584;0,3553038105046344
EC220353;3142,0;2895,0;164,0;82,0;0,052196053469127944;0,026098026734563972;0,02132399745385105;0,001591343093570974;0,004137492043284532;0,003182686187141948;0,00031826861871419476;0,3249522597071929;0,0017504774029280714;0,0009548058561425843;0,0076384468491406746;0,004137492043284532;0,002864417568427753;0,0062062380649267985;0,03278166772756206;0,501591343093571
EC220354;3529,0;3188,0;266,0;74,0;0,0753754604703882;0,020969113063190707;0,01586851799376594;0,001700198356474922;0,005100595069424767;0,000850099178237461;0,0031170303202040237;0,3020685746670445;0,003258713516576934;0,0014168319637291016;0,007367526211391329;0,0056673278549164065;0,0031170303202040237;0,005950694247662227;0,041938226126381414;0,4967412864834231
EC220355;1815,0;1657,0;106,0;51,0;0,05840220385674931;0,02809917355371901;0,015977961432506887;0,0022038567493112946;0,012121212121212121;0,0;0,001652892561983471;0,3702479338842975;0,003856749311294766;0,0005509641873278236;0,001652892561983471;0,0027548209366391185;0,001652892561983471;0,0030303030303030303;0,045730027548209366;0,4446280991735537
EC220356;1136,0;1045,0;63,0;28,0;0,05545774647887324;0,02464788732394366;0,020246478873239437;0,0035211267605633804;0,002640845070422535;0,0;0,0017605633802816902;0,2147887323943662;0,0044014084507042256;0,0035211267605633804;0,0044014084507042256;0,0035211267605633804;0,0044014084507042256;0,0030809859154929575;0,07042253521126761;0,5757042253521126
EC220357;2671,0;2408,0;173,0;90,0;0,06476974915761886;0,03369524522650692;0,02059153874953201;0,0011231748408835642;0,0041183077499064025;0,0011231748408835642;0,001497566454511419;0,32572070385623364;0,002433545488581056;0,002620741295394983;0,0037439161362785474;0,0033695245226506927;0,001497566454511419;0,005615874204417821;0,055409958816922504;0,46461999251216773
EC220358;2734,0;2506,0;138,0;89,0;0,05047549378200439;0,032553035844915874;0,01572787125091441;0,0021945866861741038;0,006217995610826628;0,000731528895391368;0,000731528895391368;0,38734455010972935;0,002926115581565472;0,000731528895391368;0,002926115581565472;0,0018288222384784199;0,0036576444769568397;0,0053035844915874176;0,028895391367959034;0,4491587417702999
EC220450;5332,0;4969,0;272,0;90,0;0,05101275318829707;0,01687921980495124;0,019504876219054765;0,0007501875468867217;0,001312828207051763;0,0016879219804951237;0,00037509377344336085;0,39066016504126033;0,003000750187546887;0,001312828207051763;0,0033758439609902473;0,0005626406601650412;0,0033758439609902473;0,004032258064516129;0,053075768942235556;0,4418604651162791
EC220451;3553,0;3232,0;245,0;76,0;0,06895581198986772;0,0213903743315508;0,01238390092879257;0,0028145229383619475;0,006754855052068675;0,0025330706445257528;0,0019701660568533634;0,3278919223191669;0,005488319729805798;0,0016887137630171687;0,010132282578103011;0,003658879819870532;0,0050661412890515055;0,004081058260624824;0,06754855052068674;0,4480720517872221
EC220452;2541,0;2326,0;158,0;56,0;0,06218024399842582;0,02203856749311295;0,009838646202282565;0,003935458480913027;0,006690279417552145;0,0023612750885478157;0,003935458480913027;0,4364423455332546;0,004919323101141283;0,0027548209366391185;0,014167650531286895;0,0015741833923652105;0,0070838252656434475;0,003935458480913027;0,05076741440377804;0,3581267217630854
EC220453;1977,0;1769,0;158,0;49,0;0,07991906929691452;0,024785027819929185;0,01163378856853819;0,0020232675771370764;0,006069802731411229;0,0020232675771370764;0,0030349013657056147;0,37632776934749623;0,0032878098128477492;0,004552352048558422;0,006069802731411229;0,0030349013657056147;0,006069802731411229;0,004046535154274153;0,07890743550834597;0,38037430450177034
EC220454;3815,0;3399,0;322,0;95,0;0,08440366972477065;0,02490170380078637;0,014941022280471821;0,00235910878112713;0,005504587155963303;0,0020969855832241153;0,003669724770642202;0,400262123197903;0,005897771952817824;0,00655307994757536;0,011271297509829619;0,0034076015727391874;0,00655307994757536;0,005111402359108781;0,10275229357798166;0,30956749672346
EC220455;953,0;883,0;47,0;23,0;0,04931794333683106;0,024134312696747113;0,01049317943336831;0,002098635886673662;0,001049317943336831;0,002098635886673662;0,001049317943336831;0,3641133263378804;0,0031479538300104933;0,002098635886673662;0,0031479538300104933;0,001049317943336831;0,004197271773347324;0,00472193074501574;0,05666316894018888;0,4627492130115425
EC230150;9109,0;8281,0;620,0;205,0;0,06806455154243056;0,022505214622900428;0,020529146997475024;0,001646723021187836;0,0010978153474585574;0,0014271599516961248;0,001756504555933692;0,42606213634866613;0,003842353716104951;0,0028543199033922496;0,0015369414864419804;0,001646723021187836;0,0045010429245800855;0,003403227577121528;0,02524975299154682;0,4063014600944121
EC230151;6907,0;6297,0;476,0;134,0;0,06891559287679166;0,01940060807876068;0,018821485449543943;0,0015925872303460258;0,002026929202258578;0,0007239032865209208;0,0021717098595627625;0,45301867670479223;0,0029680034747357753;0,002026929202258578;0,0014478065730418417;0,0013030259157376576;0,004053858404517156;0,0019545388736064862;0,048791081511510064;0,36586072100767336
EC230152;8059,0;7208,0;550,0;292,0;0,06824668072961906;0,03623278322372503;0,014269760516193076;0,000744509244323117;0,002233527732969351;0,001489018488646234;0,0013649336145923811;0,34458369524754934;0,004715225214046408;0,0018612731108077925;0,002233527732969351;0,0016131033627000868;0,002978036977292468;0,002543739918103983;0,013773421019977665;0,4927410348678496
EC230153;6339,0;5626,0;515,0;195,0;0,08124309828048588;0,03076194983435873;0,01656412683388547;0,0012620287111531788;0,0022085502445180626;0,001419782300047326;0,0012620287111531788;0,2992585581321975;0,005758005994636378;0,00236630383341221;0,0012620287111531788;0,0020507966556239155;0,002839564600094652;0,0029973181889887996;0,016879634011673767;0,5226376400063102
EC230154;9232,0;7844,0;994,0;391,0;0,1076689774696707;0,042352686308492205;0,01451473136915078;0,0017331022530329288;0,002274696707105719;0,001841421143847487;0,0017331022530329288;0,26440641247833624;0,00557842287694974;0,00444107452339688;0,0032495667244367417;0,0016247833622183708;0,0029246100519930676;0,0027079722703639516;0,012240034662045061;0,5220970537261699
EC230155;6370,0;5594,0;591,0;185,0;0,09277864992150707;0,029042386185243328;0,020722135007849293;0,002511773940345369;0,002197802197802198;0,001098901098901099;0,002197802197802198;0,3379905808477237;0,003453689167974882;0,0029827315541601255;0,0020408163265306124;0,001726844583987441;0,0026687598116169543;0,0031397174254317113;0,01946624803767661;0,46938775510204084
EC230156;3894,0;3602,0;202,0;88,0;0,05187467899332306;0,022598870056497175;0,02054442732408834;0,0015408320493066256;0,0017976373908577298;0,00025680534155110427;0,0012840267077555213;0,47252182845403184;0,003723677452491012;0,002824858757062147;0,0015408320493066256;0,002054442732408834;0,0035952747817154596;0,0023112480739599386;0,019517205957883924;0,3854648176682075
EC230157;3506,0;3131,0;264,0;111,0;0,07529948659440959;0,031660011409013124;0,015116942384483743;0,0011409013120365088;0,002852253280091272;0,0022818026240730175;0,001426126640045636;0,31688533941814034;0,005561893896177981;0,0034227039361095267;0,002852253280091272;0,0034227039361095267;0,003993154592127781;0,0037079292641186536;0,03194523673702225;0,48916143753565317
EC230250;32579,0;29102,0;2483,0;985,0;0,0762147395561558;0,030234199944749685;0,016298842812854906;0,0007980601000644587;0,0017495932962951594;0,0010743116731636944;0,001718898677061911;0,32091224408361213;0,004665582123453758;0,002179317965560637;0,0016882040578286627;0,0011050062923969428;0,001995150250161147;0,0023020964424936307;0,007397403235212867;0,522422419349888
EC230251;4507,0;3922,0;359,0;227,0;0,0796538717550477;0,05036609718216108;0,0119813623252718;0,0015531395606833815;0,003106279121366763;0,003106279121366763;0,0019968937208786333;0,2975371644109164;0,004992234302196583;0,002440647881073885;0,0013312624805857556;0,0008875083203905037;0,002662524961171511;0,002884402041269137;0,007765697803416907;0,5200798757488352
EC230252;2477,0;2141,0;199,0;138,0;0,0803391199031086;0,055712555510698425;0,012918853451756156;0,0008074283407347598;0,002825999192571659;0,0;0,0012111425111021397;0,2951150585385547;0,003229713362939039;0,002825999192571659;0,0020185708518368995;0,0020185708518368995;0,0012111425111021397;0,0020185708518368995;0,006459426725878078;0,5264432781590633
EC230253;1202,0;1116,0;60,0;26,0;0,04991680532445923;0,021630615640599003;0,014975041597337771;0,004159733777038269;0,0033277870216306157;0,0016638935108153079;0,0008319467554076539;0,2703826955074875;0,0024958402662229617;0,0008319467554076539;0,0033277870216306157;0,0016638935108153079;0,004159733777038269;0,0033277870216306157;0,013311148086522463;0,5981697171381032
EC240150;47378,0;43585,0;2728,0;1047,0;0,057579467263286756;0,022098864451855292;0,026552408290767868;0,00130862425598379;0,004474650681751024;0,0015830132128836169;0,0023639663979062014;0,3790788973785301;0,004231921989108869;0,0019629363839756848;0,0023006458693908566;0,0019629363839756848;0,003588163282536198;0,005202836759677487;0,009814681919878424;0,4660813035586137
EC240151;2738,0;2516,0;172,0;50,0;0,06281957633308985;0,018261504747991233;0,02154857560262966;0,0007304601899196494;0,004017531044558071;0,003652300949598247;0,0029218407596785976;0,37070854638422207;0,00310445580715851;0,002191380569758948;0,002191380569758948;0,002556610664718773;0,0007304601899196494;0,0034696859021183346;0,00547845142439737;0,48904309715120525
EC240152;25152,0;22746,0;1401,0;994,0;0,05570133587786259;0,03951972010178117;0,014670801526717557;0,0015108142493638677;0,002305979643765903;0,0020674300254452924;0,0016698473282442748;0,18412054707379136;0,006083015267175572;0,0021469465648854963;0,0020276717557251907;0,00178912213740458;0,0026240458015267176;0,0034788486005089057;0,011768447837150127;0,6585162213740458
EC240153;12046,0;10671,0;814,0;555,0;0,06757429852233106;0,04607338535613482;0,020421716752448946;0,0024074381537439815;0,004233770546239415;0,0018263323924954341;0,002490453262493774;0,21060933089822348;0,00639216337373402;0,0016603021749958492;0,0024074381537439815;0,0020753777187448117;0,004399800763739001;0,004067740328739831;0,01643699153245891;0,5959654657147601
EC240154;24266,0;21644,0;1649,0;971,0;0,0679551636033957;0,04001483557240584;0,018049946427099645;0,0009890381603890218;0,0025138053243220966;0,0019780763207780435;0,002555015247671639;0,2746229292013517;0,005666364460562103;0,002307755707574384;0,002390175554273469;0,001813236627379873;0,0031319541745652353;0,0044506717217505974;0,016772438803263828;0,5445891370642051
EC240155;2685,0;2450,0;130,0;105,0;0,048417132216014895;0,03910614525139665;0,01713221601489758;0,00186219739292365;0,0067039106145251395;0,00037243947858472997;0,0022346368715083797;0,22160148975791433;0,00968342644320298;0,0022346368715083797;0,00484171322160149;0,0011173184357541898;0,0022346368715083797;0,005027932960893855;0,0074487895716946;0,615270018621974
EC240156;4556,0;4178,0;294,0;82,0;0,06453028972783142;0,017998244073748903;0,027216856892010536;0,001755926251097454;0,003511852502194908;0,001755926251097454;0,001755926251097454;0,42010535557506584;0,004060579455662862;0,001975417032484636;0,0030728709394205445;0,0010974539069359087;0,006804214223002634;0,005816505706760316;0,005926251097453907;0,42230026338893767
EC240250;76511,0;70155,0;4807,0;1525,0;0,06282756727790775;0,019931774516082655;0,02998261687861876;0,0012547215433074983;0,0066003581184404855;0,0023395328776254394;0,001672962057743331;0,3665224608226268;0,0044699454980329624;0,00232646286154932;0,003411274195867261;0,0022219027329403616;0,00406477499967325;0,00579001712172106;0,012259675079400347;0,4637503104128818
EC240350;2144,0;1975,0;130,0;41,0;0,06063432835820896;0,01912313432835821;0,026119402985074626;0,0;0,005597014925373134;0,0009328358208955224;0,0018656716417910447;0,5363805970149254;0,00396455223880597;0,0046641791044776115;0,0009328358208955224;0,0009328358208955224;0,0018656716417910447;0,004430970149253731;0,00792910447761194;0,31716417910447764
EC240351;9073,0;8013,0;773,0;275,0;0,08519783974429626;0,03030971012895404;0,015430397883831147;0,0006613027664499064;0,003967816598699438;0,0025349939380579743;0,0014328226606414637;0,21602557037363607;0,00418825085418274;0,00209412542709137;0,002755428193541276;0,002314559682574672;0,003967816598699438;0,003251405268378706;0,007715198941915574;0,6093904992835887
EC240352;16074,0;14512,0;1160,0;390,0;0,07216623118078885;0,024262784621127288;0,02961303969142715;0,0014930944382232176;0,005288042802040562;0,0017419435112604206;0,0017419435112604206;0,37458006718924974;0,004479283314669653;0,002861764339927834;0,002799552071668533;0,0023018539255941274;0,004417071046410352;0,0043859649122807015;0,008274231678486997;0,4499813363195222
