ADM3_PCODE;JUNTA_SEXO;Sufragantes;Votos_válidos;Nulos;Blancos;Nulos_pct;Blancos_pct;Centro;"Centro con tinte
institucionalista";Centro pragmático;"Centro-derecha
moderado";"Centro-izquierda
libertaria";"DANIEL NOBOA AZIN
(Derecha liberal 
moderada)";Derecha autoritaria;"Derecha autoritaria
dura";"Derecha autoritaria
moderada";Derecha liberal;Derecha moderada;Izquierda autoritaria;Izquierda libertaria;"LUISA GONZALEZ
(Izquierda autoritaria)"
EC010150;FEMENINO;4831,0;4492,0;288,0;48,0;0,05961498654522873;0,009935831090871455;0,05009314841647692;0,001448975367418754;0,0033119436969571516;0,001241978886358932;0,003932933140136618;0,4829227903125647;0,006002897950734837;0,000620989443179466;0,0018629683295383979;0,001241978886358932;0,0016559718484785758;0,008693852204512523;0,034154419374870626;0,3326433450631339
EC010151;FEMENINO;9755,0;8756,0;804,0;188,0;0,08241927216811891;0,01927216811891338;0,044387493593029216;0,0023577652485904663;0,003485392106611994;0,0013326499231163505;0,0025627883136852894;0,3858534085084572;0,007483341875961046;0,00194771911840082;0,0011276268580215274;0,0033828805740645823;0,0018452075858534085;0,00963608405945669;0,05884161968221425;0,373347001537673
EC010152;FEMENINO;2349,0;2079,0;200,0;70,0;0,08514261387824607;0,02979991485738612;0,0280970625798212;0,004257130693912303;0,0021285653469561515;0,005108556832694764;0,001277139208173691;0,35717326521924225;0,009365687526607066;0,002979991485738612;0,0021285653469561515;0,0008514261387824606;0,0017028522775649213;0,008088548318433376;0,09791400595998297;0,36398467432950193
EC010153;FEMENINO;522,0;453,0;40,0;29,0;0,07662835249042145;0,05555555555555555;0,032567049808429116;0,0038314176245210726;0,005747126436781609;0,0038314176245210726;0,0019157088122605363;0,21839080459770116;0,011494252873563218;0,0019157088122605363;0,0019157088122605363;0,0038314176245210726;0,0038314176245210726;0,007662835249042145;0,08812260536398467;0,4827586206896552
EC010154;FEMENINO;962,0;840,0;87,0;35,0;0,09043659043659044;0,036382536382536385;0,035343035343035345;0,0031185031185031187;0,0031185031185031187;0,006237006237006237;0,0;0,4022869022869023;0,009355509355509356;0,002079002079002079;0,002079002079002079;0,011434511434511435;0,002079002079002079;0,0031185031185031187;0,061330561330561334;0,3316008316008316
EC010155;FEMENINO;1658,0;1438,0;169,0;49,0;0,10193003618817853;0,029553679131483716;0,046441495778045835;0,0036188178528347406;0,004221954161640531;0,0024125452352231603;0,006031363088057901;0,37454764776839566;0,008443908323281062;0,0036188178528347406;0,0006031363088057901;0,005428226779252111;0,0024125452352231603;0,008443908323281062;0,07599517490952955;0,3250904704463209
EC010156;FEMENINO;1690,0;1492,0;161,0;37,0;0,09526627218934912;0,021893491124260357;0,052662721893491124;0,0029585798816568047;0,004733727810650888;0,004733727810650888;0,0035502958579881655;0,33136094674556216;0,005917159763313609;0,001183431952662722;0,002366863905325444;0,008284023668639054;0,0017751479289940828;0,011834319526627219;0,06982248520710059;0,3816568047337278
EC010157;FEMENINO;2399,0;2074,0;251,0;75,0;0,10462692788661943;0,03126302626094206;0,029595664860358483;0,0025010421008753647;0,0012505210504376823;0,0008336807002917883;0,0025010421008753647;0,267611504793664;0,011671529804085035;0,0025010421008753647;0,0025010421008753647;0,0016673614005835765;0,0020842017507294707;0,0029178824510212586;0,049187161317215504;0,48770320967069614
EC010158;FEMENINO;2255,0;2040,0;168,0;47,0;0,07450110864745012;0,020842572062084258;0,05144124168514413;0,0026607538802660754;0,003547671840354767;0,0013303769401330377;0,0031042128603104213;0,3875831485587583;0,004878048780487805;0,0017738359201773836;0,0004434589800443459;0,006208425720620843;0,0013303769401330377;0,00753880266075388;0,07095343680709534;0,36186252771618627
EC010159;FEMENINO;727,0;587,0;76,0;64,0;0,10453920220082531;0,08803301237964237;0,04401650618982118;0,005502063273727648;0,0;0,0;0,0041265474552957355;0,2310866574965612;0,009628610729023384;0,005502063273727648;0,002751031636863824;0,012379642365887207;0,011004126547455296;0,011004126547455296;0,0921595598349381;0,3782668500687758
EC010160;FEMENINO;2024,0;1797,0;181,0;46,0;0,08942687747035573;0,022727272727272728;0,057806324110671936;0,0024703557312252965;0,001976284584980237;0,001976284584980237;0,001976284584980237;0,3616600790513834;0,005928853754940711;0,0004940711462450593;0,0024703557312252965;0,006422924901185771;0,003458498023715415;0,010869565217391304;0,0800395256916996;0,350296442687747
EC010161;FEMENINO;2582,0;2216,0;259,0;106,0;0,10030983733539892;0,041053446940356314;0,02517428350116189;0,0023237800154918666;0,002711076684740511;0,0038729666924864447;0,004260263361735089;0,26103795507358635;0,009682416731216111;0,0038729666924864447;0,0023237800154918666;0,005422153369481022;0,001549186676994578;0,004647560030983733;0,14484895429899303;0,3865220759101472
EC010162;FEMENINO;7855,0;7035,0;672,0;148,0;0,08555060471037555;0,018841502227880332;0,04977721196690006;0,001527689369828135;0,00305537873965627;0,0024188415022278805;0,002546148949713558;0,3994907702100573;0,006365372374283896;0,0006365372374283895;0,0017823042647994907;0,003437301082113304;0,001654996817313813;0,011075747931253979;0,04977721196690006;0,362062380649268
EC010163;FEMENINO;3798,0;3401,0;300,0;96,0;0,07898894154818326;0,02527646129541864;0,05476566614007372;0,0013164823591363876;0,00421274354923644;0,0018430753027909425;0,0018430753027909425;0,38599262769878884;0,006845708267509215;0,001579778830963665;0,0026329647182727752;0,0028962611901000527;0,00210637177461822;0,006582411795681938;0,0666140073723012;0,35624012638230645
EC010164;FEMENINO;2351,0;2037,0;228,0;84,0;0,0969800085070183;0,03572947681837516;0,042960442364951085;0,002552105487026797;0,0012760527435133986;0,002552105487026797;0,0038281582305401958;0,3088047639302425;0,005954912803062527;0,002552105487026797;0,0004253509145044662;0,002126754572522331;0,002126754572522331;0,005104210974053594;0,11612079965971926;0,37005529561888556
EC010165;FEMENINO;4975,0;4414,0;442,0;117,0;0,08884422110552764;0,023517587939698492;0,053266331658291456;0,002412060301507538;0,0018090452261306533;0,0032160804020100503;0,0026130653266331657;0,3708542713567839;0,006231155778894473;0,0018090452261306533;0,0016080402010050252;0,002412060301507538;0,0018090452261306533;0,010050251256281407;0,0592964824120603;0,3698492462311558
EC010166;FEMENINO;1435,0;1273,0;125,0;35,0;0,08710801393728224;0,024390243902439025;0,04250871080139373;0,004181184668989547;0,004181184668989547;0,003484320557491289;0,004181184668989547;0,22369337979094076;0,006968641114982578;0,0027874564459930314;0,0006968641114982578;0,004181184668989547;0,004181184668989547;0,017421602787456445;0,05505226480836237;0,5135888501742161
EC010167;FEMENINO;4467,0;3855,0;459,0;149,0;0,10275352585627938;0,03335571972240878;0,044101186478621;0,004253413924334005;0,0076113722856503245;0,0047011417058428475;0,004925005596597269;0,3098276248041191;0,016565927915827176;0,002686366689053056;0,002910230579807477;0,007163644504141482;0,002686366689053056;0,009402283411685695;0,07588985896574882;0,37027087530781283
EC010168;FEMENINO;3975,0;3369,0;495,0;110,0;0,12452830188679245;0,027672955974842768;0,03949685534591195;0,001761006289308176;0,0025157232704402514;0,004528301886792453;0,0057861635220125785;0,29157232704402514;0,010314465408805032;0,0025157232704402514;0,0015094339622641509;0,003522012578616352;0,002767295597484277;0,005283018867924529;0,12754716981132075;0,3484276729559748
EC010169;FEMENINO;2944,0;2541,0;316,0;85,0;0,10733695652173914;0,028872282608695652;0,052309782608695655;0,001358695652173913;0,0020380434782608695;0,0020380434782608695;0,002377717391304348;0,3108016304347826;0,008152173913043478;0,001358695652173913;0,001358695652173913;0,005095108695652174;0,0030570652173913045;0,01358695652173913;0,07948369565217392;0,38009510869565216
EC010170;FEMENINO;7233,0;6446,0;632,0;156,0;0,0873772984930181;0,021567814184985483;0,05737591594082676;0,002626849163555924;0,002488593944421402;0,004009401354901148;0,002488593944421402;0,32061385317295726;0,007327526614129684;0,0008295313148071339;0,0016590626296142678;0,004977187888842804;0,0027651043826904466;0,008433568367205862;0,0941518042306097;0,3814461495921471
EC010171;FEMENINO;1876,0;1630,0;178,0;68,0;0,09488272921108742;0,03624733475479744;0,04797441364605544;0,0015991471215351812;0,0026652452025586353;0,005863539445628998;0,0015991471215351812;0,2905117270788913;0,007995735607675906;0,0010660980810234541;0,0021321961620469083;0,0015991471215351812;0,0010660980810234541;0,005330490405117271;0,11940298507462686;0,3800639658848614
EC010250;FEMENINO;3407,0;3007,0;284,0;116,0;0,08335779277957148;0,034047549163486936;0,03199295567948342;0,002348106838861168;0,003228646903434106;0,002348106838861168;0,0035221602582917524;0,46521866744936896;0,006163780452010567;0,0014675667742882301;0,0017610801291458762;0,0017610801291458762;0,0026416201937188143;0,0058702670971529205;0,12767830936307603;0,22659230995010274
EC010251;FEMENINO;858,0;783,0;50,0;24,0;0,05827505827505827;0,027972027972027972;0,030303030303030304;0,002331002331002331;0,002331002331002331;0,0;0,002331002331002331;0,4662004662004662;0,006993006993006993;0,002331002331002331;0,005827505827505828;0,0;0,005827505827505828;0,004662004662004662;0,06526806526806526;0,3181818181818182
EC010252;FEMENINO;218,0;202,0;3,0;13,0;0,013761467889908258;0,05963302752293578;0,027522935779816515;0,0045871559633027525;0,0;0,0045871559633027525;0,0;0,23394495412844038;0,0;0,0;0,0;0,0;0,0045871559633027525;0,009174311926605505;0,19724770642201836;0,44495412844036697
EC010350;FEMENINO;8879,0;7619,0;1015,0;244,0;0,11431467507602207;0,027480572136501857;0,03491384164883433;0,003716634756166235;0,0014641288433382138;0,0014641288433382138;0,001914630025903818;0,37673161392048654;0,005969140668994256;0,0010136276607726096;0,002252505912828021;0,0014641288433382138;0,002252505912828021;0,007208018921049668;0,06791305327176483;0,3498141682621917
EC010352;FEMENINO;588,0;489,0;74,0;25,0;0,12585034013605442;0,04251700680272109;0,027210884353741496;0,0017006802721088435;0,008503401360544218;0,003401360544217687;0,0017006802721088435;0,25170068027210885;0,011904761904761904;0,0017006802721088435;0,00510204081632653;0,013605442176870748;0,003401360544217687;0,0017006802721088435;0,14625850340136054;0,35374149659863946
EC010353;FEMENINO;1540,0;1353,0;128,0;61,0;0,08311688311688312;0,03961038961038961;0,04415584415584416;0,005194805194805195;0,003896103896103896;0,003896103896103896;0,003896103896103896;0,2662337662337662;0,007142857142857143;0,003896103896103896;0,001948051948051948;0,004545454545454545;0,003246753246753247;0,00974025974025974;0,11298701298701298;0,4077922077922078
EC010354;FEMENINO;652,0;535,0;84,0;33,0;0,12883435582822086;0,05061349693251534;0,023006134969325152;0,0015337423312883436;0,004601226993865031;0,0015337423312883436;0,003067484662576687;0,2883435582822086;0,0015337423312883436;0,0015337423312883436;0,0;0,003067484662576687;0,003067484662576687;0,007668711656441718;0,11042944785276074;0,37116564417177916
EC010356;FEMENINO;304,0;251,0;30,0;23,0;0,09868421052631579;0,0756578947368421;0,03618421052631579;0,003289473684210526;0,003289473684210526;0,006578947368421052;0,003289473684210526;0,34539473684210525;0,01644736842105263;0,0;0,003289473684210526;0,003289473684210526;0,003289473684210526;0,003289473684210526;0,05921052631578947;0,33881578947368424
EC010357;FEMENINO;1653,0;1339,0;229,0;82,0;0,1385359951603146;0,049606775559588624;0,015124016938898971;0,0018148820326678765;0,0030248033877797943;0,003629764065335753;0,006654567453115548;0,21052631578947367;0,007864488808227465;0,004234724742891712;0,0024198427102238356;0,0012099213551119178;0,0012099213551119178;0,007864488808227465;0,11312764670296431;0,43133696309739866
EC010358;FEMENINO;1012,0;862,0;106,0;44,0;0,10474308300395258;0,043478260869565216;0,03260869565217391;0,001976284584980237;0,0029644268774703555;0,001976284584980237;0,003952569169960474;0,24110671936758893;0,009881422924901186;0,0009881422924901185;0,001976284584980237;0,0029644268774703555;0,0029644268774703555;0,004940711462450593;0,09090909090909091;0,4525691699604743
EC010359;FEMENINO;262,0;215,0;34,0;13,0;0,1297709923664122;0,04961832061068702;0,003816793893129771;0,0;0,003816793893129771;0,0;0,003816793893129771;0,2862595419847328;0,007633587786259542;0,0;0,0;0,011450381679389313;0,003816793893129771;0,022900763358778626;0,08778625954198473;0,3893129770992366
EC010360;FEMENINO;251,0;219,0;22,0;10,0;0,08764940239043825;0,0398406374501992;0,04780876494023904;0,00398406374501992;0,0;0,00796812749003984;0,0;0,2868525896414343;0,01195219123505976;0,00398406374501992;0,00796812749003984;0,00398406374501992;0,0;0,00796812749003984;0,06772908366533864;0,42231075697211157
EC010450;FEMENINO;3902,0;3479,0;297,0;124,0;0,0761148129164531;0,03177857508969759;0,02665299846232701;0,0033316248077908763;0,0020502306509482316;0,0023065094823167607;0,005381855458739108;0,17324449000512557;0,006406970784213224;0,0020502306509482316;0,0012813941568426447;0,0007688364941055869;0,0033316248077908763;0,008713480266529985;0,2778062532034854;0,37826755509994875
EC010451;FEMENINO;850,0;750,0;79,0;21,0;0,09294117647058824;0,024705882352941175;0,02823529411764706;0,002352941176470588;0,0;0,002352941176470588;0,001176470588235294;0,18941176470588236;0,010588235294117647;0,001176470588235294;0,001176470588235294;0,001176470588235294;0,004705882352941176;0,004705882352941176;0,2576470588235294;0,3776470588235294
EC010452;FEMENINO;524,0;453,0;54,0;17,0;0,10305343511450382;0,03244274809160305;0,030534351145038167;0,003816793893129771;0,0;0,0;0,0057251908396946565;0,29961832061068705;0,003816793893129771;0,0019083969465648854;0,003816793893129771;0,0019083969465648854;0,0;0,0019083969465648854;0,09923664122137404;0,4122137404580153
EC010453;FEMENINO;493,0;434,0;45,0;14,0;0,09127789046653144;0,028397565922920892;0,02231237322515213;0,0;0,006085192697768763;0,0;0,002028397565922921;0,19878296146044624;0,0;0,002028397565922921;0,0;0,0;0,002028397565922921;0,002028397565922921;0,12170385395537525;0,5233265720081136
EC010550;FEMENINO;5899,0;5166,0;585,0;145,0;0,09916935073741312;0,02458043736226479;0,032886929988133584;0,0011866418036955415;0,0018647228343787084;0,0011866418036955415;0,0011866418036955415;0,35192405492456347;0,006611290049160875;0,0010171215460247499;0,0016952025767079167;0,0008476012883539584;0,0018647228343787084;0,006102729276148499;0,06424817765723004;0,40311917274114256
EC010552;FEMENINO;460,0;393,0;48,0;19,0;0,10434782608695652;0,041304347826086954;0,02391304347826087;0,004347826086956522;0,002173913043478261;0,0;0,010869565217391304;0,25;0,008695652173913044;0,002173913043478261;0,0;0,002173913043478261;0,0;0,015217391304347827;0,06739130434782609;0,4673913043478261
EC010553;FEMENINO;739,0;629,0;84,0;26,0;0,11366711772665765;0,035182679296346414;0,03924221921515562;0,0027063599458728013;0,0027063599458728013;0,0;0,0027063599458728013;0,3301759133964817;0,010825439783491205;0,0;0,0027063599458728013;0,0013531799729364006;0,0027063599458728013;0,0027063599458728013;0,08795669824086604;0,36535859269282817
EC010554;FEMENINO;660,0;525,0;115,0;20,0;0,17424242424242425;0,030303030303030304;0,021212121212121213;0,0;0,004545454545454545;0,0;0,004545454545454545;0,31666666666666665;0,004545454545454545;0,0015151515151515152;0,004545454545454545;0,0;0,0;0,010606060606060607;0,07121212121212121;0,3560606060606061
EC010556;FEMENINO;322,0;283,0;28,0;10,0;0,08695652173913043;0,031055900621118012;0,027950310559006212;0,0;0,0;0,003105590062111801;0,0;0,3385093167701863;0,006211180124223602;0,003105590062111801;0,006211180124223602;0,003105590062111801;0,003105590062111801;0,003105590062111801;0,06521739130434782;0,4192546583850932
EC010559;FEMENINO;740,0;635,0;69,0;36,0;0,09324324324324325;0,04864864864864865;0,02972972972972973;0,004054054054054054;0,002702702702702703;0,0013513513513513514;0,0;0,26216216216216215;0,013513513513513514;0,0;0,0013513513513513514;0,002702702702702703;0,002702702702702703;0,0013513513513513514;0,12432432432432433;0,41216216216216217
EC010561;FEMENINO;445,0;372,0;50,0;23,0;0,11235955056179775;0,051685393258426963;0,011235955056179775;0,0;0,0022471910112359553;0,0;0,0;0,18876404494382024;0,006741573033707865;0,0;0,0;0,0;0,0;0,0;0,038202247191011236;0,5887640449438202
EC010562;FEMENINO;467,0;406,0;38,0;23,0;0,08137044967880086;0,04925053533190578;0,023554603854389723;0,0;0,006423982869379015;0,0021413276231263384;0,0021413276231263384;0,2633832976445396;0,019271948608137045;0,004282655246252677;0,0;0,008565310492505354;0,0;0,006423982869379015;0,059957173447537475;0,4732334047109208
EC010650;FEMENINO;2625,0;2374,0;168,0;84,0;0,064;0,032;0,019809523809523808;0,0015238095238095239;0,0015238095238095239;0,001142857142857143;0,002285714285714286;0,25523809523809526;0,005333333333333333;0,001142857142857143;0,0;0,0007619047619047619;0,0026666666666666666;0,010666666666666666;0,037333333333333336;0,564952380952381
EC010652;FEMENINO;489,0;442,0;22,0;25,0;0,044989775051124746;0,05112474437627812;0,02044989775051125;0,002044989775051125;0,002044989775051125;0,0;0,0;0,3047034764826176;0,002044989775051125;0,0;0,002044989775051125;0,0;0,0;0,00408997955010225;0,04294478527607362;0,523517382413088
EC010750;FEMENINO;1435,0;1326,0;70,0;39,0;0,04878048780487805;0,027177700348432057;0,04390243902439024;0,004181184668989547;0,003484320557491289;0,0013937282229965157;0,0013937282229965157;0,48850174216027875;0,0062717770034843206;0,0006968641114982578;0,0020905923344947735;0,0006968641114982578;0,0027874564459930314;0,004181184668989547;0,06689895470383275;0,2975609756097561
EC010751;FEMENINO;241,0;226,0;10,0;5,0;0,04149377593360996;0,02074688796680498;0,058091286307053944;0,0;0,004149377593360996;0,0;0,008298755186721992;0,45228215767634855;0,012448132780082987;0,012448132780082987;0,004149377593360996;0,0;0,0;0,0;0,07883817427385892;0,3070539419087137
EC010850;FEMENINO;5206,0;4748,0;321,0;136,0;0,06165962351133308;0,026123703419131773;0,03073376872839032;0,001152516327314637;0,001920860545524395;0,0009604302727621974;0,000768344218209758;0,46081444487130235;0,005570495582020745;0,0013446023818670765;0,001920860545524395;0,0017287744909719553;0,002305032654629274;0,008643872454859777;0,0714560122935075;0,32270457164809835
EC010851;FEMENINO;1079,0;984,0;67,0;28,0;0,06209453197405004;0,025949953660797033;0,03521779425393883;0,0018535681186283596;0,0018535681186283596;0,0;0,0018535681186283596;0,4309545875810936;0,006487488415199258;0,0009267840593141798;0,0;0,0009267840593141798;0,0009267840593141798;0,011121408711770158;0,057460611677479144;0,3623725671918443
EC010852;FEMENINO;484,0;450,0;21,0;13,0;0,04338842975206612;0,026859504132231406;0,02066115702479339;0,0;0,002066115702479339;0,002066115702479339;0,004132231404958678;0,40289256198347106;0,002066115702479339;0,0;0,0;0,002066115702479339;0,0;0,012396694214876033;0,06198347107438017;0,4194214876033058
EC010853;FEMENINO;641,0;562,0;59,0;20,0;0,09204368174726989;0,031201248049921998;0,0234009360374415;0,0031201248049922;0,0062402496099844;0,0015600624024961;0,0015600624024961;0,34789391575663026;0,0109204368174727;0,0031201248049922;0,0031201248049922;0,0015600624024961;0,0062402496099844;0,014040561622464899;0,13260530421216848;0,3213728549141966
EC010854;FEMENINO;247,0;231,0;14,0;2,0;0,05668016194331984;0,008097165991902834;0,024291497975708502;0,0;0,0;0,0;0,004048582995951417;0,5263157894736842;0,012145748987854251;0,0;0,0;0,0;0,0;0,024291497975708502;0,19838056680161945;0,145748987854251
EC010950;FEMENINO;4779,0;4128,0;509,0;138,0;0,1065076375810839;0,028876333961079723;0,032642812303829254;0,0010462439840970914;0,002929483155471856;0,0016739903745553464;0,0012554927809165098;0,3055032433563507;0,0033479807491106927;0,002092487968194183;0,001464741577735928;0,0006277463904582549;0,002720234358652438;0,006277463904582548;0,0744925716677129;0,42770454069889097
EC010951;FEMENINO;523,0;450,0;63,0;10,0;0,12045889101338432;0,019120458891013385;0,04206500956022945;0,0;0,0;0,0;0,0;0,40344168260038243;0,011472275334608031;0,0;0,0019120458891013384;0,0;0,0019120458891013384;0,011472275334608031;0,07839388145315487;0,30975143403441685
EC010952;FEMENINO;1210,0;1080,0;100,0;30,0;0,08264462809917356;0,024793388429752067;0,021487603305785124;0,0008264462809917355;0,0049586776859504135;0,0;0,001652892561983471;0,28760330578512394;0,006611570247933884;0,001652892561983471;0,001652892561983471;0,001652892561983471;0,0008264462809917355;0,008264462809917356;0,1;0,4553719008264463
EC010953;FEMENINO;452,0;408,0;35,0;9,0;0,07743362831858407;0,01991150442477876;0,01991150442477876;0,0022123893805309734;0,0022123893805309734;0,0;0,004424778761061947;0,26327433628318586;0,0;0,0;0,004424778761061947;0,004424778761061947;0,0022123893805309734;0,00663716814159292;0,07079646017699115;0,5221238938053098
EC010954;FEMENINO;1203,0;1049,0;115,0;38,0;0,09559434746467166;0,03158769742310889;0,029093931837073983;0,0033250207813798837;0,004987531172069825;0,0016625103906899418;0,005818786367414797;0,28512053200332504;0,013300083125519535;0,0008312551953449709;0,0;0,0008312551953449709;0,0008312551953449709;0,010806317539484621;0,1055694098088113;0,40980881130507063
EC010955;FEMENINO;1302,0;1112,0;154,0;35,0;0,11827956989247312;0,026881720430107527;0,019201228878648235;0,0007680491551459293;0,0030721966205837174;0,0015360983102918587;0,0015360983102918587;0,2411674347158218;0,010752688172043012;0,0030721966205837174;0,004608294930875576;0,005376344086021506;0,004608294930875576;0,010752688172043012;0,10522273425499232;0,4423963133640553
EC010956;FEMENINO;716,0;597,0;83,0;36,0;0,11592178770949721;0,05027932960893855;0,013966480446927373;0,0;0,00558659217877095;0,002793296089385475;0,004189944134078212;0,4483240223463687;0,008379888268156424;0,006983240223463687;0,0;0,0013966480446927375;0,00558659217877095;0,01675977653631285;0,12988826815642457;0,18994413407821228
EC011050;FEMENINO;1087,0;919,0;118,0;50,0;0,10855565777368906;0,045998160073597055;0,034958601655933765;0,0009199632014719411;0,0;0,0018399264029438822;0,0018399264029438822;0,2980680772769089;0,007359705611775529;0,0;0,0;0,0009199632014719411;0,0036798528058877645;0,0036798528058877645;0,10855565777368906;0,38362465501379944
EC011051;FEMENINO;378,0;354,0;17,0;7,0;0,04497354497354497;0,018518518518518517;0,037037037037037035;0,0;0,0026455026455026454;0,0;0,0;0,3201058201058201;0,0026455026455026454;0,0;0,0;0,0;0,0;0,013227513227513227;0,07407407407407407;0,48677248677248675
EC011150;FEMENINO;2813,0;2441,0;285,0;87,0;0,10131532172058301;0,030927835051546393;0,043370067543547816;0,0028439388553146107;0,0035549235691432635;0,00035549235691432633;0,0007109847138286527;0,3750444365446143;0,008531816565943833;0,002488446498400284;0,003199431212228937;0,0028439388553146107;0,002132954141485958;0,011020263064344117;0,052968361180234624;0,3586917881265553
EC011151;FEMENINO;474,0;392,0;66,0;16,0;0,13924050632911392;0,03375527426160337;0,023206751054852322;0,004219409282700422;0,0;0,002109704641350211;0,006329113924050633;0,17932489451476794;0,010548523206751054;0,0;0,004219409282700422;0,006329113924050633;0,004219409282700422;0,023206751054852322;0,06540084388185655;0,4978902953586498
EC011152;FEMENINO;399,0;327,0;52,0;20,0;0,13032581453634084;0,05012531328320802;0,047619047619047616;0,0;0,012531328320802004;0,0;0,012531328320802004;0,2556390977443609;0,012531328320802004;0,005012531328320802;0,0;0,007518796992481203;0,0;0,0;0,08020050125313283;0,38596491228070173
EC011153;FEMENINO;409,0;326,0;63,0;20,0;0,15403422982885084;0,0488997555012225;0,022004889975550123;0,0;0,0024449877750611247;0,004889975550122249;0,004889975550122249;0,18337408312958436;0,012224938875305624;0,007334963325183374;0,0;0,012224938875305624;0,0024449877750611247;0,009779951100244499;0,08312958435207823;0,45232273838630804
EC011154;FEMENINO;288,0;256,0;22,0;11,0;0,0763888888888889;0,03819444444444445;0,04513888888888889;0,003472222222222222;0,003472222222222222;0,003472222222222222;0,0;0,4722222222222222;0,0;0,003472222222222222;0,0;0,0;0,006944444444444444;0,006944444444444444;0,09375;0,25
EC011250;FEMENINO;631,0;586,0;33,0;12,0;0,05229793977812995;0,01901743264659271;0,03169572107765452;0,001584786053882726;0,003169572107765452;0,001584786053882726;0,006339144215530904;0,2931854199683043;0,014263074484944533;0,0;0,001584786053882726;0,001584786053882726;0,0;0,009508716323296355;0,022187004754358162;0,5419968304278923
EC011253;FEMENINO;499,0;468,0;22,0;8,0;0,04408817635270541;0,01603206412825651;0,018036072144288578;0,0;0,002004008016032064;0,002004008016032064;0,0;0,24849699398797595;0,008016032064128256;0,002004008016032064;0,0;0,0;0,0;0,014028056112224449;0,028056112224448898;0,6152304609218436
EC011350;FEMENINO;930,0;879,0;40,0;11,0;0,043010752688172046;0,011827956989247311;0,026881720430107527;0,001075268817204301;0,0;0,002150537634408602;0,0032258064516129032;0,210752688172043;0,0;0,001075268817204301;0,001075268817204301;0,0;0,001075268817204301;0,0032258064516129032;0,012903225806451613;0,6817204301075269
EC011351;FEMENINO;338,0;322,0;11,0;5,0;0,03254437869822485;0,014792899408284023;0,029585798816568046;0,0;0,0;0,0;0,0029585798816568047;0,16568047337278108;0,0;0,0029585798816568047;0,0;0,0;0,0029585798816568047;0,0029585798816568047;0,03254437869822485;0,7130177514792899
EC011352;FEMENINO;785,0;725,0;43,0;17,0;0,05477707006369427;0,02165605095541401;0,025477707006369428;0,0012738853503184713;0,0;0,0025477707006369425;0,0012738853503184713;0,20254777070063695;0,0012738853503184713;0,0;0,0;0,0;0,0;0,003821656050955414;0,03821656050955414;0,6471337579617834
EC011450;FEMENINO;1300,0;1180,0;98,0;20,0;0,07538461538461538;0,015384615384615385;0,02846153846153846;0,0038461538461538464;0,0;0,002307692307692308;0,0015384615384615385;0,32076923076923075;0,0038461538461538464;0,0;0,0007692307692307692;0,003076923076923077;0,0015384615384615385;0,006153846153846154;0,05;0,48538461538461536
EC011550;FEMENINO;7128,0;6537,0;426,0;163,0;0,05976430976430976;0,0228675645342312;0,01711560044893378;0,00042087542087542086;0,0014029180695847362;0,001823793490460157;0,0015432098765432098;0,284652076318743;0,005471380471380472;0,0014029180695847362;0,0012626262626262627;0,0007014590347923681;0,0012626262626262627;0,003647586980920314;0,013748597081930415;0,582631874298541
EC020150;FEMENINO;9930,0;8379,0;1212,0;335,0;0,12205438066465257;0,033736153071500505;0,01732124874118832;0,0010070493454179255;0,0009063444108761329;0,0021148036253776435;0,002920443101711984;0,254380664652568;0,006042296072507553;0,001107754279959718;0,002920443101711984;0,0037260825780463243;0,0026183282980866062;0,005840886203423968;0,3306143001007049;0,2122860020140987
EC020151;FEMENINO;875,0;702,0;87,0;85,0;0,09942857142857142;0,09714285714285714;0,017142857142857144;0,0;0,004571428571428572;0,0034285714285714284;0,0034285714285714284;0,23657142857142857;0,012571428571428572;0,002285714285714286;0,0034285714285714284;0,008;0,005714285714285714;0,006857142857142857;0,29714285714285715;0,20114285714285715
EC020153;FEMENINO;841,0;651,0;149,0;41,0;0,17717003567181927;0,04875148632580262;0,0178359096313912;0,0011890606420927466;0,0011890606420927466;0,0011890606420927466;0,0035671819262782403;0,22235434007134364;0,008323424494649227;0,0011890606420927466;0,0;0,0035671819262782403;0,0047562425683709865;0,0023781212841854932;0,33055885850178357;0,1759809750297265
EC020155;FEMENINO;1610,0;1438,0;130,0;42,0;0,08074534161490683;0,02608695652173913;0,007453416149068323;0,0006211180124223603;0,0018633540372670807;0,002484472049689441;0,0018633540372670807;0,14906832298136646;0,006211180124223602;0,0;0,0018633540372670807;0,0018633540372670807;0,0012422360248447205;0,0068322981366459624;0,3813664596273292;0,33043478260869563
EC020156;FEMENINO;704,0;654,0;38,0;12,0;0,05397727272727273;0,017045454545454544;0,022727272727272728;0,002840909090909091;0,0;0,0014204545454545455;0,0;0,5426136363636364;0,008522727272727272;0,0014204545454545455;0,0014204545454545455;0,0014204545454545455;0,0014204545454545455;0,002840909090909091;0,09375;0,24857954545454544
EC020157;FEMENINO;1438,0;1234,0;134,0;70,0;0,09318497913769123;0,048678720445062586;0,02294853963838665;0,0013908205841446453;0,0027816411682892906;0,002086230876216968;0,0013908205841446453;0,2336578581363004;0,008344923504867872;0,0013908205841446453;0,002086230876216968;0,0034770514603616135;0,0006954102920723226;0,011821974965229486;0,33518776077885953;0,23087621696801114
EC020158;FEMENINO;738,0;689,0;42,0;7,0;0,056910569105691054;0,009485094850948509;0,037940379403794036;0,0027100271002710027;0,0;0,0013550135501355014;0,0040650406504065045;0,4905149051490515;0,009485094850948509;0,0013550135501355014;0,0;0,0027100271002710027;0,0027100271002710027;0,008130081300813009;0,1070460704607046;0,26558265582655827
EC020159;FEMENINO;4081,0;3241,0;604,0;236,0;0,14800294045577064;0,05782896348934085;0,005145797598627788;0,0019603038470963;0,0017152658662092624;0,0026954177897574125;0,0012251899044351876;0,09090909090909091;0,012987012987012988;0,005390835579514825;0,004655721636853712;0,007596177407498162;0,006616025483950012;0,0058809115412889;0,4359225679980397;0,21146777750551335
EC020160;FEMENINO;2308,0;2017,0;198,0;95,0;0,08578856152512998;0,04116117850953206;0,01993067590987868;0,0004332755632582322;0,002166377816291161;0,0008665511265164644;0,002166377816291161;0,4462738301559792;0,004766031195840554;0,0008665511265164644;0,0012998266897746968;0,0025996533795493936;0,0012998266897746968;0,004332755632582322;0,05805892547660312;0,32885615251299827
EC020250;FEMENINO;4726,0;4226,0;337,0;161,0;0,07130765975454931;0,03406686415573423;0,03427845958527296;0,0008463817181548879;0,0016927634363097758;0,0014811680067710537;0,0027507405840033854;0,4487939060516293;0,0065594583157003805;0,0016927634363097758;0,0019043588658484976;0,0033855268726195515;0,0016927634363097758;0,0031739314430808295;0,086754126110876;0,29919593736775285
EC020251;FEMENINO;2216,0;1941,0;197,0;79,0;0,08889891696750903;0,03564981949458484;0,016696750902527077;0,0009025270758122744;0,0018050541516245488;0,0004512635379061372;0,0009025270758122744;0,48375451263537905;0,007671480144404332;0,0013537906137184115;0,00315884476534296;0,0018050541516245488;0,0004512635379061372;0,00315884476534296;0,03835740072202166;0,3154332129963899
EC020350;FEMENINO;2686,0;2565,0;82,0;38,0;0,03052866716306776;0,014147431124348473;0,03052866716306776;0,0007446016381236039;0,0011169024571854058;0,0007446016381236039;0,0;0,6891288160833954;0,0037230081906180195;0,0014892032762472078;0,0;0,0011169024571854058;0,0011169024571854058;0,0022338049143708115;0,04095309009679821;0,18205510052122115
EC020351;FEMENINO;1040,0;903,0;90,0;47,0;0,08653846153846154;0,04519230769230769;0,01730769230769231;0,0009615384615384616;0,0009615384615384616;0,0;0,0038461538461538464;0,40576923076923077;0,008653846153846154;0,0019230769230769232;0,0019230769230769232;0,0009615384615384616;0,0038461538461538464;0,010576923076923078;0,18076923076923077;0,23076923076923078
EC020353;FEMENINO;1101,0;1007,0;78,0;16,0;0,07084468664850137;0,014532243415077202;0,02997275204359673;0,0;0,0009082652134423251;0,0018165304268846503;0,0009082652134423251;0,43415077202543145;0,010899182561307902;0,0018165304268846503;0,0;0,0009082652134423251;0,0036330608537693005;0,007266121707538601;0,08991825613079019;0,33242506811989103
EC020354;FEMENINO;347,0;308,0;35,0;4,0;0,10086455331412104;0,011527377521613832;0,02881844380403458;0,0;0,0;0,0;0,002881844380403458;0,5590778097982709;0,005763688760806916;0,005763688760806916;0,002881844380403458;0,0;0,002881844380403458;0,01440922190201729;0,05763688760806916;0,207492795389049
EC020355;FEMENINO;659,0;568,0;72,0;19,0;0,10925644916540213;0,028831562974203338;0,013657056145675266;0,0;0,0;0,0015174506828528073;0,0015174506828528073;0,5690440060698028;0,009104704097116844;0,0015174506828528073;0,0;0,0015174506828528073;0,004552352048558422;0,0015174506828528073;0,0409711684370258;0,21699544764795145
EC020450;FEMENINO;6528,0;5853,0;454,0;215,0;0,06954656862745098;0,032935049019607844;0,029105392156862746;0,0007659313725490196;0,0015318627450980392;0,0007659313725490196;0,0013786764705882354;0,4797794117647059;0,008425245098039215;0,0013786764705882354;0,0012254901960784314;0,001838235294117647;0,0024509803921568627;0,006740196078431373;0,06433823529411764;0,296875
EC020550;FEMENINO;5701,0;5304,0;320,0;71,0;0,05613050342045255;0,01245395544641291;0,03350289422908262;0,0019294860550780565;0,0007016312927556569;0,001578670408700228;0,0017540782318891423;0,619540431503245;0,004034379933345027;0,0005262234695667427;0,0012278547623223997;0,0010524469391334855;0,0014032625855113139;0,0071917207507454835;0,03999298368707244;0,2159270303455534
EC020551;FEMENINO;1297,0;1201,0;72,0;24,0;0,05551272166538165;0,018504240555127217;0,026214340786430222;0,0;0,0;0,0007710100231303007;0,0007710100231303007;0,5844255975327679;0,007710100231303007;0,0007710100231303007;0,0;0,002313030069390902;0,0015420200462606013;0,006939090208172706;0,027756360832690823;0,26676946800308404
EC020552;FEMENINO;906,0;785,0;90,0;31,0;0,09933774834437085;0,03421633554083885;0,025386313465783666;0,0011037527593818985;0,0;0,002207505518763797;0,002207505518763797;0,445916114790287;0,006622516556291391;0,0011037527593818985;0,0011037527593818985;0,002207505518763797;0,0033112582781456954;0,005518763796909493;0,0695364238410596;0,30022075055187636
EC020553;FEMENINO;415,0;374,0;26,0;15,0;0,06265060240963856;0,03614457831325301;0,007228915662650603;0,0024096385542168677;0,004819277108433735;0,0024096385542168677;0,0;0,5759036144578313;0,00963855421686747;0,0;0,007228915662650603;0,00963855421686747;0,004819277108433735;0,004819277108433735;0,05783132530120482;0,21445783132530122
EC020554;FEMENINO;2136,0;1927,0;161,0;47,0;0,075374531835206;0,02200374531835206;0,02949438202247191;0,0014044943820224719;0,0023408239700374533;0,0009363295880149813;0,0032771535580524347;0,42790262172284643;0,00749063670411985;0,0018726591760299626;0,0018726591760299626;0,006086142322097378;0,004213483146067416;0,00749063670411985;0,08286516853932584;0,3249063670411985
EC020555;FEMENINO;636,0;579,0;48,0;9,0;0,07547169811320754;0,014150943396226415;0,0220125786163522;0,0015723270440251573;0,0015723270440251573;0,0031446540880503146;0,0031446540880503146;0,44654088050314467;0,0047169811320754715;0,0;0,0031446540880503146;0,0031446540880503146;0,0047169811320754715;0,06918238993710692;0,11320754716981132;0,23427672955974843
EC020556;FEMENINO;350,0;327,0;14,0;9,0;0,04;0,025714285714285714;0,06285714285714286;0,0;0,002857142857142857;0,0;0,008571428571428572;0,4685714285714286;0,005714285714285714;0,0;0,0;0,011428571428571429;0,002857142857142857;0,0;0,09714285714285714;0,2742857142857143
EC020650;FEMENINO;6659,0;6133,0;357,0;164,0;0,05361165340141162;0,0246283225709566;0,01817089653101066;0,0010512088902237572;0,0013515542874305451;0,0010512088902237572;0,0022525904790509084;0,6359813785853732;0,004054662862291635;0,012013815888271513;0,0006006907944135756;0,0025529358762576963;0,0021024177804475144;0,002853281273464484;0,025679531461180356;0,21129298693497522
EC020750;FEMENINO;2571,0;2329,0;177,0;64,0;0,06884480746791131;0,024893037728510307;0,029171528588098017;0,0015558148580318942;0,0038895371450797353;0,0007779074290159471;0,0007779074290159471;0,39634383508362503;0,004278490859587709;0,00038895371450797355;0,0007779074290159471;0,002333722287047841;0,00038895371450797355;0,004667444574095682;0,09023726176584987;0,37028393621159084
EC030150;FEMENINO;1440,0;1284,0;116,0;40,0;0,08055555555555556;0,027777777777777776;0,05486111111111111;0,0;0,0006944444444444445;0,0;0,0020833333333333333;0,5048611111111111;0,009722222222222222;0,001388888888888889;0,0020833333333333333;0,001388888888888889;0,001388888888888889;0,007638888888888889;0,06944444444444445;0,2361111111111111
EC030151;FEMENINO;1230,0;1102,0;93,0;35,0;0,07560975609756097;0,028455284552845527;0,02113821138211382;0,0008130081300813008;0,005691056910569106;0,0008130081300813008;0,0008130081300813008;0,47560975609756095;0,007317073170731708;0,0008130081300813008;0,0008130081300813008;0,007317073170731708;0,0008130081300813008;0,0032520325203252032;0,08292682926829269;0,28780487804878047
EC030153;FEMENINO;2785,0;2540,0;181,0;64,0;0,06499102333931778;0,022980251346499104;0,04021543985637343;0,0003590664272890485;0,001436265709156194;0,001436265709156194;0,0021543985637342907;0,6452423698384201;0,008976660682226212;0,0025134649910233393;0,0025134649910233393;0,001436265709156194;0,0021543985637342907;0,006463195691202872;0,05565529622980251;0,1414721723518851
EC030154;FEMENINO;2390,0;2160,0;171,0;58,0;0,07154811715481171;0,024267782426778243;0,050627615062761505;0,0020920502092050207;0,005439330543933054;0,0012552301255230125;0,0020920502092050207;0,35899581589958157;0,009623430962343096;0,0020920502092050207;0,0016736401673640166;0,0020920502092050207;0,002510460251046025;0,01506276150627615;0,06485355648535565;0,38535564853556487
EC030155;FEMENINO;1181,0;1013,0;135,0;34,0;0,1143099068585944;0,028789161727349702;0,03640982218458933;0,001693480101608806;0,004233700254022015;0,001693480101608806;0,004233700254022015;0,45808636748518206;0,01100762066045724;0,001693480101608806;0,004233700254022015;0,001693480101608806;0,002540220152413209;0,009314140558848433;0,10499576629974598;0,21591871295512277
EC030156;FEMENINO;631,0;518,0;97,0;16,0;0,1537242472266244;0,025356576862123614;0,01901743264659271;0,001584786053882726;0,001584786053882726;0,0;0,006339144215530904;0,2884310618066561;0,017432646592709985;0,004754358161648178;0,001584786053882726;0,006339144215530904;0,004754358161648178;0,011093502377179081;0,1664025356576862;0,29160063391442154
EC030157;FEMENINO;591,0;467,0;94,0;30,0;0,15905245346869712;0,050761421319796954;0,032148900169204735;0,0;0,001692047377326565;0,00338409475465313;0,001692047377326565;0,32148900169204736;0,011844331641285956;0,00338409475465313;0,0;0,005076142131979695;0,005076142131979695;0,01015228426395939;0,1353637901861252;0,25888324873096447
EC030158;FEMENINO;1137,0;984,0;120,0;33,0;0,10554089709762533;0,029023746701846966;0,055408970976253295;0,0008795074758135445;0,0079155672823219;0,001759014951627089;0,005277044854881266;0,35883905013192613;0,02198768689533861;0,001759014951627089;0,005277044854881266;0,003518029903254178;0,001759014951627089;0,012313104661389622;0,10817941952506596;0,2805628847845207
EC030160;FEMENINO;505,0;446,0;51,0;8,0;0,100990099009901;0,015841584158415842;0,033663366336633666;0,0019801980198019802;0,0019801980198019802;0,0;0,005940594059405941;0,3584158415841584;0,009900990099009901;0,0019801980198019802;0,013861386138613862;0,005940594059405941;0,0019801980198019802;0,0019801980198019802;0,1801980198019802;0,26534653465346536
EC030250;FEMENINO;4898,0;4435,0;353,0;108,0;0,07207023274806043;0,022049816251531237;0,031849734585545124;0,0012249897917517355;0,002041649652919559;0,002041649652919559;0,0010208248264597796;0,514087382605145;0,007554103715802368;0,0012249897917517355;0,0014291547570436914;0,0016333197223356473;0,002041649652919559;0,005512454062882809;0,0953450387913434;0,2384646794610045
EC030251;FEMENINO;1075,0;925,0;112,0;38,0;0,10418604651162791;0,035348837209302326;0,027906976744186046;0,0;0,0018604651162790699;0,0027906976744186047;0,0018604651162790699;0,4325581395348837;0,011162790697674419;0,0027906976744186047;0,004651162790697674;0,0027906976744186047;0,0;0,008372093023255815;0,14325581395348838;0,22046511627906976
EC030252;FEMENINO;436,0;393,0;36,0;7,0;0,08256880733944955;0,016055045871559634;0,027522935779816515;0,0045871559633027525;0,0045871559633027525;0,0045871559633027525;0,0;0,5022935779816514;0,0045871559633027525;0,0;0,0022935779816513763;0,0022935779816513763;0,0022935779816513763;0,0045871559633027525;0,11926605504587157;0,22247706422018348
EC030253;FEMENINO;222,0;192,0;22,0;8,0;0,0990990990990991;0,036036036036036036;0,009009009009009009;0,0;0,0;0,0;0,0;0,3783783783783784;0,013513513513513514;0,0;0,0;0,0045045045045045045;0,0;0,02252252252252252;0,18468468468468469;0,25225225225225223
EC030254;FEMENINO;277,0;248,0;15,0;14,0;0,05415162454873646;0,05054151624548736;0,032490974729241874;0,0036101083032490976;0,0036101083032490976;0,0;0,0;0,2815884476534296;0,007220216606498195;0,0;0,007220216606498195;0,0036101083032490976;0,007220216606498195;0,007220216606498195;0,1624548736462094;0,37906137184115524
EC030350;FEMENINO;8148,0;7450,0;549,0;147,0;0,06737849779086892;0,01804123711340206;0,02270495827196858;0,0011045655375552283;0,0012272950417280314;0,0011045655375552283;0,0014727540500736377;0,39297987236131565;0,014604810996563574;0,004909180166912126;0,003681885125184094;0,002577319587628866;0,0011045655375552283;0,012641138929798724;0,2112174766813942;0,24300441826215022
EC030351;FEMENINO;1089,0;906,0;140,0;42,0;0,1285583103764922;0,03856749311294766;0,02203856749311295;0,0036730945821854912;0,0009182736455463728;0,0009182736455463728;0,0018365472910927456;0,28833792470156105;0,009182736455463728;0,0027548209366391185;0,0018365472910927456;0,0;0,0009182736455463728;0,005509641873278237;0,2846648301193756;0,209366391184573
EC030352;FEMENINO;884,0;782,0;74,0;26,0;0,083710407239819;0,029411764705882353;0,019230769230769232;0,0;0,003393665158371041;0,0011312217194570137;0,0;0,26244343891402716;0,004524886877828055;0,0022624434389140274;0,0;0,004524886877828055;0,0022624434389140274;0,006787330316742082;0,25339366515837103;0,3246606334841629
EC030353;FEMENINO;700,0;556,0;111,0;32,0;0,15857142857142856;0,045714285714285714;0,004285714285714286;0,004285714285714286;0,0;0,004285714285714286;0,004285714285714286;0,12;0,011428571428571429;0,0;0,0;0,0014285714285714286;0,0;0,002857142857142857;0,4942857142857143;0,14714285714285713
EC030354;FEMENINO;957,0;805,0;116,0;35,0;0,12121212121212122;0,03657262277951933;0,0073145245559038665;0,0;0,0;0,0020898641588296763;0,0010449320794148381;0,2601880877742947;0,00522466039707419;0,00522466039707419;0,0010449320794148381;0,003134796238244514;0,003134796238244514;0,0041797283176593526;0,1786833855799373;0,36990595611285265
EC030355;FEMENINO;1734,0;1487,0;188,0;58,0;0,10841983852364476;0,03344867358708189;0,0132641291810842;0,002306805074971165;0,002306805074971165;0,0017301038062283738;0,004036908881199538;0,22202998846597463;0,010380622837370242;0,0017301038062283738;0,0005767012687427913;0,0011534025374855825;0,0028835063437139563;0,006343713956170703;0,25893886966551327;0,32987312572087657
EC030356;FEMENINO;2687,0;2149,0;425,0;112,0;0,15816896166728694;0,04168217342761444;0,00893189430591738;0,000744324525493115;0,00148864905098623;0,0026051358392259025;0,002232973576479345;0,1507257164123558;0,012281354670636397;0,0011164867882396724;0,00297729810197246;0,005582433941198363;0,00297729810197246;0,005582433941198363;0,2742835876442129;0,32824711574246374
EC030357;FEMENINO;529,0;475,0;41,0;13,0;0,07750472589792061;0,024574669187145556;0,024574669187145556;0,0;0,001890359168241966;0,0;0,003780718336483932;0,15500945179584122;0,011342155009451797;0,001890359168241966;0,005671077504725898;0,001890359168241966;0,0;0,0;0,48582230623818523;0,2060491493383743
EC030358;FEMENINO;597,0;538,0;45,0;14,0;0,07537688442211055;0,023450586264656615;0,020100502512562814;0,0;0,0033500837520938024;0,0033500837520938024;0,0;0,3969849246231156;0,01340033500837521;0,0;0,006700167504187605;0,005025125628140704;0,0;0,0033500837520938024;0,04690117252931323;0,4020100502512563
EC030361;FEMENINO;616,0;529,0;68,0;18,0;0,11038961038961038;0,02922077922077922;0,00974025974025974;0,0016233766233766235;0,0016233766233766235;0,0016233766233766235;0,0016233766233766235;0,1672077922077922;0,006493506493506494;0,0;0,0;0,0;0,00487012987012987;0,00974025974025974;0,4107142857142857;0,2435064935064935
EC030362;FEMENINO;348,0;304,0;30,0;14,0;0,08620689655172414;0,040229885057471264;0,020114942528735632;0,0;0,0;0,008620689655172414;0,005747126436781609;0,3045977011494253;0,014367816091954023;0,0;0,005747126436781609;0,011494252873563218;0,0;0,011494252873563218;0,16954022988505746;0,3218390804597701
EC030363;FEMENINO;1080,0;949,0;105,0;26,0;0,09722222222222222;0,024074074074074074;0,014814814814814815;0,0;0,001851851851851852;0,000925925925925926;0,001851851851851852;0,3287037037037037;0,007407407407407408;0,001851851851851852;0,003703703703703704;0,0;0,000925925925925926;0,002777777777777778;0,13425925925925927;0,37962962962962965
EC030450;FEMENINO;15030,0;13742,0;1026,0;260,0;0,06826347305389222;0,017298735861610112;0,022421823020625415;0,00046573519627411843;0,004191616766467066;0,002062541583499667;0,0011310711909514304;0,3827012641383899;0,004324683965402528;0,0010645375914836992;0,00166333998669328;0,0014637391882900866;0,0021956087824351296;0,009713905522288756;0,029341317365269463;0,4515635395874917
EC030451;FEMENINO;1479,0;1332,0;109,0;38,0;0,07369844489519946;0,025693035835023664;0,020960108181203516;0,0;0,0033806626098715348;0,001352265043948614;0,000676132521974307;0,3008789722785666;0,0067613252197430695;0,0;0,002704530087897228;0,001352265043948614;0,006085192697768763;0,004732927653820149;0,025016903313049357;0,5267072346179851
EC030452;FEMENINO;1984,0;1811,0;112,0;61,0;0,056451612903225805;0,030745967741935484;0,014616935483870967;0,0;0,009072580645161291;0,0015120967741935483;0,0005040322580645161;0,22681451612903225;0,008568548387096774;0,0015120967741935483;0,003528225806451613;0,0015120967741935483;0,0020161290322580645;0,006048387096774193;0,015120967741935484;0,6219758064516129
EC030550;FEMENINO;3430,0;3093,0;272,0;64,0;0,0793002915451895;0,018658892128279883;0,018658892128279883;0,0005830903790087463;0,0008746355685131195;0,0008746355685131195;0,001749271137026239;0,2597667638483965;0,0052478134110787176;0,0;0,0020408163265306124;0,0008746355685131195;0,0011661807580174927;0,0037900874635568515;0,23760932944606414;0,3685131195335277
EC030650;FEMENINO;1404,0;1268,0;98,0;38,0;0,0698005698005698;0,027065527065527065;0,026353276353276354;0,0014245014245014246;0,0007122507122507123;0,0014245014245014246;0,002136752136752137;0,3732193732193732;0,004985754985754986;0,002136752136752137;0,0014245014245014246;0,002849002849002849;0,0014245014245014246;0,005698005698005698;0,07336182336182336;0,405982905982906
EC030651;FEMENINO;446,0;386,0;34,0;26,0;0,07623318385650224;0,05829596412556054;0,03811659192825112;0,002242152466367713;0,002242152466367713;0,006726457399103139;0,002242152466367713;0,3609865470852018;0,0;0,0;0,002242152466367713;0,0;0,002242152466367713;0,008968609865470852;0,033632286995515695;0,40582959641255606
EC030750;FEMENINO;1910,0;1648,0;156,0;104,0;0,08167539267015707;0,05445026178010471;0,008900523560209424;0,0015706806282722514;0,0010471204188481676;0,002617801047120419;0,0005235602094240838;0,1544502617801047;0,008376963350785341;0,0015706806282722514;0,0031413612565445027;0,0015706806282722514;0,0015706806282722514;0,002617801047120419;0,4120418848167539;0,2628272251308901
EC040150;FEMENINO;13909,0;12977,0;737,0;184,0;0,05298727442663024;0,013228844632971457;0,035228988424760944;0,0007189589474441009;0,001509813789632612;0,0018692932633546625;0,003594794737220505;0,588180314904019;0,0038104824214537348;0,0013660220001437918;0,0012941261053993818;0,0010065425264217413;0,0026601481055431734;0,006398734632252498;0,021640664318067437;0,2637141419224962
EC040151;FEMENINO;858,0;744,0;80,0;32,0;0,09324009324009325;0,037296037296037296;0,019813519813519812;0,0011655011655011655;0,0034965034965034965;0,0;0,004662004662004662;0,31934731934731936;0,008158508158508158;0,0011655011655011655;0,0011655011655011655;0,0;0,009324009324009324;0,004662004662004662;0,019813519813519812;0,47435897435897434
EC040153;FEMENINO;3407,0;3067,0;255,0;84,0;0,07484590548869974;0,024655121808042267;0,038156736131493986;0,0008805400645729381;0,0035221602582917524;0,0017610801291458762;0,0017610801291458762;0,5154094511300265;0,0058702670971529205;0,0008805400645729381;0,002348106838861168;0,0014675667742882301;0,002054593484003522;0,0058702670971529205;0,029938362195479896;0,2902847079542119
EC040154;FEMENINO;614,0;558,0;36,0;20,0;0,05863192182410423;0,03257328990228013;0,021172638436482084;0,0016286644951140066;0,0016286644951140066;0,0016286644951140066;0,003257328990228013;0,2687296416938111;0,011400651465798045;0,0016286644951140066;0,004885993485342019;0,0016286644951140066;0,0;0,003257328990228013;0,03257328990228013;0,5553745928338762
EC040155;FEMENINO;270,0;259,0;10,0;1,0;0,037037037037037035;0,003703703703703704;0,040740740740740744;0,0;0,003703703703703704;0,003703703703703704;0,003703703703703704;0,4703703703703704;0,007407407407407408;0,003703703703703704;0,003703703703703704;0,0;0,0;0,003703703703703704;0,05555555555555555;0,362962962962963
EC040156;FEMENINO;360,0;236,0;39,0;85,0;0,10833333333333334;0,2361111111111111;0,011111111111111112;0,0;0,005555555555555556;0,0;0,008333333333333333;0,075;0,022222222222222223;0,005555555555555556;0,0;0,002777777777777778;0,002777777777777778;0,011111111111111112;0,016666666666666666;0,49444444444444446
EC040157;FEMENINO;973,0;905,0;42,0;24,0;0,04316546762589928;0,024665981500513873;0,015416238437821172;0,0010277492291880781;0,003083247687564234;0,003083247687564234;0,003083247687564234;0,4357656731757451;0,0020554984583761563;0,0010277492291880781;0,0010277492291880781;0,0041109969167523125;0,0010277492291880781;0,014388489208633094;0,022610483042137718;0,4224049331963001
EC040158;FEMENINO;451,0;422,0;22,0;6,0;0,04878048780487805;0,013303769401330377;0,037694013303769404;0,0;0,0066518847006651885;0,0;0,004434589800443459;0,5210643015521065;0,0;0,0022172949002217295;0,0;0,0;0,004434589800443459;0,0;0,028824833702882482;0,3303769401330377
EC040159;FEMENINO;1215,0;877,0;196,0;141,0;0,16131687242798354;0,11604938271604938;0,022222222222222223;0,0049382716049382715;0,0032921810699588477;0,00411522633744856;0,011522633744855968;0,17695473251028807;0,024691358024691357;0,0032921810699588477;0,006584362139917695;0,00823045267489712;0,0032921810699588477;0,00823045267489712;0,05596707818930041;0,388477366255144
EC040161;FEMENINO;860,0;793,0;52,0;15,0;0,06046511627906977;0,01744186046511628;0,03372093023255814;0,0;0,0011627906976744186;0,0;0,0011627906976744186;0,313953488372093;0,0069767441860465115;0,0011627906976744186;0,0011627906976744186;0,0011627906976744186;0,002325581395348837;0,004651162790697674;0,044186046511627906;0,5104651162790698
EC040250;FEMENINO;2154,0;1954,0;168,0;32,0;0,07799442896935933;0,014856081708449397;0,034818941504178275;0,0;0,001392757660167131;0,002321262766945218;0,004642525533890436;0,3839368616527391;0,00510677808727948;0,0009285051067780873;0,0018570102135561746;0,00046425255338904364;0,0018570102135561746;0,002321262766945218;0,04456824512534819;0,42293407613741874
EC040251;FEMENINO;615,0;548,0;55,0;12,0;0,08943089430894309;0,01951219512195122;0,03902439024390244;0,0016260162601626016;0,00975609756097561;0,0;0,008130081300813009;0,36910569105691055;0,008130081300813009;0,0032520325203252032;0,0;0,0016260162601626016;0,0032520325203252032;0,0032520325203252032;0,05203252032520325;0,39186991869918697
EC040252;FEMENINO;887,0;801,0;70,0;16,0;0,07891770011273957;0,018038331454340473;0,019165727170236752;0,0011273957158962795;0,0;0,0;0,0033821871476888386;0,1939120631341601;0,0033821871476888386;0,0;0,002254791431792559;0,0011273957158962795;0,002254791431792559;0,002254791431792559;0,029312288613303268;0,644870349492672
EC040253;FEMENINO;658,0;585,0;60,0;13,0;0,0911854103343465;0,019756838905775075;0,02735562310030395;0,001519756838905775;0,001519756838905775;0,00303951367781155;0,001519756838905775;0,32370820668693007;0,004559270516717325;0,0;0,0;0,0;0,0;0,007598784194528876;0,06534954407294832;0,45288753799392095
EC040254;FEMENINO;854,0;749,0;62,0;43,0;0,07259953161592506;0,05035128805620609;0,01053864168618267;0,00234192037470726;0,00468384074941452;0,0;0,00234192037470726;0,1592505854800937;0,0117096018735363;0,0;0,00117096018735363;0,00351288056206089;0,00468384074941452;0,00819672131147541;0,0117096018735363;0,6569086651053864
EC040255;FEMENINO;710,0;619,0;66,0;24,0;0,09295774647887324;0,03380281690140845;0,005633802816901409;0,0;0,0028169014084507044;0,0014084507042253522;0,005633802816901409;0,2211267605633803;0,004225352112676056;0,0028169014084507044;0,004225352112676056;0,0014084507042253522;0,0014084507042253522;0,004225352112676056;0,04084507042253521;0,576056338028169
EC040350;FEMENINO;2055,0;1903,0;119,0;33,0;0,057907542579075426;0,016058394160583942;0,04184914841849149;0,00048661800486618007;0,0009732360097323601;0,0;0,0009732360097323601;0,47250608272506084;0,00583941605839416;0,00145985401459854;0,0019464720194647203;0,0019464720194647203;0,004866180048661801;0,0038929440389294406;0,05158150851581508;0,33771289537712895
EC040351;FEMENINO;348,0;317,0;20,0;11,0;0,05747126436781609;0,031609195402298854;0,020114942528735632;0,0;0,0;0,0;0,0028735632183908046;0,3649425287356322;0,0028735632183908046;0,005747126436781609;0,0028735632183908046;0,0;0,0;0,0;0,07471264367816093;0,4367816091954023
EC040352;FEMENINO;1526,0;1424,0;72,0;30,0;0,047182175622542594;0,019659239842726082;0,03145478374836173;0,000655307994757536;0,001310615989515072;0,000655307994757536;0,00327653997378768;0,317824377457405;0,00655307994757536;0,0;0,009174311926605505;0,002621231979030144;0,000655307994757536;0,005242463958060288;0,07011795543905636;0,4836173001310616
EC040353;FEMENINO;1313,0;1199,0;85,0;31,0;0,06473724295506474;0,02361005331302361;0,028941355674028942;0,0030464584920030465;0,002284843869002285;0,0;0,0030464584920030465;0,31683168316831684;0,00456968773800457;0,0007616146230007616;0,008377760853008377;0,0007616146230007616;0,0015232292460015233;0,005331302361005331;0,07235338918507235;0,46534653465346537
EC040450;FEMENINO;2753,0;2517,0;196,0;37,0;0,07119505993461678;0,013439883763167454;0,042135851798038505;0,0003632401017072285;0,0010897203051216855;0,000726480203414457;0,003632401017072285;0,3981111514711224;0,005448601525608427;0,0010897203051216855;0,001452960406828914;0,001452960406828914;0,0010897203051216855;0,009081002542680712;0,04358881220486742;0,40501271340355977
EC040451;FEMENINO;1216,0;1059,0;101,0;54,0;0,08305921052631579;0,044407894736842105;0,008223684210526315;0,004111842105263158;0,004111842105263158;0,0008223684210526315;0,0024671052631578946;0,12417763157894737;0,008223684210526315;0,0008223684210526315;0,001644736842105263;0,0008223684210526315;0,003289473684210526;0,0008223684210526315;0,02055921052631579;0,6907894736842105
EC040452;FEMENINO;754,0;620,0;71,0;63,0;0,09416445623342175;0,08355437665782493;0,01989389920424403;0,001326259946949602;0,002652519893899204;0,002652519893899204;0,005305039787798408;0,1976127320954907;0,003978779840848806;0,002652519893899204;0,001326259946949602;0,0;0,009283819628647215;0,007957559681697613;0,033156498673740056;0,5344827586206896
EC040453;FEMENINO;553,0;498,0;39,0;16,0;0,0705244122965642;0,028933092224231464;0,009041591320072333;0,0;0,0;0,0018083182640144665;0,0018083182640144665;0,17540687160940324;0,007233273056057866;0,003616636528028933;0,0;0,0;0,007233273056057866;0,003616636528028933;0,04159132007233273;0,6491862567811935
EC040550;FEMENINO;4187,0;3855,0;277,0;54,0;0,06615715309290661;0,01289706233580129;0,04418438022450442;0,0009553379508000956;0,0038213518032003822;0,0007165034631000717;0,005254358729400526;0,42894673990924287;0,0035825173155003584;0,0009553379508000956;0,0023883448770002386;0,0007165034631000717;0,0023883448770002386;0,011464055409601147;0,04370671124910437;0,3716264628612372
EC040551;FEMENINO;1144,0;1022,0;91,0;31,0;0,07954545454545454;0,027097902097902096;0,045454545454545456;0,0008741258741258741;0,0026223776223776225;0,0034965034965034965;0,005244755244755245;0,43094405594405594;0,008741258741258742;0,0017482517482517483;0,0017482517482517483;0,0;0,0034965034965034965;0,008741258741258742;0,04807692307692308;0,3321678321678322
EC040552;FEMENINO;271,0;260,0;9,0;2,0;0,033210332103321034;0,007380073800738007;0,01107011070110701;0,0036900369003690036;0,0;0,0036900369003690036;0,0;0,47601476014760147;0,0;0,0036900369003690036;0,0;0,0036900369003690036;0,01107011070110701;0,0;0,025830258302583026;0,42066420664206644
EC040553;FEMENINO;350,0;308,0;26,0;16,0;0,07428571428571429;0,045714285714285714;0,03428571428571429;0,0;0,0;0,0;0,005714285714285714;0,3314285714285714;0,011428571428571429;0,005714285714285714;0,0;0,0;0,002857142857142857;0,002857142857142857;0,05142857142857143;0,4342857142857143
EC040554;FEMENINO;1251,0;1128,0;89,0;33,0;0,07114308553157474;0,026378896882494004;0,03916866506794564;0,0;0,002398081534772182;0,011990407673860911;0,004796163069544364;0,35731414868105515;0,007194244604316547;0,0015987210231814548;0,002398081534772182;0,0;0,0031974420463629096;0,009592326139088728;0,050359712230215826;0,4116706634692246
EC040555;FEMENINO;423,0;385,0;29,0;9,0;0,06855791962174941;0,02127659574468085;0,0425531914893617;0,002364066193853428;0,0;0,0;0,0;0,3333333333333333;0,004728132387706856;0,0;0,002364066193853428;0,009456264775413711;0,0070921985815602835;0,002364066193853428;0,07092198581560284;0,43498817966903075
EC040650;FEMENINO;2679,0;2454,0;167,0;55,0;0,06233669279581933;0,020530048525569243;0,03770063456513625;0,0011198208286674132;0,0014930944382232176;0,001866368047779022;0,0022396416573348264;0,5117581187010078;0,0033594624860022394;0,0007465472191116088;0,0022396416573348264;0,0007465472191116088;0,0029861888764464353;0,0048525569242254575;0,0339678984695782;0,3109369167599851
EC040651;FEMENINO;541,0;502,0;29,0;10,0;0,053604436229205174;0,018484288354898338;0,031423290203327174;0,0;0,0018484288354898336;0,0018484288354898336;0,005545286506469501;0,3585951940850277;0,0036968576709796672;0,0;0,0;0,0;0,0;0,0018484288354898336;0,03512014787430684;0,4879852125693161
EC050150;FEMENINO;8595,0;7920,0;574,0;101,0;0,06678301337987202;0,011751018033740547;0,0268760907504363;0,0004653868528214078;0,0030250145433391505;0,0032577079697498545;0,0018615474112856313;0,5033158813263525;0,005584642233856894;0,0011634671320535194;0,0018615474112856313;0,0020942408376963353;0,0016288539848749273;0,013030831878999418;0,18731820826061663;0,1699825479930192
EC050151;FEMENINO;2844,0;2631,0;182,0;30,0;0,0639943741209564;0,010548523206751054;0,010196905766526019;0,00035161744022503517;0,0010548523206751054;0,004219409282700422;0,0014064697609001407;0,370253164556962;0,005977496483825597;0,0024613220815752463;0,0017580872011251757;0,005625879043600563;0,0014064697609001407;0,00808720112517581;0,2890295358649789;0,22327707454289733
EC050152;FEMENINO;2231,0;2018,0;169,0;43,0;0,07575078440161363;0,01927386822052891;0,017929179740026894;0,00044822949350067237;0,002689376961004034;0,0022411474675033617;0,0017929179740026895;0,33930972658000896;0,0031376064545047063;0,00044822949350067237;0,0022411474675033617;0,0031376064545047063;0,001344688480502017;0,008964589870013447;0,3128641864634693;0,20797848498431196
EC050153;FEMENINO;3810,0;3576,0;189,0;45,0;0,049606299212598425;0,011811023622047244;0,02099737532808399;0,0005249343832020997;0,0005249343832020997;0,0013123359580052493;0,0013123359580052493;0,2503937007874016;0,0034120734908136482;0,0015748031496062992;0,002362204724409449;0,003937007874015748;0,00026246719160104987;0,009711286089238845;0,3942257217847769;0,24803149606299213
EC050154;FEMENINO;774,0;725,0;40,0;9,0;0,05167958656330749;0,011627906976744186;0,011627906976744186;0,002583979328165375;0,002583979328165375;0,0012919896640826874;0,0012919896640826874;0,4108527131782946;0,002583979328165375;0,002583979328165375;0,0012919896640826874;0,0012919896640826874;0,0;0,002583979328165375;0,26356589147286824;0,23255813953488372
EC050156;FEMENINO;3545,0;3297,0;207,0;39,0;0,05839210155148096;0,011001410437235543;0,018899858956276445;0,0005641748942172073;0,001692524682651622;0,00028208744710860365;0,0005641748942172073;0,2589562764456982;0,004795486600846262;0,0014104372355430183;0,002538787023977433;0,0014104372355430183;0,0014104372355430183;0,005359661495063469;0,35796897038081804;0,27418899858956275
EC050157;FEMENINO;921,0;828,0;80,0;13,0;0,08686210640608034;0,014115092290988056;0,03474484256243214;0,0;0,002171552660152009;0,006514657980456026;0,004343105320304018;0,44299674267100975;0,004343105320304018;0,0010857763300760044;0,003257328990228013;0,0010857763300760044;0,0010857763300760044;0,014115092290988056;0,13355048859934854;0,249728555917481
EC050158;FEMENINO;2237,0;2000,0;166,0;69,0;0,07420652659812249;0,030844881537773806;0,008046490835940992;0,0004470272686633885;0,003576218149307108;0,004023245417970496;0,0013410818059901655;0,27358068842199373;0,005364327223960662;0,0004470272686633885;0,001788109074653554;0,002682163611980331;0,001788109074653554;0,006258381761287439;0,4564148413053196;0,12829682610639248
EC050159;FEMENINO;4477,0;4096,0;305,0;72,0;0,0681259772168863;0,016082197900379718;0,01206164842528479;0,00022336385972749609;0,0017869108778199687;0,002680366316729953;0,0015635470180924726;0,21442930533839624;0,003127094036184945;0,002457002457002457;0,0011168192986374804;0,0037971856153674335;0,002457002457002457;0,008934554389099843;0,4429305338396248;0,2173330355148537
EC050161;FEMENINO;5346,0;4935,0;312,0;99,0;0,058361391694725026;0,018518518518518517;0,01964085297418631;0,0016835016835016834;0,0031799476243920687;0,00205761316872428;0,00205761316872428;0,28638234193789747;0,005611672278338945;0,00205761316872428;0,0029928918817807705;0,003554059109614665;0,0024317246539468764;0,00916573138795361;0,3348297792742237;0,2474747474747475
EC050162;FEMENINO;4674,0;4195,0;395,0;83,0;0,08451005562687205;0,01775780915703894;0,006204535729567822;0,0002139495079161318;0,0004278990158322636;0,0006418485237483953;0,0002139495079161318;0,15939238339751818;0,002139495079161318;0,0014976465554129225;0,0006418485237483953;0,0014976465554129225;0,0008557980316645272;0,0038510911424903724;0,5750962772785623;0,14484381685922124
EC050250;FEMENINO;1831,0;1663,0;127,0;40,0;0,0693610049153468;0,02184598580010923;0,01474604041507373;0,0010922992900054614;0,0016384489350081922;0,0;0,0010922992900054614;0,20371381758601856;0,005461496450027308;0,0016384489350081922;0,0005461496450027307;0,002184598580010923;0,0010922992900054614;0,006007646095030038;0,03440742763517204;0,6346258874931732
EC050251;FEMENINO;1258,0;1140,0;80,0;38,0;0,06359300476947535;0,030206677265500796;0,0246422893481717;0,000794912559618442;0,000794912559618442;0,000794912559618442;0,0023847376788553257;0,3386327503974563;0,00397456279809221;0,0023847376788553257;0,0023847376788553257;0,001589825119236884;0,003179650238473768;0,008744038155802861;0,13990461049284578;0,37599364069952307
EC050252;FEMENINO;972,0;889,0;61,0;22,0;0,06275720164609054;0,02263374485596708;0,01748971193415638;0,0;0,00102880658436214;0,00205761316872428;0,0;0,44238683127572015;0,00720164609053498;0,00205761316872428;0,00102880658436214;0,00823045267489712;0,00102880658436214;0,0102880658436214;0,09465020576131687;0,3271604938271605
EC050350;FEMENINO;2715,0;2364,0;238,0;113,0;0,08766114180478822;0,04162062615101289;0,012523020257826888;0,0011049723756906078;0,004051565377532229;0,0007366482504604051;0,0007366482504604051;0,3300184162062615;0,018047882136279926;0,002578268876611418;0,0007366482504604051;0,0014732965009208103;0,0033149171270718232;0,00847145488029466;0,21731123388581952;0,2696132596685083
EC050351;FEMENINO;4355,0;3885,0;359,0;111,0;0,08243398392652124;0,025487944890929967;0,016991963260619976;0,0013777267508610792;0,0029850746268656717;0,0013777267508610792;0,0013777267508610792;0,4022962112514351;0,013777267508610792;0,0006888633754305396;0,0006888633754305396;0,003214695752009185;0,0002296211251435132;0,00642939150401837;0,06039035591274397;0,38025258323765787
EC050352;FEMENINO;341,0;306,0;26,0;9,0;0,07624633431085044;0,026392961876832845;0,005865102639296188;0,002932551319648094;0,005865102639296188;0,0;0,0;0,21114369501466276;0,008797653958944282;0,0;0,0;0,008797653958944282;0,005865102639296188;0,008797653958944282;0,28152492668621704;0,35777126099706746
EC050353;FEMENINO;585,0;509,0;50,0;26,0;0,08547008547008547;0,044444444444444446;0,010256410256410256;0,005128205128205128;0,0;0,003418803418803419;0,005128205128205128;0,28034188034188035;0,008547008547008548;0,0017094017094017094;0,0;0,003418803418803419;0,006837606837606838;0,011965811965811967;0,27521367521367524;0,25811965811965815
EC050450;FEMENINO;16021,0;14425,0;1277,0;311,0;0,07970788340303352;0,019412021721490542;0,022720179764059673;0,0008738530678484489;0,0016228699831471194;0,002184632669621122;0,0016852880594220086;0,3192060420697834;0,004743773796891579;0,001810124211971787;0,0020597965170713437;0,0035578303476686847;0,0014356157543224518;0,018288496348542536;0,3007927095686911;0,21939953810623555
EC050451;FEMENINO;1812,0;1450,0;242,0;118,0;0,1335540838852097;0,06512141280353201;0,00717439293598234;0,0016556291390728477;0,002207505518763797;0,0027593818984547464;0,0016556291390728477;0,09326710816777042;0,0033112582781456954;0,0033112582781456954;0,0005518763796909492;0,004415011037527594;0,006070640176600441;0,00717439293598234;0,5066225165562914;0,1600441501103753
EC050453;FEMENINO;3438,0;2796,0;447,0;191,0;0,1300174520069808;0,05555555555555555;0,0031995346131471784;0,0008726003490401396;0,0014543339150668994;0,0075625363583478765;0,0037812681791739382;0,05090168702734148;0,006399069226294357;0,0017452006980802793;0,0005817335660267597;0,010762070971495055;0,0017452006980802793;0,011052937754508435;0,5759162303664922;0,1372891215823153
EC050455;FEMENINO;1101,0;1012,0;72,0;17,0;0,0653950953678474;0,015440508628519528;0,023614895549500452;0,0018165304268846503;0,0018165304268846503;0,0036330608537693005;0,0009082652134423251;0,43869209809264303;0,006357856494096276;0,0009082652134423251;0,0009082652134423251;0,0018165304268846503;0,0009082652134423251;0,022706630336058128;0,18891916439600362;0,22615803814713897
EC050456;FEMENINO;778,0;643,0;73,0;62,0;0,09383033419023136;0,07969151670951156;0,007712082262210797;0,0;0,0012853470437017994;0,0012853470437017994;0,005141388174807198;0,09125964010282776;0,007712082262210797;0,0012853470437017994;0,0038560411311053984;0,006426735218508998;0,002570694087403599;0,0038560411311053984;0,448586118251928;0,2455012853470437
EC050457;FEMENINO;1233,0;1101,0;97,0;34,0;0,0786699107866991;0,027575020275750203;0,009732360097323601;0,0008110300081103001;0,0008110300081103001;0,0024330900243309003;0,0016220600162206002;0,33008921330089214;0,0072992700729927005;0,0016220600162206002;0,0016220600162206002;0,0040551500405515;0,0024330900243309003;0,0040551500405515;0,1411192214111922;0,38523925385239255
EC050458;FEMENINO;5589,0;4588,0;698,0;302,0;0,12488817319735195;0,05403471103954196;0,003399534800500984;0,0014313830738951511;0,0010735373054213634;0,003936303453211666;0,0014313830738951511;0,0645911612095187;0,005546609411343711;0,001789228842368939;0,0012524601896582574;0,009482912864555377;0,0025049203793165147;0,0046519949901592415;0,4956163893361961;0,22419037394882804
EC050550;FEMENINO;14847,0;13564,0;1034,0;241,0;0,06964369906378393;0,016232235468444805;0,021149053680878292;0,0012123661345726409;0,001481780831144339;0,001481780831144339;0,0008755977638580185;0,3896410049168182;0,0034350373812891493;0,0010103051121438675;0,0016838418535731123;0,002963561662288678;0,001481780831144339;0,006937428436721223;0,27022294066141306;0,21000875597763857
EC050551;FEMENINO;1099,0;1020,0;62,0;17,0;0,056414922656960874;0,015468607825295723;0,020928116469517744;0,0018198362147406734;0,0;0,0;0,003639672429481347;0,532302092811647;0,007279344858962694;0,00272975432211101;0,0009099181073703367;0,0018198362147406734;0,0018198362147406734;0,00545950864422202;0,14740673339399454;0,20200181983621474
EC050552;FEMENINO;2735,0;2386,0;261,0;87,0;0,09542961608775137;0,03180987202925046;0,008043875685557587;0,005118829981718464;0,0010968921389396709;0,0010968921389396709;0,0021937842778793418;0,10603290676416818;0,003656307129798903;0,002559414990859232;0,002559414990859232;0,009506398537477149;0,002559414990859232;0,004753199268738574;0,5385740402193784;0,1846435100548446
EC050553;FEMENINO;2868,0;2598,0;199,0;71,0;0,0693863319386332;0,024755927475592746;0,012552301255230125;0,0010460251046025104;0,0020920502092050207;0,0010460251046025104;0,0010460251046025104;0,24616457461645747;0,002789400278940028;0,000697350069735007;0,0017433751743375174;0,0031380753138075313;0,0003486750348675035;0,005578800557880056;0,453626220362622;0,17398884239888424
EC050554;FEMENINO;2612,0;2371,0;198,0;43,0;0,07580398162327719;0,016462480857580397;0,01454823889739663;0,00038284839203675346;0,0019142419601837673;0,0019142419601837673;0,00038284839203675346;0,3962480857580398;0,0049770290964777945;0,00038284839203675346;0,0011485451761102604;0,0011485451761102604;0,0015313935681470138;0,006508422664624809;0,2607197549770291;0,21592649310872894
EC050555;FEMENINO;1344,0;1207,0;122,0;15,0;0,09077380952380952;0,011160714285714286;0,024553571428571428;0,0;0,002976190476190476;0,002232142857142857;0,0;0,4226190476190476;0,002976190476190476;0,0;0,003720238095238095;0,005208333333333333;0,000744047619047619;0,006696428571428571;0,18898809523809523;0,23735119047619047
EC050650;FEMENINO;7614,0;6900,0;566,0;145,0;0,07433674809561334;0,019043866561597057;0,01641712634620436;0,0010506960861570791;0,0006566850538481745;0,0042027843446283165;0,0006566850538481745;0,31612818492251116;0,004728132387706856;0,001313370107696349;0,0014447071184659837;0,001970055161544523;0,0018387181507748883;0,006960861570790649;0,3799579721565537;0,16889939584975047
EC050651;FEMENINO;921,0;818,0;78,0;25,0;0,08469055374592833;0,02714440825190011;0,02280130293159609;0,0054288816503800215;0,002171552660152009;0,010857763300760043;0,0010857763300760044;0,15526601520086863;0,008686210640608035;0,0;0,0;0,004343105320304018;0,0010857763300760044;0,0;0,495114006514658;0,18132464712269272
EC050652;FEMENINO;528,0;479,0;36,0;13,0;0,06818181818181818;0,02462121212121212;0,020833333333333332;0,0;0,001893939393939394;0,001893939393939394;0,0;0,32765151515151514;0,007575757575757576;0,007575757575757576;0,001893939393939394;0,003787878787878788;0,001893939393939394;0,003787878787878788;0,2916666666666667;0,23674242424242425
EC050750;FEMENINO;3217,0;2954,0;202,0;62,0;0,06279142057817842;0,019272614236866645;0,01274479328566988;0,0;0,001554243083618278;0,0009325458501709667;0,00031084861672365556;0,2530307740130556;0,003730183400683867;0,0018650917003419335;0,0009325458501709667;0,0009325458501709667;0,0018650917003419335;0,003730183400683867;0,22287845819086105;0,4137395088591856
EC050751;FEMENINO;2672,0;2298,0;281,0;92,0;0,10516467065868264;0,0344311377245509;0,0033682634730538923;0,001122754491017964;0,001122754491017964;0,0018712574850299401;0,0007485029940119761;0,04491017964071856;0,00561377245508982;0,00037425149700598805;0,0014970059880239522;0,005988023952095809;0,002245508982035928;0,0037425149700598802;0,4629491017964072;0,3244760479041916
EC050752;FEMENINO;1033,0;926,0;73,0;34,0;0,07066795740561471;0,03291384317521781;0,01452081316553727;0,0;0,0;0,000968054211035818;0,001936108422071636;0,12391093901258471;0,003872216844143272;0,000968054211035818;0,001936108422071636;0,005808325266214908;0,001936108422071636;0,00484027105517909;0,42110358180058083;0,31461761858664083
EC050753;FEMENINO;709,0;678,0;27,0;4,0;0,0380818053596615;0,005641748942172073;0,012693935119887164;0,0;0,0014104372355430183;0,0014104372355430183;0,0;0,1466854724964739;0,0;0,0;0,0;0,0;0,0;0,0028208744710860366;0,4894217207334274;0,3018335684062059
EC050754;FEMENINO;315,0;304,0;7,0;4,0;0,022222222222222223;0,012698412698412698;0,0380952380952381;0,0;0,0;0,0;0,0;0,3873015873015873;0,0031746031746031746;0,0;0,0031746031746031746;0,0031746031746031746;0,0;0,0031746031746031746;0,25396825396825395;0,273015873015873
EC060150;FEMENINO;23006,0;21762,0;1070,0;164,0;0,04650960618968965;0,007128575154307572;0,03429540119968704;0,00047813613839867863;0,001782143788576893;0,0007824045901069286;0,0019125445535947145;0,6605233417369382;0,002955750673737286;0,0006954707467617143;0,0016952099452316788;0,0007389376684343215;0,002651482222029036;0,006737372859254107;0,04220638094410154;0,1884725723724246
EC060151;FEMENINO;1343,0;1148,0;126,0;68,0;0,09381980640357408;0,05063291139240506;0,011169024571854059;0,0029784065524944155;0,0029784065524944155;0,005956813104988831;0,006701414743112435;0,21667907669396871;0,006701414743112435;0,0014892032762472078;0,0037230081906180195;0,004467609828741623;0,005956813104988831;0,01340282948622487;0,3901712583767684;0,18242740134028296
EC060152;FEMENINO;2699,0;2384,0;247,0;67,0;0,09151537606520933;0,02482400889218229;0,018895887365690995;0,0029640607632456465;0,001852537977028529;0,0007410151908114116;0,00444609114486847;0,4838829195998518;0,008521674694331233;0,0014820303816228233;0,0029640607632456465;0,002593553167839941;0,005557613931085587;0,012226750648388292;0,18747684327528713;0,14968506854390515
EC060153;FEMENINO;974,0;853,0;98,0;23,0;0,10061601642710473;0,023613963039014373;0,019507186858316223;0,003080082135523614;0,002053388090349076;0,0;0,002053388090349076;0,5667351129363449;0,002053388090349076;0,002053388090349076;0,002053388090349076;0,001026694045174538;0,002053388090349076;0,00513347022587269;0,08726899383983573;0,1806981519507187
EC060154;FEMENINO;1833,0;1559,0;177,0;96,0;0,09656301145662848;0,05237315875613748;0,009274413529732678;0,0038188761593016913;0,0005455537370430987;0,002727768685215494;0,006001091107474086;0,18930714675395527;0,015275504637206765;0,0032733224222585926;0,0010911074740861974;0,0070921985815602835;0,00436442989634479;0,009819967266775777;0,298417894162575;0,2995090016366612
EC060155;FEMENINO;2661,0;2443,0;173,0;45,0;0,06501315295001879;0,016910935738444193;0,02893649004133784;0,0011273957158962795;0,0026305900037579856;0,0011273957158962795;0,0033821871476888386;0,5888763622698234;0,003006388575723412;0,0026305900037579856;0,002254791431792559;0,001503194287861706;0,006388575723412251;0,005261180007515971;0,09733183013904548;0,17361894024802707
EC060156;FEMENINO;3501,0;2978,0;366,0;156,0;0,10454155955441302;0,044558697514995714;0,013996001142530705;0,002570694087403599;0,002570694087403599;0,005141388174807198;0,00485575549842902;0,2607826335332762;0,010568409025992574;0,002570694087403599;0,0011425307055127106;0,00485575549842902;0,004284490145672665;0,02085118537560697;0,1956583833190517;0,3207654955726935
EC060157;FEMENINO;2168,0;1744,0;345,0;81,0;0,1591328413284133;0,03736162361623616;0,008302583025830259;0,0018450184501845018;0,0036900369003690036;0,004151291512915129;0,014760147601476014;0,2827490774907749;0,008763837638376383;0,0018450184501845018;0,0027675276752767526;0,004612546125461255;0,0027675276752767526;0,005996309963099631;0,24492619926199263;0,2172509225092251
EC060158;FEMENINO;2607,0;2207,0;316,0;83,0;0,12121212121212122;0,031837360951285004;0,010740314537782892;0,00728807057920982;0,0003835826620636747;0,004219409282700422;0,006137322593018795;0,2926735711545838;0,00805523590333717;0,0015343306482546988;0,004602991944764097;0,004602991944764097;0,005370157268891446;0,008438818565400843;0,2489451476793249;0,24357499041043346
EC060159;FEMENINO;2069,0;1854,0;172,0;43,0;0,08313194780086998;0,020782986950217495;0,021749637506041565;0,0009666505558240696;0,002416626389560174;0,002416626389560174;0,0033832769453842437;0,5355244079265346;0,0028999516674722086;0,0014499758337361043;0,0019333011116481392;0,0014499758337361043;0,0028999516674722086;0,022716288061865635;0,11406476558724021;0,18221362977283712
EC060160;FEMENINO;3270,0;2899,0;306,0;64,0;0,09357798165137615;0,019571865443425075;0,015596330275229359;0,0021406727828746177;0,0006116207951070336;0,0012232415902140672;0,00672782874617737;0,41559633027522935;0,005810397553516819;0,0012232415902140672;0,0027522935779816515;0,0015290519877675841;0,003363914373088685;0,005810397553516819;0,2324159021406728;0,19174311926605506
EC060161;FEMENINO;2873,0;2514,0;252,0;107,0;0,08771319178558998;0,037243299686738604;0,015315001740341106;0,0038287504350852765;0,0003480682213713888;0,0027845457709711106;0,006613296206056387;0,4514444831186913;0,005917159763313609;0,0024364775495997215;0,003132613992342499;0,0024364775495997215;0,002088409328228333;0,016707274625826662;0,1277410372432997;0,23424991298294465
EC060250;FEMENINO;4169,0;3701,0;346,0;118,0;0,08299352362676901;0,028304149676181337;0,01631086591508755;0,0021587910769968817;0,001918925401775006;0,0023986567522187576;0,004557447829215639;0,39002158791076996;0,009114895658431278;0,0023986567522187576;0,002638522427440633;0,0031182537778843846;0,004077716478771888;0,004317582153993763;0,17534180858719117;0,26936915327416644
EC060251;FEMENINO;3182,0;2456,0;526,0;197,0;0,16530483972344437;0,061910747957259586;0,00974230043997486;0,0028284098051539913;0,00031426775612822125;0,004085480829666876;0,00754242614707731;0,09333752357008171;0,016341923318667503;0,0028284098051539913;0,0006285355122564425;0,005342551854179761;0,0034569453174104338;0,007228158390949088;0,32338152105593965;0,29478315524827153
EC060253;FEMENINO;695,0;526,0;100,0;69,0;0,14388489208633093;0,09928057553956834;0,010071942446043165;0,0057553956834532375;0,0;0,0014388489208633094;0,0057553956834532375;0,2302158273381295;0,011510791366906475;0,0014388489208633094;0,004316546762589928;0,004316546762589928;0,004316546762589928;0,0057553956834532375;0,18992805755395684;0,2820143884892086
EC060254;FEMENINO;585,0;491,0;71,0;23,0;0,12136752136752137;0,039316239316239315;0,018803418803418803;0,0017094017094017094;0,003418803418803419;0,003418803418803419;0,008547008547008548;0,27008547008547007;0,008547008547008548;0,003418803418803419;0,0017094017094017094;0,005128205128205128;0,003418803418803419;0,008547008547008548;0,09572649572649573;0,40683760683760684
EC060255;FEMENINO;518,0;444,0;60,0;14,0;0,11583011583011583;0,02702702702702703;0,011583011583011582;0,0019305019305019305;0,0019305019305019305;0,0;0,0019305019305019305;0,28957528957528955;0,005791505791505791;0,0019305019305019305;0,0;0,0019305019305019305;0,0019305019305019305;0,007722007722007722;0,06177606177606178;0,4691119691119691
EC060256;FEMENINO;119,0;109,0;6,0;3,0;0,05042016806722689;0,025210084033613446;0,03361344537815126;0,008403361344537815;0,0;0,008403361344537815;0,0;0,37815126050420167;0,0;0,0;0,008403361344537815;0,0;0,008403361344537815;0,0;0,09243697478991597;0,37815126050420167
EC060257;FEMENINO;225,0;187,0;25,0;13,0;0,1111111111111111;0,057777777777777775;0,008888888888888889;0,0044444444444444444;0,0044444444444444444;0,0;0,0044444444444444444;0,20444444444444446;0,008888888888888889;0,0;0,008888888888888889;0,0;0,008888888888888889;0,008888888888888889;0,13777777777777778;0,4311111111111111
EC060258;FEMENINO;241,0;214,0;17,0;10,0;0,07053941908713693;0,04149377593360996;0,016597510373443983;0,0;0,008298755186721992;0,004149377593360996;0,004149377593360996;0,2033195020746888;0,029045643153526972;0,0;0,0;0,0;0,008298755186721992;0,0;0,14522821576763487;0,46887966804979253
EC060259;FEMENINO;861,0;744,0;101,0;16,0;0,1173054587688734;0,018583042973286876;0,029036004645760744;0,003484320557491289;0,0023228803716608595;0,003484320557491289;0,004645760743321719;0,43089430894308944;0,005807200929152149;0,003484320557491289;0,0011614401858304297;0,0011614401858304297;0,0023228803716608595;0,005807200929152149;0,13124274099883856;0,23925667828106853
EC060260;FEMENINO;3346,0;2784,0;366,0;200,0;0,10938433950986252;0,05977286312014345;0,007770472205618649;0,00328750747160789;0,0017931858936043037;0,0026897788404064557;0,011356843992827256;0,16497310221159595;0,013747758517632994;0,00328750747160789;0,002390914524805738;0,005379557680812911;0,0038852361028093247;0,007471607890017932;0,4465032875074716;0,157501494321578
EC060350;FEMENINO;4395,0;3788,0;443,0;163,0;0,10079635949943117;0,03708759954493743;0,013879408418657566;0,0018202502844141069;0,0018202502844141069;0,0027303754266211604;0,0072810011376564275;0,3340159271899886;0,008418657565415245;0,0022753128555176336;0,0009101251422070534;0,0036405005688282138;0,008646188850967008;0,008418657565415245;0,2391353811149033;0,22889647326507395
EC060351;FEMENINO;355,0;330,0;16,0;8,0;0,04507042253521127;0,022535211267605635;0,030985915492957747;0,0028169014084507044;0,0028169014084507044;0,0;0,008450704225352112;0,504225352112676;0,0028169014084507044;0,0028169014084507044;0,0028169014084507044;0,0;0,01971830985915493;0,0;0,15774647887323945;0,19436619718309858
EC060352;FEMENINO;5896,0;5162,0;547,0;184,0;0,09277476255088195;0,031207598371777476;0,008141112618724558;0,0022048846675712347;0,0023744911804613297;0,0022048846675712347;0,005766621438263229;0,21234735413839892;0,010345997286295794;0,0015264586160108548;0,0016960651289009499;0,0028833107191316145;0,012381275440976933;0,006953867028493894;0,35176390773405697;0,25491858887381275
EC060353;FEMENINO;1101,0;949,0;102,0;50,0;0,09264305177111716;0,045413260672116255;0,008174386920980926;0,0;0,0018165304268846503;0,0;0,004541326067211626;0,22070844686648503;0,007266121707538601;0,0018165304268846503;0,0027247956403269754;0,008174386920980926;0,009990917347865577;0,005449591280653951;0,26612170753860126;0,32515894641235243
EC060354;FEMENINO;875,0;696,0;125,0;53,0;0,14285714285714285;0,060571428571428575;0,006857142857142857;0,001142857142857143;0,005714285714285714;0,004571428571428572;0,010285714285714285;0,1737142857142857;0,029714285714285714;0,005714285714285714;0,001142857142857143;0,004571428571428572;0,008;0,006857142857142857;0,20914285714285713;0,328
EC060450;FEMENINO;5312,0;4799,0;385,0;123,0;0,07247740963855422;0,02315512048192771;0,0286144578313253;0,001694277108433735;0,0013177710843373493;0,001694277108433735;0,00470632530120482;0,5753012048192772;0,0037650602409638554;0,0005647590361445783;0,002259036144578313;0,0013177710843373493;0,0028237951807228916;0,006588855421686747;0,0963855421686747;0,17639307228915663
EC060550;FEMENINO;2542,0;2182,0;277,0;81,0;0,1089693154996066;0,031864673485444535;0,015735641227380016;0,0015735641227380016;0,0011801730920535012;0,0035405192761605035;0,0015735641227380016;0,3839496459480724;0,006294256490952006;0,0015735641227380016;0,0015735641227380016;0,001966955153422502;0,0015735641227380016;0,0051140833988985055;0,12549173878835562;0,3072383949645948
EC060551;FEMENINO;294,0;257,0;30,0;7,0;0,10204081632653061;0,023809523809523808;0,013605442176870748;0,0;0,003401360544217687;0,0;0,0;0,3945578231292517;0,01020408163265306;0,0;0,006802721088435374;0,003401360544217687;0,0;0,0;0,1292517006802721;0,3129251700680272
EC060552;FEMENINO;226,0;202,0;16,0;8,0;0,07079646017699115;0,035398230088495575;0,017699115044247787;0,0;0,008849557522123894;0,0;0,004424778761061947;0,42920353982300885;0,02654867256637168;0,0;0,0;0,0;0,004424778761061947;0,0;0,09292035398230089;0,30973451327433627
EC060553;FEMENINO;346,0;288,0;37,0;21,0;0,1069364161849711;0,06069364161849711;0,008670520231213872;0,0;0,0;0,002890173410404624;0,005780346820809248;0,1907514450867052;0,014450867052023121;0,0;0,0;0,0;0,011560693641618497;0,0;0,1069364161849711;0,4913294797687861
EC060554;FEMENINO;388,0;334,0;41,0;12,0;0,1056701030927835;0,030927835051546393;0,005154639175257732;0,002577319587628866;0,0;0,005154639175257732;0,002577319587628866;0,4175257731958763;0,007731958762886598;0,002577319587628866;0,0;0,005154639175257732;0,005154639175257732;0,007731958762886598;0,1211340206185567;0,27835051546391754
EC060650;FEMENINO;8892,0;7604,0;989,0;295,0;0,11122357174988753;0,033175888439046335;0,009671614934772829;0,003036437246963563;0,002699055330634278;0,0038236617183985606;0,006072874493927126;0,18556005398110662;0,015969410706252813;0,00775978407557355;0,001349527665317139;0,0051731893837157;0,004723346828609987;0,03002699055330634;0,3442420152946469;0,23504273504273504
EC060651;FEMENINO;2980,0;2531,0;343,0;101,0;0,1151006711409396;0,03389261744966443;0,007046979865771812;0,0016778523489932886;0,0026845637583892616;0,005369127516778523;0,0026845637583892616;0,2859060402684564;0,011073825503355705;0,003691275167785235;0,0013422818791946308;0,004026845637583893;0,002348993288590604;0,006040268456375839;0,3251677852348993;0,19026845637583892
EC060652;FEMENINO;4300,0;3711,0;431,0;158,0;0,10023255813953488;0,036744186046511626;0,008837209302325582;0,0032558139534883722;0,0034883720930232558;0,0051162790697674414;0,0060465116279069765;0,14767441860465116;0,0074418604651162795;0,0020930232558139536;0,0016279069767441861;0,005348837209302326;0,0037209302325581397;0,010232558139534883;0,47511627906976744;0,18302325581395348
EC060750;FEMENINO;6118,0;5764,0;283,0;68,0;0,04625694671461262;0,011114743380189604;0,02517162471395881;0,0006538084341288003;0,0009807126511932004;0,0016345210853220007;0,001961425302386401;0,6477607061131089;0,0035959463877084014;0,0013076168682576005;0,0006538084341288003;0,0013076168682576005;0,0011441647597254005;0,006047728015691403;0,062111801242236024;0,18780647270349787
EC060751;FEMENINO;215,0;199,0;14,0;2,0;0,06511627906976744;0,009302325581395349;0,023255813953488372;0,0;0,0;0,0;0,0;0,6;0,0;0,0;0,004651162790697674;0,0;0,004651162790697674;0,0;0,08372093023255814;0,20930232558139536
EC060752;FEMENINO;859,0;781,0;67,0;11,0;0,0779976717112922;0,012805587892898719;0,010477299185098952;0,0;0,002328288707799767;0,0;0,0034924330616996507;0,570430733410943;0,005820721769499418;0,0011641443538998836;0,0;0,0;0,0011641443538998836;0,004656577415599534;0,12223515715948778;0,18742724097788127
EC060753;FEMENINO;273,0;243,0;25,0;5,0;0,09157509157509157;0,018315018315018316;0,014652014652014652;0,0;0,0;0,0;0,0;0,6263736263736264;0,003663003663003663;0,003663003663003663;0,0;0,0;0,003663003663003663;0,0;0,0695970695970696;0,1684981684981685
EC060754;FEMENINO;4889,0;4359,0;425,0;105,0;0,08692984250357946;0,0214767846185314;0,028840253630599305;0,0016363264471262017;0,0028635712824708528;0,0020454080589077522;0,0057271425649417056;0,4882389036612804;0,0073634690120679075;0,0014317856412354264;0,0020454080589077522;0,0028635712824708528;0,0028635712824708528;0,005113520147269381;0,1767232562896298;0,16383718551851095
EC060755;FEMENINO;836,0;754,0;62,0;21,0;0,07416267942583732;0,025119617224880382;0,01076555023923445;0,0;0,0;0,0035885167464114833;0,0011961722488038277;0,5729665071770335;0,0023923444976076554;0,0011961722488038277;0,0;0,0035885167464114833;0,0011961722488038277;0,0023923444976076554;0,12679425837320574;0,17583732057416268
EC060756;FEMENINO;1618,0;1492,0;97,0;28,0;0,05995055624227441;0,0173053152039555;0,014833127317676144;0,001854140914709518;0,001854140914709518;0,0012360939431396785;0,0030902348578491965;0,5593325092707045;0,009888751545117428;0,0006180469715698393;0,0012360939431396785;0,0006180469715698393;0,0012360939431396785;0,03646477132262052;0,11063040791100123;0,1792336217552534
EC060757;FEMENINO;495,0;464,0;24,0;7,0;0,048484848484848485;0,014141414141414142;0,012121212121212121;0,0;0,00202020202020202;0,0;0,0;0,6141414141414141;0,0;0,0;0,0;0,00404040404040404;0,00202020202020202;0,006060606060606061;0,10909090909090909;0,18787878787878787
EC060758;FEMENINO;473,0;441,0;23,0;9,0;0,048625792811839326;0,019027484143763214;0,014799154334038054;0,0021141649048625794;0,0;0,0;0,004228329809725159;0,6131078224101479;0,004228329809725159;0,0;0,0;0,0;0,0021141649048625794;0,0021141649048625794;0,1331923890063425;0,15644820295983086
EC060759;FEMENINO;199,0;178,0;16,0;5,0;0,08040201005025126;0,02512562814070352;0,010050251256281407;0,005025125628140704;0,0;0,005025125628140704;0,005025125628140704;0,507537688442211;0,010050251256281407;0,0;0,0;0,0;0,0;0,0;0,11055276381909548;0,24120603015075376
EC060850;FEMENINO;4370,0;3934,0;312,0;119,0;0,07139588100686499;0,02723112128146453;0,021052631578947368;0,0006864988558352403;0,002288329519450801;0,002059496567505721;0,0018306636155606408;0,37894736842105264;0,005491990846681922;0,002517162471395881;0,0006864988558352403;0,0018306636155606408;0,002059496567505721;0,004805491990846682;0,1480549199084668;0,32791762013729975
EC060950;FEMENINO;1133,0;1078,0;48,0;7,0;0,04236540158870256;0,00617828773168579;0,0264783759929391;0,00176522506619594;0,00088261253309797;0,00088261253309797;0,00353045013239188;0,649602824360106;0,00353045013239188;0,00088261253309797;0,00264783759929391;0,0;0,00264783759929391;0,00353045013239188;0,037069726390114736;0,21800529567519858
EC060951;FEMENINO;572,0;531,0;40,0;1,0;0,06993006993006994;0,0017482517482517483;0,02097902097902098;0,0017482517482517483;0,0;0,0017482517482517483;0,0017482517482517483;0,5804195804195804;0,0034965034965034965;0,0;0,0017482517482517483;0,0;0,006993006993006993;0,0034965034965034965;0,026223776223776224;0,27972027972027974
EC060952;FEMENINO;461,0;442,0;18,0;1,0;0,039045553145336226;0,0021691973969631237;0,01735357917570499;0,0;0,0021691973969631237;0,008676789587852495;0,0;0,6854663774403471;0,0021691973969631237;0,0;0,0;0,0;0,010845986984815618;0,010845986984815618;0,04772234273318872;0,1735357917570499
EC060953;FEMENINO;354,0;321,0;29,0;4,0;0,08192090395480225;0,011299435028248588;0,025423728813559324;0,002824858757062147;0,0;0,0;0,0;0,6666666666666666;0,0;0,0;0,0;0,0;0,00847457627118644;0,002824858757062147;0,04519774011299435;0,1553672316384181
EC060954;FEMENINO;698,0;664,0;29,0;5,0;0,04154727793696275;0,0071633237822349575;0,02005730659025788;0,0;0,0014326647564469914;0,0;0,0028653295128939827;0,7191977077363897;0,0028653295128939827;0,0;0,0;0,0;0,0071633237822349575;0,0014326647564469914;0,0329512893982808;0,16332378223495703
EC060955;FEMENINO;189,0;179,0;9,0;1,0;0,047619047619047616;0,005291005291005291;0,021164021164021163;0,005291005291005291;0,005291005291005291;0,0;0,010582010582010581;0,582010582010582;0,0;0,0;0,0;0,0;0,005291005291005291;0,005291005291005291;0,13227513227513227;0,17989417989417988
EC060956;FEMENINO;104,0;99,0;3,0;2,0;0,028846153846153848;0,019230769230769232;0,038461538461538464;0,0;0,009615384615384616;0,009615384615384616;0,0;0,49038461538461536;0,0;0,0;0,0;0,0;0,0;0,009615384615384616;0,0673076923076923;0,3269230769230769
EC061050;FEMENINO;5893,0;5298,0;466,0;125,0;0,07907687086373663;0,021211606991345663;0,016969285593076533;0,0006787714237230613;0,004072628542338368;0,0018666214152384185;0,0006787714237230613;0,30341082640420836;0,006108942813507551;0,0018666214152384185;0,002036314271169184;0,001018157135584592;0,00543017138978449;0,004751399966061429;0,036653656881045306;0,5134905820464959
EC070150;FEMENINO;3101,0;2789,0;249,0;60,0;0,08029667849080942;0,019348597226701063;0,028055465978716543;0,0012899064817800709;0,00419219606578523;0,0006449532408900354;0,0012899064817800709;0,3315059658174782;0,00838439213157046;0,0012899064817800709;0,002257336343115124;0,0019348597226701064;0,002257336343115124;0,006772009029345372;0,009029345372460496;0,5004837149306676
EC070152;FEMENINO;1369,0;1254,0;80,0;35,0;0,05843681519357195;0,02556610664718773;0,02483564645726808;0,0;0,0007304601899196494;0,0014609203798392988;0,003652300949598247;0,2556610664718773;0,008765522279035792;0,0014609203798392988;0,0;0,0014609203798392988;0,0;0,002191380569758948;0,008765522279035792;0,6070124178232287
EC070250;FEMENINO;8441,0;7811,0;449,0;174,0;0,053192749674209214;0,0206136713659519;0,034000710816254;0,00047387750266556097;0,0018955100106622439;0,0021324487619950243;0,0015401018836630732;0,45089444378628124;0,0042648975239900485;0,0013031631323302925;0,0010662243809975121;0,0009477550053311219;0,002961734391659756;0,005449591280653951;0,00947755005331122;0,4089562848003791
EC070251;FEMENINO;530,0;495,0;25,0;10,0;0,04716981132075472;0,018867924528301886;0,01509433962264151;0,0;0,0;0,0;0,0;0,3320754716981132;0,0037735849056603774;0,0018867924528301887;0,0;0,0018867924528301887;0,0;0,005660377358490566;0,005660377358490566;0,5679245283018868
EC070254;FEMENINO;1053,0;931,0;95,0;27,0;0,09021842355175688;0,02564102564102564;0,030389363722697058;0,002849002849002849;0,001899335232668566;0,0;0,003798670465337132;0,27350427350427353;0,008547008547008548;0,000949667616334283;0,000949667616334283;0,001899335232668566;0,006647673314339981;0,003798670465337132;0,010446343779677113;0,5384615384615384
EC070255;FEMENINO;262,0;242,0;15,0;5,0;0,05725190839694656;0,019083969465648856;0,030534351145038167;0,0;0,003816793893129771;0,0;0,0;0,3511450381679389;0,003816793893129771;0,0;0,0;0,0;0,003816793893129771;0,003816793893129771;0,015267175572519083;0,5114503816793893
EC070256;FEMENINO;628,0;595,0;19,0;14,0;0,030254777070063694;0,022292993630573247;0,01910828025477707;0,0;0,006369426751592357;0,0;0,0015923566878980893;0,2818471337579618;0,009554140127388535;0,0031847133757961785;0,0;0,0015923566878980893;0,0015923566878980893;0,009554140127388535;0,01592356687898089;0,5971337579617835
EC070350;FEMENINO;1118,0;991,0;99,0;28,0;0,0885509838998211;0,025044722719141325;0,025044722719141325;0,0;0,0008944543828264759;0,0;0,0026833631484794273;0,5787119856887298;0,0026833631484794273;0,0017889087656529517;0,0;0,0;0,004472271914132379;0,006261180679785331;0,005366726296958855;0,2584973166368515
EC070351;FEMENINO;547,0;487,0;40,0;20,0;0,07312614259597806;0,03656307129798903;0,031078610603290677;0,0;0,0;0,0;0,0;0,6124314442413162;0,003656307129798903;0,0;0,0;0,003656307129798903;0,0018281535648994515;0,0018281535648994515;0,009140767824497258;0,226691042047532
EC070352;FEMENINO;390,0;351,0;26,0;13,0;0,06666666666666667;0,03333333333333333;0,01282051282051282;0,0;0,0;0,0;0,002564102564102564;0,4948717948717949;0,007692307692307693;0,002564102564102564;0,002564102564102564;0,0;0,002564102564102564;0,007692307692307693;0,005128205128205128;0,36153846153846153
EC070353;FEMENINO;166,0;156,0;8,0;2,0;0,04819277108433735;0,012048192771084338;0,018072289156626505;0,0;0,0;0,0;0,0;0,6445783132530121;0,0;0,0;0,0;0,0;0,0;0,0;0,0;0,27710843373493976
EC070354;FEMENINO;181,0;163,0;9,0;9,0;0,049723756906077346;0,049723756906077346;0,022099447513812154;0,0;0,0;0,0055248618784530384;0,0;0,5027624309392266;0,0055248618784530384;0,0;0,0;0,0055248618784530384;0,0;0,0055248618784530384;0,03314917127071823;0,32044198895027626
EC070355;FEMENINO;198,0;188,0;6,0;4,0;0,030303030303030304;0,020202020202020204;0,025252525252525252;0,0;0,0;0,005050505050505051;0,0;0,3434343434343434;0,005050505050505051;0,0;0,0;0,005050505050505051;0,0;0,0;0,005050505050505051;0,5606060606060606
EC070450;FEMENINO;2625,0;2461,0;122,0;40,0;0,046476190476190476;0,015238095238095238;0,02780952380952381;0,00038095238095238096;0,0019047619047619048;0,00038095238095238096;0,00038095238095238096;0,4308571428571429;0,008380952380952381;0,0;0,00038095238095238096;0,0015238095238095239;0,0015238095238095239;0,005714285714285714;0,009142857142857144;0,4491428571428571
EC070451;FEMENINO;403,0;363,0;31,0;9,0;0,07692307692307693;0,022332506203473945;0,01488833746898263;0,0;0,0;0,0;0,0;0,2903225806451613;0,009925558312655087;0,0;0,0024813895781637717;0,0024813895781637717;0,0024813895781637717;0,007444168734491315;0,004962779156327543;0,56575682382134
EC070550;FEMENINO;1399,0;1281,0;86,0;34,0;0,061472480343102216;0,024303073624017155;0,03359542530378842;0,0007147962830593281;0,0014295925661186562;0,002144388849177984;0,0035739814152966403;0,39599714081486775;0,007147962830593281;0,0;0,0028591851322373124;0,002144388849177984;0,004288777698355968;0,007862759113652609;0,017869907076483203;0,43602573266619016
EC070650;FEMENINO;12991,0;11916,0;852,0;217,0;0,06558386575321376;0,016703871911323224;0,021245477638365023;0,0006158109460395659;0,003386960203217612;0,0012316218920791317;0,0013085982603340774;0,28342698791471016;0,012162266184281425;0,0010776691555692403;0,0013085982603340774;0,0012316218920791317;0,0021553383111384806;0,004464629358786852;0,009006235085828651;0,5746285890231699
EC070651;FEMENINO;2199,0;2026,0;140,0;33,0;0,06366530241018645;0,015006821282401092;0,018644838562983174;0,0009095043201455207;0,0018190086402910413;0,001364256480218281;0,001364256480218281;0,17189631650750342;0,010459299681673489;0,00045475216007276033;0,001364256480218281;0,0031832651205093224;0,0018190086402910413;0,0031832651205093224;0,009549795361527967;0,6953160527512505
EC070652;FEMENINO;1237,0;1136,0;81,0;19,0;0,06548100242522231;0,015359741309620048;0,016168148746968473;0,0;0,0032336297493936943;0,0;0,0008084074373484236;0,29668552950687144;0,01131770412287793;0,0008084074373484236;0,0016168148746968471;0,002425222312045271;0,0008084074373484236;0,005658852061438965;0,01131770412287793;0,5675020210185934
EC070653;FEMENINO;1165,0;1074,0;51,0;39,0;0,04377682403433476;0,03347639484978541;0,011158798283261802;0,0008583690987124463;0,0008583690987124463;0,0008583690987124463;0,0008583690987124463;0,16223175965665235;0,02145922746781116;0,0;0,0008583690987124463;0,0;0,0017167381974248926;0,002575107296137339;0,004291845493562232;0,7141630901287553
EC070654;FEMENINO;1530,0;1390,0;84,0;56,0;0,054901960784313725;0,036601307189542485;0,013725490196078431;0,0;0,0032679738562091504;0,00065359477124183;0,00130718954248366;0,18169934640522875;0,01045751633986928;0,00065359477124183;0,00392156862745098;0,00196078431372549;0,00130718954248366;0,0058823529411764705;0,01437908496732026;0,6692810457516339
EC070750;FEMENINO;1376,0;1248,0;92,0;36,0;0,06686046511627906;0,02616279069767442;0,02180232558139535;0,0007267441860465116;0,0007267441860465116;0,002180232558139535;0,002180232558139535;0,376453488372093;0,005813953488372093;0,0007267441860465116;0,0;0,0029069767441860465;0,00436046511627907;0,0029069767441860465;0,010174418604651164;0,47601744186046513
EC070850;FEMENINO;2163,0;1999,0;115,0;49,0;0,053166897827092004;0,022653721682847898;0,018955154877484975;0,0;0,002311604253351826;0,01155802126675913;0,0009246417013407304;0,4059177068885807;0,00785945446139621;0,0013869625520110957;0,0018492834026814608;0,0009246417013407304;0,002311604253351826;0,0036985668053629217;0,006472491909385114;0,4600092464170134
EC070851;FEMENINO;203,0;183,0;15,0;5,0;0,07389162561576355;0,024630541871921183;0,014778325123152709;0,0;0,0;0,0049261083743842365;0,0;0,43842364532019706;0,0049261083743842365;0,0;0,0;0,0;0,0;0,0;0,0;0,43842364532019706
EC070950;FEMENINO;20525,0;18640,0;1649,0;231,0;0,08034104750304506;0,01125456760048721;0,023922046285018272;0,000633373934226553;0,002289890377588307;0,001753958587088916;0,001510353227771011;0,42012180267965893;0,007503045066991474;0,001120584652862363;0,000876979293544458;0,000876979293544458;0,002679658952496955;0,005066991473812424;0,008185140073081607;0,4316199756394641
EC070951;FEMENINO;2310,0;2067,0;202,0;40,0;0,08744588744588745;0,017316017316017316;0,022510822510822513;0,0;0,0030303030303030303;0,0008658008658008658;0,0025974025974025974;0,24502164502164503;0,009956709956709957;0,0008658008658008658;0,0004329004329004329;0,0004329004329004329;0,003896103896103896;0,006060606060606061;0,0030303030303030303;0,5961038961038961
EC070952;FEMENINO;838,0;772,0;49,0;15,0;0,05847255369928401;0,017899761336515514;0,021479713603818614;0,0;0,0011933174224343676;0,0011933174224343676;0,0;0,2756563245823389;0,013126491646778043;0,0;0,0011933174224343676;0,0;0,0011933174224343676;0,007159904534606206;0,021479713603818614;0,5775656324582339
EC070953;FEMENINO;1315,0;1185,0;98,0;32,0;0,07452471482889733;0,024334600760456272;0,019011406844106463;0,0007604562737642585;0,006083650190114068;0,0;0,0007604562737642585;0,2844106463878327;0,008365019011406844;0,0022813688212927757;0,0;0,001520912547528517;0,0;0,0022813688212927757;0,006844106463878327;0,5688212927756654
EC070954;FEMENINO;1305,0;1149,0;126,0;30,0;0,09655172413793103;0,022988505747126436;0,02375478927203065;0,0007662835249042146;0,0007662835249042146;0,0015325670498084292;0,0015325670498084292;0,28045977011494255;0,020689655172413793;0,0015325670498084292;0,0007662835249042146;0,0007662835249042146;0,00842911877394636;0,011494252873563218;0,013026819923371647;0,5149425287356322
EC070955;FEMENINO;397,0;362,0;23,0;12,0;0,05793450881612091;0,030226700251889168;0,022670025188916875;0,005037783375314861;0,0025188916876574307;0,0025188916876574307;0,005037783375314861;0,28211586901763225;0,010075566750629723;0,0;0,0;0,0;0,0025188916876574307;0,0;0,012594458438287154;0,5667506297229219
EC070956;FEMENINO;442,0;426,0;13,0;3,0;0,029411764705882353;0,006787330316742082;0,024886877828054297;0,0022624434389140274;0,0;0,004524886877828055;0,0022624434389140274;0,1832579185520362;0,006787330316742082;0,006787330316742082;0,0;0,0;0,004524886877828055;0,004524886877828055;0,004524886877828055;0,7194570135746606
EC071050;FEMENINO;7086,0;6568,0;429,0;89,0;0,06054191363251482;0,012559977420265312;0,029071408410951172;0,0002822466836014677;0,0005644933672029354;0,000846740050804403;0,0007056167090036692;0,6193903471634208;0,004939316963025684;0,0005644933672029354;0,000846740050804403;0,0011289867344058708;0,00183460344340954;0,004092576912221282;0,004092576912221282;0,2585379621789444
EC071051;FEMENINO;491,0;426,0;51,0;14,0;0,10386965376782077;0,028513238289205704;0,028513238289205704;0,006109979633401222;0,002036659877800407;0,004073319755600814;0,0;0,27494908350305497;0,016293279022403257;0,0;0,002036659877800407;0,0;0,002036659877800407;0,004073319755600814;0,006109979633401222;0,5213849287169042
EC071052;FEMENINO;452,0;412,0;26,0;15,0;0,05752212389380531;0,033185840707964605;0,04424778761061947;0,0;0,00663716814159292;0,004424778761061947;0,0022123893805309734;0,38716814159292035;0,017699115044247787;0,004424778761061947;0,0;0,0;0,004424778761061947;0,00663716814159292;0,011061946902654867;0,4225663716814159
EC071053;FEMENINO;476,0;441,0;20,0;15,0;0,04201680672268908;0,031512605042016806;0,0063025210084033615;0,0021008403361344537;0,0;0,0021008403361344537;0,0;0,5966386554621849;0,0021008403361344537;0,0;0,0021008403361344537;0,0;0,0021008403361344537;0,0021008403361344537;0,004201680672268907;0,3067226890756303
EC071054;FEMENINO;270,0;245,0;18,0;6,0;0,06666666666666667;0,022222222222222223;0,007407407407407408;0,0;0,0;0,0;0,0;0,43333333333333335;0,014814814814814815;0,003703703703703704;0,0;0,0;0,0;0,0;0,0;0,44814814814814813
EC071055;FEMENINO;277,0;253,0;19,0;5,0;0,06859205776173286;0,018050541516245487;0,021660649819494584;0,0;0,0;0,0;0,0036101083032490976;0,6245487364620939;0,010830324909747292;0,0;0,0;0,0036101083032490976;0,0036101083032490976;0,021660649819494584;0,0;0,22382671480144403
EC071056;FEMENINO;668,0;612,0;33,0;22,0;0,04940119760479042;0,03293413173652695;0,025449101796407185;0,0;0,0029940119760479044;0,0014970059880239522;0,0;0,39820359281437123;0,017964071856287425;0,0;0,0014970059880239522;0,0;0,0;0,004491017964071856;0,005988023952095809;0,45808383233532934
EC071150;FEMENINO;3849,0;3514,0;231,0;104,0;0,060015588464536244;0,027020005196154846;0,026500389711613406;0,001558846453624318;0,0018186541958950377;0,001558846453624318;0,002338269680436477;0,55235126006755;0,004156923876331515;0,0002598077422707197;0,002338269680436477;0,001558846453624318;0,0028578851649779164;0,003897116134060795;0,007014809041309431;0,3047544816835542
EC071151;FEMENINO;199,0;179,0;12,0;8,0;0,06030150753768844;0,04020100502512563;0,005025125628140704;0,005025125628140704;0,010050251256281407;0,010050251256281407;0,0;0,4221105527638191;0,01507537688442211;0,005025125628140704;0,005025125628140704;0,0;0,0;0,0;0,01507537688442211;0,40703517587939697
EC071152;FEMENINO;257,0;225,0;12,0;20,0;0,04669260700389105;0,07782101167315175;0,027237354085603113;0,0;0,0038910505836575876;0,0;0,0038910505836575876;0,5252918287937743;0,0;0,0;0,0038910505836575876;0,0;0,0;0,0;0,011673151750972763;0,29961089494163423
EC071153;FEMENINO;331,0;285,0;26,0;20,0;0,07854984894259819;0,06042296072507553;0,01812688821752266;0,0;0,0030211480362537764;0,0;0,00906344410876133;0,48036253776435045;0,0;0,0;0,0;0,0;0,0;0,0030211480362537764;0,012084592145015106;0,33534743202416917
EC071250;FEMENINO;557,0;504,0;35,0;18,0;0,06283662477558348;0,03231597845601436;0,02154398563734291;0,0017953321364452424;0,0017953321364452424;0,0017953321364452424;0,0;0,24057450628366248;0,012567324955116697;0,0017953321364452424;0,0;0,0;0,008976660682226212;0,003590664272890485;0,010771992818671455;0,599640933572711
EC071251;FEMENINO;1052,0;958,0;68,0;25,0;0,06463878326996197;0,02376425855513308;0,019011406844106463;0,0;0,0009505703422053232;0,0;0,0038022813688212928;0,4372623574144487;0,0076045627376425855;0,0019011406844106464;0,0009505703422053232;0,0009505703422053232;0,008555133079847909;0,006653992395437262;0,008555133079847909;0,4144486692015209
EC071252;FEMENINO;272,0;243,0;13,0;16,0;0,04779411764705882;0,058823529411764705;0,003676470588235294;0,003676470588235294;0,003676470588235294;0,0;0,0;0,1323529411764706;0,014705882352941176;0,003676470588235294;0,0;0,0;0,0;0,003676470588235294;0,007352941176470588;0,7205882352941176
EC071253;FEMENINO;755,0;672,0;57,0;26,0;0,07549668874172186;0,03443708609271523;0,025165562913907286;0,0013245033112582781;0,003973509933774834;0,0;0,0;0,4119205298013245;0,009271523178807948;0,0013245033112582781;0,0026490066225165563;0,0013245033112582781;0,0;0,003973509933774834;0,006622516556291391;0,42251655629139073
EC071254;FEMENINO;497,0;444,0;34,0;18,0;0,06841046277665996;0,03621730382293763;0,01609657947686117;0,0;0,012072434607645875;0,0;0,0;0,3501006036217304;0,008048289738430584;0,002012072434607646;0,002012072434607646;0,002012072434607646;0,0;0,012072434607645875;0,0;0,48893360160965793
EC071255;FEMENINO;701,0;631,0;48,0;22,0;0,06847360912981455;0,03138373751783167;0,04136947218259629;0,0;0,0042796005706134095;0,0;0,0;0,4194008559201141;0,0028530670470756064;0,0028530670470756064;0,0014265335235378032;0,0028530670470756064;0,005706134094151213;0,0;0,011412268188302425;0,4079885877318117
EC071256;FEMENINO;865,0;783,0;71,0;11,0;0,08208092485549133;0,012716763005780347;0,016184971098265895;0,0;0,003468208092485549;0,0011560693641618498;0,0;0,15722543352601157;0,008092485549132947;0,0023121387283236996;0,003468208092485549;0,0023121387283236996;0,0023121387283236996;0,004624277456647399;0,006936416184971098;0,6971098265895954
EC071257;FEMENINO;704,0;633,0;46,0;28,0;0,06534090909090909;0,03977272727272727;0,03409090909090909;0,0;0,008522727272727272;0,0014204545454545455;0,0014204545454545455;0,3252840909090909;0,014204545454545454;0,0014204545454545455;0,0014204545454545455;0,002840909090909091;0,0014204545454545455;0,004261363636363636;0,01278409090909091;0,4900568181818182
EC071350;FEMENINO;4492,0;4165,0;249,0;76,0;0,05543187889581478;0,016918967052537846;0,031166518254674976;0,0008904719501335708;0,002894033837934105;0,0017809439002671415;0,0026714158504007124;0,6580587711487088;0,005565449688334817;0,0017809439002671415;0,0004452359750667854;0,0006678539626001781;0,001558325912733749;0,004897595725734639;0,008014247551202136;0,20681211041852182
EC071351;FEMENINO;548,0;470,0;54,0;24,0;0,09854014598540146;0,043795620437956206;0,041970802919708027;0,0;0,0;0,0;0,0;0,22627737226277372;0,016423357664233577;0,0;0,0;0,005474452554744526;0,0036496350364963502;0,0018248175182481751;0,03832116788321168;0,5237226277372263
EC071352;FEMENINO;325,0;304,0;13,0;8,0;0,04;0,024615384615384615;0,012307692307692308;0,0;0,003076923076923077;0,0;0,0;0,7538461538461538;0,0;0,003076923076923077;0,0;0,0;0,003076923076923077;0,0;0,003076923076923077;0,15692307692307692
EC071353;FEMENINO;1074,0;883,0;126,0;65,0;0,11731843575418995;0,06052141527001862;0,019553072625698324;0,0;0,000931098696461825;0,0037243947858473;0,006517690875232775;0,19925512104283055;0,015828677839851025;0,004655493482309125;0,002793296089385475;0,002793296089385475;0,00558659217877095;0,010242085661080074;0,08007448789571694;0,4702048417132216
EC071354;FEMENINO;482,0;412,0;35,0;36,0;0,07261410788381743;0,07468879668049792;0,02074688796680498;0,0;0,002074688796680498;0,002074688796680498;0,004149377593360996;0,516597510373444;0,016597510373443983;0,004149377593360996;0,0;0,002074688796680498;0,006224066390041493;0,008298755186721992;0,01037344398340249;0,26141078838174275
EC071355;FEMENINO;761,0;706,0;39,0;18,0;0,051248357424441525;0,023653088042049936;0,04467805519053877;0,001314060446780552;0,001314060446780552;0,001314060446780552;0,0;0,5387647831800263;0,003942181340341655;0,001314060446780552;0,0;0,001314060446780552;0,002628120893561104;0,002628120893561104;0,006570302233902759;0,3219448094612352
EC071356;FEMENINO;297,0;279,0;16,0;2,0;0,05387205387205387;0,006734006734006734;0,026936026936026935;0,0;0,0;0,003367003367003367;0,0;0,6363636363636364;0,0;0,0;0,0;0,006734006734006734;0,003367003367003367;0,0;0,006734006734006734;0,2558922558922559
EC071357;FEMENINO;248,0;232,0;10,0;6,0;0,04032258064516129;0,024193548387096774;0,024193548387096774;0,0;0,0;0,0;0,0;0,6330645161290323;0,008064516129032258;0,0;0,004032258064516129;0,0;0,004032258064516129;0,004032258064516129;0,004032258064516129;0,2540322580645161
EC071358;FEMENINO;425,0;362,0;42,0;21,0;0,0988235294117647;0,04941176470588235;0,018823529411764704;0,0;0,0;0,0;0,004705882352941176;0,6447058823529411;0,004705882352941176;0,002352941176470588;0,0;0,004705882352941176;0,004705882352941176;0,009411764705882352;0,007058823529411765;0,15058823529411763
EC071359;FEMENINO;319,0;281,0;23,0;15,0;0,07210031347962383;0,047021943573667714;0,012539184952978056;0,0;0,0;0,003134796238244514;0,0;0,6269592476489029;0,012539184952978056;0,003134796238244514;0,0;0,0;0,006269592476489028;0,01567398119122257;0,0219435736677116;0,1786833855799373
EC071450;FEMENINO;1060,0;973,0;49,0;38,0;0,04622641509433962;0,035849056603773584;0,02169811320754717;0,0;0,0018867924528301887;0,0009433962264150943;0,0;0,4509433962264151;0,008490566037735849;0,0018867924528301887;0,0;0,0018867924528301887;0,0037735849056603774;0,005660377358490566;0,002830188679245283;0,4179245283018868
EC071451;FEMENINO;358,0;342,0;13,0;3,0;0,036312849162011177;0,008379888268156424;0,030726256983240222;0,0;0,002793296089385475;0,0;0,002793296089385475;0,3715083798882682;0,00558659217877095;0,0;0,0;0,0;0,008379888268156424;0,008379888268156424;0,00558659217877095;0,5195530726256983
EC071452;FEMENINO;337,0;312,0;18,0;7,0;0,05341246290801187;0,020771513353115726;0,02967359050445104;0,0;0,0;0,0;0,0;0,45103857566765576;0,008902077151335312;0,0;0,002967359050445104;0,002967359050445104;0,0;0,002967359050445104;0,008902077151335312;0,41839762611275966
EC071453;FEMENINO;261,0;233,0;18,0;11,0;0,06896551724137931;0,0421455938697318;0,05363984674329502;0,0;0,0;0,0;0,0;0,4521072796934866;0,0038314176245210726;0,0;0,0038314176245210726;0,0038314176245210726;0,0038314176245210726;0,0;0,007662835249042145;0,36398467432950193
EC080150;FEMENINO;18835,0;16990,0;1448,0;396,0;0,07687815237589594;0,021024688080700824;0,015980886647199363;0,0007432970533581099;0,002282983806742766;0,0008494823466949828;0,0015927794000530925;0,5048048845234935;0,01422882930714096;0,004725245553490841;0,0029731882134324396;0,0007432970533581099;0,0014335014600477833;0,007220599946907353;0,003981948500132732;0,34048314308468275
EC080152;FEMENINO;1110,0;935,0;110,0;68,0;0,0990990990990991;0,06126126126126126;0,0045045045045045045;0,0;0,0;0,005405405405405406;0,0018018018018018018;0,30720720720720723;0,02972972972972973;0,0036036036036036037;0,002702702702702703;0,0009009009009009009;0,0036036036036036037;0,005405405405405406;0,008108108108108109;0,46936936936936935
EC080153;FEMENINO;668,0;555,0;72,0;41,0;0,10778443113772455;0,061377245508982034;0,004491017964071856;0,0014970059880239522;0,0;0,0014970059880239522;0,0014970059880239522;0,30538922155688625;0,08083832335329341;0,0029940119760479044;0,0;0,0;0,008982035928143712;0,025449101796407185;0,0;0,39820359281437123
EC080154;FEMENINO;1332,0;1080,0;148,0;104,0;0,1111111111111111;0,07807807807807808;0,00975975975975976;0,0022522522522522522;0,0007507507507507507;0,0007507507507507507;0,003003003003003003;0,34384384384384387;0,018018018018018018;0,0015015015015015015;0,0022522522522522522;0,0007507507507507507;0,0015015015015015015;0,017267267267267267;0,0037537537537537537;0,40540540540540543
EC080159;FEMENINO;840,0;674,0;87,0;79,0;0,10357142857142858;0,09404761904761905;0,008333333333333333;0,0035714285714285713;0,0011904761904761906;0,0011904761904761906;0,002380952380952381;0,3630952380952381;0,034523809523809526;0,0;0,0035714285714285713;0,0;0,0;0,017857142857142856;0,008333333333333333;0,35833333333333334
EC080163;FEMENINO;2141,0;1798,0;240,0;103,0;0,1120971508640822;0,04810836057916861;0,012143858010275572;0,00046707146193367583;0,002335357309668379;0,002335357309668379;0,0;0,31620737972909857;0,033162073797290983;0,005137786081270434;0,002335357309668379;0,0009341429238673517;0,00046707146193367583;0,0037365716954694066;0,0028024287716020553;0,45773003269500234
EC080165;FEMENINO;1086,0;918,0;110,0;57,0;0,10128913443830571;0,052486187845303865;0,008287292817679558;0,001841620626151013;0,003683241252302026;0,0009208103130755065;0,0009208103130755065;0,30478821362799263;0,04696132596685083;0,0009208103130755065;0,0;0,0009208103130755065;0,0009208103130755065;0,0055248618784530384;0,0027624309392265192;0,46685082872928174
EC080166;FEMENINO;1747,0;1544,0;140,0;64,0;0,08013737836290784;0,03663423010875787;0,007441327990841442;0,0005724098454493417;0,005151688609044075;0,0005724098454493417;0,0017172295363480253;0,31940469376073266;0,044647967945048654;0,0005724098454493417;0,0011448196908986834;0,0005724098454493417;0,0005724098454493417;0,006296508299942759;0,0022896393817973667;0,4928448769318832
EC080168;FEMENINO;4407,0;3884,0;407,0;118,0;0,09235307465395962;0,026775584297708193;0,014522350805536646;0,0006807351940095302;0,002496029044701611;0,0011345586566825505;0,0004538234626730202;0,39641479464488316;0,013614703880190605;0,0002269117313365101;0,0011345586566825505;0,0004538234626730202;0,002269117313365101;0,0058997050147492625;0,0036305877013841615;0,4383934649421375
EC080250;FEMENINO;2567,0;2205,0;199,0;162,0;0,07752239968835216;0,06310868718348267;0,005453837164004675;0,0;0,0007791195948578107;0,0007791195948578107;0,0015582391897156214;0,19283209972730814;0,01090767432800935;0,0007791195948578107;0,0019477989871445266;0,0;0,0019477989871445266;0,003506038176860148;0,001168679392286716;0,6373198285936892
EC080251;FEMENINO;495,0;405,0;50,0;40,0;0,10101010101010101;0,08080808080808081;0,00808080808080808;0,0;0,00202020202020202;0,0;0,0;0,14545454545454545;0,024242424242424242;0,0;0,0;0,0;0,00404040404040404;0,012121212121212121;0,00202020202020202;0,6202020202020202
EC080252;FEMENINO;553,0;480,0;43,0;29,0;0,07775768535262206;0,05244122965641953;0,0054249547920434;0,0054249547920434;0,0054249547920434;0,0;0,007233273056057866;0,1844484629294756;0,014466546112115732;0,0;0,0108499095840868;0,007233273056057866;0,012658227848101266;0,007233273056057866;0,12296564195298372;0,484629294755877
EC080253;FEMENINO;3676,0;3076,0;379,0;219,0;0,10310119695321002;0,05957562568008705;0,004896626768226333;0,0008161044613710555;0,001632208922742111;0,000544069640914037;0,0008161044613710555;0,2159956474428727;0,021218715995647442;0,0019042437431991295;0,001632208922742111;0,001088139281828074;0,002176278563656148;0,003808487486398259;0,01822633297062024;0,5620239390642002
EC080254;FEMENINO;931,0;770,0;102,0;58,0;0,10955961331901182;0,06229860365198711;0,00644468313641246;0,0010741138560687433;0,0010741138560687433;0,0;0,0021482277121374865;0,22126745435016112;0,034371643394199784;0,0010741138560687433;0,0021482277121374865;0,0;0,00322234156820623;0,00322234156820623;0,0053705692803437165;0,5456498388829216
EC080255;FEMENINO;162,0;130,0;18,0;14,0;0,1111111111111111;0,08641975308641975;0,012345679012345678;0,0;0,018518518518518517;0,0;0,012345679012345678;0,09876543209876543;0,037037037037037035;0,006172839506172839;0,0;0,0;0,0;0,006172839506172839;0,0;0,6111111111111112
EC080256;FEMENINO;726,0;593,0;93,0;40,0;0,128099173553719;0,05509641873278237;0,004132231404958678;0,004132231404958678;0,0027548209366391185;0,0013774104683195593;0,0013774104683195593;0,2024793388429752;0,015151515151515152;0,005509641873278237;0,0013774104683195593;0,0013774104683195593;0,0027548209366391185;0,005509641873278237;0,0027548209366391185;0,5661157024793388
EC080257;FEMENINO;283,0;220,0;27,0;36,0;0,09540636042402827;0,127208480565371;0,007067137809187279;0,0;0,0;0,0;0,0;0,1872791519434629;0,0636042402826855;0,0;0,0;0,0;0,0;0,0035335689045936395;0,0;0,5159010600706714
EC080258;FEMENINO;648,0;495,0;88,0;64,0;0,13580246913580246;0,09876543209876543;0,009259259259259259;0,004629629629629629;0,006172839506172839;0,0015432098765432098;0,0015432098765432098;0,29475308641975306;0,024691358024691357;0,0015432098765432098;0,009259259259259259;0,0015432098765432098;0,006172839506172839;0,007716049382716049;0,0030864197530864196;0,39197530864197533
EC080259;FEMENINO;847,0;736,0;71,0;38,0;0,08382526564344746;0,0448642266824085;0,011806375442739079;0,0;0,004722550177095631;0,0011806375442739079;0,0011806375442739079;0,23140495867768596;0,015348288075560802;0,0011806375442739079;0,0011806375442739079;0,0;0,0011806375442739079;0,004722550177095631;0,03305785123966942;0,5619834710743802
EC080260;FEMENINO;504,0;409,0;39,0;56,0;0,07738095238095238;0,1111111111111111;0,005952380952380952;0,0;0,0;0,001984126984126984;0,0;0,06349206349206349;0,021825396825396824;0,0;0,0;0,0;0,0;0,001984126984126984;0,001984126984126984;0,7142857142857143
EC080261;FEMENINO;1898,0;1404,0;292,0;203,0;0,15384615384615385;0,10695468914646997;0,016332982086406742;0,004214963119072708;0,005268703898840885;0,0026343519494204425;0,004741833508956797;0,20126448893572182;0,025816649104320338;0,0026343519494204425;0,002107481559536354;0,001053740779768177;0,007903055848261328;0,010010537407797681;0,1596417281348788;0,29610115911485774
EC080262;FEMENINO;524,0;431,0;41,0;52,0;0,07824427480916031;0,09923664122137404;0,0019083969465648854;0,0;0,003816793893129771;0,0;0,0019083969465648854;0,13358778625954199;0,02099236641221374;0,0019083969465648854;0,0019083969465648854;0,0;0,0019083969465648854;0,003816793893129771;0,0019083969465648854;0,648854961832061
EC080263;FEMENINO;638,0;540,0;48,0;50,0;0,07523510971786834;0,07836990595611286;0,001567398119122257;0,0;0,007836990595611285;0,006269592476489028;0,0;0,2445141065830721;0,029780564263322883;0,001567398119122257;0,0;0,001567398119122257;0,001567398119122257;0,001567398119122257;0,07523510971786834;0,47492163009404387
EC080264;FEMENINO;359,0;300,0;35,0;24,0;0,09749303621169916;0,06685236768802229;0,002785515320334262;0,0;0,002785515320334262;0,002785515320334262;0,0;0,14484679665738162;0,027855153203342618;0,005571030640668524;0,002785515320334262;0,002785515320334262;0,002785515320334262;0,002785515320334262;0,002785515320334262;0,6350974930362117
EC080265;FEMENINO;524,0;453,0;41,0;28,0;0,07824427480916031;0,05343511450381679;0,009541984732824428;0,0;0,0;0,0;0,0;0,17748091603053434;0,01717557251908397;0,0;0,0;0,0;0,003816793893129771;0,0019083969465648854;0,003816793893129771;0,6507633587786259
EC080350;FEMENINO;3802,0;3371,0;267,0;167,0;0,07022619673855865;0,04392425039452919;0,01209889531825355;0,0013150973172014729;0,0013150973172014729;0,0015781167806417674;0,0010520778537611783;0,24066280904786955;0,013413992635455023;0,0007890583903208837;0,0021041557075223566;0,0015781167806417674;0,0028932140978432403;0,001841136244082062;0,006838506049447659;0,599158337716991
EC080351;FEMENINO;486,0;422,0;42,0;21,0;0,08641975308641975;0,043209876543209874;0,00411522633744856;0,0;0,0;0,0;0,0;0,17078189300411523;0,012345679012345678;0,00411522633744856;0,00205761316872428;0,0;0,00411522633744856;0,00205761316872428;0,0;0,668724279835391
EC080352;FEMENINO;645,0;558,0;55,0;30,0;0,08527131782945736;0,046511627906976744;0,0031007751937984496;0,0015503875968992248;0,0015503875968992248;0,0015503875968992248;0,0;0,10232558139534884;0,015503875968992248;0,0;0,0015503875968992248;0,0;0,0015503875968992248;0,0;0,0;0,7364341085271318
EC080353;FEMENINO;500,0;405,0;69,0;26,0;0,138;0,052;0,012;0,002;0,0;0,004;0,0;0,152;0,032;0,002;0,0;0,0;0,006;0,004;0,01;0,586
EC080354;FEMENINO;343,0;312,0;12,0;19,0;0,03498542274052478;0,05539358600583091;0,0058309037900874635;0,0058309037900874635;0,0;0,0029154518950437317;0,0;0,21574344023323616;0,023323615160349854;0,0029154518950437317;0,0029154518950437317;0,0029154518950437317;0,008746355685131196;0,0;0,0058309037900874635;0,6326530612244898
EC080355;FEMENINO;424,0;376,0;19,0;29,0;0,04481132075471698;0,06839622641509434;0,01179245283018868;0,0;0,0;0,0;0,0023584905660377358;0,125;0,025943396226415096;0,0;0,0023584905660377358;0,0;0,0;0,0;0,0;0,7193396226415094
EC080356;FEMENINO;889,0;785,0;54,0;49,0;0,06074240719910011;0,05511811023622047;0,003374578177727784;0,0022497187851518562;0,0022497187851518562;0,0011248593925759281;0,0011248593925759281;0,1687289088863892;0,020247469066366704;0,003374578177727784;0,0011248593925759281;0,0011248593925759281;0,0;0,003374578177727784;0,006749156355455568;0,6681664791901012
EC080357;FEMENINO;1906,0;1634,0;162,0;111,0;0,08499475341028331;0,05823714585519412;0,008919202518363064;0,0;0,00472193074501574;0,0005246589716684155;0,001049317943336831;0,1458551941238195;0,017838405036726127;0,002098635886673662;0,002098635886673662;0,0015739769150052466;0,0031479538300104933;0,0015739769150052466;0,03882476390346275;0,6290661070304302
EC080358;FEMENINO;1686,0;1503,0;106,0;77,0;0,06287069988137604;0,045670225385527875;0,00771055753262159;0,0011862396204033216;0,0005931198102016608;0,0005931198102016608;0,0017793594306049821;0,14412811387900357;0,017793594306049824;0,0017793594306049821;0,0011862396204033216;0,0005931198102016608;0,0017793594306049821;0,004151838671411625;0,012455516014234875;0,6957295373665481
EC080450;FEMENINO;23554,0;20460,0;2187,0;898,0;0,09285047125753587;0,03812515920862698;0,014477371147151226;0,0008491126772522714;0,0029294387365203364;0,0016133140867793155;0,0013585802836036341;0,4138999745266197;0,016090685233930542;0,0014434915513288613;0,002037870425405451;0,0014010359174662478;0,0018255922560923834;0,004542752823299652;0,007090090855056466;0,39908295830856755
EC080451;FEMENINO;1683,0;1323,0;242,0;118,0;0,1437908496732026;0,07011289364230541;0,011883541295306001;0,0005941770647653001;0,0029708853238265003;0,0023767082590612004;0,0005941770647653001;0,33273915626856804;0,0344622697563874;0,0023767082590612004;0,0017825311942959;0,0017825311942959;0,0053475935828877;0,008318478906714201;0,006535947712418301;0,37433155080213903
EC080452;FEMENINO;693,0;574,0;64,0;54,0;0,09235209235209235;0,07792207792207792;0,002886002886002886;0,002886002886002886;0,0;0,001443001443001443;0,001443001443001443;0,3059163059163059;0,020202020202020204;0,001443001443001443;0,0;0,0;0,002886002886002886;0,012987012987012988;0,007215007215007215;0,468975468975469
EC080453;FEMENINO;5462,0;4607,0;543,0;311,0;0,09941413401684365;0,05693885023800806;0,009703405346027096;0,001281581838154522;0,0031124130355181254;0,001281581838154522;0,001281581838154522;0,2370926400585866;0,024166971805199562;0,0029293299157817647;0,0014646649578908824;0,0020139143170999634;0,0020139143170999634;0,006590992310508971;0,027462467960454047;0,5230684730867814
EC080454;FEMENINO;2982,0;2504,0;292,0;185,0;0,09792085848423876;0,06203890006706908;0,009389671361502348;0,0026827632461435278;0,001676727028839705;0,001676727028839705;0,001006036217303823;0,3873239436619718;0,022803487592219986;0,0030181086519114686;0,004024144869215292;0,0013413816230717639;0,0030181086519114686;0,004024144869215292;0,0053655264922870555;0,39235412474849096
EC080455;FEMENINO;8281,0;7111,0;826,0;338,0;0,09974640743871513;0,04081632653061224;0,014611761864509118;0,0007245501750996257;0,00253592561284869;0,0009660669001328342;0,0008453085376162299;0,32640985388238136;0,016785412389807994;0,0007245501750996257;0,0027774423378818984;0,0009660669001328342;0,0032604757879483156;0,0045888177756309625;0,008090810288612487;0,47542567322787105
EC080550;FEMENINO;9020,0;7535,0;932,0;545,0;0,1033259423503326;0,06042128603104213;0,011862527716186252;0,0014412416851441242;0,0014412416851441242;0,0014412416851441242;0,0021064301552106432;0,2361419068736142;0,013082039911308204;0,0012195121951219512;0,0022172949002217295;0,0011086474501108647;0,0024390243902439024;0,006208425720620843;0,004988913525498891;0,5496674057649668
EC080551;FEMENINO;584,0;474,0;68,0;43,0;0,11643835616438356;0,07363013698630137;0,008561643835616438;0,0;0,0017123287671232876;0,0017123287671232876;0,003424657534246575;0,16267123287671234;0,011986301369863013;0,003424657534246575;0,0017123287671232876;0,0;0,005136986301369863;0,015410958904109588;0,0136986301369863;0,5821917808219178
EC080552;FEMENINO;642,0;517,0;51,0;74,0;0,0794392523364486;0,11526479750778816;0,001557632398753894;0,003115264797507788;0,003115264797507788;0,0;0,001557632398753894;0,11059190031152648;0,020249221183800622;0,001557632398753894;0,0;0,003115264797507788;0,001557632398753894;0,006230529595015576;0,003115264797507788;0,6495327102803738
EC080553;FEMENINO;261,0;228,0;24,0;9,0;0,09195402298850575;0,034482758620689655;0,022988505747126436;0,0;0,0038314176245210726;0,0;0,0;0,26436781609195403;0,03065134099616858;0,0;0,0038314176245210726;0,0;0,0;0,011494252873563218;0,0038314176245210726;0,5325670498084292
EC080554;FEMENINO;485,0;429,0;25,0;31,0;0,05154639175257732;0,06391752577319587;0,01443298969072165;0,0;0,002061855670103093;0,0;0,0;0,19381443298969073;0,0;0,0;0,0;0,0;0,0;0,0;0,0;0,6742268041237114
EC080555;FEMENINO;95,0;82,0;2,0;11,0;0,021052631578947368;0,11578947368421053;0,010526315789473684;0,0;0,0;0,010526315789473684;0,0;0,29473684210526313;0,031578947368421054;0,0;0,010526315789473684;0,0;0,0;0,010526315789473684;0,0;0,49473684210526314
EC080556;FEMENINO;569,0;478,0;49,0;42,0;0,08611599297012303;0,07381370826010544;0,005272407732864675;0,0;0,0035149384885764497;0,0017574692442882249;0,0017574692442882249;0,22495606326889278;0,022847100175746926;0,0;0,005272407732864675;0,0;0,0017574692442882249;0,0;0,008787346221441126;0,5641476274165202
EC080557;FEMENINO;406,0;304,0;55,0;47,0;0,1354679802955665;0,11576354679802955;0,0024630541871921183;0,0024630541871921183;0,0024630541871921183;0,0;0,007389162561576354;0,06896551724137931;0,03201970443349754;0,0024630541871921183;0,0;0,0024630541871921183;0,0024630541871921183;0,012315270935960592;0,09113300492610837;0,5221674876847291
EC080558;FEMENINO;312,0;283,0;15,0;14,0;0,04807692307692308;0,04487179487179487;0,016025641025641024;0,0;0,0;0,003205128205128205;0,003205128205128205;0,20512820512820512;0,019230769230769232;0,003205128205128205;0,0;0,0;0,0;0,0;0,00641025641025641;0,6506410256410257
EC080559;FEMENINO;679,0;556,0;72,0;51,0;0,10603829160530191;0,07511045655375552;0,014727540500736377;0,0014727540500736377;0,0;0,0014727540500736377;0,0;0,12665684830633284;0,017673048600883652;0,0014727540500736377;0,0014727540500736377;0,0029455081001472753;0,0029455081001472753;0,007363770250368188;0,008836524300441826;0,6318114874815906
EC080560;FEMENINO;543,0;456,0;32,0;55,0;0,058931860036832415;0,10128913443830571;0,001841620626151013;0,001841620626151013;0,001841620626151013;0,0;0,003683241252302026;0,2578268876611418;0,02578268876611418;0,001841620626151013;0,0;0,001841620626151013;0,001841620626151013;0,001841620626151013;0,0055248618784530384;0,5340699815837937
EC080561;FEMENINO;895,0;774,0;68,0;53,0;0,07597765363128492;0,05921787709497207;0,0033519553072625698;0,0011173184357541898;0,0033519553072625698;0,0011173184357541898;0,004469273743016759;0,18547486033519553;0,021229050279329607;0,0011173184357541898;0,0067039106145251395;0,0033519553072625698;0,0011173184357541898;0,008938547486033519;0,02011173184357542;0,6033519553072626
EC080650;FEMENINO;6753,0;5998,0;528,0;225,0;0,07818747223456242;0,03331852509995557;0,015844809714201095;0,000444247001332741;0,0023693173404412855;0,0016289056715533836;0,0010365763364430624;0,30904783059381014;0,012142751369761588;0,0014808233377758032;0,0023693173404412855;0,0019250703391085443;0,0026654820079964462;0,0029616466755516065;0,00429438767954983;0,52998667258996
EC080651;FEMENINO;1066,0;892,0;127,0;48,0;0,11913696060037524;0,0450281425891182;0,005628517823639775;0,0009380863039399625;0,001876172607879925;0,0;0,004690431519699813;0,27298311444652906;0,019699812382739212;0,00375234521575985;0,00375234521575985;0,0009380863039399625;0,005628517823639775;0,006566604127579738;0,001876172607879925;0,5084427767354597
EC080652;FEMENINO;1444,0;1244,0;150,0;48,0;0,1038781163434903;0,0332409972299169;0,009695290858725761;0,0;0,002077562326869806;0,0;0,002077562326869806;0,23753462603878117;0,011772853185595568;0,0006925207756232687;0,002077562326869806;0,0006925207756232687;0,002077562326869806;0,006232686980609419;0,004155124653739612;0,582409972299169
EC080653;FEMENINO;3071,0;2663,0;286,0;122,0;0,09312927385216542;0,03972647346141322;0,011396939107782481;0,0009768804949527841;0,0026050146532074245;0,0022793878215564964;0,0016281341582546401;0,2240312601758385;0,01660696841419733;0,0009768804949527841;0,0016281341582546401;0,0013025073266037122;0,0026050146532074245;0,00488440247476392;0,007489417127971344;0,5887333116248779
EC080654;FEMENINO;4005,0;3526,0;334,0;144,0;0,08339575530586767;0,035955056179775284;0,015730337078651686;0,00024968789013732833;0,0019975031210986267;0,000749063670411985;0,000749063670411985;0,25842696629213485;0,017977528089887642;0,00149812734082397;0,0019975031210986267;0,0009987515605493133;0,0024968789013732834;0,003995006242197253;0,0022471910112359553;0,5712858926342073
EC080750;FEMENINO;2449,0;2067,0;221,0;161,0;0,0902409146590445;0,0657411188240098;0,006941608819926501;0,0008166598611678236;0,0004083299305839118;0,0004083299305839118;0,0;0,26868109432421394;0,024091465904450795;0,0;0,0016333197223356473;0,002041649652919559;0,005308289097590854;0,006533278889342589;0,002449979583503471;0,5247039608003267
EC080751;FEMENINO;1257,0;987,0;156,0;114,0;0,12410501193317422;0,09069212410501193;0,005568814638027049;0,0007955449482895784;0,010342084327764518;0,0;0,002386634844868735;0,18456642800318218;0,02386634844868735;0,0007955449482895784;0,0007955449482895784;0,002386634844868735;0,0015910898965791568;0,003977724741447892;0,00477326968973747;0,543357199681782
EC080752;FEMENINO;1289,0;1027,0;163,0;100,0;0,1264546159813809;0,07757951900698215;0,01008533747090768;0,0031031807602792862;0,0031031807602792862;0,0062063615205585725;0,003878975950349108;0,2994569433669511;0,037238169123351435;0,0015515903801396431;0,0023273855702094647;0,0007757951900698216;0,0031031807602792862;0,005430566330488751;0,009309542280837859;0,41117145073700545
EC080753;FEMENINO;1685,0;1458,0;133,0;94,0;0,07893175074183977;0,055786350148367955;0,007121661721068249;0,002373887240356083;0,004154302670623145;0,0005934718100890207;0,0011869436201780415;0,17507418397626112;0,014243323442136498;0,002373887240356083;0,0005934718100890207;0,0011869436201780415;0,002373887240356083;0,004747774480712166;0,005341246290801187;0,6439169139465876
EC080754;FEMENINO;1701,0;1358,0;224,0;117,0;0,13168724279835392;0,06878306878306878;0,012933568489124045;0,0;0,0029394473838918285;0,004703115814226925;0,001763668430335097;0,16696061140505586;0,025279247501469725;0,001763668430335097;0,003527336860670194;0,001763668430335097;0,0011757789535567313;0,01352145796590241;0,004703115814226925;0,5573192239858906
EC080755;FEMENINO;2057,0;1737,0;225,0;94,0;0,10938259601361205;0,045697617890131256;0,009722897423432183;0,0004861448711716091;0,0004861448711716091;0,0004861448711716091;0,0009722897423432182;0,17403986387943607;0,015556635877491492;0,0004861448711716091;0,0004861448711716091;0,0009722897423432182;0,0004861448711716091;0,002916869227029655;0,0014584346135148275;0,6358774914924648
EC090150;FEMENINO;145301,0;269085,0;9298,0;1414,0;0,06399130081692486;0,009731522838796705;0,05311043970791667;0,0010942801494827979;0,014748694090198966;0,0024363218422447197;0,0018238002491379962;0,9881280927178753;0,02768735246144211;0,0027597883015257983;0,005540223398324857;0,0024363218422447197;0,004067418668832286;0,0135855912898053;0,012188491476314685;0,7223074858397396
EC090152;FEMENINO;4133,0;3693,0;265,0;175,0;0,06411807403822889;0,04234212436486814;0,016936849745947252;0,0014517299782240503;0,006532784902008227;0,0012097749818533753;0,0016936849745947254;0,32034841519477375;0,032421969513670455;0,0031454149528187757;0,0029034599564481006;0,0031454149528187757;0,0012097749818533753;0,015243164771352529;0,006048874909266876;0,48124848778127266
EC090153;FEMENINO;1537,0;1342,0;119,0;76,0;0,07742355237475602;0,0494469746258946;0,011711125569290826;0,0006506180871828237;0,01236174365647365;0,0;0,0013012361743656475;0,3734547820429408;0,043591411841249185;0,003903708523096942;0,0013012361743656475;0,0013012361743656475;0,002602472348731295;0,0032530904359141183;0,0071567989590110605;0,41054001301236176
EC090156;FEMENINO;9736,0;8681,0;748,0;304,0;0,07682826622843057;0,031224322103533278;0,01119556285949055;0,0009244042728019721;0,007497945768282662;0,0015406737880032868;0,0013352506162695153;0,21651602300739523;0,024445357436318815;0,0024650780608052587;0,001437962202136401;0,001027115858668858;0,0017460969597370584;0,00462202136400986;0,006881676253081347;0,6100041084634347
EC090157;FEMENINO;3884,0;3151,0;329,0;404,0;0,08470648815653965;0,10401647785787847;0,008496395468589083;0,001544799176107106;0,004634397528321318;0,0005149330587023687;0,0012873326467559218;0,15911431513903193;0,04943357363542739;0,003089598352214212;0,002317198764160659;0,0020597322348094747;0,001544799176107106;0,0033470648815653965;0,004376930998970134;0,5695159629248198
EC090158;FEMENINO;4170,0;3707,0;337,0;125,0;0,08081534772182254;0,02997601918465228;0,010551558752997603;0,002158273381294964;0,003357314148681055;0,0007194244604316547;0,0014388489208633094;0,23645083932853717;0,014388489208633094;0,002398081534772182;0,001199040767386091;0,0019184652278177458;0,00047961630695443646;0,005035971223021582;0,007194244604316547;0,6016786570743405
EC090250;FEMENINO;9382,0;8113,0;851,0;415,0;0,09070560648049457;0,044233638882967385;0,012470688552547432;0,0006395224898742272;0,009486250266467704;0,001598806224685568;0,0008526966531656363;0,287145597953528;0,014495843103815818;0,0010658708164570454;0,002131741632914091;0,0009592837348113409;0,0017053933063312726;0,0030910253677254316;0,003410786612662545;0,5256874866766148
EC090350;FEMENINO;7352,0;6563,0;540,0;249,0;0,07344940152339499;0,033868335146898805;0,01999455930359086;0,0012241566920565832;0,0073449401523395;0,0014961915125136017;0,0002720348204570185;0,1999455930359086;0,01088139281828074;0,0009521218715995648;0,002856365614798694;0,002584330794341676;0,0013601741022850925;0,009657236126224157;0,011425462459194777;0,6226877040261154
EC090450;FEMENINO;20832,0;18101,0;1740,0;984,0;0,08352534562211981;0,04723502304147465;0,01809715821812596;0,001488095238095238;0,004368279569892473;0,0011040706605222733;0,001152073732718894;0,26406490015360984;0,020017281105990783;0,0026401689708141322;0,007008448540706605;0,0022081413210445467;0,0021601382488479265;0,006960445468509984;0,0038402457757296467;0,5337941628264209
EC090550;FEMENINO;7571,0;6465,0;643,0;456,0;0,08492933562277111;0,060229824329679035;0,014132875445779949;0,0005283317923656056;0,003037907806102232;0,0014529124290054154;0,0010566635847312112;0,19323735305772025;0,01228371417250033;0,0022454101175538236;0,0014529124290054154;0,004094571390833444;0,0018491612732796196;0,006868313300752873;0,0036983225465592393;0,6079778100647206
EC090551;FEMENINO;1318,0;1159,0;74,0;82,0;0,05614567526555387;0,0622154779969651;0,012139605462822459;0,002276176024279211;0,0015174506828528073;0,0015174506828528073;0,0037936267071320183;0,17678300455235205;0,015933232169954476;0,0030349013657056147;0,0015174506828528073;0,006069802731411229;0,0015174506828528073;0,007587253414264037;0,002276176024279211;0,6433990895295902
EC090650;FEMENINO;32041,0;27506,0;3255,0;1273,0;0,10158858961954995;0,03973034549483474;0,01479354576948285;0,0009675103773290471;0,006866202677819044;0,001123560438188571;0,0013108205112199994;0,337473861614806;0,027870540869510938;0,0064292625074123776;0,0017789706937985706;0,0018101807059704754;0,0015605006085952374;0,008270653225554758;0,0037452014606285697;0,4444617833400955
EC090652;FEMENINO;2127,0;1714,0;287,0;126,0;0,13493182886694877;0,05923836389280677;0,013634226610249177;0,0;0,006582040432534086;0,0023507287259050304;0,0014104372355430183;0,2529384109073813;0,029619181946403384;0,004701457451810061;0,0014104372355430183;0,0014104372355430183;0,0028208744710860366;0,006582040432534086;0,0023507287259050304;0,4800188058298072
EC090653;FEMENINO;3249,0;2631,0;456,0;159,0;0,14035087719298245;0,048938134810710986;0,013542628501077255;0,0012311480455524776;0,0043090181594336715;0,002770083102493075;0,0009233610341643582;0,324715297014466;0,032933210218528776;0,0012311480455524776;0,002770083102493075;0,0018467220683287165;0,0018467220683287165;0,009233610341643583;0,0049245921822099106;0,4075100030778701
EC090654;FEMENINO;1791,0;1529,0;152,0;109,0;0,08486878838637632;0,060859854829704074;0,012283640424343942;0,0016750418760469012;0,006141820212171971;0,0016750418760469012;0,0;0,2702400893355667;0,02121719709659408;0,002233389168062535;0,0027917364600781687;0,0011166945840312675;0,0027917364600781687;0,018425460636515914;0,0027917364600781687;0,5103294249022893
EC090656;FEMENINO;2620,0;2202,0;246,0;172,0;0,09389312977099237;0,06564885496183206;0,020610687022900764;0,0015267175572519084;0,007633587786259542;0,0019083969465648854;0,0011450381679389313;0,27977099236641223;0,030916030534351144;0,0022900763358778627;0,003435114503816794;0,0019083969465648854;0,0011450381679389313;0,003816793893129771;0,003816793893129771;0,4805343511450382
EC090750;FEMENINO;58207,0;53241,0;4101,0;827,0;0,07045544350335871;0,014207913137595134;0,02343360764169258;0,0007559228271513736;0,010359578744824505;0,0014946655900493068;0,0007731028914048139;0,3921693267132819;0,012592987097771745;0,001786726682357792;0,0029721511158451734;0,001219784561994262;0,001958527324892195;0,006579964609067638;0,009620835981926572;0,44896661913515556
EC090850;FEMENINO;25632,0;22229,0;2290,0;1104,0;0,08934144818976279;0,04307116104868914;0,010806803995006243;0,0008192883895131087;0,004525593008739076;0,0009753433208489388;0,0009363295880149813;0,2579978152309613;0,011196941323345817;0,001209425717852684;0,0021457553058676655;0,0018726591760299626;0,0013654806491885144;0,003433208489388265;0,002418851435705368;0,5675327715355806
EC090851;FEMENINO;2601,0;2130,0;280,0;191,0;0,10765090349865436;0,07343329488658208;0,010765090349865437;0,0011534025374855825;0,0019223375624759708;0,00038446751249519417;0,00038446751249519417;0,20799692425990005;0,012302960399846213;0,0015378700499807767;0,0011534025374855825;0,002691272587466359;0,0007689350249903883;0,002691272587466359;0,0011534025374855825;0,5740099961553249
EC090852;FEMENINO;2216,0;1930,0;170,0;115,0;0,07671480144404332;0,05189530685920578;0,010379061371841155;0,0004512635379061372;0,0018050541516245488;0,0013537906137184115;0,0013537906137184115;0,13989169675090252;0,01759927797833935;0,00315884476534296;0,0009025270758122744;0,0013537906137184115;0,00315884476534296;0,00315884476534296;0,0018050541516245488;0,6845667870036101
EC090950;FEMENINO;19595,0;17512,0;1512,0;562,0;0,07716254146465935;0,028680785914774177;0,012911457004337842;0,0008165348303138556;0,008828782852768563;0,0011227353916815515;0,0012758356723653994;0,3022709874968104;0,010717019647869355;0,0016330696606277112;0,0027047716254146466;0,0015820362337330952;0,001990303648890023;0,007450880326613932;0,015565195202857872;0,5248277621842307
EC091050;FEMENINO;62266,0;56373,0;4831,0;1041,0;0,07758648379532972;0,01671859441749912;0,021247550830308676;0,0005781646484437734;0,01059968522146918;0,0010117881347766035;0,0008190665852953457;0,3828092377862718;0,007773102495744066;0,0013972312337391193;0,0022323579481579032;0,0015417723958500626;0,0012366299425047378;0,006022548421289307;0,006440111778498699;0,4616484116532297
EC091051;FEMENINO;628,0;564,0;40,0;24,0;0,06369426751592357;0,03821656050955414;0,007961783439490446;0,0;0,0031847133757961785;0,0031847133757961785;0,0;0,16719745222929935;0,01751592356687898;0,0031847133757961785;0,0;0,0031847133757961785;0,0015923566878980893;0,0031847133757961785;0,0;0,6878980891719745
EC091053;FEMENINO;2179,0;1951,0;156,0;72,0;0,0715924736117485;0,03304268012849931;0,014226709499770536;0,0;0,006424965580541533;0,0009178522257916476;0,0009178522257916476;0,3129876089949518;0,008719596145020651;0,0013767783386874712;0,002294630564479119;0,0018357044515832951;0,0009178522257916476;0,005966039467645709;0,006424965580541533;0,5323542909591555
EC091054;FEMENINO;2726,0;2468,0;208,0;51,0;0,07630227439471754;0,018708730741012473;0,012472487160674981;0,0007336757153338225;0,006969919295671314;0,001834189288334556;0,0011005135730007337;0,3661041819515774;0,009904622157006602;0,00293470286133529;0,0022010271460014674;0,0025678650036683784;0,0022010271460014674;0,00293470286133529;0,008437270726338958;0,48495964783565665
EC091150;FEMENINO;18117,0;16310,0;1336,0;460,0;0,07374289341502456;0,025390517193795883;0,019153281448363417;0,0010487387536567865;0,005133300215267428;0,0008831484241320307;0,0007175580946072749;0,2744935695755368;0,0077827454876635204;0,01810454269470663;0,0030910194844621076;0,001269525859689794;0,0015455097422310538;0,004526135673676658;0,012474471490864933;0,5500358779047304
EC091151;FEMENINO;1243,0;1127,0;73,0;41,0;0,058728881737731296;0,03298471440064361;0,013676588897827836;0,0008045052292839903;0,0056315366049879325;0,002413515687851971;0,0;0,19308125502815768;0,010458567980691875;0,0008045052292839903;0,0016090104585679806;0,004022526146419952;0,0;0,004827031375703942;0,012067578439259855;0,6572807723250201
EC091152;FEMENINO;1592,0;1394,0;135,0;61,0;0,08479899497487438;0,038316582914572864;0,016959798994974875;0,000628140703517588;0,00314070351758794;0,0018844221105527637;0,0;0,20854271356783918;0,01193467336683417;0,000628140703517588;0,0018844221105527637;0,0;0,000628140703517588;0,002512562814070352;0,01256281407035176;0,614321608040201
EC091153;FEMENINO;981,0;866,0;72,0;40,0;0,07339449541284404;0,040774719673802244;0,011213047910295617;0,0010193679918450561;0,004077471967380225;0,0010193679918450561;0,0010193679918450561;0,1712538226299694;0,00815494393476045;0,0020387359836901123;0,0030581039755351682;0,0010193679918450561;0,0010193679918450561;0,0020387359836901123;0,00815494393476045;0,6676860346585117
EC091154;FEMENINO;2950,0;2462,0;305,0;180,0;0,10338983050847457;0,061016949152542375;0,011186440677966102;0,001016949152542373;0,0047457627118644066;0,0013559322033898306;0,00033898305084745765;0,188135593220339;0,010847457627118645;0,003389830508474576;0,003728813559322034;0,003728813559322034;0,0006779661016949153;0,005423728813559322;0,004406779661016949;0,5955932203389831
EC091250;FEMENINO;14954,0;13462,0;1089,0;404,0;0,07282332486291293;0,02701618296108065;0,016249832820649995;0,0013374348000534974;0,008292095760331684;0,001604921760064197;0,0009362043600374481;0,26701885783068074;0,008693326200347733;0,0014043065400561722;0,0021398956800855956;0,0019392804600775711;0,001471178280058847;0,004881637020195266;0,01772101110070884;0,5665373813026615
EC091350;FEMENINO;6630,0;5712,0;553,0;356,0;0,08340874811463046;0,053695324283559574;0,011312217194570135;0,0007541478129713424;0,006787330316742082;0,0012066365007541479;0,0015082956259426848;0,2680241327300151;0,011463046757164403;0,0027149321266968325;0,0016591251885369532;0,002564102564102564;0,0015082956259426848;0,004223227752639517;0,0036199095022624436;0,5441930618401206
EC091450;FEMENINO;15571,0;13526,0;1494,0;557,0;0,0959475948879327;0,035771626742020425;0,01868858775929613;0,001541326825508959;0,00526619998715561;0,0018624365808233255;0,0016697707276347056;0,2935585383083938;0,017468370689101533;0,0020551024340119454;0,002825765846766425;0,0023119902382634384;0,0025046560914520582;0,005779975595658596;0,006165307302035836;0,5069680816903217
EC091451;FEMENINO;1294,0;1148,0;95,0;51,0;0,07341576506955177;0,03941267387944358;0,017001545595054096;0,00231839258114374;0,005409582689335394;0,0015455950540958269;0,0030911901081916537;0,2782071097372488;0,020865533230293665;0,0061823802163833074;0,0015455950540958269;0,0007727975270479134;0,00231839258114374;0,005409582689335394;0,0061823802163833074;0,5363214837712519
EC091452;FEMENINO;2039,0;1802,0;161,0;73,0;0,07896027464443355;0,0358018636586562;0,01765571358509073;0,0014713094654242277;0,008827856792545365;0,0014713094654242277;0,0004904364884747426;0,2697400686611084;0,010789602746444336;0,00196174595389897;0,0024521824423737125;0,0024521824423737125;0,0014713094654242277;0,006866110838646395;0,00392349190779794;0,5541932319764591
EC091650;FEMENINO;13794,0;12239,0;1100,0;452,0;0,07974481658692185;0,03276787008844425;0,0137016093953893;0,0005799623024503408;0,009931854429462084;0,0007974481658692185;0,0009424387414818037;0,284688995215311;0,024503407278526897;0,001594896331738437;0,0026098303610265334;0,0010149340292880964;0,0015224010439321444;0,005727127736697115;0,004567203131796433;0,5350877192982456
EC091651;FEMENINO;3537,0;3117,0;292,0;126,0;0,08255583828102912;0,035623409669211195;0,01413627367825841;0,0002827254735651682;0,012439920836867402;0,0005654509471303364;0,0008481764206955047;0,24399208368674016;0,024879841673734804;0,0002827254735651682;0,0019790783149561775;0,0005654509471303364;0,0011309018942606728;0,004523607577042691;0,0036754311563471868;0,5719536330223353
EC091850;FEMENINO;15326,0;13149,0;1400,0;764,0;0,09134803601722563;0,049849928226543126;0,021532037061203185;0,0010439775544825785;0,00952629518465353;0,0012397233459480622;0,001631214928879029;0,2597546652746966;0,01950933054939319;0,002414198094740963;0,0030014354691374136;0,003131932663447736;0,0016964635260341902;0,0056766279524990216;0,005415633563878377;0,5223802688242203
EC091950;FEMENINO;14425,0;12305,0;1449,0;663,0;0,10045060658578857;0,04596187175043327;0,019965337954939343;0,000901213171577123;0,011785095320623917;0,0014558058925476602;0,0010398613518197574;0,28422876949740034;0,016637781629116118;0,0013864818024263432;0,0022876949740034663;0,0023570190641247833;0,0021490467937608317;0,008665511265164644;0,003882149046793761;0,4962911611785095
EC091951;FEMENINO;2771,0;2301,0;271,0;200,0;0,09779862865391556;0,07217610970768676;0,01623962468422952;0,00036088054853843375;0,006856730422230242;0,00036088054853843375;0,001443522194153735;0,27318657524359435;0,015156983038614218;0,0025261638397690365;0,001804402742692169;0,003608805485384338;0,0010826416456153013;0,006495849873691808;0,00288704438830747;0,49837603753157705
EC091952;FEMENINO;1645,0;1404,0;147,0;92,0;0,08936170212765958;0,05592705167173252;0,01276595744680851;0,0;0,00729483282674772;0,00182370820668693;0,0006079027355623101;0,2231003039513678;0,07598784194528875;0,00182370820668693;0,0006079027355623101;0,00303951367781155;0,00182370820668693;0,0024316109422492403;0,00364741641337386;0,5185410334346504
EC091953;FEMENINO;3768,0;3146,0;311,0;309,0;0,08253715498938428;0,08200636942675159;0,014065817409766455;0,0007961783439490446;0,006634819532908705;0,0015923566878980893;0,0015923566878980893;0,23991507430997877;0,01618895966029724;0,0018577494692144374;0,0021231422505307855;0,005573248407643312;0,0010615711252653928;0,009554140127388535;0,0037154989384288748;0,5302547770700637
EC092050;FEMENINO;11540,0;10232,0;940,0;364,0;0,08145580589254767;0,03154246100519931;0,014991334488734836;0,000779896013864818;0,008232235701906412;0,002339688041594454;0,0009532062391681109;0,2959272097053726;0,01048526863084922;0,0012998266897746968;0,0016464471403812824;0,0010398613518197574;0,0022530329289428075;0,0050259965337954935;0,0050259965337954935;0,5366551126516464
EC092053;FEMENINO;3089,0;2724,0;235,0;131,0;0,07607640012949174;0,04240854645516348;0,013596633214632567;0,0009711880867594691;0,007769504694075753;0,0003237293622531564;0,0003237293622531564;0,2217546131434121;0,011006798316607317;0,0029135642602784073;0,005503399158303658;0,0012949174490126255;0,0006474587245063128;0,006474587245063127;0,004855940433797346;0,6044027193266429
EC092055;FEMENINO;3304,0;2915,0;289,0;98,0;0,08746973365617433;0,029661016949152543;0,01059322033898305;0,0009079903147699758;0,006355932203389831;0,0006053268765133172;0,0003026634382566586;0,18674334140435836;0,011501210653753027;0,001513317191283293;0,001513317191283293;0,0009079903147699758;0,002723970944309927;0,0069612590799031475;0,006355932203389831;0,6452784503631961
EC092056;FEMENINO;5212,0;4572,0;506,0;133,0;0,09708365310821182;0,025518035303146586;0,014965464313123561;0,0001918649270913277;0,008825786646201074;0,0011511895625479663;0,0015349194167306216;0,216039907904835;0,009401381427475057;0,0011511895625479663;0,002686108979278588;0,001343054489639294;0,0011511895625479663;0,0072908672294704525;0,00422102839600921;0,6072524942440521
EC092150;FEMENINO;20346,0;18338,0;1409,0;588,0;0,06925194141354565;0,02890002948982601;0,019364985746584094;0,0016710901405681707;0,015580458075297355;0,0018185392706183032;0,0012287427504177725;0,3269438710311609;0,015088960975130246;0,0013761918804679053;0,0052590189717880665;0,0026540843409023885;0,002015138110685147;0,005553917231888332;0,01145188243389364;0,49130050132704217
EC092250;FEMENINO;6348,0;5574,0;568,0;205,0;0,08947700063011972;0,03229363579080025;0,015280403276622558;0,000945179584120983;0,004725897920604915;0,0007876496534341525;0,001575299306868305;0,3823251417769376;0,013547574039067423;0,0007876496534341525;0,0023629489603024575;0,0014177693761814746;0,001575299306868305;0,002835538752362949;0,004568367989918084;0,4453371140516698
EC092251;FEMENINO;2900,0;2583,0;202,0;114,0;0,0696551724137931;0,039310344827586205;0,012758620689655173;0,0017241379310344827;0,008275862068965517;0,0010344827586206897;0,0020689655172413794;0,25;0,014137931034482758;0,004137931034482759;0,002413793103448276;0,001379310344827586;0,002758620689655172;0,005517241379310344;0,004827586206896552;0,579655172413793
EC092350;FEMENINO;4408,0;4055,0;265,0;86,0;0,06011796733212341;0,019509981851179675;0,025408348457350273;0,0;0,0054446460980036296;0,0006805807622504537;0,0013611615245009074;0,2851633393829401;0,010662431941923775;0,0009074410163339383;0,0018148820326678765;0,0013611615245009074;0,001134301270417423;0,007713248638838476;0,009301270417422867;0,5689655172413793
EC092450;FEMENINO;7635,0;6532,0;696,0;403,0;0,09115913555992142;0,05278323510150622;0,012442698100851343;0,00183366077275704;0,010347085789129011;0,003012442698100851;0,0007858546168958742;0,32141453831041256;0,01558611656843484;0,002357563850687623;0,0026195153896529143;0,002357563850687623;0,0015717092337917485;0,012573673870333988;0,004060248853962017;0,46457105435494433
EC092550;FEMENINO;9272,0;8339,0;635,0;291,0;0,06848576358930113;0,03138481449525453;0,015314926660914581;0,0006471095772217428;0,008843830888697153;0,0007549611734253667;0,0007549611734253667;0,3033865401207938;0,019305435720448662;0,0018334771354616048;0,0032355478861087143;0,0022648835202761;0,001725625539257981;0,010353753235547885;0,0060396893874029335;0,524913718723037
EC092750;FEMENINO;5191,0;4705,0;389,0;95,0;0,07493739163937584;0,01830090541321518;0,02253900982469659;0,0009632055480639568;0,010402619919090734;0,0009632055480639568;0,0007705644384511655;0,3556154883452129;0,008090926603737237;0,0011558466576767482;0,002119052205740705;0,0011558466576767482;0,002504334424966288;0,0044307455210942015;0,02658447312656521;0,46908110190714697
EC092850;FEMENINO;5202,0;4570,0;417,0;214,0;0,08016147635524798;0,041138023836985775;0,014225297962322183;0,00038446751249519417;0,014801999231064974;0,0011534025374855825;0,0005767012687427913;0,2035755478662053;0,01384083044982699;0,0019223375624759708;0,0015378700499807767;0,0032679738562091504;0,002306805074971165;0,006343713956170703;0,007304882737408689;0,6072664359861591
EC100150;FEMENINO;1526,0;1413,0;92,0;21,0;0,06028833551769332;0,013761467889908258;0,03211009174311927;0,002621231979030144;0,002621231979030144;0,002621231979030144;0,001965923984272608;0,3859764089121887;0,00327653997378768;0,000655307994757536;0,001310615989515072;0,001965923984272608;0,003931847968545216;0,011140235910878113;0,0799475753604194;0,39580602883355176
EC100151;FEMENINO;2263,0;1963,0;219,0;77,0;0,0967741935483871;0,034025629695095004;0,009721608484312859;0,002209456473707468;0,0017675651789659744;0,0;0,0008837825894829872;0,2054794520547945;0,011489173663278833;0,0017675651789659744;0,002209456473707468;0,0013256738842244808;0,0030932390631904553;0,005302695536897923;0,04904993371630579;0,5731330092797172
EC100152;FEMENINO;1600,0;1413,0;152,0;32,0;0,095;0,02;0,009375;0,0;0,0025;0,000625;0,0;0,145625;0,01125;0,0025;0,0025;0,00125;0,0025;0,00625;0,3;0,39875
EC100153;FEMENINO;990,0;866,0;82,0;41,0;0,08282828282828283;0,04141414141414142;0,026262626262626262;0,00101010101010101;0,00101010101010101;0,00202020202020202;0,00101010101010101;0,198989898989899;0,005050505050505051;0,0030303030303030303;0,0;0,0030303030303030303;0,0030303030303030303;0,00404040404040404;0,04141414141414142;0,5848484848484848
EC100154;FEMENINO;3443,0;3059,0;323,0;59,0;0,0938135347081034;0,017136218414173687;0,02062155097298867;0,0008713331397037467;0,003194888178913738;0,0008713331397037467;0,0011617775196049957;0,1762997386000581;0,008422887017136218;0,0011617775196049957;0,0002904443799012489;0,00261399941911124;0,00261399941911124;0,0023235550392099913;0,26198083067092653;0,406041243101946
EC100155;FEMENINO;1438,0;1206,0;158,0;74,0;0,10987482614742698;0,05146036161335188;0,01043115438108484;0,0027816411682892906;0,0027816411682892906;0,002086230876216968;0,0027816411682892906;0,2329624478442281;0,008344923504867872;0,0027816411682892906;0,0;0,002086230876216968;0,0013908205841446453;0,004867872044506259;0,03337969401947149;0,5319888734353269
EC100156;FEMENINO;794,0;709,0;63,0;22,0;0,07934508816120907;0,027707808564231738;0,012594458438287154;0,0012594458438287153;0,0025188916876574307;0,0;0,0;0,163727959697733;0,006297229219143577;0,0;0,0025188916876574307;0,0012594458438287153;0,006297229219143577;0,0025188916876574307;0,02644836272040302;0,6675062972292192
EC100157;FEMENINO;7100,0;6551,0;459,0;87,0;0,06464788732394366;0,012253521126760564;0,033943661971830984;0,0018309859154929577;0,0023943661971830986;0,0018309859154929577;0,0008450704225352113;0,4135211267605634;0,006478873239436619;0,0012676056338028169;0,001971830985915493;0,0015492957746478873;0,0038028169014084506;0,008169014084507042;0,06577464788732394;0,37929577464788733
EC100250;FEMENINO;8211,0;7617,0;487,0;104,0;0,059310680794056755;0,01266593593959323;0,027889416636219706;0,0007307270734380709;0,003897211058336378;0,001948605529168189;0,0010960906101571063;0,4601144805748386;0,0047497259773474606;0,000608939227865059;0,0008525149190110827;0,001217878455730118;0,003653635367190354;0,007794422116672756;0,06698331506515649;0,34612105711849955
EC100251;FEMENINO;601,0;554,0;37,0;10,0;0,06156405990016639;0,016638935108153077;0,018302828618968387;0,0;0,0;0,0033277870216306157;0,0;0,36772046589018303;0,009983361064891847;0,0;0,0016638935108153079;0,0016638935108153079;0,004991680532445923;0,0;0,03161397670549085;0,4825291181364393
EC100252;FEMENINO;2370,0;2180,0;151,0;42,0;0,06371308016877637;0,017721518987341773;0,035443037974683546;0,0016877637130801688;0,002953586497890295;0,0016877637130801688;0,0016877637130801688;0,3991561181434599;0,004641350210970464;0,0008438818565400844;0,0008438818565400844;0,004219409282700422;0,002531645569620253;0,01139240506329114;0,12362869198312236;0,3291139240506329
EC100253;FEMENINO;1361,0;1200,0;138,0;21,0;0,10139603232916973;0,015429831006612785;0,03747244673034533;0,0014695077149155032;0,00440852314474651;0,0007347538574577516;0,0014695077149155032;0,34827332843497427;0,00881704628949302;0,0029390154298310064;0,0007347538574577516;0,0;0,002204261572373255;0,011756061719324026;0,07641440117560618;0,38501102130786186
EC100254;FEMENINO;4155,0;3817,0;273,0;64,0;0,06570397111913358;0,015403128760529482;0,020938628158844765;0,0019253910950661852;0,0024067388688327317;0,001444043321299639;0,0012033694344163659;0,2512635379061372;0,005776173285198556;0,0009626955475330926;0,0009626955475330926;0,0009626955475330926;0,0024067388688327317;0,008182912154031288;0,21492178098676293;0,40529482551143203
EC100350;FEMENINO;2744,0;2510,0;183,0;52,0;0,06669096209912537;0,018950437317784258;0,015306122448979591;0,0007288629737609329;0,0036443148688046646;0,0014577259475218659;0,0014577259475218659;0,32325072886297374;0,0058309037900874635;0,0014577259475218659;0,002186588921282799;0,0007288629737609329;0,0014577259475218659;0,008381924198250729;0,22120991253644315;0,32762390670553937
EC100351;FEMENINO;711,0;617,0;68,0;25,0;0,09563994374120956;0,035161744022503515;0,015471167369901548;0,0;0,0028129395218002813;0,0014064697609001407;0,0;0,22784810126582278;0,004219409282700422;0,0014064697609001407;0,0;0,0;0,0028129395218002813;0,004219409282700422;0,0759493670886076;0,5316455696202531
EC100352;FEMENINO;3139,0;2794,0;229,0;116,0;0,07295316979929914;0,03695444409047467;0,015610066900286716;0,0;0,002548582351067219;0,000955718381650207;0,000955718381650207;0,20484230646702772;0,01083147499203568;0,000955718381650207;0,0012742911755336094;0,0015928639694170119;0,003822873526600828;0,0031857279388340237;0,05001592863969417;0,5935011150047786
EC100353;FEMENINO;2301,0;1949,0;280,0;73,0;0,12168622338113863;0,03172533681008257;0,015210777922642329;0,003042155584528466;0,001738374619730552;0,0021729682746631897;0,003042155584528466;0,10951760104302477;0,007388092133854845;0,001738374619730552;0,003476749239461104;0,003042155584528466;0,002607561929595828;0,00651890482398957;0,19513255106475447;0,4923946110386788
EC100354;FEMENINO;585,0;519,0;46,0;19,0;0,07863247863247863;0,03247863247863248;0,011965811965811967;0,0017094017094017094;0,0;0,0;0,0;0,28888888888888886;0,005128205128205128;0,0;0,0;0,0;0,005128205128205128;0,010256410256410256;0,08717948717948718;0,47692307692307695
EC100355;FEMENINO;217,0;186,0;16,0;13,0;0,07373271889400922;0,059907834101382486;0,004608294930875576;0,0;0,0;0,0;0,0;0,3271889400921659;0,009216589861751152;0,0;0,004608294930875576;0,0;0,004608294930875576;0,009216589861751152;0,1382488479262673;0,35944700460829493
EC100356;FEMENINO;3070,0;2775,0;237,0;61,0;0,0771986970684039;0,01986970684039088;0,014006514657980456;0,0003257328990228013;0,004560260586319218;0,0029315960912052116;0,0013029315960912053;0,32247557003257327;0,005863192182410423;0,0016286644951140066;0,001954397394136808;0,000977198697068404;0,002280130293159609;0,004885993485342019;0,16840390879478828;0,3723127035830619
EC100357;FEMENINO;742,0;654,0;54,0;34,0;0,07277628032345014;0,04582210242587601;0,013477088948787063;0,0013477088948787063;0,0;0,0026954177897574125;0,004043126684636119;0,18733153638814015;0,008086253369272238;0,0026954177897574125;0,0013477088948787063;0,0013477088948787063;0,0026954177897574125;0,006738544474393531;0,14824797843665768;0,5013477088948787
EC100358;FEMENINO;216,0;207,0;4,0;5,0;0,018518518518518517;0,023148148148148147;0,018518518518518517;0,0;0,0;0,0;0,009259259259259259;0,25925925925925924;0,0;0,0;0,0;0,0;0,0;0,0;0,041666666666666664;0,6296296296296297
EC100450;FEMENINO;8297,0;7666,0;518,0;110,0;0,062432204411232976;0,013257804025551405;0,023622996263709773;0,001446305893696517;0,0033747137519585394;0,0004821019645655056;0,002410509822827528;0,30095215138001685;0,005062070627937809;0,0009642039291310112;0,0015668313848378932;0,0019284078582620225;0,0027720862962516573;0,006387851030492949;0,2074243702543088;0,36555381463179465
EC100451;FEMENINO;2630,0;2380,0;192,0;58,0;0,07300380228136882;0,022053231939163497;0,00988593155893536;0,0007604562737642585;0,0019011406844106464;0,00038022813688212925;0,001520912547528517;0,09923954372623574;0,00532319391634981;0,0011406844106463879;0,00038022813688212925;0,0034220532319391636;0,0019011406844106464;0,011787072243346007;0,30456273764258557;0,46273764258555133
EC100452;FEMENINO;2929,0;2601,0;259,0;69,0;0,08842608398770911;0,023557528166609765;0,009900990099009901;0,001707067258449983;0,0003414134516899966;0,002389894161829976;0,003414134516899966;0,14305223625810856;0,010925230454079891;0,0010242403550699897;0,0006828269033799932;0,0030727210652099694;0,003414134516899966;0,007169682485489928;0,27517924206213723;0,42574257425742573
EC100453;FEMENINO;2629,0;2410,0;175,0;44,0;0,06656523392925066;0,016736401673640166;0,02130087485736021;0,0003803727653100038;0,0015214910612400153;0,0011411182959300114;0,0;0,16546215290985167;0,0030429821224800305;0,0011411182959300114;0,0007607455306200076;0,0015214910612400153;0,003423354887790034;0,0041841004184100415;0,2719665271966527;0,44085203499429443
EC100454;FEMENINO;155,0;140,0;11,0;4,0;0,07096774193548387;0,025806451612903226;0,025806451612903226;0,0;0,0;0,0;0,0;0,3096774193548387;0,0;0,0;0,0;0,0;0,0;0,0;0,14193548387096774;0,4258064516129032
EC100455;FEMENINO;3428,0;3015,0;337,0;76,0;0,09830805134189032;0,022170361726954493;0,008459743290548424;0,00029171528588098014;0,001750291715285881;0,002042007001166861;0,002042007001166861;0,15227537922987164;0,010501750291715286;0,0011668611435239206;0,0008751458576429405;0,0026254375729288216;0,0029171528588098016;0,005542590431738623;0,33109684947491247;0,3579346557759627
EC100456;FEMENINO;3226,0;2909,0;229,0;87,0;0,07098574085554867;0,026968381897086176;0,010539367637941723;0,0021698698078115313;0,0021698698078115313;0,002789832610043397;0,0009299442033477991;0,12833230006199628;0,008059516429014259;0,0006199628022318661;0,0012399256044637321;0,0034097954122752636;0,0015499070055796653;0,007439553626782393;0,37135771853688776;0,36112833230006197
EC100457;FEMENINO;4468,0;4055,0;333,0;76,0;0,07452999104744852;0,017009847806624886;0,017009847806624886;0,00022381378692927484;0,0033572068039391225;0,0011190689346463742;0,0024619516562220233;0,2804386750223814;0,006490599820948971;0,0004476275738585497;0,0006714413607878246;0,0013428827215756492;0,0026857654431512983;0,00693822739480752;0,19091316025067145;0,39346463742166515
EC100458;FEMENINO;2196,0;1861,0;233,0;100,0;0,10610200364298725;0,04553734061930783;0,010018214936247723;0,0009107468123861566;0,0009107468123861566;0,0031876138433515485;0,004553734061930784;0,07969034608378871;0,016848816029143898;0,001366120218579235;0,0018214936247723133;0,00273224043715847;0,0036429872495446266;0,010018214936247723;0,26366120218579236;0,44808743169398907
EC100459;FEMENINO;621,0;564,0;30,0;27,0;0,04830917874396135;0,043478260869565216;0,01288244766505636;0,0;0,0;0,001610305958132045;0,0;0,3285024154589372;0,00322061191626409;0,0;0,0;0,0;0,001610305958132045;0,008051529790660225;0,04508856682769726;0,5072463768115942
EC100550;FEMENINO;4349,0;3882,0;356,0;108,0;0,08185789836744078;0,024833295010347207;0,020234536675097725;0,0004598758335249483;0,0027592550011496897;0,0006898137502874224;0,0016095654173373189;0,30811680846171535;0,005978385835824327;0,002069441250862267;0,0009197516670498966;0,0011496895838123706;0,004138882501724534;0,004598758335249482;0,07564957461485398;0,4642446539434353
EC100551;FEMENINO;440,0;399,0;32,0;10,0;0,07272727272727272;0,022727272727272728;0,006818181818181818;0,0022727272727272726;0,0;0,0022727272727272726;0,0022727272727272726;0,18636363636363637;0,011363636363636364;0,0022727272727272726;0,0;0,0022727272727272726;0,011363636363636364;0,013636363636363636;0,09772727272727273;0,5681818181818182
EC100552;FEMENINO;647,0;553,0;66,0;28,0;0,10200927357032458;0,04327666151468315;0,013910355486862442;0,0;0,0030911901081916537;0,0030911901081916537;0,0015455950540958269;0,14528593508500773;0,0061823802163833074;0,0;0,0015455950540958269;0,0;0,00463678516228748;0,00463678516228748;0,18701700154559506;0,48377125193199383
EC100553;FEMENINO;367,0;348,0;14,0;7,0;0,03814713896457766;0,01907356948228883;0,03814713896457766;0,0;0,005449591280653951;0,005449591280653951;0,0027247956403269754;0,16621253405994552;0,005449591280653951;0,0;0,0;0,0;0,008174386920980926;0,008174386920980926;0,07629427792915532;0,6321525885558583
EC100650;FEMENINO;2898,0;2643,0;193,0;62,0;0,0665976535541753;0,02139406487232574;0,022774327122153208;0,0013802622498274672;0,0024154589371980675;0,0013802622498274672;0,0003450655624568668;0,28709454796411316;0,003450655624568668;0,002070393374741201;0,0;0,0006901311249137336;0,0027605244996549345;0,004485852311939268;0,054865424430641824;0,528295376121463
EC100651;FEMENINO;744,0;639,0;85,0;20,0;0,11424731182795698;0,026881720430107527;0,021505376344086023;0,0013440860215053765;0,0;0,004032258064516129;0,005376344086021506;0,30376344086021506;0,005376344086021506;0,0013440860215053765;0,0013440860215053765;0,0;0,0013440860215053765;0,008064516129032258;0,11021505376344086;0,3951612903225806
EC100652;FEMENINO;729,0;612,0;69,0;48,0;0,09465020576131687;0,06584362139917696;0,019204389574759947;0,0;0,0054869684499314125;0,0027434842249657062;0,0027434842249657062;0,29492455418381347;0,012345679012345678;0,0013717421124828531;0,0013717421124828531;0,0;0,0027434842249657062;0,009602194787379973;0,2139917695473251;0,2729766803840878
EC100653;FEMENINO;855,0;746,0;81,0;28,0;0,09473684210526316;0,03274853801169591;0,017543859649122806;0,0;0,0035087719298245615;0,0;0,0011695906432748538;0,24561403508771928;0,007017543859649123;0,0011695906432748538;0,0011695906432748538;0,0023391812865497076;0,007017543859649123;0,0035087719298245615;0,03742690058479532;0,5450292397660819
EC100654;FEMENINO;1170,0;1016,0;124,0;30,0;0,10598290598290598;0,02564102564102564;0,011965811965811967;0,0008547008547008547;0,008547008547008548;0,005128205128205128;0,002564102564102564;0,23846153846153847;0,005128205128205128;0,0017094017094017094;0,0;0,0;0,003418803418803419;0,004273504273504274;0,05213675213675214;0,5341880341880342
EC100655;FEMENINO;634,0;548,0;66,0;19,0;0,10410094637223975;0,02996845425867508;0,025236593059936908;0,0;0,0031545741324921135;0,0;0,00473186119873817;0,2334384858044164;0,0031545741324921135;0,0;0,0;0,0;0,0031545741324921135;0,00473186119873817;0,06624605678233439;0,5205047318611987
EC110150;FEMENINO;12800,0;12247,0;469,0;80,0;0,036640625;0,00625;0,048671875;0,000390625;0,003046875;0,00359375;0,002109375;0,65265625;0,0040625;0,00078125;0,000546875;0,000859375;0,002265625;0,009765625;0,01046875;0,217578125
EC110151;FEMENINO;486,0;438,0;31,0;16,0;0,06378600823045268;0,03292181069958848;0,03909465020576132;0,00823045267489712;0,00411522633744856;0,00823045267489712;0,00411522633744856;0,48148148148148145;0,01646090534979424;0,0;0,00205761316872428;0,0;0,00411522633744856;0,00205761316872428;0,08436213991769548;0,24691358024691357
EC110152;FEMENINO;894,0;794,0;65,0;35,0;0,07270693512304251;0,039149888143176735;0,03467561521252797;0,0022371364653243847;0,006711409395973154;0,0;0,003355704697986577;0,6017897091722595;0,011185682326621925;0,0;0,003355704697986577;0,0022371364653243847;0,003355704697986577;0,003355704697986577;0,07606263982102908;0,13982102908277405
EC110153;FEMENINO;533,0;497,0;24,0;11,0;0,0450281425891182;0,020637898686679174;0,058161350844277676;0,0;0,0;0,0;0,0;0,3883677298311445;0,00375234521575985;0,0;0,00375234521575985;0,0;0,001876172607879925;0,005628517823639775;0,028142589118198873;0,4427767354596623
EC110154;FEMENINO;746,0;620,0;75,0;51,0;0,10053619302949061;0,06836461126005362;0,021447721179624665;0,002680965147453083;0,002680965147453083;0,0;0,0013404825737265416;0,3096514745308311;0,012064343163538873;0,0013404825737265416;0,0013404825737265416;0,004021447721179625;0,004021447721179625;0,00938337801608579;0,09517426273458444;0,36595174262734587
EC110155;FEMENINO;480,0;444,0;22,0;14,0;0,04583333333333333;0,029166666666666667;0,03333333333333333;0,0;0,0;0,0020833333333333333;0,0;0,68125;0,00625;0,0;0,0020833333333333333;0,004166666666666667;0,008333333333333333;0,0020833333333333333;0,04375;0,14166666666666666
EC110156;FEMENINO;2824,0;2568,0;192,0;62,0;0,0679886685552408;0,021954674220963172;0,043909348441926344;0,000708215297450425;0,000708215297450425;0,002124645892351275;0,002124645892351275;0,5428470254957507;0,006373937677053824;0,002124645892351275;0,0017705382436260624;0,0010623229461756375;0,002124645892351275;0,007082152974504249;0,015580736543909348;0,28080736543909346
EC110157;FEMENINO;1669,0;1502,0;129,0;35,0;0,07729179149191133;0,020970641102456562;0,014379868184541641;0,0011983223487118035;0,0017974835230677051;0,0017974835230677051;0,002396644697423607;0,25823846614739365;0,0035949670461354103;0,0;0,0005991611743559018;0,002396644697423607;0,0017974835230677051;0,008987417615338526;0,4895146794487717;0,11324146195326543
EC110158;FEMENINO;447,0;417,0;21,0;9,0;0,04697986577181208;0,020134228187919462;0,042505592841163314;0,0;0,0;0,006711409395973154;0,0;0,5973154362416108;0,011185682326621925;0,0022371364653243847;0,0022371364653243847;0,0044742729306487695;0,0;0,020134228187919462;0,006711409395973154;0,23937360178970918
EC110159;FEMENINO;514,0;468,0;36,0;9,0;0,07003891050583658;0,017509727626459144;0,048638132295719845;0,0;0,0019455252918287938;0,0;0,0019455252918287938;0,5369649805447471;0,0019455252918287938;0,0;0,0;0,0019455252918287938;0,0;0,0038910505836575876;0,054474708171206226;0,2587548638132296
EC110160;FEMENINO;1161,0;1069,0;61,0;31,0;0,05254091300602928;0,026701119724375538;0,03617571059431524;0,0034453057708871662;0,006029285099052541;0,002583979328165375;0,0;0,48406546080964685;0,009474590869939707;0,004306632213608958;0,0008613264427217916;0,002583979328165375;0,0008613264427217916;0,004306632213608958;0,03359173126614987;0,3324720068906115
EC110161;FEMENINO;1888,0;1734,0;115,0;38,0;0,06091101694915254;0,020127118644067795;0,034957627118644065;0,0005296610169491525;0,0005296610169491525;0,0005296610169491525;0,00211864406779661;0,4941737288135593;0,004766949152542373;0,0005296610169491525;0,00211864406779661;0,001059322033898305;0,00423728813559322;0,0031779661016949155;0,023305084745762712;0,3463983050847458
EC110162;FEMENINO;459,0;428,0;18,0;13,0;0,0392156862745098;0,02832244008714597;0,037037037037037035;0,0;0,0;0,0;0,002178649237472767;0,6688453159041394;0,006535947712418301;0,0;0,004357298474945534;0,0;0,002178649237472767;0,004357298474945534;0,002178649237472767;0,2047930283224401
EC110163;FEMENINO;500,0;476,0;13,0;11,0;0,026;0,022;0,024;0,0;0,0;0,0;0,002;0,616;0,004;0,0;0,0;0,0;0,002;0,006;0,006;0,292
EC110250;FEMENINO;5601,0;5288,0;239,0;74,0;0,042670951615782896;0,013211926441706838;0,04409926798785931;0,001249776825566863;0,002499553651133726;0,002499553651133726;0,0010712372790573112;0,5890019639350116;0,0048205677557579;0,0008926977325477593;0,0003570790930191037;0,0019639350116050706;0,0021424745581146223;0,011426530976611319;0,03606498839492948;0,24602749509016247
EC110251;FEMENINO;552,0;479,0;42,0;31,0;0,07608695652173914;0,05615942028985507;0,025362318840579712;0,005434782608695652;0,0018115942028985507;0,0036231884057971015;0,0;0,266304347826087;0,007246376811594203;0,012681159420289856;0,0036231884057971015;0,005434782608695652;0,012681159420289856;0,009057971014492754;0,11956521739130435;0,39492753623188404
EC110252;FEMENINO;692,0;652,0;27,0;13,0;0,03901734104046243;0,01878612716763006;0,02167630057803468;0,0;0,001445086705202312;0,0;0,001445086705202312;0,3439306358381503;0,005780346820809248;0,001445086705202312;0,0;0,005780346820809248;0,0;0,004335260115606936;0,02745664739884393;0,5289017341040463
EC110253;FEMENINO;305,0;267,0;25,0;12,0;0,08196721311475409;0,03934426229508197;0,04262295081967213;0,0;0,0;0,0;0,003278688524590164;0,4131147540983607;0,013114754098360656;0,0;0,003278688524590164;0,003278688524590164;0,0;0,0;0,03278688524590164;0,3639344262295082
EC110254;FEMENINO;310,0;276,0;22,0;12,0;0,07096774193548387;0,03870967741935484;0,025806451612903226;0,0032258064516129032;0,00967741935483871;0,0;0,0064516129032258064;0,27741935483870966;0,01935483870967742;0,0032258064516129032;0,0032258064516129032;0,0064516129032258064;0,0;0,00967741935483871;0,07741935483870968;0,4483870967741935
EC110350;FEMENINO;9244,0;8714,0;403,0;124,0;0,04359584595413241;0,013414106447425357;0,037213327563825185;0,0008654262224145391;0,0014063176114236262;0,0014063176114236262;0,0012981393336218088;0,5075724794461273;0,0048680225010817825;0,0018390307226308956;0,0010817827780181739;0,0014063176114236262;0,0017308524448290783;0,006490696668109044;0,013954997836434445;0,3615318044136737
EC110351;FEMENINO;1071,0;983,0;56,0;31,0;0,05228758169934641;0,028944911297852476;0,032679738562091505;0,0018674136321195146;0,0009337068160597573;0,0;0,0;0,4780578898225957;0,003734827264239029;0,0018674136321195146;0,0009337068160597573;0,0009337068160597573;0,0018674136321195146;0,0028011204481792717;0,017740429505135387;0,37441643323996265
EC110352;FEMENINO;140,0;129,0;9,0;2,0;0,06428571428571428;0,014285714285714285;0,03571428571428571;0,0;0,0;0,0;0,0;0,5142857142857142;0,007142857142857143;0,0;0,0;0,0;0,0;0,007142857142857143;0,007142857142857143;0,35
EC110353;FEMENINO;638,0;604,0;21,0;12,0;0,032915360501567396;0,018808777429467086;0,034482758620689655;0,0;0,004702194357366771;0,006269592476489028;0,0;0,554858934169279;0,007836990595611285;0,0;0,003134796238244514;0,007836990595611285;0,001567398119122257;0,004702194357366771;0,009404388714733543;0,31191222570532917
EC110354;FEMENINO;174,0;161,0;10,0;3,0;0,05747126436781609;0,017241379310344827;0,05172413793103448;0,0;0,0;0,0;0,0;0,4885057471264368;0,005747126436781609;0,005747126436781609;0,0;0,0;0,0;0,011494252873563218;0,005747126436781609;0,3563218390804598
EC110450;FEMENINO;2508,0;2353,0;103,0;51,0;0,041068580542264754;0,02033492822966507;0,0342902711323764;0,0011961722488038277;0,0023923444976076554;0,0007974481658692185;0,0007974481658692185;0,5287081339712919;0,00518341307814992;0,001594896331738437;0,0007974481658692185;0,0027910685805422647;0,0011961722488038277;0,003987240829346092;0,0043859649122807015;0,35007974481658694
EC110451;FEMENINO;374,0;340,0;14,0;20,0;0,0374331550802139;0,053475935828877004;0,01871657754010695;0,00267379679144385;0,0;0,0;0,0;0,31283422459893045;0,0;0,0;0,00267379679144385;0,0;0,0053475935828877;0,00267379679144385;0,0053475935828877;0,5588235294117647
EC110455;FEMENINO;921,0;828,0;64,0;29,0;0,06948968512486428;0,031487513572204126;0,031487513572204126;0,0;0,0010857763300760044;0,0;0,002171552660152009;0,33984799131378934;0,004343105320304018;0,002171552660152009;0,004343105320304018;0,0010857763300760044;0,0010857763300760044;0,002171552660152009;0,004343105320304018;0,504885993485342
EC110456;FEMENINO;779,0;715,0;41,0;23,0;0,05263157894736842;0,029525032092426188;0,019255455712451863;0,0012836970474967907;0,0012836970474967907;0,0;0,0;0,35301668806161746;0,012836970474967908;0,0012836970474967907;0,0;0,0038510911424903724;0,006418485237483954;0,0025673940949935813;0,006418485237483954;0,5096277278562259
EC110457;FEMENINO;201,0;186,0;6,0;9,0;0,029850746268656716;0,04477611940298507;0,029850746268656716;0,0;0,004975124378109453;0,0;0,0;0,3333333333333333;0,0;0,0;0,0;0,004975124378109453;0,0;0,0;0,009950248756218905;0,5422885572139303
EC110550;FEMENINO;1463,0;1372,0;60,0;31,0;0,04101161995898838;0,021189336978810664;0,023923444976076555;0,0;0,002050580997949419;0,001367053998632946;0,002050580997949419;0,49829118250170884;0,010252904989747095;0,004101161995898838;0,000683526999316473;0,001367053998632946;0,006151742993848257;0,003417634996582365;0,0177717019822283;0,3663704716336295
EC110551;FEMENINO;431,0;392,0;27,0;12,0;0,06264501160092807;0,027842227378190254;0,02320185614849188;0,002320185614849188;0,0069605568445475635;0,002320185614849188;0,0;0,38979118329466356;0,016241299303944315;0,0;0,0;0,0;0,0;0,004640371229698376;0,0069605568445475635;0,45707656612529
EC110552;FEMENINO;214,0;191,0;15,0;8,0;0,07009345794392523;0,037383177570093455;0,018691588785046728;0,0;0,0;0,0;0,0;0,5;0,004672897196261682;0,0;0,004672897196261682;0,0;0,004672897196261682;0,009345794392523364;0,009345794392523364;0,3411214953271028
EC110553;FEMENINO;404,0;364,0;23,0;17,0;0,05693069306930693;0,04207920792079208;0,04207920792079208;0,0;0,0049504950495049506;0,0024752475247524753;0,0;0,27722772277227725;0,007425742574257425;0,0024752475247524753;0,0;0,0;0,0024752475247524753;0,0049504950495049506;0,022277227722772276;0,5346534653465347
EC110554;FEMENINO;203,0;192,0;8,0;3,0;0,03940886699507389;0,014778325123152709;0,059113300492610835;0,0;0,0049261083743842365;0,0;0,0;0,4876847290640394;0,014778325123152709;0,0;0,0;0,014778325123152709;0,0;0,0049261083743842365;0,034482758620689655;0,3251231527093596
EC110650;FEMENINO;1545,0;1435,0;76,0;33,0;0,04919093851132686;0,021359223300970873;0,05242718446601942;0,0006472491909385113;0,0025889967637540453;0,0012944983818770227;0,0006472491909385113;0,341747572815534;0,005177993527508091;0,003236245954692557;0,0025889967637540453;0,0006472491909385113;0,0006472491909385113;0,006472491909385114;0,02459546925566343;0,486084142394822
EC110651;FEMENINO;581,0;537,0;31,0;13,0;0,05335628227194492;0,022375215146299483;0,01721170395869191;0,0017211703958691911;0,0;0,0017211703958691911;0,0;0,25989672977624784;0,0034423407917383822;0,0017211703958691911;0,0017211703958691911;0,0068846815834767644;0,0051635111876075735;0,0;0,020654044750430294;0,6041308089500861
EC110652;FEMENINO;624,0;555,0;41,0;28,0;0,06570512820512821;0,04487179487179487;0,049679487179487176;0,0016025641025641025;0,004807692307692308;0,004807692307692308;0,0;0,2980769230769231;0,004807692307692308;0,003205128205128205;0,0016025641025641025;0,004807692307692308;0,004807692307692308;0,00641025641025641;0,03205128205128205;0,47275641025641024
EC110653;FEMENINO;569,0;524,0;30,0;15,0;0,05272407732864675;0,026362038664323375;0,022847100175746926;0,0;0,0017574692442882249;0,0017574692442882249;0,0035149384885764497;0,1757469244288225;0,0;0,0;0,0017574692442882249;0,0017574692442882249;0,0017574692442882249;0,0;0,03163444639718805;0,6783831282952548
EC110654;FEMENINO;622,0;563,0;24,0;35,0;0,03858520900321544;0,05627009646302251;0,012861736334405145;0,0;0,001607717041800643;0,001607717041800643;0,0;0,4453376205787781;0,001607717041800643;0,001607717041800643;0,001607717041800643;0,001607717041800643;0,001607717041800643;0,001607717041800643;0,02090032154340836;0,41318327974276525
EC110655;FEMENINO;545,0;504,0;25,0;16,0;0,045871559633027525;0,029357798165137616;0,01834862385321101;0,0;0,001834862385321101;0,0;0,0;0,1743119266055046;0,047706422018348627;0,001834862385321101;0,0;0,0;0,001834862385321101;0,0;0,01834862385321101;0,6605504587155964
EC110656;FEMENINO;288,0;261,0;21,0;6,0;0,07291666666666667;0,020833333333333332;0,027777777777777776;0,0;0,010416666666666666;0,003472222222222222;0,006944444444444444;0,2743055555555556;0,013888888888888888;0,0;0,0;0,006944444444444444;0,003472222222222222;0,003472222222222222;0,024305555555555556;0,53125
EC110750;FEMENINO;1275,0;1213,0;45,0;14,0;0,03529411764705882;0,010980392156862745;0,06431372549019608;0,000784313725490196;0,003137254901960784;0,004705882352941176;0,0;0,5913725490196079;0,004705882352941176;0,001568627450980392;0,003137254901960784;0,002352941176470588;0,000784313725490196;0,007058823529411765;0,009411764705882352;0,2580392156862745
EC110751;FEMENINO;809,0;756,0;19,0;34,0;0,023485784919653894;0,042027194066749075;0,0630407911001236;0,0012360939431396785;0,0012360939431396785;0,0;0,0012360939431396785;0,4721878862793572;0,007416563658838072;0,003708281829419036;0,002472187886279357;0,0012360939431396785;0,002472187886279357;0,004944375772558714;0,021013597033374538;0,3522867737948084
EC110753;FEMENINO;1319,0;1212,0;72,0;34,0;0,05458680818802123;0,02577710386656558;0,04094010614101592;0,00530705079605762;0,000758150113722517;0,002274450341167551;0,002274450341167551;0,3866565579984837;0,011372251705837756;0,002274450341167551;0,002274450341167551;0,001516300227445034;0,002274450341167551;0,0075815011372251705;0,024260803639120546;0,4291129643669447
EC110754;FEMENINO;350,0;325,0;13,0;12,0;0,037142857142857144;0,03428571428571429;0,04;0,0;0,002857142857142857;0,0;0,0;0,6314285714285715;0,005714285714285714;0,002857142857142857;0,002857142857142857;0,005714285714285714;0,002857142857142857;0,008571428571428572;0,008571428571428572;0,21714285714285714
EC110756;FEMENINO;604,0;550,0;37,0;17,0;0,061258278145695365;0,028145695364238412;0,05132450331125828;0,0033112582781456954;0,0033112582781456954;0,0016556291390728477;0,004966887417218543;0,5082781456953642;0,006622516556291391;0,0033112582781456954;0,0016556291390728477;0,0016556291390728477;0,0;0,004966887417218543;0,008278145695364239;0,31125827814569534
EC110850;FEMENINO;4701,0;4419,0;190,0;89,0;0,040416932567538824;0,01893214209742608;0,023824718145075516;0,00042544139544777704;0,002339927674962774;0,0010636034886194426;0,004041693256753882;0,5169112954690491;0,0029780897681344395;0,0008508827908955541;0,0010636034886194426;0,0019144862795149968;0,002339927674962774;0,004041693256753882;0,00723250372261221;0,3709848968304616
EC110851;FEMENINO;278,0;260,0;10,0;8,0;0,03597122302158273;0,02877697841726619;0,04316546762589928;0,0;0,0;0,0035971223021582736;0,0035971223021582736;0,35611510791366907;0,007194244604316547;0,0;0,0;0,007194244604316547;0,007194244604316547;0,014388489208633094;0,014388489208633094;0,4784172661870504
EC110852;FEMENINO;348,0;324,0;9,0;15,0;0,02586206896551724;0,04310344827586207;0,020114942528735632;0,0028735632183908046;0,011494252873563218;0,0028735632183908046;0,0028735632183908046;0,6522988505747126;0,0028735632183908046;0,0;0,005747126436781609;0,0028735632183908046;0,0028735632183908046;0,008620689655172414;0,020114942528735632;0,19540229885057472
EC110853;FEMENINO;229,0;211,0;11,0;7,0;0,048034934497816595;0,03056768558951965;0,026200873362445413;0,004366812227074236;0,0;0,0;0,004366812227074236;0,519650655021834;0,0;0,0;0,0;0,004366812227074236;0,0;0,0;0,0;0,3624454148471616
EC110950;FEMENINO;4519,0;4178,0;262,0;79,0;0,05797742863465368;0,01748174374861695;0,05886258021686214;0,0011064394777605664;0,0033193184332816995;0,0017703031644169065;0,0013277273733126797;0,5065279929187874;0,004425757911042266;0,0013277273733126797;0,0013277273733126797;0,003098030537729586;0,0017703031644169065;0,005753485284354946;0,014162425315335252;0,3197610090728037
EC110951;FEMENINO;356,0;307,0;34,0;15,0;0,09550561797752809;0,042134831460674156;0,0702247191011236;0,0;0,0056179775280898875;0,0028089887640449437;0,0;0,398876404494382;0,011235955056179775;0,0056179775280898875;0,0;0,0056179775280898875;0,0056179775280898875;0,0056179775280898875;0,025280898876404494;0,3258426966292135
EC110952;FEMENINO;526,0;494,0;20,0;12,0;0,03802281368821293;0,022813688212927757;0,022813688212927757;0,0;0,0019011406844106464;0,0019011406844106464;0,0019011406844106464;0,3973384030418251;0,011406844106463879;0,005703422053231939;0,0;0,005703422053231939;0,0019011406844106464;0,0019011406844106464;0,030418250950570342;0,45627376425855515
EC110954;FEMENINO;532,0;484,0;24,0;22,0;0,045112781954887216;0,041353383458646614;0,05075187969924812;0,0;0,005639097744360902;0,0037593984962406013;0,005639097744360902;0,37593984962406013;0,0037593984962406013;0,0;0,0018796992481203006;0,009398496240601503;0,0;0,0;0,011278195488721804;0,4417293233082707
EC110956;FEMENINO;542,0;505,0;19,0;17,0;0,03505535055350553;0,03136531365313653;0,03690036900369004;0,0;0,0018450184501845018;0,0036900369003690036;0,0;0,2693726937269373;0,0018450184501845018;0,0018450184501845018;0,0036900369003690036;0,0;0,0036900369003690036;0,005535055350553505;0,00922509225092251;0,5940959409594095
EC110957;FEMENINO;273,0;251,0;18,0;4,0;0,06593406593406594;0,014652014652014652;0,05860805860805861;0,0;0,007326007326007326;0,003663003663003663;0,003663003663003663;0,42857142857142855;0,003663003663003663;0,0;0,003663003663003663;0,0;0,0;0,003663003663003663;0,018315018315018316;0,3882783882783883
EC110958;FEMENINO;405,0;363,0;27,0;15,0;0,06666666666666667;0,037037037037037035;0,024691358024691357;0,007407407407407408;0,0024691358024691358;0,0024691358024691358;0,0024691358024691358;0,32098765432098764;0,0024691358024691358;0,0024691358024691358;0,0;0,009876543209876543;0,0;0,0;0,0024691358024691358;0,5185185185185185
EC110959;FEMENINO;355,0;327,0;20,0;8,0;0,056338028169014086;0,022535211267605635;0,04788732394366197;0,0;0,0;0,0028169014084507044;0,008450704225352112;0,4028169014084507;0,0028169014084507044;0,0028169014084507044;0,0;0,0;0,0;0,005633802816901409;0,014084507042253521;0,43380281690140843
EC111050;FEMENINO;3516,0;3244,0;193,0;80,0;0,05489192263936291;0,022753128555176336;0,026450511945392493;0,0002844141069397042;0,0017064846416382253;0,0005688282138794084;0,0005688282138794084;0,3708759954493743;0,004550625711035267;0,0019908987485779293;0,0008532423208191126;0,0005688282138794084;0,0017064846416382253;0,002844141069397042;0,008532423208191127;0,5011376564277589
EC111051;FEMENINO;415,0;384,0;19,0;11,0;0,04578313253012048;0,02650602409638554;0,00963855421686747;0,0;0,0024096385542168677;0,0;0,0;0,30120481927710846;0,004819277108433735;0,0024096385542168677;0,0;0,0;0,0024096385542168677;0,007228915662650603;0,014457831325301205;0,5807228915662651
EC111052;FEMENINO;298,0;267,0;13,0;18,0;0,0436241610738255;0,06040268456375839;0,016778523489932886;0,0;0,003355704697986577;0,0;0,0;0,33221476510067116;0,010067114093959731;0,0;0,0;0,013422818791946308;0,010067114093959731;0,0;0,016778523489932886;0,49328859060402686
EC111053;FEMENINO;752,0;686,0;35,0;31,0;0,04654255319148936;0,041223404255319146;0,011968085106382979;0,0;0,0013297872340425532;0,0013297872340425532;0,0013297872340425532;0,15691489361702127;0,003989361702127659;0,0013297872340425532;0,0013297872340425532;0,005319148936170213;0,005319148936170213;0,0026595744680851063;0,007978723404255319;0,711436170212766
EC111054;FEMENINO;503,0;467,0;26,0;9,0;0,05168986083499006;0,017892644135188866;0,03180914512922465;0,0019880715705765406;0,005964214711729622;0,0019880715705765406;0,0;0,3956262425447316;0,0019880715705765406;0,0;0,0019880715705765406;0,0;0,0;0,0019880715705765406;0,009940357852882704;0,47514910536779326
EC111055;FEMENINO;403,0;355,0;24,0;24,0;0,05955334987593052;0,05955334987593052;0,019851116625310174;0,0;0,0024813895781637717;0,0024813895781637717;0,0;0,3920595533498759;0,01488833746898263;0,004962779156327543;0,0;0,0024813895781637717;0,0;0,004962779156327543;0,0024813895781637717;0,43424317617866004
EC111150;FEMENINO;3764,0;3512,0;185,0;66,0;0,049149840595111585;0,01753453772582359;0,02948990435706695;0,0010626992561105207;0,001594048884165781;0,001594048884165781;0,001328374070138151;0,34378320935175344;0,003985122210414453;0,0005313496280552603;0,0007970244420828905;0,001328374070138151;0,0005313496280552603;0,004516471838469713;0,35441020191285866;0,18809776833156217
EC111151;FEMENINO;957,0;758,0;139,0;60,0;0,1452455590386625;0,06269592476489028;0,017763845350052248;0,003134796238244514;0,0020898641588296763;0,0041797283176593526;0,00522466039707419;0,2309299895506792;0,013584117032392894;0,003134796238244514;0,0041797283176593526;0,003134796238244514;0,003134796238244514;0,009404388714733543;0,2727272727272727;0,219435736677116
EC111152;FEMENINO;307,0;267,0;23,0;17,0;0,0749185667752443;0,05537459283387622;0,029315960912052116;0,0;0,0;0,003257328990228013;0,0;0,4006514657980456;0,009771986970684038;0,0;0,0;0,0;0,006514657980456026;0,013029315960912053;0,07166123778501629;0,3355048859934853
EC111153;FEMENINO;485,0;415,0;43,0;27,0;0,088659793814433;0,05567010309278351;0,018556701030927835;0,0;0,002061855670103093;0,004123711340206186;0,002061855670103093;0,32783505154639175;0,018556701030927835;0,002061855670103093;0,0;0,004123711340206186;0,002061855670103093;0,006185567010309278;0,09896907216494845;0,36907216494845363
EC111154;FEMENINO;969,0;884,0;63,0;22,0;0,06501547987616099;0,022703818369453045;0,03611971104231166;0,0020639834881320948;0,005159958720330237;0,0020639834881320948;0,0010319917440660474;0,44169246646026833;0,014447884416924664;0,0030959752321981426;0,0;0,0030959752321981426;0,0030959752321981426;0,005159958720330237;0,048503611971104234;0,34674922600619196
EC111155;FEMENINO;457,0;404,0;32,0;21,0;0,0700218818380744;0,045951859956236324;0,05032822757111598;0,0;0,00437636761487965;0,00437636761487965;0,0;0,4288840262582057;0,002188183807439825;0,002188183807439825;0,002188183807439825;0,0;0,0;0,010940919037199124;0,05908096280087528;0,31947483588621445
EC111156;FEMENINO;1066,0;939,0;88,0;40,0;0,0825515947467167;0,0375234521575985;0,0150093808630394;0,0009380863039399625;0,004690431519699813;0,004690431519699813;0,0028142589118198874;0,3133208255159475;0,006566604127579738;0,0009380863039399625;0,001876172607879925;0,0009380863039399625;0,0009380863039399625;0,005628517823639775;0,3696060037523452;0,1529080675422139
EC111157;FEMENINO;377,0;347,0;21,0;9,0;0,05570291777188329;0,023872679045092837;0,021220159151193633;0,0;0,005305039787798408;0,002652519893899204;0,0;0,40318302387267907;0,005305039787798408;0,002652519893899204;0,0;0,0;0,0;0,005305039787798408;0,03713527851458886;0,4376657824933687
EC111158;FEMENINO;668,0;608,0;35,0;24,0;0,05239520958083832;0,03592814371257485;0,019461077844311378;0,0;0,004491017964071856;0,0;0,0029940119760479044;0,3727544910179641;0,017964071856287425;0,0;0,0;0,0;0,0029940119760479044;0,005988023952095809;0,13023952095808383;0,3532934131736527
EC111159;FEMENINO;1442,0;1269,0;95,0;78,0;0,06588072122052704;0,05409153952843273;0,017337031900138695;0,0020804438280166435;0,0027739251040221915;0,0027739251040221915;0,0027739251040221915;0,2787794729542302;0,009708737864077669;0,0013869625520110957;0,0027739251040221915;0,0027739251040221915;0,004160887656033287;0,0020804438280166435;0,17614424410540916;0,37447988904299584
EC111160;FEMENINO;446,0;384,0;41,0;21,0;0,09192825112107623;0,04708520179372197;0,017937219730941704;0,0;0,0;0,0;0,002242152466367713;0,3004484304932735;0,01569506726457399;0,004484304932735426;0,0;0,004484304932735426;0,002242152466367713;0,008968609865470852;0,09192825112107623;0,4125560538116592
EC111250;FEMENINO;920,0;853,0;35,0;32,0;0,03804347826086957;0,034782608695652174;0,035869565217391305;0,003260869565217391;0,002173913043478261;0,002173913043478261;0,004347826086956522;0,46630434782608693;0,003260869565217391;0,004347826086956522;0,0010869565217391304;0,0;0,002173913043478261;0,006521739130434782;0,020652173913043477;0,375
EC111251;FEMENINO;294,0;280,0;9,0;4,0;0,030612244897959183;0,013605442176870748;0,013605442176870748;0,0;0,0;0,003401360544217687;0,01020408163265306;0,47959183673469385;0,003401360544217687;0,003401360544217687;0,0;0,006802721088435374;0,003401360544217687;0,01020408163265306;0,013605442176870748;0,40476190476190477
EC111252;FEMENINO;850,0;785,0;38,0;26,0;0,04470588235294118;0,03058823529411765;0,03058823529411765;0,002352941176470588;0,004705882352941176;0,002352941176470588;0,0;0,5423529411764706;0,002352941176470588;0,001176470588235294;0,0;0,001176470588235294;0,002352941176470588;0,011764705882352941;0,02;0,3023529411764706
EC111350;FEMENINO;1810,0;1718,0;41,0;50,0;0,022651933701657457;0,027624309392265192;0,022099447513812154;0,0;0,0005524861878453039;0,0005524861878453039;0,0011049723756906078;0,5171270718232044;0,0066298342541436465;0,0011049723756906078;0,0;0,0016574585635359116;0,0016574585635359116;0,0038674033149171273;0,004419889502762431;0,3883977900552486
EC111351;FEMENINO;268,0;258,0;3,0;7,0;0,011194029850746268;0,026119402985074626;0,0;0,0;0,0;0,0;0,0;0,3208955223880597;0,0;0,0;0,0;0,0037313432835820895;0,0;0,0;0,0;0,6380597014925373
EC111352;FEMENINO;524,0;495,0;13,0;16,0;0,02480916030534351;0,030534351145038167;0,022900763358778626;0,0;0,0;0,0;0,0057251908396946565;0,33396946564885494;0,007633587786259542;0,0;0,0;0,003816793893129771;0,0;0,0;0,0057251908396946565;0,5648854961832062
EC111353;FEMENINO;460,0;416,0;15,0;29,0;0,03260869565217391;0,06304347826086956;0,041304347826086954;0,0;0,002173913043478261;0,0;0,004347826086956522;0,40869565217391307;0,02608695652173913;0,002173913043478261;0,004347826086956522;0,006521739130434782;0,002173913043478261;0,0;0,004347826086956522;0,40217391304347827
EC111354;FEMENINO;871,0;807,0;45,0;19,0;0,05166475315729047;0,021814006888633754;0,018369690011481057;0,0;0,002296211251435132;0,0;0,001148105625717566;0,32950631458094143;0,0057405281285878304;0,002296211251435132;0,001148105625717566;0,002296211251435132;0,004592422502870264;0,001148105625717566;0,003444316877152698;0,5545350172215844
EC111355;FEMENINO;283,0;244,0;21,0;19,0;0,07420494699646643;0,06713780918727916;0,0035335689045936395;0,0;0,0;0,0;0,0;0,24381625441696114;0,007067137809187279;0,0;0,0;0,0;0,0;0,0035335689045936395;0,0035335689045936395;0,6007067137809188
EC111356;FEMENINO;152,0;143,0;3,0;6,0;0,019736842105263157;0,039473684210526314;0,013157894736842105;0,0;0,0;0,0;0,0;0,3684210526315789;0,0;0,0;0,0;0,0;0,0;0,0;0,013157894736842105;0,5460526315789473
EC111450;FEMENINO;1764,0;1653,0;79,0;32,0;0,04478458049886622;0,018140589569160998;0,017573696145124718;0,0;0,0011337868480725624;0,0;0,0;0,3792517006802721;0,0045351473922902496;0,0011337868480725624;0,0005668934240362812;0,0022675736961451248;0,0005668934240362812;0,0017006802721088435;0,0011337868480725624;0,5272108843537415
EC111451;FEMENINO;404,0;355,0;20,0;29,0;0,04950495049504951;0,07178217821782178;0,03712871287128713;0,0;0,0024752475247524753;0,0;0,0024752475247524753;0,3316831683168317;0,012376237623762377;0,0049504950495049506;0,0;0,0;0,0;0,0;0,007425742574257425;0,4801980198019802
EC111452;FEMENINO;598,0;547,0;24,0;27,0;0,04013377926421405;0,0451505016722408;0,010033444816053512;0,0016722408026755853;0,0016722408026755853;0,0;0,0016722408026755853;0,26421404682274247;0,005016722408026756;0,0;0,0016722408026755853;0,0016722408026755853;0,0016722408026755853;0,006688963210702341;0,006688963210702341;0,6120401337792643
EC111453;FEMENINO;665,0;591,0;25,0;47,0;0,03759398496240601;0,07067669172932331;0,021052631578947368;0,0;0,0;0,0015037593984962407;0,0015037593984962407;0,2;0,006015037593984963;0,0;0,0;0,004511278195488722;0,0030075187969924814;0,0015037593984962407;0,0030075187969924814;0,6466165413533834
EC111550;FEMENINO;1047,0;990,0;34,0;22,0;0,03247373447946514;0,021012416427889206;0,050620821394460364;0,0019102196752626551;0,0009551098376313276;0,0009551098376313276;0,0009551098376313276;0,5491881566380133;0,004775549188156638;0,0009551098376313276;0,0009551098376313276;0,0028653295128939827;0,0;0,0028653295128939827;0,011461318051575931;0,31709646609360076
EC111551;FEMENINO;159,0;148,0;8,0;3,0;0,050314465408805034;0,018867924528301886;0,031446540880503145;0,0;0,0;0,0;0,0;0,6540880503144654;0,006289308176100629;0,0;0,0;0,006289308176100629;0,0;0,012578616352201259;0,006289308176100629;0,2138364779874214
EC111552;FEMENINO;385,0;359,0;11,0;15,0;0,02857142857142857;0,03896103896103896;0,07012987012987013;0,0;0,0025974025974025974;0,0;0,0;0,35844155844155845;0,015584415584415584;0,0;0,0025974025974025974;0,01038961038961039;0,0025974025974025974;0,01038961038961039;0,01038961038961039;0,44935064935064933
EC111650;FEMENINO;1512,0;1388,0;88,0;35,0;0,0582010582010582;0,023148148148148147;0,037698412698412696;0,0006613756613756613;0,004629629629629629;0,0;0,0006613756613756613;0,5231481481481481;0,00992063492063492;0,0006613756613756613;0,001984126984126984;0,005291005291005291;0,0026455026455026454;0,005952380952380952;0,01984126984126984;0,3048941798941799
EC111651;FEMENINO;255,0;230,0;14,0;11,0;0,054901960784313725;0,043137254901960784;0,03529411764705882;0,0;0,01568627450980392;0,0;0,00392156862745098;0,4823529411764706;0,01568627450980392;0,0;0,0;0,00392156862745098;0,0;0,0;0,0196078431372549;0,3254901960784314
EC120150;FEMENINO;26178,0;23253,0;2366,0;545,0;0,09038123615249447;0,02081900832760333;0,017381006952402783;0,0008404003361601345;0,00530980212392085;0,001757200702880281;0,0005348002139200855;0,4794483917793567;0,017342806937122774;0,0008786003514401405;0,0012606005042402016;0,0006494002597601039;0,0011460004584001834;0,004393001757200703;0,004431201772480709;0,35289174115669647
EC120152;FEMENINO;2142,0;1741,0;267,0;132,0;0,12464985994397759;0,06162464985994398;0,008403361344537815;0,0009337068160597573;0,0014005602240896359;0,0009337068160597573;0,0009337068160597573;0,21101774042950514;0,021942110177404293;0,0009337068160597573;0,0014005602240896359;0,002334267040149393;0,0014005602240896359;0,002334267040149393;0,0032679738562091504;0,5555555555555556
EC120153;FEMENINO;6154,0;5199,0;677,0;280,0;0,11000974975625609;0,04549886252843679;0,014137146571335716;0,0006499837504062399;0,004062398440038999;0,0017874553136171597;0,0009749756256093598;0,2731556711082223;0,022749431264218394;0,0012999675008124798;0,0017874553136171597;0,0016249593760155996;0,0024374390640233994;0,0012999675008124798;0,009912252193695157;0,5089372765680859
EC120154;FEMENINO;5457,0;4572,0;574,0;308,0;0,10518599963349826;0,056441268096023456;0,009345794392523364;0,0005497526113249038;0,0043980208905992305;0,0020157595748579804;0,0003665017408832692;0,18031885651456844;0,02070734835990471;0,003115264797507788;0,0012827560930914422;0,0020157595748579804;0,002748763056624519;0,0034817665383910573;0,005131024372365769;0,602345611141653
EC120155;FEMENINO;4914,0;4242,0;477,0;196,0;0,09706959706959707;0,039886039886039885;0,009971509971509971;0,0010175010175010174;0,0018315018315018315;0,0014245014245014246;0,0006105006105006105;0,3986568986568987;0,018722018722018723;0,002035002035002035;0,0006105006105006105;0,001221001221001221;0,002035002035002035;0,0018315018315018315;0,0018315018315018315;0,42144892144892143
EC120250;FEMENINO;9212,0;7871,0;888,0;455,0;0,09639600521059488;0,04939209726443769;0,013569257490230134;0,0008684324793747286;0,004342162396873643;0,001411202778983934;0,0013026487190620929;0,21341728180633956;0,021927920104211896;0,0021710811984368217;0,0020625271385149805;0,0022796352583586625;0,0021710811984368217;0,0035822839774207554;0,002930959617889709;0,5823925314806774
EC120251;FEMENINO;2865,0;2340,0;324,0;196,0;0,1130890052356021;0,06841186736474694;0,014310645724258289;0,0010471204188481676;0,004886561954624782;0,0006980802792321117;0,0017452006980802793;0,21605584642233858;0,016404886561954626;0,0020942408376963353;0,0020942408376963353;0,0020942408376963353;0,0034904013961605585;0,00593368237347295;0,004886561954624782;0,5410122164048866
EC120252;FEMENINO;3096,0;2470,0;401,0;225,0;0,1295219638242894;0,07267441860465117;0,007751937984496124;0,001937984496124031;0,001937984496124031;0,0022609819121447027;0,0009689922480620155;0,30587855297157623;0,01905684754521964;0,0012919896640826874;0,0;0,0009689922480620155;0,001937984496124031;0,0035529715762273903;0,00516795865633075;0,4450904392764858
EC120350;FEMENINO;9553,0;8623,0;652,0;275,0;0,06825081126347744;0,028786768554380823;0,017795456924526328;0,0004187166335182665;0,003663770543284832;0,0014655082173139328;0,0006280749502773998;0,4867580864649848;0,011305349104993196;0,0012561499005547996;0,0011514707421752329;0,0010467915837956664;0,001988904009211766;0,005862032869255731;0,014341044698000628;0,35496702606511044
EC120351;FEMENINO;557,0;514,0;32,0;11,0;0,05745062836624776;0,019748653500897665;0,012567324955116697;0,003590664272890485;0,0017953321364452424;0,0017953321364452424;0,003590664272890485;0,5583482944344704;0,01436265709156194;0,0;0,0;0,0;0,005385996409335727;0,00718132854578097;0,03590664272890485;0,27827648114901254
EC120450;FEMENINO;5800,0;4953,0;544,0;295,0;0,09379310344827586;0,05086206896551724;0,013275862068965517;0,00017241379310344826;0,002413793103448276;0,001206896551724138;0,0008620689655172414;0,3762068965517241;0,02293103448275862;0,0015517241379310344;0,0015517241379310344;0,002413793103448276;0,0015517241379310344;0,0022413793103448275;0,007758620689655172;0,41982758620689653
EC120451;FEMENINO;2108,0;1772,0;237,0;99,0;0,11242884250474383;0,04696394686907021;0,015654648956356737;0,0009487666034155598;0,0014231499051233396;0,0018975332068311196;0,0014231499051233396;0,25853889943074004;0,021347248576850095;0,0028462998102466793;0,0028462998102466793;0,003320683111954459;0,0009487666034155598;0,0028462998102466793;0,03984819734345351;0,48671726755218214
EC120452;FEMENINO;7491,0;6160,0;897,0;437,0;0,1197436924309171;0,05833667067147243;0,012014417300760914;0,0006674676278200508;0,0033373381391002535;0,00040048057669203043;0,001067948204512081;0,33627019089574156;0,01908957415565345;0,0016019223067681217;0,002803364036844213;0,0032038446135362435;0,001067948204512081;0,0038713122413562943;0,005740221599252436;0,43118408757175275
EC120550;FEMENINO;6627,0;5896,0;562,0;170,0;0,08480458729440168;0,025652633167345708;0,01403349932095971;0,0007544892108042855;0,0025652633167345708;0,0009053870529651426;0,0010562848951259998;0,25697902519993965;0,01252452089935114;0,0010562848951259998;0,0001508978421608571;0,003017956843217142;0,001508978421608571;0,0037724460540214276;0,0051305266334691416;0,5862381167949299
EC120553;FEMENINO;4846,0;4182,0;464,0;200,0;0,09574907139909203;0,041271151465125874;0,012587701196863392;0,0010317787866281469;0,0018572018159306646;0,002269913330581923;0,0018572018159306646;0,26454808089145687;0,01609574907139909;0,003714403631861329;0,0008254230293025176;0,0020635575732562937;0,0024762690879075525;0,002888980602558811;0,004127115146512587;0,5466364011555922
EC120555;FEMENINO;2020,0;1744,0;208,0;66,0;0,10297029702970296;0,032673267326732675;0,011386138613861386;0,0014851485148514852;0,0039603960396039604;0,0009900990099009901;0,0004950495049504951;0,2301980198019802;0,013366336633663366;0,0004950495049504951;0,0;0,0009900990099009901;0,0014851485148514852;0,0024752475247524753;0,006435643564356435;0,5896039603960396
EC120650;FEMENINO;4681,0;4042,0;435,0;204,0;0,09292886135441145;0,043580431531723994;0,012604144413586841;0,000640888698995941;0,005127109591967528;0,0017090365306558428;0,0014954069643238624;0,36701559495834224;0,016022217474898525;0,0008545182653279214;0,0004272591326639607;0,0019226660969878231;0,001281777397991882;0,002563554795983764;0,002990813928647725;0,4488357188634907
EC120651;FEMENINO;7278,0;6234,0;755,0;287,0;0,1037372904644133;0,03943391041494916;0,015251442704039572;0,0008244023083264633;0,0028854080791426216;0,0008244023083264633;0,002061005770816158;0,33841714756801317;0,015526243473481726;0,0016488046166529267;0,0023358065402583126;0,0019236053860950811;0,0016488046166529267;0,003572410002748008;0,006045616927727398;0,4635888980489145
EC120750;FEMENINO;20996,0;18320,0;1971,0;693,0;0,09387502381405982;0,03300628691179272;0,0168127262335683;0,0009525623928367308;0,0028100590588683557;0,0008573061535530577;0,0007620499142693847;0,37611926081158314;0,013431129738997905;0,007382358544484663;0,0028576871785101926;0,004524671365974471;0,0014288435892550963;0,004524671365974471;0,011668889312249952;0,42841493617831966
EC120752;FEMENINO;3068,0;2683,0;296,0;89,0;0,09647979139504563;0,029009126466753587;0,015971316818774447;0,000651890482398957;0,0029335071707953064;0,000651890482398957;0,0016297262059973925;0,279986962190352;0,015319426336375489;0,001303780964797914;0,0029335071707953064;0,001303780964797914;0,001303780964797914;0,003259452411994785;0,01499348109517601;0,5322685788787483
EC120753;FEMENINO;680,0;557,0;69,0;54,0;0,10147058823529412;0,07941176470588235;0,016176470588235296;0,0014705882352941176;0,007352941176470588;0,0;0,0;0,36617647058823527;0,007352941176470588;0,0014705882352941176;0,0029411764705882353;0,0029411764705882353;0,0014705882352941176;0,0014705882352941176;0,013235294117647059;0,39705882352941174
EC120754;FEMENINO;723,0;629,0;64,0;29,0;0,08852005532503458;0,040110650069156296;0,012448132780082987;0,0;0,009681881051175657;0,004149377593360996;0,0027662517289073307;0,30567081604426005;0,024896265560165973;0,0;0,0;0,005532503457814661;0,0;0,005532503457814661;0,024896265560165973;0,47441217150760717
EC120850;FEMENINO;25352,0;21823,0;2389,0;1129,0;0,09423319659198486;0,04453297570211423;0,015620069422530768;0,0007100031555695803;0,004851688229725465;0,001577784790154623;0,001104449353108236;0,33200536446828655;0,015383401704007574;0,001183338592615967;0,0017750078889239508;0,0013805616913852951;0,0018933417481855476;0,005956137582833702;0,0036683496371094984;0,47369043862417165
EC120851;FEMENINO;3237,0;2655,0;354,0;225,0;0,10936051899907322;0,06950880444856349;0,01791782514674081;0,0006178560395427865;0,004942848316342292;0,002162496138399753;0,0015446400988569664;0,24436206363917207;0,0228606734630831;0,002162496138399753;0,00030892801977139327;0,001235712079085573;0,004633920296570899;0,0030892801977139327;0,004633920296570899;0,5097312326227988
EC120950;FEMENINO;7971,0;6696,0;768,0;506,0;0,09634926608957471;0,06348011541839167;0,015556391920712584;0,0008781834148789362;0,0036381884330698782;0,0008781834148789362;0,0012545477355413374;0,18391669803036007;0,01982185422155313;0,0012545477355413374;0,0017563668297578723;0,0015054572826496049;0,0015054572826496049;0,0036381884330698782;0,00501819094216535;0,599422908041651
EC121050;FEMENINO;22486,0;19451,0;2041,0;988,0;0,09076758872187139;0,04393845059147914;0,013563995374899938;0,0012452192475317975;0,0020012452192475316;0,0009339144356488481;0,0007560259717157343;0,25807168905096506;0,010362003024103887;0,0011118028995819621;0,0012452192475317975;0,001200747131548519;0,0017788846393311394;0,0037356577425953926;0,004669572178244241;0,5643511518278039
EC121051;FEMENINO;4829,0;4258,0;361,0;208,0;0,07475667840132533;0,04307310002070822;0,012839097121557258;0,0010354110581901014;0,0016566576931041624;0,001449575481466142;0,0006212466349140609;0,1958997722095672;0,012839097121557258;0,0016566576931041624;0,0012424932698281218;0,0010354110581901014;0,001449575481466142;0,003520397597846345;0,007247877407330711;0,6392627873265686
EC121150;FEMENINO;16062,0;14201,0;1266,0;586,0;0,0788195741501681;0,036483625949445896;0,010272693313410535;0,0012451749470800647;0,002428091146806126;0,0013696924417880712;0,0006848462208940356;0,2589341302452995;0,012202714481384635;0,0012451749470800647;0,0011829161997260614;0,0012451749470800647;0,0011829161997260614;0,0033619723571161747;0,006723944714232349;0,5820570290125763
EC121250;FEMENINO;13616,0;11834,0;1162,0;612,0;0,08534077555816687;0,04494712103407755;0,013954171562867214;0,0021298472385428906;0,005655111633372503;0,0014688601645123384;0,0006609870740305523;0,22223854289071682;0,015643360752056405;0,0016157461809635722;0,001028202115158637;0,0011016451233842538;0,0017626321974148062;0,0031580493537015277;0,006242655699177438;0,5924647473560517
EC121350;FEMENINO;6028,0;5276,0;540,0;210,0;0,08958195089581951;0,03483742534837425;0,013769077637690776;0,0013271400132714001;0,0019907100199071004;0,0009953550099535502;0,0013271400132714001;0,37060384870603846;0,0165892501658925;0,0021566025215660253;0,001161247511612475;0,0013271400132714001;0,002820172528201725;0,003981420039814201;0,017584605175846053;0,43961512939615127
EC130150;FEMENINO;8194,0;7148,0;785,0;255,0;0,0958018061996583;0,03112033195020747;0,021845252623871124;0,000732243104710764;0,00244081034903588;0,00183060776177691;0,001586526726873322;0,21235050036612155;0,008908957773980961;0,002074688796680498;0,000854283622162558;0,00122040517451794;0,002562850866487674;0,004271418110812789;0,004149377593360996;0,6075176958750305
EC130151;FEMENINO;5789,0;5040,0;553,0;197,0;0,09552599758162031;0,034030057004664015;0,021938158576610814;0,0005182242183451373;0,00449127655899119;0,0019001554672655036;0,0008637070305752289;0,2478839177750907;0,008809811711867335;0,0025911210917256866;0,0008637070305752289;0,0008637070305752289;0,002936603903955778;0,005873207807911556;0,003109345310070824;0,5679737433062705
EC130152;FEMENINO;2015,0;1712,0;212,0;89,0;0,10521091811414392;0,044168734491315136;0,01240694789081886;0,0004962779156327543;0,0019851116625310174;0,0004962779156327543;0,0009925558312655087;0,21488833746898264;0,010421836228287842;0,0019851116625310174;0,0004962779156327543;0,0019851116625310174;0,0024813895781637717;0,006947890818858561;0,0004962779156327543;0,5935483870967742
EC130153;FEMENINO;5200,0;4522,0;503,0;172,0;0,09673076923076923;0,03307692307692308;0,018461538461538463;0,000576923076923077;0,0009615384615384616;0,001153846153846154;0,0015384615384615385;0,20076923076923076;0,01173076923076923;0,002307692307692308;0,001153846153846154;0,001153846153846154;0,0015384615384615385;0,003653846153846154;0,005384615384615384;0,6192307692307693
EC130154;FEMENINO;1505,0;1288,0;134,0;82,0;0,08903654485049833;0,05448504983388704;0,013953488372093023;0,000664451827242525;0,003986710963455149;0,0;0,0;0,19800664451827243;0,009302325581395349;0,0026578073089701;0,0026578073089701;0,00132890365448505;0,0026578073089701;0,0019933554817275745;0,0033222591362126247;0,6152823920265781
EC130155;FEMENINO;4804,0;4150,0;471,0;183,0;0,09804329725228976;0,0380932556203164;0,019983347210657785;0,0014571190674437969;0,0035387177352206494;0,0010407993338884263;0,0016652789342214821;0,21482098251457118;0,009367194004995838;0,0012489592006661116;0,0016652789342214821;0,0018734388009991674;0,003746877601998335;0,004995836802664446;0,004163197335553705;0,5942964196502915
EC130156;FEMENINO;3609,0;3062,0;372,0;177,0;0,10307564422277639;0,049044056525353284;0,01662510390689942;0,0005541701302299807;0,0016625103906899418;0,0008312551953449709;0,0008312551953449709;0,19118869492934332;0,00831255195344971;0,0038791909116098642;0,0008312551953449709;0,0011083402604599613;0,0022166805209199226;0,0016625103906899418;0,003047935716264893;0,6156830146855085
EC130157;FEMENINO;1001,0;810,0;102,0;89,0;0,1018981018981019;0,08891108891108891;0,004995004995004995;0,0;0,000999000999000999;0,000999000999000999;0,002997002997002997;0,12187812187812187;0,005994005994005994;0,000999000999000999;0,000999000999000999;0,002997002997002997;0,0;0,000999000999000999;0,002997002997002997;0,6623376623376623
EC130250;FEMENINO;13593,0;12047,0;993,0;544,0;0,07305230633414257;0,04002059883763702;0,0193481939233429;0,0005149709409254763;0,0022070183182520413;0,0010299418818509527;0,0011035091591260207;0,4121974545722063;0,0124328698594865;0,0013977782682262929;0,001544912822776429;0,001544912822776429;0,0019863164864268373;0,0023541528728021777;0,0025748547046273817;0,4260281026999191
EC130350;FEMENINO;7257,0;5952,0;866,0;440,0;0,11933305773735703;0,06063111478572413;0,017775940471269118;0,0012401818933443572;0,0009645859170456111;0,0017913738459418493;0,0015157778696431032;0,2826236736943641;0,01874052638831473;0,0011023839051949843;0,0011023839051949843;0,002066969822240595;0,0024803637866887144;0,0038583436681824445;0,0019291718340912222;0,4829819484635524
EC130351;FEMENINO;1477,0;1164,0;188,0;125,0;0,12728503723764387;0,08463100880162491;0,007447528774542992;0,0013540961408259986;0,0006770480704129993;0,004062288422477996;0,002708192281651997;0,21259309410968177;0,023696682464454975;0,0013540961408259986;0,002708192281651997;0,006093432633716994;0,003385240352064997;0,006093432633716994;0,002708192281651997;0,5132024373730535
EC130352;FEMENINO;4202,0;3406,0;582,0;216,0;0,1385054735840076;0,05140409328891004;0,013802950975725845;0,0007139457401237506;0,002617801047120419;0,0016658733936220848;0,0007139457401237506;0,2908138981437411;0,014992860542598763;0,0011899095668729176;0,0007139457401237506;0,0016658733936220848;0,002141837220371252;0,00404569252736792;0,0016658733936220848;0,4738219895287958
EC130353;FEMENINO;2519,0;1950,0;414,0;155,0;0,16435093290988487;0,06153235410877332;0,009130607383882492;0,0007939658594680428;0,0011909487892020642;0,0011909487892020642;0,001984914648670107;0,22151647479158396;0,019055180627233027;0,0007939658594680428;0,0007939658594680428;0,00277888050813815;0,0031758634378721714;0,0031758634378721714;0,003969829297340214;0,5045653036919412
EC130354;FEMENINO;2198,0;1716,0;241,0;240,0;0,10964513193812557;0,1091901728844404;0,013193812556869881;0,001364877161055505;0,001364877161055505;0,0018198362147406734;0,0022747952684258415;0,20655141037306643;0,017743403093721567;0,0018198362147406734;0,00272975432211101;0,0018198362147406734;0,0022747952684258415;0,005004549590536852;0,004094631483166515;0,5186533212010919
EC130355;FEMENINO;2042,0;1564,0;238,0;241,0;0,11655239960822723;0,11802154750244857;0,013222331047992164;0,0009794319294809011;0,0009794319294809011;0,0019588638589618022;0,0019588638589618022;0,22918707149853085;0,02742409402546523;0,0009794319294809011;0,0004897159647404506;0,0034280117531831538;0,0009794319294809011;0,0014691478942213516;0,0019588638589618022;0,48090107737512244
EC130356;FEMENINO;2741,0;2212,0;349,0;180,0;0,1273257935060197;0,06566946369937979;0,018241517694272163;0,00036483035388544326;0,0007296607077708865;0,0021889821233126595;0,002553812477198103;0,2900401313389274;0,028821597956950017;0,0010944910616563297;0,001459321415541773;0,002918642831083546;0,0018241517694272164;0,003283473184968989;0,0047427946005107625;0,4487413352790952
EC130357;FEMENINO;3234,0;2811,0;264,0;157,0;0,08163265306122448;0,04854669140383426;0,015460729746444033;0,0006184291898577613;0,0018552875695732839;0,0012368583797155227;0,0012368583797155227;0,21273964131106987;0,013914656771799629;0,00030921459492888067;0,0006184291898577613;0,0021645021645021645;0,0024737167594310453;0,0030921459492888066;0,0012368583797155227;0,6122448979591837
EC130450;FEMENINO;30537,0;26771,0;2575,0;1175,0;0,08432393489864755;0,038477912041130435;0,020925434718538166;0,0011461505714379277;0,0021613125061400924;0,0015391164816452173;0,0016373579591970396;0,3762648590234797;0,015194681861348529;0,0018665880734846253;0,002030323869404329;0,0019648295510364478;0,0018665880734846253;0,004715590922487474;0,00494482103677506;0,4404165438648197
EC130451;FEMENINO;1167,0;968,0;143,0;54,0;0,12253641816623821;0,04627249357326478;0,015424164524421594;0,001713796058269066;0,001713796058269066;0,001713796058269066;0,000856898029134533;0,37532133676092544;0,023993144815766924;0,000856898029134533;0,000856898029134533;0,001713796058269066;0,002570694087403599;0,005998286203941731;0,002570694087403599;0,39417309340188517
EC130452;FEMENINO;1708,0;1439,0;176,0;92,0;0,10304449648711944;0,053864168618266976;0,025175644028103045;0,00117096018735363;0,001756440281030445;0,001756440281030445;0,001756440281030445;0,34601873536299765;0,008782201405152224;0,00117096018735363;0,00351288056206089;0,001756440281030445;0,001756440281030445;0,00702576112412178;0,008782201405152224;0,43208430913348944
EC130453;FEMENINO;3915,0;3140,0;431,0;341,0;0,11008939974457216;0,08710089399744572;0,013537675606641124;0,0005108556832694764;0,0017879948914431673;0,0022988505747126436;0,0015325670498084292;0,19565772669220946;0,01864623243933589;0,0030651340996168583;0,0030651340996168583;0,0017879948914431673;0,002554278416347382;0,0030651340996168583;0,005108556832694764;0,5494252873563218
EC130454;FEMENINO;4325,0;3694,0;356,0;275,0;0,0823121387283237;0,06358381502890173;0,016878612716763004;0,0006936416184971098;0,004393063583815029;0,0018497109826589595;0,0006936416184971098;0,2161849710982659;0,019190751445086706;0,003005780346820809;0,0020809248554913293;0,0020809248554913293;0,0020809248554913293;0,004161849710982659;0,005086705202312139;0,5757225433526012
EC130550;FEMENINO;8753,0;7214,0;923,0;615,0;0,10544956015080544;0,07026162458585627;0,01805095395864275;0,0013709585285045128;0,0026276705129669826;0,002056437792756769;0,002970410145093111;0,2746486918770707;0,040557523134925166;0,001599451616588598;0,0023991774248828973;0,0035416428653033244;0,0026276705129669826;0,003198903233177196;0,003313149777219239;0,465211927339198
EC130551;FEMENINO;895,0;670,0;141,0;84,0;0,15754189944134078;0,09385474860335195;0,01675977653631285;0,0011173184357541898;0,0011173184357541898;0,0;0,0033519553072625698;0,2424581005586592;0,024581005586592177;0,0022346368715083797;0,0022346368715083797;0,0011173184357541898;0,0033519553072625698;0,0067039106145251395;0,0;0,4435754189944134
EC130552;FEMENINO;1152,0;934,0;128,0;89,0;0,1111111111111111;0,07725694444444445;0,019097222222222224;0,001736111111111111;0,001736111111111111;0,0;0,0008680555555555555;0,2916666666666667;0,033854166666666664;0,001736111111111111;0,001736111111111111;0,0008680555555555555;0,0008680555555555555;0,0026041666666666665;0,004340277777777778;0,4496527777777778
EC130650;FEMENINO;13876,0;12324,0;1182,0;368,0;0,08518304987027962;0,026520611127125972;0,03459210147016431;0,0007927356586912655;0,005837417123090227;0,0023782069760737963;0,002234073219948112;0,3993225713462093;0,013332372441625828;0,003170942634765062;0,002738541366388008;0,0026664744883251657;0,0025944076102623233;0,008792159123666763;0,006918420294032862;0,4027817814932257
EC130651;FEMENINO;1000,0;772,0;170,0;58,0;0,17;0,058;0,027;0,001;0,002;0,003;0,005;0,209;0,029;0,013;0,002;0,005;0,003;0,009;0,011;0,453
EC130652;FEMENINO;1973,0;1612,0;274,0;89,0;0,1388748099341105;0,0451089711099848;0,02889001520527116;0,0015205271160669033;0,00506842372022301;0,0015205271160669033;0,0030410542321338066;0,20983274201723265;0,027876330461226558;0,00912316269640142;0,0020273694880892043;0,0005068423720223011;0,0015205271160669033;0,00912316269640142;0,008616320324379118;0,508362899138368
EC130654;FEMENINO;632,0;529,0;69,0;34,0;0,10917721518987342;0,05379746835443038;0,012658227848101266;0,0;0,0031645569620253164;0,0015822784810126582;0,006329113924050633;0,2088607594936709;0,015822784810126583;0,007911392405063292;0,004746835443037975;0,0015822784810126582;0,0015822784810126582;0,030063291139240507;0,006329113924050633;0,5363924050632911
EC130656;FEMENINO;438,0;360,0;39,0;39,0;0,08904109589041095;0,08904109589041095;0,0136986301369863;0,0;0,0045662100456621;0,0;0,00228310502283105;0,1917808219178082;0,0182648401826484;0,0;0,00228310502283105;0,0045662100456621;0,00228310502283105;0,0091324200913242;0,01598173515981735;0,5570776255707762
EC130657;FEMENINO;1485,0;1226,0;192,0;67,0;0,1292929292929293;0,04511784511784512;0,024242424242424242;0,0013468013468013469;0,00404040404040404;0,0047138047138047135;0,0026936026936026937;0,2127946127946128;0,019528619528619527;0,0047138047138047135;0,0013468013468013469;0,0026936026936026937;0,006734006734006734;0,01616161616161616;0,011447811447811448;0,5131313131313131
EC130658;FEMENINO;1330,0;1124,0;134,0;72,0;0,10075187969924812;0,05413533834586466;0,015037593984962405;0,0007518796992481203;0,0007518796992481203;0,0015037593984962407;0,0015037593984962407;0,18721804511278195;0,014285714285714285;0,002255639097744361;0,0037593984962406013;0,0007518796992481203;0,002255639097744361;0,004511278195488722;0,002255639097744361;0,6082706766917293
EC130750;FEMENINO;7973,0;6972,0;582,0;414,0;0,07299636272419416;0,051925247711024705;0,017935532421923993;0,0003762699109494544;0,002884735983945817;0,0013796563401479995;0,0010033864291985452;0,31932773109243695;0,011162674024833815;0,0013796563401479995;0,0010033864291985452;0,0011288097328483633;0,0012542330364981814;0,001881349554747272;0,002759312680295999;0,5109745390693591
EC130850;FEMENINO;29486,0;27284,0;1795,0;392,0;0,06087634809740216;0,013294444821271111;0,031642135250627416;0,0004408872007054195;0,006782880010852608;0,001729634402767415;0,0022044360035270976;0,33985620294376995;0,006274164010038662;0,0020687784033100454;0,0021366072034185715;0,0012887472020619954;0,0018652920029844672;0,005765448009224717;0,004374957606999933;0,5188903208302245
EC130851;FEMENINO;1519,0;1349,0;103,0;67,0;0,06780776826859776;0,044107965766951945;0,007241606319947334;0,0;0,0006583278472679394;0,0013166556945358788;0,0026333113890717576;0,10269914417379855;0,01053324555628703;0,0013166556945358788;0,0013166556945358788;0,0;0,0013166556945358788;0,007241606319947334;0,0;0,7518104015799868
EC130852;FEMENINO;1234,0;1135,0;57,0;43,0;0,046191247974068074;0,03484602917341977;0,011345218800648298;0,0008103727714748784;0,0008103727714748784;0,0032414910858995136;0,0024311183144246355;0,1012965964343598;0,014586709886547812;0,0024311183144246355;0,0016207455429497568;0,0024311183144246355;0,0;0,0008103727714748784;0,0024311183144246355;0,7755267423014587
EC130950;FEMENINO;17224,0;15553,0;1214,0;453,0;0,07048304691128658;0,026300510915002323;0,027345564328843473;0,0008708778448676265;0,003773803994426382;0,0019159312587087784;0,0015095215977705527;0,18450998606595448;0,013934045517882025;0,0023223409196470044;0,001741755689735253;0,0020320483046911285;0,002786809103576405;0,012830933581049699;0,00545750116117046;0,6419530887134232
EC130952;FEMENINO;1336,0;1186,0;99,0;51,0;0,07410179640718563;0,03817365269461078;0,021706586826347306;0,002245508982035928;0,0007485029940119761;0,002245508982035928;0,0014970059880239522;0,18413173652694612;0,020209580838323353;0,0014970059880239522;0,002245508982035928;0,0;0,0037425149700598802;0,008982035928143712;0,0037425149700598802;0,6347305389221557
EC131050;FEMENINO;7360,0;6308,0;745,0;304,0;0,10122282608695653;0,041304347826086954;0,023369565217391305;0,001358695652173913;0,0038043478260869567;0,0009510869565217392;0,0012228260869565218;0,3637228260869565;0,016304347826086956;0,0016304347826086956;0,0024456521739130437;0,0023097826086956523;0,0020380434782608695;0,006385869565217392;0,005842391304347826;0,42567934782608696
EC131051;FEMENINO;2389,0;2022,0;251,0;116,0;0,1050648807032231;0,04855588112180829;0,013394725826705735;0,0016743407283382169;0,002092925910422771;0,0004185851820845542;0,0025115110925073253;0,2808706571787359;0,024277940560904144;0,002092925910422771;0,0016743407283382169;0,0025115110925073253;0,0029300962745918793;0,007115948095437421;0,0050230221850146506;0,4997907074089577
EC131052;FEMENINO;3130,0;2603,0;324,0;200,0;0,10351437699680512;0,06389776357827476;0,019169329073482427;0,0038338658146964857;0,0060702875399361025;0,0022364217252396168;0,0022364217252396168;0,22492012779552717;0,021725239616613417;0,003514376996805112;0,003194888178913738;0,0025559105431309905;0,002875399361022364;0,0044728434504792336;0,008626198083067093;0,5261980830670927
EC131053;FEMENINO;1947,0;1565,0;230,0;151,0;0,11813045711350796;0,07755521314843349;0,014381099126861838;0,002054442732408834;0,0030816640986132513;0,0030816640986132513;0,0035952747817154596;0,21263482280431434;0,023112480739599383;0,005136106831022085;0,0025680534155110425;0,0030816640986132513;0,0030816640986132513;0,005649717514124294;0,004622496147919877;0,5177195685670262
EC131054;FEMENINO;1516,0;1183,0;213,0;121,0;0,14050131926121373;0,07981530343007916;0,017810026385224276;0,0013192612137203166;0,0032981530343007917;0,001978891820580475;0,0013192612137203166;0,17941952506596306;0,018469656992084433;0,00395778364116095;0,0032981530343007917;0,001978891820580475;0,004617414248021108;0,00395778364116095;0,007255936675461741;0,5316622691292876
EC131150;FEMENINO;8357,0;6952,0;764,0;633,0;0,0914203661601053;0,07574488452794065;0,01184635634797176;0,00047864066052411155;0,0029915041282756972;0,002034222807227474;0,0015555821467033624;0,158789039128874;0,013401938494675122;0,0019145626420964462;0,001076941486179251;0,0014359219815723346;0,002153882972358502;0,0038291252841928924;0,0025128634677515855;0,6278568864425033
EC131151;FEMENINO;2281,0;1642,0;384,0;254,0;0,16834721613327489;0,11135466900482245;0,007452871547566856;0,003068829460762823;0,0021920210434020165;0,00263042525208242;0,003068829460762823;0,13327487943884261;0,033318719859710653;0,003068829460762823;0,00263042525208242;0,00394563787812363;0,0035072336694432268;0,006137658921525646;0,004384042086804033;0,5111793073213503
EC131152;FEMENINO;2304,0;1909,0;251,0;144,0;0,10894097222222222;0,0625;0,017361111111111112;0,00043402777777777775;0,00390625;0,0026041666666666665;0,001736111111111111;0,15625;0,014322916666666666;0,0013020833333333333;0,0026041666666666665;0,0008680555555555555;0,001736111111111111;0,0030381944444444445;0,006944444444444444;0,6154513888888888
EC131250;FEMENINO;13118,0;11639,0;1052,0;418,0;0,08019515169995427;0,03186461350815673;0,018676627534685165;0,0006098490623570666;0,0025156273822229;0,0013721603903034;0,0006860801951517;0,2259490776032932;0,007013264217106266;0,0010672358591248667;0,0013721603903034;0,0009147735935355999;0,0011434669919195;0,0038877877725262996;0,0028967830461960665;0,6191492605580119
EC131350;FEMENINO;9249,0;8084,0;857,0;307,0;0,0926586658017083;0,03319277759757812;0,016542328900421666;0,0006487187804086928;0,0025948751216347712;0,000756838577143475;0,0010811979673478213;0,3014379932965726;0,011568818250621688;0,0014055573575521678;0,0012974375608173856;0,0022705157314304248;0,0021623959346956426;0,004000432479186939;0,0027029949183695534;0,525570331927776
EC131351;FEMENINO;2903,0;2526,0;227,0;148,0;0,07819497071994488;0,05098174302445746;0,015156734412676542;0,0010334137099552187;0,0013778849466069584;0,0010334137099552187;0,0013778849466069584;0,25663107130554597;0,009300723389596968;0,0013778849466069584;0,0013778849466069584;0,0006889424733034792;0,001722356183258698;0,004133654839820875;0,003100241129865656;0,5718222528418877
EC131352;FEMENINO;1923,0;1631,0;169,0;123,0;0,08788351534061363;0,06396255850234009;0,0078003120124804995;0,0010400416016640667;0,0020800832033281333;0,0015600624024961;0,0020800832033281333;0,18044721788871554;0,011440457618304731;0,0015600624024961;0,0031201248049922;0,003640145605824233;0,0020800832033281333;0,007280291211648466;0,0046801872074883;0,6193447737909517
EC131353;FEMENINO;2290,0;1841,0;265,0;187,0;0,11572052401746726;0,0816593886462882;0,008733624454148471;0,0013100436681222707;0,0017467248908296944;0,0008733624454148472;0,0026200873362445414;0,09781659388646288;0,02096069868995633;0,0017467248908296944;0,002183406113537118;0,00480349344978166;0,0004366812227074236;0,004366812227074236;0,002183406113537118;0,6541484716157205
EC131355;FEMENINO;1630,0;1366,0;167,0;97,0;0,10245398773006135;0,05950920245398773;0,007975460122699387;0,0006134969325153375;0,003067484662576687;0,0;0,0;0,11779141104294479;0,01901840490797546;0,001226993865030675;0,00245398773006135;0,004294478527607362;0,0018404907975460123;0,004294478527607362;0,0036809815950920245;0,6717791411042945
EC131450;FEMENINO;3055,0;2751,0;232,0;69,0;0,07594108019639935;0,02258592471358429;0,01669394435351882;0,0;0,0016366612111292963;0,0016366612111292963;0,0006546644844517185;0,3050736497545008;0,00851063829787234;0,0006546644844517185;0,001309328968903437;0,0006546644844517185;0,0019639934533551553;0,00425531914893617;0,0032733224222585926;0,5541734860883797
EC131453;FEMENINO;8264,0;7156,0;732,0;377,0;0,08857696030977735;0,045619554695062924;0,011737657308809293;0,0012100677637947724;0,0025411423039690224;0,0013310745401742497;0,001452081316553727;0,21732817037754115;0,012826718296224589;0,001452081316553727;0,0008470474346563407;0,0015730880929332044;0,0026621490803484995;0,003267182962245886;0,002420135527589545;0,6052758954501453
EC131457;FEMENINO;4628,0;3795,0;489,0;342,0;0,10566119273984442;0,07389801210025929;0,007130509939498704;0,0006482281763180639;0,0019446845289541918;0,0012964563526361278;0,001728608470181504;0,17718236819360414;0,013612791702679343;0,000864304235090752;0,000864304235090752;0,00108038029386344;0,00108038029386344;0,0028089887640449437;0,0028089887640449437;0,6069576490924805
EC131550;FEMENINO;12151,0;10886,0;779,0;481,0;0,06410994979837051;0,039585219323512465;0,015636573121553782;0,0006583820261706855;0,002386634844868735;0,0015636573121553781;0,0015636573121553781;0,23594765862891942;0,013743724796313061;0,0025512303514114063;0,0013990618056127068;0,001069870792527364;0,001645955065426714;0,003209612377582092;0,0019751460785120568;0,6125421775985516
EC131551;FEMENINO;1486,0;1248,0;186,0;52,0;0,12516823687752354;0,034993270524899055;0,017496635262449527;0,0;0,0026917900403768506;0,0;0,0006729475100942127;0,2819650067294751;0,004710632570659489;0,002018842530282638;0,0006729475100942127;0,0;0,0006729475100942127;0,0026917900403768506;0,0026917900403768506;0,5235531628532974
EC131552;FEMENINO;1907,0;1609,0;227,0;69,0;0,11903513371788149;0,03618248557944415;0,016780283167278448;0,0015731515469323545;0,0036706869428421605;0,001048767697954903;0,0005243838489774515;0,3083377031987415;0,012060828526481384;0,002097535395909806;0,0026219192448872575;0,0015731515469323545;0,002097535395909806;0,0026219192448872575;0,0026219192448872575;0,48610382800209756
EC131650;FEMENINO;6103,0;5263,0;538,0;299,0;0,08815336719646076;0,048992298869408486;0,01900704571522202;0,0016385384237260364;0,0024578076355890547;0,0014746845813534328;0,0029493691627068656;0,2393904637063739;0,01441913812878912;0,002785515320334262;0,0024578076355890547;0,002621661477961658;0,002785515320334262;0,005243322955923316;0,006062592167786335;0,5590693101753236
EC131651;FEMENINO;1942,0;1638,0;189,0;117,0;0,09732234809474768;0,06024716786817714;0,016477857878475798;0,0010298661174047373;0,0020597322348094747;0,0010298661174047373;0,001544799176107106;0,18537590113285274;0,01596292481977343;0,0005149330587023687;0,0010298661174047373;0,003604531410916581;0,0;0,004119464469618949;0,005664263645726055;0,6050463439752832
EC131652;FEMENINO;2345,0;1840,0;305,0;200,0;0,1300639658848614;0,08528784648187633;0,01791044776119403;0,003411513859275053;0,003837953091684435;0,001279317697228145;0,003411513859275053;0,21577825159914713;0,023880597014925373;0,0042643923240938165;0,006823027718550106;0,005543710021321962;0,007249466950959489;0,011087420042643924;0,006396588486140725;0,473773987206823
EC131653;FEMENINO;1167,0;942,0;138,0;87,0;0,11825192802056556;0,07455012853470437;0,01456726649528706;0,0;0,003427592116538132;0,004284490145672665;0,005141388174807198;0,15681233933161953;0,009425878320479864;0,004284490145672665;0,002570694087403599;0,003427592116538132;0,000856898029134533;0,007712082262210797;0,005998286203941731;0,5886889460154242
EC131750;FEMENINO;15619,0;13523,0;1318,0;773,0;0,08438440361098662;0,049491004545745565;0,011140277866700812;0,0010884179524937576;0,0019847621486650873;0,001408540879697804;0,0012804917088161854;0,21627504961905372;0,014533580895063705;0,0015365900505794226;0,001856712977783469;0,0017926883923426596;0,001856712977783469;0,004289647224534221;0,004033548882770984;0,6027274473397785
EC131751;FEMENINO;3674,0;3126,0;316,0;230,0;0,08600979858464888;0,06260206859009254;0,007348938486663037;0,0013609145345672292;0,004354926510615134;0,001633097441480675;0,0024496461622210124;0,15895481763745237;0,017691888949373978;0,0013609145345672292;0,001905280348394121;0,0013609145345672292;0,003810560696788242;0,003538377789874796;0,004627109417528579;0,640446379967338
EC131752;FEMENINO;1687,0;1407,0;141,0;139,0;0,08358032009484291;0,08239478363959692;0,012448132780082987;0,0005927682276229994;0,002963841138114997;0,0017783046828689982;0,0023710729104919974;0,1991701244813278;0,024896265560165973;0,0011855364552459987;0,0023710729104919974;0,004149377593360996;0,0011855364552459987;0,004742145820983995;0,0017783046828689982;0,5743924125666864
EC131753;FEMENINO;1114,0;960,0;73,0;81,0;0,06552962298025135;0,07271095152603231;0,00807899461400359;0,0026929982046678637;0,003590664272890485;0,0;0,0;0,24236983842010773;0,017953321364452424;0,0026929982046678637;0,0;0,0017953321364452424;0,0017953321364452424;0,0026929982046678637;0,00718132854578097;0,5709156193895871
EC131850;FEMENINO;4604,0;3936,0;389,0;273,0;0,08449174630755864;0,059296264118158123;0,011294526498696786;0,0008688097306689834;0,003258036490008688;0,0006516072980017377;0,0017376194613379669;0,1548653344917463;0,015204170286707211;0,002172024326672459;0,0028236316246741965;0,002172024326672459;0,0008688097306689834;0,004995655951346655;0,0026064291920069507;0,6513900955690703
EC131950;FEMENINO;5328,0;4773,0;388,0;165,0;0,07282282282282282;0,030968468468468468;0,014827327327327328;0,0007507507507507507;0,0018768768768768769;0,0011261261261261261;0,0020645645645645644;0,20945945945945946;0,008445945945945946;0,0018768768768768769;0,0018768768768768769;0,002815315315315315;0,002627627627627628;0,00563063063063063;0,008633633633633633;0,6338213213213213
EC131951;FEMENINO;2034,0;1724,0;213,0;97,0;0,10471976401179942;0,04768928220255654;0,011307767944936086;0,0009832841691248771;0,0019665683382497543;0,0004916420845624386;0,0009832841691248771;0,21042281219272368;0,015732546705998034;0,0019665683382497543;0,0004916420845624386;0,00344149459193707;0,0004916420845624386;0,0009832841691248771;0,00344149459193707;0,5948869223205506
EC131952;FEMENINO;1395,0;1243,0;102,0;50,0;0,07311827956989247;0,035842293906810034;0,025806451612903226;0,0007168458781362007;0,0007168458781362007;0,0014336917562724014;0,0014336917562724014;0,24802867383512545;0,010752688172043012;0,0;0,0007168458781362007;0,0014336917562724014;0,0035842293906810036;0,007168458781362007;0,025806451612903226;0,5634408602150538
EC132050;FEMENINO;5784,0;5005,0;447,0;330,0;0,07728215767634855;0,05705394190871369;0,009163208852005533;0,0006915629322268327;0,0008644536652835408;0,0013831258644536654;0,0015560165975103733;0,16476486860304287;0,009681881051175657;0,0017289073305670815;0,0019017980636237897;0,0019017980636237897;0,002247579529737206;0,004322268326417704;0,002074688796680498;0,6630359612724758
EC132150;FEMENINO;8451,0;7876,0;365,0;204,0;0,04319015501124127;0,024139155129570464;0,01573778251094545;0,0005916459590580997;0,002958229795290498;0,0007099751508697196;0,0008283043426813394;0,10377470121879068;0,007099751508697196;0,0008283043426813394;0,0007099751508697196;0,0016566086853626789;0,0016566086853626789;0,004851496864276417;0,0034315465625369777;0,7871257839308957
EC132250;FEMENINO;6776,0;5981,0;477,0;318,0;0,07039551357733176;0,04693034238488784;0,012101534828807556;0,00014757969303423848;0,0010330578512396695;0,0022136953955135775;0,0011806375442739079;0,1878689492325856;0,009297520661157025;0,0010330578512396695;0,0010330578512396695;0,0011806375442739079;0,0023612750885478157;0,002066115702479339;0,0022136953955135775;0,6589433293978748
EC132251;FEMENINO;1745,0;1538,0;94,0;114,0;0,053868194842406875;0,06532951289398281;0,009169054441260744;0,0005730659025787965;0,001146131805157593;0,0005730659025787965;0,0028653295128939827;0,19025787965616045;0,018911174785100286;0,002292263610315186;0,001146131805157593;0,0017191977077363897;0,0005730659025787965;0,004584527220630372;0,006876790830945559;0,6406876790830945
EC140150;FEMENINO;7526,0;6934,0;470,0;122,0;0,06245017273452033;0,016210470369386127;0,035609885729471165;0,0010629816635663034;0,0013287270794578793;0,0015944724953494552;0,0018602179112410311;0,520063778899814;0,0049162901939941534;0,001993090619186819;0,002125963327132607;0,0011958543715120914;0,0015944724953494552;0,009566834972096731;0,036539994685091684;0,3018867924528302
EC140151;FEMENINO;199,0;190,0;7,0;2,0;0,035175879396984924;0,010050251256281407;0,04020100502512563;0,0;0,0;0,0;0,0;0,5276381909547738;0,005025125628140704;0,0;0,0;0,0;0,0;0,01507537688442211;0,05527638190954774;0,31155778894472363
EC140153;FEMENINO;1016,0;944,0;50,0;22,0;0,04921259842519685;0,021653543307086614;0,028543307086614175;0,0;0,002952755905511811;0,000984251968503937;0,001968503937007874;0,4311023622047244;0,00984251968503937;0,001968503937007874;0,001968503937007874;0,003937007874015748;0,000984251968503937;0,012795275590551181;0,0531496062992126;0,37893700787401574
EC140156;FEMENINO;380,0;339,0;35,0;6,0;0,09210526315789473;0,015789473684210527;0,02368421052631579;0,0;0,002631578947368421;0,0;0,0;0,48947368421052634;0,005263157894736842;0,0;0,0;0,0;0,0;0,002631578947368421;0,02894736842105263;0,3394736842105263
EC140157;FEMENINO;4614,0;4118,0;346,0;149,0;0,07498916341569137;0,03229302123970525;0,014737754659731253;0,002600780234070221;0,004768097095795405;0,0034677069787602947;0,004984828781967924;0,46900736887732986;0,005201560468140442;0,002600780234070221;0,0013003901170351106;0,007152145643693108;0,0028175119202427396;0,006501950585175552;0,10619852622453403;0,2611616818378847
EC140158;FEMENINO;412,0;368,0;34,0;9,0;0,0825242718446602;0,021844660194174758;0,0412621359223301;0,007281553398058253;0,0024271844660194173;0,0;0,007281553398058253;0,4029126213592233;0,0024271844660194173;0,0;0,0;0,009708737864077669;0,0024271844660194173;0,0024271844660194173;0,043689320388349516;0,3713592233009709
EC140160;FEMENINO;101,0;97,0;4,0;0,0;0,039603960396039604;0,0;0,0297029702970297;0,0;0,0;0,0;0,0;0,6435643564356436;0,0;0,0;0,0;0,0;0,009900990099009901;0,019801980198019802;0,09900990099009901;0,15841584158415842
EC140162;FEMENINO;731,0;624,0;68,0;39,0;0,09302325581395349;0,0533515731874145;0,016415868673050615;0,005471956224350205;0,0013679890560875513;0,005471956224350205;0,0027359781121751026;0,4062927496580027;0,016415868673050615;0,004103967168262654;0,0013679890560875513;0,0027359781121751026;0,0013679890560875513;0,005471956224350205;0,1409028727770178;0,24350205198358413
EC140164;FEMENINO;788,0;727,0;29,0;32,0;0,03680203045685279;0,04060913705583756;0,031725888324873094;0,0;0,0025380710659898475;0,0012690355329949238;0,0012690355329949238;0,4302030456852792;0,0025380710659898475;0,0;0,0038071065989847717;0,0012690355329949238;0,0;0,006345177664974619;0,05203045685279188;0,3895939086294416
EC140250;FEMENINO;3262,0;3010,0;176,0;76,0;0,0539546290619252;0,023298589822194973;0,027896995708154508;0,0006131207847946045;0,0006131207847946045;0,002145922746781116;0,001226241569589209;0,5839975475168608;0,002452483139178418;0,003678724708767627;0,001226241569589209;0,0015328019619865114;0,002452483139178418;0,00398528510116493;0,034028203556100554;0,2568976088289393
EC140251;FEMENINO;91,0;83,0;7,0;1,0;0,07692307692307693;0,01098901098901099;0,01098901098901099;0,0;0,0;0,0;0,01098901098901099;0,3956043956043956;0,0;0,0;0,01098901098901099;0,01098901098901099;0,01098901098901099;0,0;0,10989010989010989;0,3516483516483517
EC140252;FEMENINO;99,0;93,0;2,0;4,0;0,020202020202020204;0,04040404040404041;0,010101010101010102;0,0;0,0;0,0;0,0;0,494949494949495;0,0;0,0;0,0;0,0;0,0;0,010101010101010102;0,030303030303030304;0,3939393939393939
EC140253;FEMENINO;1710,0;1535,0;120,0;55,0;0,07017543859649122;0,03216374269005848;0,005847953216374269;0,0023391812865497076;0,0023391812865497076;0,0017543859649122807;0,0029239766081871343;0,5456140350877193;0,006432748538011696;0,0;0,0017543859649122807;0,0029239766081871343;0,0005847953216374269;0,0035087719298245615;0,12339181286549708;0,19824561403508772
EC140254;FEMENINO;194,0;188,0;5,0;1,0;0,02577319587628866;0,005154639175257732;0,030927835051546393;0,0;0,0;0,0;0,0;0,6391752577319587;0,0;0,005154639175257732;0,0;0,0;0,010309278350515464;0,010309278350515464;0,05670103092783505;0,21649484536082475
EC140255;FEMENINO;235,0;206,0;22,0;5,0;0,09361702127659574;0,02127659574468085;0,00851063829787234;0,0;0,0;0,0;0,0;0,5574468085106383;0,00425531914893617;0,0;0,00851063829787234;0,0;0,0;0,0;0,04680851063829787;0,251063829787234
EC140256;FEMENINO;263,0;243,0;15,0;5,0;0,057034220532319393;0,019011406844106463;0,022813688212927757;0,0;0,0076045627376425855;0,0;0,0038022813688212928;0,5361216730038023;0,0076045627376425855;0,0;0,0;0,0038022813688212928;0,0;0,0038022813688212928;0,060836501901140684;0,27756653992395436
EC140257;FEMENINO;71,0;63,0;6,0;2,0;0,08450704225352113;0,028169014084507043;0,04225352112676056;0,0;0,0;0,04225352112676056;0,0;0,4507042253521127;0,0;0,0;0,0;0,0;0,0;0,0;0,08450704225352113;0,2676056338028169
EC140258;FEMENINO;302,0;277,0;19,0;6,0;0,06291390728476821;0,019867549668874173;0,019867549668874173;0,0;0,0033112582781456954;0,0033112582781456954;0,006622516556291391;0,49337748344370863;0,0;0,006622516556291391;0,0033112582781456954;0,0;0,0033112582781456954;0,0;0,033112582781456956;0,3443708609271523
EC140350;FEMENINO;1571,0;1477,0;63,0;31,0;0,04010184595798854;0,019732654360280075;0,04455760661998727;0,003182686187141948;0,0006365372374283895;0,003182686187141948;0,001273074474856779;0,6193507320178231;0,004455760661998727;0,0019096117122851686;0,001273074474856779;0,0006365372374283895;0,002546148949713558;0,005728835136855506;0,02864417568427753;0,22278803309993633
EC140351;FEMENINO;337,0;312,0;16,0;9,0;0,04747774480712166;0,026706231454005934;0,03857566765578635;0,0;0,002967359050445104;0,0;0,005934718100890208;0,4658753709198813;0,002967359050445104;0,0;0,0;0,0;0,005934718100890208;0,005934718100890208;0,04451038575667656;0,35311572700296734
EC140353;FEMENINO;531,0;471,0;45,0;16,0;0,0847457627118644;0,030131826741996232;0,015065913370998116;0,0;0,003766478342749529;0,0018832391713747645;0,0;0,4331450094161959;0,005649717514124294;0,005649717514124294;0,0;0,0018832391713747645;0,003766478342749529;0,0018832391713747645;0,24293785310734464;0,1713747645951036
EC140356;FEMENINO;175,0;156,0;11,0;8,0;0,06285714285714286;0,045714285714285714;0,017142857142857144;0,005714285714285714;0,005714285714285714;0,0;0,011428571428571429;0,3028571428571429;0,005714285714285714;0,0;0,0;0,005714285714285714;0,0;0,005714285714285714;0,06857142857142857;0,46285714285714286
EC140357;FEMENINO;295,0;277,0;13,0;5,0;0,04406779661016949;0,01694915254237288;0,020338983050847456;0,0;0,003389830508474576;0,0;0,006779661016949152;0,5152542372881356;0,003389830508474576;0,006779661016949152;0,0;0,0;0,006779661016949152;0,0;0,07457627118644068;0,3016949152542373
EC140358;FEMENINO;387,0;359,0;19,0;9,0;0,04909560723514212;0,023255813953488372;0,0103359173126615;0,0;0,002583979328165375;0,0;0,0;0,5090439276485789;0,00516795865633075;0,0;0,00516795865633075;0,0;0,002583979328165375;0,00516795865633075;0,05167958656330749;0,3359173126614987
EC140450;FEMENINO;1708,0;1576,0;102,0;28,0;0,059718969555035126;0,01639344262295082;0,024004683840749413;0,0;0,00351288056206089;0,00351288056206089;0,00117096018735363;0,5281030444964872;0,004098360655737705;0,0;0,00234192037470726;0,000585480093676815;0,00234192037470726;0,002927400468384075;0,0468384074941452;0,30327868852459017
EC140451;FEMENINO;267,0;247,0;10,0;10,0;0,03745318352059925;0,03745318352059925;0,0;0,0;0,0;0,003745318352059925;0,0;0,3857677902621723;0,011235955056179775;0,0;0,003745318352059925;0,0;0,003745318352059925;0,003745318352059925;0,0898876404494382;0,4232209737827715
EC140452;FEMENINO;194,0;178,0;9,0;7,0;0,04639175257731959;0,03608247422680412;0,041237113402061855;0,0;0,005154639175257732;0,0;0,005154639175257732;0,5051546391752577;0,005154639175257732;0,0;0,0;0,0;0,0;0,010309278350515464;0,05154639175257732;0,29381443298969073
EC140454;FEMENINO;716,0;667,0;32,0;17,0;0,0446927374301676;0,023743016759776536;0,019553072625698324;0,0;0,002793296089385475;0,0013966480446927375;0,0013966480446927375;0,4483240223463687;0,008379888268156424;0,002793296089385475;0,0;0,004189944134078212;0,002793296089385475;0,004189944134078212;0,13268156424581007;0,30307262569832405
EC140455;FEMENINO;475,0;427,0;25,0;23,0;0,05263157894736842;0,04842105263157895;0,010526315789473684;0,004210526315789474;0,004210526315789474;0,004210526315789474;0,004210526315789474;0,4105263157894737;0,008421052631578947;0,004210526315789474;0,00631578947368421;0,004210526315789474;0,002105263157894737;0,004210526315789474;0,13052631578947368;0,30105263157894735
EC140550;FEMENINO;1168,0;1060,0;67,0;41,0;0,05736301369863014;0,0351027397260274;0,023116438356164382;0,0008561643835616438;0,0;0,0008561643835616438;0,0017123287671232876;0,5188356164383562;0,0025684931506849314;0,0008561643835616438;0,0017123287671232876;0,0017123287671232876;0,0008561643835616438;0,008561643835616438;0,04965753424657534;0,2962328767123288
EC140551;FEMENINO;142,0;128,0;12,0;2,0;0,08450704225352113;0,014084507042253521;0,04225352112676056;0,0;0,007042253521126761;0,0;0,0;0,3028169014084507;0,0;0,0;0,0;0,0;0,0;0,0;0,04929577464788732;0,5
EC140552;FEMENINO;210,0;196,0;8,0;6,0;0,0380952380952381;0,02857142857142857;0,01904761904761905;0,0;0,004761904761904762;0,0;0,0;0,45714285714285713;0,009523809523809525;0,004761904761904762;0,0;0,0;0,0;0,004761904761904762;0,03333333333333333;0,4
EC140553;FEMENINO;580,0;535,0;24,0;21,0;0,041379310344827586;0,03620689655172414;0,02586206896551724;0,0;0,0034482758620689655;0,0017241379310344827;0,0017241379310344827;0,4103448275862069;0,005172413793103448;0,0034482758620689655;0,0;0,0017241379310344827;0,0017241379310344827;0,0034482758620689655;0,1413793103448276;0,32241379310344825
EC140554;FEMENINO;237,0;216,0;11,0;10,0;0,046413502109704644;0,04219409282700422;0,008438818565400843;0,004219409282700422;0,0;0,0;0,0;0,45147679324894513;0,0;0,004219409282700422;0,0;0,004219409282700422;0,004219409282700422;0,004219409282700422;0,046413502109704644;0,38396624472573837
EC140556;FEMENINO;565,0;516,0;32,0;17,0;0,05663716814159292;0,03008849557522124;0,01592920353982301;0,0017699115044247787;0,0017699115044247787;0,0017699115044247787;0,0017699115044247787;0,4424778761061947;0,005309734513274336;0,0017699115044247787;0,0017699115044247787;0,0;0,0;0,0;0,15398230088495576;0,2849557522123894
EC140557;FEMENINO;499,0;459,0;25,0;15,0;0,050100200400801605;0,03006012024048096;0,014028056112224449;0,0;0,01002004008016032;0,0;0,0;0,4308617234468938;0,002004008016032064;0,0;0,0;0,004008016032064128;0,0;0,008016032064128256;0,14829659318637275;0,3026052104208417
EC140650;FEMENINO;4907,0;4474,0;315,0;118,0;0,06419400855920114;0,02404727939678011;0,026900346443855715;0,0006113715100876299;0,0022416955369879764;0,0016303240269003464;0,0018341145302628898;0,4664764621968616;0,0038720195638883227;0,0014265335235378032;0,0024454860403505196;0,0022416955369879764;0,0010189525168127166;0,005706134094151213;0,043611167719584266;0,35174240880374974
EC140651;FEMENINO;723,0;662,0;41,0;20,0;0,056708160442600276;0,027662517289073305;0,011065006915629323;0,006915629322268326;0,0027662517289073307;0,004149377593360996;0,004149377593360996;0,3775933609958506;0,006915629322268326;0,0013831258644536654;0,0027662517289073307;0,005532503457814661;0,0027662517289073307;0,0013831258644536654;0,15629322268326418;0,33195020746887965
EC140652;FEMENINO;1108,0;1023,0;53,0;32,0;0,04783393501805054;0,02888086642599278;0,0315884476534296;0,0009025270758122744;0,0036101083032490976;0,0018050541516245488;0,0018050541516245488;0,4296028880866426;0,004512635379061372;0,0018050541516245488;0,0036101083032490976;0,005415162454873646;0,0009025270758122744;0,0018050541516245488;0,052346570397111915;0,3835740072202166
EC140655;FEMENINO;318,0;290,0;19,0;9,0;0,059748427672955975;0,02830188679245283;0,031446540880503145;0,0;0,0031446540880503146;0,0;0,0;0,3710691823899371;0,012578616352201259;0,0;0,0031446540880503146;0,0031446540880503146;0,0;0,0031446540880503146;0,025157232704402517;0,4591194968553459
EC140750;FEMENINO;1312,0;1156,0;89,0;68,0;0,06783536585365854;0,051829268292682924;0,013719512195121951;0,003048780487804878;0,003048780487804878;0,005335365853658537;0,0022865853658536584;0,39939024390243905;0,005335365853658537;0,001524390243902439;0,0007621951219512195;0,004573170731707317;0,004573170731707317;0,008384146341463415;0,08536585365853659;0,34375
EC140751;FEMENINO;1822,0;1589,0;155,0;78,0;0,08507135016465422;0,042810098792535674;0,014818880351262349;0,0021953896816684962;0,005488474204171241;0,0043907793633369925;0,003293084522502744;0,47091108671789245;0,006586169045005488;0,0038419319429198683;0,004939626783754116;0,006586169045005488;0,0021953896816684962;0,012074643249176729;0,08616904500548847;0,2486278814489572
EC140850;FEMENINO;798,0;750,0;37,0;11,0;0,046365914786967416;0,013784461152882205;0,03007518796992481;0,0;0,0;0,0012531328320802004;0,0;0,48370927318295737;0,002506265664160401;0,0;0,005012531328320802;0,0012531328320802004;0,002506265664160401;0,0012531328320802004;0,013784461152882205;0,39849624060150374
EC140851;FEMENINO;117,0;105,0;11,0;1,0;0,09401709401709402;0,008547008547008548;0,017094017094017096;0,0;0,0;0,0;0,0;0,3418803418803419;0,0;0,0;0,0;0,0;0,0;0,008547008547008548;0,017094017094017096;0,5128205128205128
EC140852;FEMENINO;322,0;302,0;11,0;9,0;0,034161490683229816;0,027950310559006212;0,012422360248447204;0,003105590062111801;0,006211180124223602;0,003105590062111801;0,003105590062111801;0,5279503105590062;0,009316770186335404;0,003105590062111801;0,0;0,003105590062111801;0,003105590062111801;0,0;0,20186335403726707;0,16149068322981366
EC140853;FEMENINO;95,0;89,0;3,0;3,0;0,031578947368421054;0,031578947368421054;0,042105263157894736;0,010526315789473684;0,0;0,0;0,010526315789473684;0,30526315789473685;0,0;0,0;0,0;0,0;0,010526315789473684;0,0;0,10526315789473684;0,45263157894736844
EC140854;FEMENINO;147,0;145,0;2,0;0,0;0,013605442176870748;0,0;0,02040816326530612;0,0;0,0;0,0;0,0;0,5034013605442177;0,0;0,0;0,0;0,0;0,0;0,013605442176870748;0,047619047619047616;0,4013605442176871
EC140950;FEMENINO;2212,0;1837,0;233,0;144,0;0,10533453887884267;0,0650994575045208;0,009945750452079566;0,0018083182640144665;0,00406871609403255;0,006329113924050633;0,004972875226039783;0,4204339963833635;0,017179023508137433;0,0027124773960217;0,00135623869801085;0,02667269439421338;0,0031645569620253164;0,006781193490054249;0,16320072332730562;0,16184448462929477
EC140951;FEMENINO;675,0;556,0;59,0;60,0;0,0874074074074074;0,08888888888888889;0,017777777777777778;0,0044444444444444444;0,014814814814814815;0,005925925925925926;0,002962962962962963;0,1111111111111111;0,025185185185185185;0,002962962962962963;0,002962962962962963;0,008888888888888889;0,005925925925925926;0,01925925925925926;0,36592592592592593;0,23555555555555555
EC140952;FEMENINO;1864,0;1468,0;260,0;134,0;0,13948497854077252;0,07188841201716738;0,004828326180257511;0,003218884120171674;0,008583690987124463;0,0037553648068669528;0,004291845493562232;0,3873390557939914;0,0101931330472103;0,001072961373390558;0,002145922746781116;0,02145922746781116;0,0037553648068669528;0,009120171673819743;0,2601931330472103;0,06759656652360516
EC140953;FEMENINO;1554,0;1309,0;121,0;125,0;0,07786357786357787;0,08043758043758044;0,005791505791505791;0,003861003861003861;0,008365508365508366;0,005148005148005148;0,002574002574002574;0,4009009009009009;0,05727155727155727;0,002574002574002574;0,006435006435006435;0,0489060489060489;0,005148005148005148;0,009652509652509652;0,19240669240669242;0,0933075933075933
EC140954;FEMENINO;768,0;674,0;53,0;41,0;0,06901041666666667;0,053385416666666664;0,009114583333333334;0,009114583333333334;0,005208333333333333;0,005208333333333333;0,006510416666666667;0,15234375;0,014322916666666666;0,0;0,0013020833333333333;0,01171875;0,006510416666666667;0,006510416666666667;0,6171875;0,032552083333333336
EC141050;FEMENINO;904,0;821,0;47,0;35,0;0,051991150442477874;0,03871681415929203;0,015486725663716814;0,0;0,00331858407079646;0,00331858407079646;0,0022123893805309734;0,42146017699115046;0,0022123893805309734;0,0022123893805309734;0,0;0,0011061946902654867;0,0011061946902654867;0,004424778761061947;0,07743362831858407;0,37389380530973454
EC141051;FEMENINO;628,0;546,0;43,0;39,0;0,06847133757961783;0,06210191082802548;0,006369426751592357;0,0015923566878980893;0,004777070063694267;0,0031847133757961785;0,0015923566878980893;0,3678343949044586;0,0015923566878980893;0,004777070063694267;0,0031847133757961785;0,01910828025477707;0,004777070063694267;0,004777070063694267;0,2770700636942675;0,16878980891719744
EC141052;FEMENINO;820,0;716,0;49,0;55,0;0,05975609756097561;0,06707317073170732;0,01097560975609756;0,006097560975609756;0,00853658536585366;0,0;0,0012195121951219512;0,4195121951219512;0,004878048780487805;0,0024390243902439024;0,0012195121951219512;0,01097560975609756;0,003658536585365854;0,004878048780487805;0,17804878048780487;0,22073170731707317
EC141150;FEMENINO;763,0;700,0;35,0;28,0;0,045871559633027525;0,03669724770642202;0,028833551769331587;0,002621231979030144;0,003931847968545216;0,0;0,001310615989515072;0,49017038007863695;0,003931847968545216;0,0;0,001310615989515072;0,001310615989515072;0,002621231979030144;0,010484927916120577;0,10615989515072084;0,26474442988204455
EC141250;FEMENINO;1586,0;1406,0;106,0;75,0;0,06683480453972257;0,04728877679697352;0,01828499369482976;0,0018915510718789407;0,005044136191677175;0,0025220680958385876;0,0031525851197982345;0,3240857503152585;0,005044136191677175;0,0018915510718789407;0,0006305170239596469;0,0037831021437578815;0,004413619167717529;0,007566204287515763;0,24022698612862547;0,26796973518284994
EC141251;FEMENINO;1044,0;877,0;96,0;71,0;0,09195402298850575;0,06800766283524905;0,008620689655172414;0,0019157088122605363;0,007662835249042145;0,005747126436781609;0,006704980842911878;0,30938697318007663;0,009578544061302681;0,005747126436781609;0,0028735632183908046;0,012452107279693486;0,005747126436781609;0,017241379310344827;0,1752873563218391;0,2710727969348659
EC150150;FEMENINO;13181,0;12635,0;462,0;82,0;0,03505045140732873;0,00622107579091116;0,04081632653061224;0,0017449358925726425;0,0018966694484485243;0,0009862681131932328;0,0004552006676276458;0,6204385099764813;0,004248539564524694;0,0008345345573173507;0,0027312040057658753;0,0025794704498899933;0,0027312040057658753;0,006296942568849101;0,06319702602230483;0,20961990744253092
EC150151;FEMENINO;2365,0;2184,0;127,0;53,0;0,05369978858350952;0,02241014799154334;0,026215644820295984;0,002536997885835095;0,002959830866807611;0,002536997885835095;0,0;0,5632135306553911;0,006342494714587738;0,0016913319238900633;0,0008456659619450317;0,00507399577167019;0,004228329809725159;0,005919661733615222;0,09556025369978859;0,20634249471458774
EC150153;FEMENINO;2387,0;2180,0;140,0;67,0;0,05865102639296188;0,028068705488060328;0,034771679932970256;0,003770423125261835;0,006284038542103058;0,0008378718056137411;0,0025136154168412233;0,5370758273984081;0,006702974444909929;0,005027230833682447;0,0012568077084206116;0,005446166736489317;0,0041893590280687055;0,007121910347716799;0,07038123167155426;0,22790113112693758
EC150154;FEMENINO;777,0;755,0;14,0;8,0;0,018018018018018018;0,010296010296010296;0,01673101673101673;0,0;0,001287001287001287;0,001287001287001287;0,0;0,6924066924066924;0,001287001287001287;0,0;0,001287001287001287;0,005148005148005148;0,001287001287001287;0,005148005148005148;0,12355212355212356;0,12226512226512226
EC150155;FEMENINO;1846,0;1730,0;91,0;25,0;0,04929577464788732;0,013542795232936078;0,02275189599133261;0,0021668472372697724;0,0021668472372697724;0,0010834236186348862;0,0;0,6126760563380281;0,003791982665222102;0,0005417118093174431;0,0005417118093174431;0,0032502708559046588;0,0021668472372697724;0,0021668472372697724;0,07854821235102925;0,20530877573131096
EC150156;FEMENINO;2222,0;2075,0;114,0;36,0;0,05130513051305131;0,016201620162016202;0,03375337533753375;0,0027002700270027003;0,0013501350135013501;0,00045004500450045;0,00045004500450045;0,5657065706570658;0,0036003600360036;0,0018001800180018;0,0009000900090009;0,0058505850585058505;0,0031503150315031502;0,004050405040504051;0,08955895589558956;0,22052205220522053
EC150157;FEMENINO;1313,0;1268,0;30,0;15,0;0,02284843869002285;0,011424219345011425;0,017517136329017517;0,0015232292460015233;0,0015232292460015233;0,0;0,002284843869002285;0,6184310738766184;0,0015232292460015233;0,0007616146230007616;0,0;0,003808073115003808;0,002284843869002285;0,0;0,0913937547600914;0,22467631378522468
EC150158;FEMENINO;1697,0;1639,0;47,0;11,0;0,02769593400117855;0,00648202710665881;0,021803182086034177;0,0017678255745433118;0,0029463759575721863;0,0005892751915144372;0,0011785503830288745;0,5963464938126105;0,00648202710665881;0,0011785503830288745;0,0017678255745433118;0,0029463759575721863;0,002357100766057749;0,0011785503830288745;0,12610489098408956;0,1991750147318798
EC150350;FEMENINO;6058,0;5677,0;297,0;85,0;0,04902608121492242;0,014031033344338065;0,0366457576758006;0,0014856388246946186;0,002806206668867613;0,0014856388246946186;0,0014856388246946186;0,4280290524925718;0,006437768240343348;0,001650709805216243;0,00115549686365137;0,005282271376691978;0,0029712776493892373;0,007428194123473094;0,17448002641135688;0,2657642786398151
EC150352;FEMENINO;2409,0;2254,0;126,0;30,0;0,052303860523038606;0,012453300124533;0,0273972602739726;0,00041511000415110004;0,0033208800332088003;0,0016604400166044002;0,0;0,3868825238688252;0,0037359900373599006;0,0012453300124533001;0,0033208800332088003;0,0045662100456621;0,0020755500207555004;0,005396430053964301;0,2220838522208385;0,27355749273557495
EC150354;FEMENINO;1369,0;1276,0;80,0;13,0;0,05843681519357195;0,009495982468955442;0,029948867786705625;0,0007304601899196494;0,006574141709276844;0,0007304601899196494;0,0014609203798392988;0,2943754565376187;0,006574141709276844;0,0014609203798392988;0,0029218407596785976;0,0029218407596785976;0,004382761139517896;0,008035062089116142;0,3177501826150475;0,254200146092038
EC150356;FEMENINO;956,0;892,0;49,0;15,0;0,051255230125523014;0,015690376569037656;0,029288702928870293;0,0020920502092050207;0,005230125523012552;0,0010460251046025104;0,0041841004184100415;0,2688284518828452;0,0031380753138075313;0,0;0,0;0,0031380753138075313;0,0010460251046025104;0,0041841004184100415;0,18828451882845187;0,4225941422594142
EC150450;FEMENINO;1975,0;1851,0;113,0;11,0;0,05721518987341772;0,005569620253164557;0,033417721518987344;0,0005063291139240507;0,0005063291139240507;0,0005063291139240507;0,0015189873417721519;0,4;0,0035443037974683543;0,0;0,0005063291139240507;0,002531645569620253;0,0010126582278481013;0,00810126582278481;0,0389873417721519;0,4460759493670886
EC150451;FEMENINO;274,0;255,0;12,0;7,0;0,043795620437956206;0,025547445255474453;0,01824817518248175;0,0;0,0;0,0;0,0;0,40145985401459855;0,0;0,0;0,0;0,0;0,0;0,0072992700729927005;0,06934306569343066;0,4343065693430657
EC150452;FEMENINO;142,0;132,0;6,0;4,0;0,04225352112676056;0,028169014084507043;0,0;0,0;0,0;0,0;0,0;0,29577464788732394;0,0;0,0;0,0;0,0;0,0;0,0;0,04929577464788732;0,5845070422535211
EC150453;FEMENINO;262,0;260,0;2,0;0,0;0,007633587786259542;0,0;0,007633587786259542;0,0;0,0;0,0;0,0;0,05343511450381679;0,0;0,0;0,0;0,0;0,0;0,0;0,05343511450381679;0,8778625954198473
EC150454;FEMENINO;553,0;508,0;37,0;8,0;0,06690777576853527;0,014466546112115732;0,018083182640144666;0,0;0,0;0,0;0,0;0,37613019891500904;0,0018083182640144665;0,0;0,0;0,0;0,0018083182640144665;0,0054249547920434;0,03616636528028933;0,47920433996383366
EC150455;FEMENINO;231,0;218,0;12,0;1,0;0,05194805194805195;0,004329004329004329;0,025974025974025976;0,0;0,0;0,0;0,0;0,5108225108225108;0,0;0,0;0,0;0,004329004329004329;0,0;0,004329004329004329;0,021645021645021644;0,37662337662337664
EC150750;FEMENINO;897,0;851,0;38,0;8,0;0,042363433667781496;0,008918617614269788;0,03678929765886288;0,002229654403567447;0,0033444816053511705;0,0011148272017837235;0,0033444816053511705;0,5139353400222966;0,005574136008918618;0,0;0,0011148272017837235;0,0011148272017837235;0,0011148272017837235;0,008918617614269788;0,059085841694537344;0,3110367892976589
EC150751;FEMENINO;201,0;191,0;9,0;1,0;0,04477611940298507;0,004975124378109453;0,029850746268656716;0,0;0,0;0,0;0,004975124378109453;0,472636815920398;0,0;0,0;0,0;0,0;0,0;0,0;0,07462686567164178;0,3681592039800995
EC150752;FEMENINO;238,0;227,0;8,0;3,0;0,03361344537815126;0,012605042016806723;0,025210084033613446;0,0;0,0;0,0;0,01680672268907563;0,31932773109243695;0,004201680672268907;0,0;0,0;0,0;0,008403361344537815;0,004201680672268907;0,1092436974789916;0,46638655462184875
EC150753;FEMENINO;291,0;273,0;15,0;3,0;0,05154639175257732;0,010309278350515464;0,027491408934707903;0,0;0,003436426116838488;0,0;0,006872852233676976;0,3470790378006873;0,0;0,006872852233676976;0,003436426116838488;0,0;0,0;0,0;0,09621993127147767;0,44673539518900346
EC150754;FEMENINO;917,0;876,0;29,0;12,0;0,03162486368593239;0,013086150490730643;0,030534351145038167;0,0010905125408942203;0,0;0,0010905125408942203;0,010905125408942203;0,5670665212649946;0,003271537622682661;0,0;0,0010905125408942203;0,0010905125408942203;0,0021810250817884407;0,0;0,03380588876772083;0,3031624863685932
EC150756;FEMENINO;120,0;118,0;2,0;0,0;0,016666666666666666;0,0;0,008333333333333333;0,0;0,0;0,0;0,041666666666666664;0,5083333333333333;0,0;0,0;0,0;0,0;0,0;0,0;0,05;0,375
EC150950;FEMENINO;1650,0;1568,0;58,0;24,0;0,03515151515151515;0,014545454545454545;0,02727272727272727;0,0012121212121212121;0,0018181818181818182;0,0;0,0006060606060606061;0,6139393939393939;0,00787878787878788;0,0024242424242424242;0,0006060606060606061;0,0018181818181818182;0,0036363636363636364;0,0024242424242424242;0,06727272727272728;0,2193939393939394
EC160150;FEMENINO;14990,0;14011,0;825,0;153,0;0,055036691127418276;0,010206804536357571;0,02941961307538359;0,000600400266844563;0,002134756504336224;0,001534356237491661;0,001200800533689126;0,633555703802535;0,004736490993995997;0,0007338225483655771;0,00133422281521014;0,0017344896597731821;0,001667778519012675;0,0062708472314876584;0,03982655103402268;0,20993995997331555
EC160152;FEMENINO;764,0;640,0;85,0;39,0;0,11125654450261781;0,051047120418848166;0,017015706806282723;0,002617801047120419;0,005235602094240838;0,003926701570680628;0,002617801047120419;0,45549738219895286;0,01963350785340314;0,0;0,0;0,007853403141361256;0,003926701570680628;0,003926701570680628;0,13350785340314136;0,18193717277486912
EC160154;FEMENINO;720,0;648,0;43,0;29,0;0,059722222222222225;0,04027777777777778;0,02361111111111111;0,001388888888888889;0,005555555555555556;0,001388888888888889;0,001388888888888889;0,5472222222222223;0,011111111111111112;0,001388888888888889;0,0;0,004166666666666667;0,004166666666666667;0,005555555555555556;0,09166666666666666;0,2013888888888889
EC160155;FEMENINO;664,0;631,0;24,0;9,0;0,03614457831325301;0,01355421686746988;0,01957831325301205;0,0;0,004518072289156626;0,0030120481927710845;0,0;0,6325301204819277;0,010542168674698794;0,0030120481927710845;0,0015060240963855422;0,0;0,0030120481927710845;0,009036144578313253;0,05120481927710843;0,21234939759036145
EC160156;FEMENINO;1038,0;875,0;99,0;63,0;0,0953757225433526;0,06069364161849711;0,014450867052023121;0,0009633911368015414;0,004816955684007707;0,004816955684007707;0,00674373795761079;0,30057803468208094;0,012524084778420038;0,008670520231213872;0,002890173410404624;0,008670520231213872;0,004816955684007707;0,009633911368015413;0,3622350674373796;0,10115606936416185
EC160157;FEMENINO;169,0;153,0;12,0;4,0;0,07100591715976332;0,023668639053254437;0,01775147928994083;0,0;0,0;0,0;0,0;0,6568047337278107;0,011834319526627219;0,0;0,0;0,0;0,005917159763313609;0,0;0,03550295857988166;0,17751479289940827
EC160158;FEMENINO;103,0;90,0;10,0;3,0;0,0970873786407767;0,02912621359223301;0,02912621359223301;0,019417475728155338;0,0;0,009708737864077669;0,019417475728155338;0,22330097087378642;0,009708737864077669;0,0;0,0;0,009708737864077669;0,019417475728155338;0,0;0,13592233009708737;0,39805825242718446
EC160159;FEMENINO;204,0;185,0;7,0;12,0;0,03431372549019608;0,058823529411764705;0,00980392156862745;0,004901960784313725;0,004901960784313725;0,014705882352941176;0,0;0,3431372549019608;0,0196078431372549;0,004901960784313725;0,0;0,029411764705882353;0,00980392156862745;0,00980392156862745;0,25980392156862747;0,19607843137254902
EC160161;FEMENINO;1103,0;1002,0;77,0;25,0;0,06980961015412511;0,022665457842248413;0,009066183136899365;0,0027198549410698096;0,010879419764279238;0,004533091568449683;0,001813236627379873;0,20308250226654578;0,009972801450589302;0,007252946509519492;0,0;0,011786038077969175;0,003626473254759746;0,0027198549410698096;0,5321849501359928;0,10879419764279238
EC160162;FEMENINO;2278,0;2047,0;165,0;68,0;0,07243195785776997;0,029850746268656716;0,014047410008779631;0,0030728709394205445;0,003511852502194908;0,0026338893766461808;0,000877963125548727;0,480684811237928;0,007023705004389816;0,0004389815627743635;0,001755926251097454;0,0052677787532923615;0,0026338893766461808;0,007462686567164179;0,17734855136084285;0,19183494293239683
EC160163;FEMENINO;1679,0;1547,0;106,0;26,0;0,0631328171530673;0,015485407980941036;0,01846337105419893;0,0029779630732578916;0,0011911852293031567;0,0011911852293031567;0,0029779630732578916;0,5205479452054794;0,006551518761167362;0,001786777843954735;0,0011911852293031567;0,0029779630732578916;0,0023823704586063135;0,00357355568790947;0,09410363311494938;0,2614651578320429
EC160164;FEMENINO;457,0;435,0;17,0;5,0;0,037199124726477024;0,010940919037199124;0,0175054704595186;0,002188183807439825;0,002188183807439825;0,002188183807439825;0,0;0,5229759299781181;0,00437636761487965;0,002188183807439825;0,00437636761487965;0,0;0,002188183807439825;0,006564551422319475;0,13566739606126915;0,24945295404814005
EC160165;FEMENINO;941,0;883,0;43,0;13,0;0,04569606801275239;0,01381509032943677;0,030818278427205102;0,0010626992561105207;0,0021253985122210413;0,0021253985122210413;0,0010626992561105207;0,6184909670563231;0,004250797024442083;0,0;0,003188097768331562;0,004250797024442083;0,003188097768331562;0,008501594048884165;0,04250797024442083;0,21679064824654623
EC160166;FEMENINO;648,0;591,0;50,0;8,0;0,07716049382716049;0,012345679012345678;0,027777777777777776;0,0;0,0015432098765432098;0,004629629629629629;0,0;0,49074074074074076;0,006172839506172839;0,0;0,0015432098765432098;0,0030864197530864196;0,0015432098765432098;0,009259259259259259;0,040123456790123455;0,3256172839506173
EC160250;FEMENINO;680,0;643,0;33,0;4,0;0,04852941176470588;0,0058823529411764705;0,027941176470588237;0,0;0,004411764705882353;0,0014705882352941176;0,0;0,6205882352941177;0,0029411764705882353;0,0;0,0;0,0;0,004411764705882353;0,011764705882352941;0,030882352941176472;0,2411764705882353
EC160251;FEMENINO;859,0;803,0;39,0;17,0;0,04540162980209546;0,01979045401629802;0,020954598370197905;0,0;0,0011641443538998836;0,004656577415599534;0,0011641443538998836;0,4458672875436554;0,010477299185098952;0,0;0,002328288707799767;0,0034924330616996507;0,0011641443538998836;0,004656577415599534;0,1420256111757858;0,2968568102444703
EC160252;FEMENINO;2997,0;2818,0;152,0;26,0;0,050717384050717386;0,008675342008675343;0,035035035035035036;0,000667334000667334;0,002335669002335669;0,005005005005005005;0,002002002002002002;0,62328995662329;0,004337671004337671;0,001334668001334668;0,000333667000333667;0,002002002002002002;0,002335669002335669;0,006339673006339673;0,03670337003670337;0,21855188521855187
EC160350;FEMENINO;1505,0;1441,0;48,0;16,0;0,03189368770764119;0,0106312292358804;0,019933554817275746;0,00132890365448505;0,00132890365448505;0,000664451827242525;0,0019933554817275745;0,4611295681063123;0,006644518272425249;0,000664451827242525;0,000664451827242525;0,00132890365448505;0,000664451827242525;0,003986710963455149;0,16212624584717608;0,2950166112956811
EC160351;FEMENINO;411,0;373,0;18,0;20,0;0,043795620437956206;0,04866180048661801;0,031630170316301706;0,0;0,0;0,0;0,0;0,5231143552311436;0,024330900243309004;0,0;0,0024330900243309003;0,0072992700729927005;0,0;0,0;0,11678832116788321;0,20194647201946472
EC160450;FEMENINO;1717,0;1625,0;61,0;30,0;0,035527082119976704;0,017472335468841003;0,016307513104251603;0,0029120559114735;0,006988934187536401;0,0017472335468841002;0,0011648223645894002;0,4344787419918462;0,008736167734420501;0,0017472335468841002;0,0011648223645894002;0,0029120559114735;0,0005824111822947001;0,0064065230052417;0,19277810133954573;0,2684915550378567
EC160451;FEMENINO;918,0;801,0;59,0;58,0;0,06427015250544663;0,06318082788671024;0,010893246187363835;0,004357298474945534;0,004357298474945534;0,00980392156862745;0,002178649237472767;0,3355119825708061;0,014161220043572984;0,004357298474945534;0,0010893246187363835;0,006535947712418301;0,004357298474945534;0,0032679738562091504;0,23311546840958605;0,238562091503268
EC170151;FEMENINO;8390,0;7869,0;444,0;69,0;0,05292014302741359;0,008224076281287247;0,032777115613825986;0,0003575685339690107;0,0017878426698450535;0,0015494636471990466;0,002264600715137068;0,4734207389749702;0,003933253873659118;0,002026221692491061;0,0021454112038140644;0,0010727056019070322;0,0023837902264600714;0,009058402860548272;0,0632896305125149;0,34183551847437427
EC170152;FEMENINO;12091,0;11173,0;763,0;148,0;0,06310478868579936;0,01224050946985361;0,034157637912496895;0,0009924737407989413;0,002398478206930775;0,001654122901331569;0,0023157720618641967;0,32941857580018197;0,005541311719460756;0,001488710611198412;0,0019849474815978826;0,0018195351914647257;0,0024811843519973536;0,009842031262922836;0,10693904557108593;0,42304193201554874
EC170153;FEMENINO;736,0;669,0;53,0;14,0;0,07201086956521739;0,019021739130434784;0,03125;0,0;0,002717391304347826;0,0;0,006793478260869565;0,391304347826087;0,001358695652173913;0,0;0,004076086956521739;0,001358695652173913;0,004076086956521739;0,009510869565217392;0,10733695652173914;0,3491847826086957
EC170154;FEMENINO;1977,0;1815,0;111,0;51,0;0,05614567526555387;0,025796661608497723;0,02175012645422357;0,0005058168942842691;0,0010116337885685382;0,0015174506828528073;0,0035407182599898838;0,37784522003034904;0,006069802731411229;0,0025290844714213456;0,0010116337885685382;0,0020232675771370764;0,0025290844714213456;0,02175012645422357;0,08548305513404147;0,39049064238745573
EC170155;FEMENINO;63855,0;58948,0;4337,0;538,0;0,06791950512880746;0,008425338657896797;0,03572155665178921;0,0008769869234985515;0,0031007751937984496;0,0019105786547647012;0,002427374520397776;0,4010492522120429;0,004306632213608958;0,0011432150967034687;0,0021924673087463783;0,0012841594236943075;0,002239448751076658;0,009913084331688983;0,05388771435283063;0,40310077519379844
EC170156;FEMENINO;37313,0;35098,0;1995,0;203,0;0,05346662021279447;0,005440463109372069;0,03392919357864551;0,0005896068394393375;0,0024924289121753813;0,00192962238361965;0,0029748345080802935;0,5488167662744888;0,0047168547155147;0,0013400155441803125;0,0018492214509688311;0,0009380108809262188;0,0034304397931016;0,00871010103717203;0,04237129150698148;0,286548923967518
EC170157;FEMENINO;16247,0;15469,0;679,0;87,0;0,04179233089185696;0,005354834738720994;0,028128269834430973;0,00018464947374899983;0,0012925463162429987;0,0011694466670769989;0,0025850926324859974;0,6503354465439773;0,005108635440388995;0,0008001477195789992;0,008063027020372992;0,0005539484212469995;0,0011694466670769989;0,005662583861635994;0,033852403520649964;0,2132085923555118
EC170158;FEMENINO;314,0;278,0;28,0;8,0;0,08917197452229299;0,025477707006369428;0,012738853503184714;0,0;0,0;0,0;0,0;0,35987261146496813;0,0031847133757961785;0,0;0,0;0,0;0,0;0,012738853503184714;0,09872611464968153;0,3980891719745223
EC170159;FEMENINO;3210,0;2959,0;208,0;40,0;0,064797507788162;0,012461059190031152;0,020872274143302182;0,0009345794392523365;0,002803738317757009;0,00031152647975077883;0,0024922118380062306;0,2526479750778816;0,005919003115264798;0,0012461059190031153;0,003115264797507788;0,0009345794392523365;0,0024922118380062306;0,004672897196261682;0,10716510903426792;0,5161993769470405
EC170160;FEMENINO;7386,0;6766,0;479,0;133,0;0,06485242350392635;0,01800704034660168;0,02545356079068508;0,0012185215272136475;0,001083130246412131;0,0012185215272136475;0,0020308692120227455;0,2826969943135662;0,005821825074465204;0,0009477389656106146;0,002166260492824262;0,0005415651232060655;0,0016246953696181965;0,006227998916869754;0,1256431085838072;0,4593826157595451
EC170161;FEMENINO;697,0;627,0;57,0;13,0;0,08177905308464849;0,018651362984218076;0,015781922525107604;0,0;0,0028694404591104736;0,0;0,00430416068866571;0,381635581061693;0,00430416068866571;0,0;0,0014347202295552368;0,0028694404591104736;0,0;0,00860832137733142;0,06025824964131994;0,41750358680057387
EC170162;FEMENINO;1469,0;1354,0;103,0;12,0;0,07011572498298162;0,008168822328114363;0,02314499659632403;0,0013614703880190605;0,0034036759700476512;0,0013614703880190605;0,0020422055820285907;0,34513274336283184;0,008168822328114363;0,0006807351940095302;0,0020422055820285907;0,0013614703880190605;0,0020422055820285907;0,008168822328114363;0,10415248468345814;0,4186521443158611
EC170163;FEMENINO;6654,0;6074,0;473,0;97,0;0,07108506161707244;0,014577697625488427;0,025097685602645026;0,00030057108506161706;0,0018034265103697023;0,0012022843402464682;0,0012022843402464682;0,32702134054703935;0,0034565674782085962;0,001352569882777277;0,0012022843402464682;0,0010519987977156598;0,001953712052900511;0,005259993988578298;0,07604448452058912;0,4658851818455065
EC170164;FEMENINO;3162,0;2879,0;230,0;49,0;0,07273877292852625;0,01549652118912081;0,025616698292220113;0,0;0,0015812776723592662;0,001265022137887413;0,0009487666034155598;0,30139152435167615;0,006957621758380772;0,0;0,0015812776723592662;0,002530044275774826;0,003478810879190386;0,0056925996204933585;0,10373181530676787;0,45572422517394057
EC170165;FEMENINO;4362,0;4042,0;287,0;30,0;0,06579550664832645;0,0068775790921595595;0,030949105914718018;0,001375515818431912;0,0009170105456212746;0,0009170105456212746;0,0022925263640531865;0,3771205868867492;0,005960568546538285;0,0018340210912425492;0,0016047684548372307;0,000687757909215956;0,0018340210912425492;0,008940852819807428;0,09926639156350298;0,3929390187987162
EC170166;FEMENINO;824,0;752,0;57,0;15,0;0,0691747572815534;0,01820388349514563;0,023058252427184466;0,0012135922330097086;0,0012135922330097086;0,0012135922330097086;0,0;0,35072815533980584;0,007281553398058253;0,0024271844660194173;0,0;0,0012135922330097086;0,0036407766990291263;0,0012135922330097086;0,13713592233009708;0,38228155339805825
EC170168;FEMENINO;921,0;819,0;80,0;22,0;0,08686210640608034;0,023887079261672096;0,01737242128121607;0,0010857763300760044;0,002171552660152009;0,006514657980456026;0,004343105320304018;0,3702497285559175;0,00760043431053203;0,0;0,013029315960912053;0,003257328990228013;0,002171552660152009;0,00760043431053203;0,05646036916395222;0,3973941368078176
EC170169;FEMENINO;1241,0;1128,0;95,0;17,0;0,07655116841257051;0,0136986301369863;0,0249798549556809;0,0;0,0024174053182917004;0,0016116035455278;0,0008058017727639;0,38678485092667203;0,0024174053182917004;0,0008058017727639;0,0032232070910556;0,0008058017727639;0,0016116035455278;0,008863819500402902;0,048348106365834004;0,4262691377921031
EC170170;FEMENINO;4960,0;4666,0;245,0;47,0;0,04939516129032258;0,009475806451612903;0,02903225806451613;0,0010080645161290322;0,001411290322580645;0,0010080645161290322;0,0064516129032258064;0,5576612903225806;0,0036290322580645163;0,002620967741935484;0,0020161290322580645;0,0020161290322580645;0,0020161290322580645;0,007056451612903226;0,06451612903225806;0,2602822580645161
EC170171;FEMENINO;607,0;536,0;63,0;8,0;0,10378912685337727;0,013179571663920923;0,018121911037891267;0,0;0,0032948929159802307;0,0;0,0;0,2800658978583196;0,008237232289950576;0,0016474464579901153;0,0;0,0;0,0032948929159802307;0,0;0,12026359143327842;0,44810543657331137
EC170172;FEMENINO;1511,0;1311,0;151,0;49,0;0,099933818663137;0,03242885506287227;0,031105228325612178;0,0006618133686300463;0,0013236267372600927;0,001985440105890139;0,0026472534745201853;0,3626737260092654;0,005956320317670417;0,0013236267372600927;0,0006618133686300463;0,0013236267372600927;0,0033090668431502318;0,011250827266710787;0,071475843812045;0,37193911317008604
EC170174;FEMENINO;352,0;324,0;22,0;6,0;0,0625;0,017045454545454544;0,019886363636363636;0,0;0,0;0,0;0,002840909090909091;0,4460227272727273;0,011363636363636364;0,002840909090909091;0,005681818181818182;0,002840909090909091;0,0;0,005681818181818182;0,06534090909090909;0,35795454545454547
EC170175;FEMENINO;7307,0;6680,0;519,0;106,0;0,07102778157930752;0,014506637470918297;0,029834405364718763;0,0001368550704803613;0,0027371014096072258;0,0013685507048036129;0,0026002463391268647;0,2987546188586287;0,006158478171616259;0,0015054057752839742;0,0027371014096072258;0,0015054057752839742;0,00314766662104831;0,007527028876419871;0,09908307102778158;0,45709593540440674
EC170176;FEMENINO;7880,0;7364,0;411,0;102,0;0,05215736040609137;0,012944162436548223;0,021573604060913704;0,0010152284263959391;0,0011421319796954316;0,00266497461928934;0,003299492385786802;0,27563451776649744;0,005456852791878172;0,0011421319796954316;0,0017766497461928934;0,0017766497461928934;0,0020304568527918783;0,007360406091370559;0,1282994923857868;0,48134517766497464
EC170177;FEMENINO;13905,0;13119,0;698,0;83,0;0,0501977705861201;0,0059690758719884935;0,0292700467457749;0,00028766630708378283;0,0027328299172959367;0,0008629989212513484;0,003236245954692557;0,5229773462783172;0,004027328299172959;0,0013664149586479683;0,0020136641495864796;0,0006472491909385113;0,002229413879899317;0,00819848975188781;0,04135203164329378;0,32427184466019415
EC170178;FEMENINO;2414,0;2130,0;193,0;91,0;0,07995028997514499;0,037696768848384424;0,023612261806130904;0,0016570008285004142;0,002071251035625518;0,0008285004142502071;0,0008285004142502071;0,29743164871582434;0,006213753106876553;0,0024855012427506215;0,0012427506213753107;0,002899751449875725;0,0016570008285004142;0,008699254349627174;0,09942004971002485;0,43330571665285833
EC170179;FEMENINO;6062,0;5634,0;350,0;77,0;0,057736720554272515;0,012702078521939953;0,025404157043879907;0,0004948861761794787;0,0024744308808973938;0,0013196964698119432;0,002144506763444408;0,39013526888815575;0,005608709996700759;0,0009897723523589574;0,0024744308808973938;0,0006598482349059716;0,0028043549983503796;0,005773672055427252;0,06021115143516991;0,4289013526888816
EC170180;FEMENINO;14228,0;13240,0;879,0;106,0;0,06177958954174866;0,007450098397526005;0,02902727017149283;0,0006325555243182458;0,0028816418330053417;0,0014056789429294349;0,0018273826258082655;0,40012651110486364;0,004357604723081248;0,000562271577171774;0,0014759628900759066;0,0009839752600506045;0,0017570986786617936;0,010964295754849593;0,07098678661793646;0,40357042451504077
EC170181;FEMENINO;2421,0;2141,0;215,0;63,0;0,08880627839735647;0,026022304832713755;0,021891780256092525;0,0020652622883106154;0,0020652622883106154;0,0020652622883106154;0,0037174721189591076;0,2829409334985543;0,004956629491945477;0,0012391573729863693;0,0024783147459727386;0,0012391573729863693;0,003304419661296985;0,008674101610904586;0,10863279636513837;0,43907476249483685
EC170183;FEMENINO;1231,0;1127,0;86,0;18,0;0,06986190089358245;0,01462225832656377;0,03574329813160033;0,0;0,003249390739236393;0,002437043054427295;0,002437043054427295;0,3980503655564582;0,003249390739236393;0,0;0,0016246953696181965;0,0016246953696181965;0,0016246953696181965;0,005686433793663688;0,06011372867587327;0,39967506092607635
EC170184;FEMENINO;23898,0;22004,0;1658,0;231,0;0,0693781906435685;0,009666080843585237;0,03263871453678132;0,0007532011046949536;0,003263871453678132;0,0014227131977571344;0,0027617373838814963;0,4445560297932881;0,0056908527910285375;0,0011716461628588166;0,0026362038664323375;0,001213490668675203;0,0019666917733701566;0,007322788517867604;0,06305967026529417;0,3522888944681563
EC170185;FEMENINO;8227,0;7514,0;567,0;141,0;0,0689194116932053;0,017138689680320895;0,030509298650784004;0,0006077549532028686;0,002552570803452048;0,002187917831530327;0,0037680807098577854;0,30375592561079373;0,007414610429074997;0,0010939589157651635;0,0019448158502491796;0,0009724079251245898;0,0018232648596086059;0,0053482435881852435;0,08800291722377537;0,46335237632186704
EC170186;FEMENINO;2359,0;2207,0;126,0;26,0;0,05341246290801187;0,011021619330224672;0,04111911827045358;0,000423908435777872;0,001695633743111488;0,002543450614667232;0,003391267486222976;0,39126748622297586;0,005510809665112336;0,00211954217888936;0,002543450614667232;0,000847816871555744;0,000847816871555744;0,012293344637558287;0,11784654514624841;0,35311572700296734
EC170250;FEMENINO;2910,0;2675,0;201,0;34,0;0,06907216494845361;0,01168384879725086;0,027147766323024056;0,0006872852233676976;0,003436426116838488;0,0010309278350515464;0,002061855670103093;0,17457044673539518;0,004467353951890034;0,0006872852233676976;0,002061855670103093;0,0006872852233676976;0,002061855670103093;0,003436426116838488;0,2013745704467354;0,49553264604811
EC170251;FEMENINO;2145,0;1995,0;126,0;24,0;0,05874125874125874;0,011188811188811189;0,029836829836829837;0,0;0,0013986013986013986;0,0004662004662004662;0,0;0,30862470862470864;0,002797202797202797;0,0009324009324009324;0,0004662004662004662;0,0009324009324009324;0,0009324009324009324;0,008857808857808859;0,14172494172494174;0,4331002331002331
EC170252;FEMENINO;6093,0;5268,0;640,0;182,0;0,10503856884949943;0,0298703430165764;0,011980961759396029;0,0013129821106187428;0,0018053504021007714;0,0006564910553093714;0,0013129821106187428;0,07254226161168555;0,008534383719021828;0,0006564910553093714;0,0013129821106187428;0,0018053504021007714;0,0029542097488921715;0,015263417035942885;0,2901690464467422;0,454291810274085
EC170253;FEMENINO;2932,0;2628,0;236,0;67,0;0,08049113233287858;0,022851296043656207;0,007503410641200546;0,00034106412005457026;0,0017053206002728514;0,0010231923601637107;0,0006821282401091405;0,0951568894952251;0,0047748976807639835;0,0006821282401091405;0,00034106412005457026;0,001364256480218281;0,0006821282401091405;0,0030695770804911324;0,29774897680763984;0,48124147339699863
EC170254;FEMENINO;1175,0;1061,0;91,0;23,0;0,0774468085106383;0,01957446808510638;0,01702127659574468;0,001702127659574468;0,000851063829787234;0,000851063829787234;0,0;0,12085106382978723;0,001702127659574468;0,003404255319148936;0,0;0,003404255319148936;0,002553191489361702;0,005957446808510639;0,28595744680851065;0,45872340425531916
EC170255;FEMENINO;1706,0;1585,0;96,0;28,0;0,05627198124267292;0,016412661195779603;0,019343493552168817;0,0011723329425556857;0,0017584994138335288;0,0017584994138335288;0,0005861664712778429;0,19988276670574442;0,006447831184056272;0,0005861664712778429;0,009378663540445486;0,0017584994138335288;0,0017584994138335288;0,011137162954279016;0,20808909730363423;0,4654161781946073
EC170256;FEMENINO;3471,0;3256,0;158,0;55,0;0,04552002304811294;0,01584557764333045;0,01613367905502737;0,0014405070584845865;0,00432152117545376;0,028522039757994815;0,0011524056467876692;0,18208009219245175;0,004609622587150677;0,0005762028233938346;0,0005762028233938346;0,0005762028233938346;0,0011524056467876692;0,005762028233938346;0,21031403053874964;0,480841256122155
EC170350;FEMENINO;14208,0;13272,0;813,0;119,0;0,057221283783783786;0,008375563063063063;0,029420045045045046;0,0004926801801801801;0,0011261261261261261;0,002463400900900901;0,0016891891891891893;0,4280686936936937;0,004363738738738738;0,0011261261261261261;0,0015484234234234234;0,0008445945945945946;0,002463400900900901;0,008516328828828829;0,16159909909909909;0,2903997747747748
EC170351;FEMENINO;3736,0;3470,0;223,0;42,0;0,05968950749464668;0,011241970021413276;0,03024625267665953;0,0013383297644539614;0,0024089935760171306;0,0010706638115631692;0,0024089935760171306;0,38436830835117775;0,006156316916488222;0,0016059957173447537;0,0016059957173447537;0,0002676659528907923;0,0010706638115631692;0,008297644539614561;0,15524625267665954;0,33270877944325483
EC170352;FEMENINO;2781,0;2611,0;145,0;23,0;0,05213951815893563;0,008270406328658756;0,027328299172959366;0,0010787486515641855;0,0025170801869830997;0,001438331535418914;0,000719165767709457;0,36138079827400216;0,004674577490111471;0,003955411722402014;0,0010787486515641855;0,000719165767709457;0,0025170801869830997;0,009349154980222941;0,1815893563466379;0,3405249910104279
EC170353;FEMENINO;6770,0;6184,0;487,0;101,0;0,07193500738552437;0,014918759231905466;0,028064992614475627;0,00103397341211226;0,0022156573116691287;0,0017725258493353029;0,0011816838995568684;0,25258493353028066;0,006794682422451994;0,0008862629246676514;0,00103397341211226;0,0004431314623338257;0,0014771048744460858;0,00930576070901034;0,19497784342688332;0,4116691285081241
EC170354;FEMENINO;602,0;558,0;33,0;10,0;0,054817275747508304;0,016611295681063124;0,006644518272425249;0,0;0,0;0,0033222591362126247;0,0;0,2724252491694352;0,008305647840531562;0,0;0,0;0,0;0,0;0,008305647840531562;0,26411960132890366;0,3637873754152824
EC170355;FEMENINO;1057,0;924,0;105,0;28,0;0,09933774834437085;0,026490066225165563;0,02554399243140965;0,0;0,000946073793755913;0,001892147587511826;0,001892147587511826;0,38789025543992434;0,002838221381267739;0,002838221381267739;0,001892147587511826;0,0;0,003784295175023652;0,004730368968779565;0,05581835383159887;0,3841059602649007
EC170356;FEMENINO;4134,0;3817,0;265,0;46,0;0,0641025641025641;0,011127237542331882;0,030478955007256895;0,000725689404934688;0,0019351717464925011;0,00024189646831156264;0,000725689404934688;0,3875181422351234;0,002902757619738752;0,002660861151427189;0,0021770682148040637;0,00024189646831156264;0,001451378809869376;0,007982583454281567;0,1301402999516207;0,35413642960812775
EC170357;FEMENINO;1700,0;1588,0;94,0;18,0;0,05529411764705883;0,010588235294117647;0,028823529411764706;0,000588235294117647;0,001176470588235294;0,001176470588235294;0,0035294117647058825;0,5035294117647059;0,002352941176470588;0,000588235294117647;0,0;0,001176470588235294;0,0035294117647058825;0,01;0,07470588235294118;0,3029411764705882
EC170450;FEMENINO;7856,0;7290,0;413,0;153,0;0,052571283095723016;0,019475560081466396;0,025330957230142566;0,0006364562118126273;0,0019093686354378818;0,001145621181262729;0,0012729124236252546;0,22212321792260692;0,00280040733197556;0,0008910386965376783;0,001145621181262729;0,0008910386965376783;0,001654786150712831;0,006873727087576375;0,18177189409368635;0,4795061099796334
EC170451;FEMENINO;1452,0;1336,0;85,0;31,0;0,05853994490358127;0,02134986225895317;0,024104683195592287;0,0;0,0027548209366391185;0,0027548209366391185;0,0006887052341597796;0,24724517906336088;0,0027548209366391185;0,0;0,0;0,0006887052341597796;0,004132231404958678;0,0027548209366391185;0,2024793388429752;0,4297520661157025
EC170452;FEMENINO;2022,0;1839,0;146,0;37,0;0,0722057368941642;0,018298714144411473;0,017804154302670624;0,0004945598417408506;0,0019782393669634025;0,0004945598417408506;0,001483679525222552;0,22453016815034618;0,004945598417408506;0,0009891196834817012;0,0009891196834817012;0,0009891196834817012;0,0009891196834817012;0,010385756676557863;0,14193867457962414;0,5014836795252225
EC170453;FEMENINO;717,0;662,0;37,0;18,0;0,05160390516039052;0,02510460251046025;0,015341701534170154;0,001394700139470014;0,001394700139470014;0,0;0,0;0,2315202231520223;0,008368200836820083;0,0041841004184100415;0,0;0,002789400278940028;0,001394700139470014;0,005578800557880056;0,18410041841004185;0,46722454672245467
EC170454;FEMENINO;2014,0;1859,0;113,0;42,0;0,05610724925521351;0,020854021847070508;0,007944389275074478;0,0004965243296921549;0,003475670307845084;0,0009930486593843098;0,0009930486593843098;0,12760675273088382;0,0029791459781529296;0,0009930486593843098;0,0029791459781529296;0,0019860973187686196;0,0009930486593843098;0,0029791459781529296;0,24875868917576963;0,5198609731876862
EC170550;FEMENINO;30106,0;28386,0;1520,0;182,0;0,050488274762505815;0,006045306583405301;0,030625124559888393;0,0020261741845479307;0,0024911977678868;0,002391549857171328;0,0015279346309705706;0,5;0,0048495316548196376;0,00099647910715472;0,001793662392878496;0,0009632631369162293;0,001893310303593968;0,009665847339400784;0,05291304058991563;0,3307314156646516
EC170551;FEMENINO;1285,0;1189,0;84,0;12,0;0,06536964980544747;0,00933852140077821;0,031906614785992216;0,0007782101167315176;0,0015564202334630351;0,0023346303501945525;0,0015564202334630351;0,3914396887159533;0,010116731517509728;0,0015564202334630351;0,0007782101167315176;0,0015564202334630351;0,0015564202334630351;0,008560311284046693;0,07081712062256809;0,40077821011673154
EC170552;FEMENINO;254,0;233,0;18,0;3,0;0,07086614173228346;0,011811023622047244;0,051181102362204724;0,0;0,0;0,0;0,0;0,24015748031496062;0,003937007874015748;0,003937007874015748;0,003937007874015748;0,003937007874015748;0,003937007874015748;0,003937007874015748;0,14566929133858267;0,4566929133858268
EC170750;FEMENINO;4115,0;3836,0;221,0;61,0;0,05370595382746051;0,014823815309842042;0,02503037667071689;0,0007290400972053463;0,0014580801944106927;0,0007290400972053463;0,0007290400972053463;0,4459295261239368;0,006075334143377886;0,002187120291616039;0,0019441069258809235;0,001215066828675577;0,0019441069258809235;0,006561360874848116;0,02818955042527339;0,4094775212636695
EC170751;FEMENINO;1002,0;960,0;30,0;12,0;0,029940119760479042;0,011976047904191617;0,033932135728542916;0,0;0,0029940119760479044;0,0;0,0;0,49600798403193613;0,003992015968063872;0,0;0,000998003992015968;0,0;0,001996007984031936;0,00499001996007984;0,04091816367265469;0,3722554890219561
EC170850;FEMENINO;5506,0;5020,0;378,0;106,0;0,06865237922266618;0,01925172539048311;0,016527424627678897;0,0010897203051216855;0,0003632401017072285;0,002905920813657828;0,0005448601525608427;0,3990192517253905;0,005266981474754813;0,0018162005085361425;0,0005448601525608427;0,0009081002542680712;0,003087540864511442;0,005448601525608427;0,029240828187431893;0,4449691245913549
EC170950;FEMENINO;7638,0;6824,0;547,0;267,0;0,07161560617962817;0,034956794972505895;0,019638648860958365;0,0006546216286986122;0,001440167583136947;0,0022257135375752814;0,0005236973029588898;0,3273108143493061;0,008117308195862791;0,001832940560356114;0,0017020162346163916;0,0015710919088766694;0,0015710919088766694;0,006022518984027232;0,015318146111547526;0,5054988216810683
EC180150;FEMENINO;1492,0;1370,0;100,0;22,0;0,06702412868632708;0,014745308310991957;0,022117962466487937;0,0013404825737265416;0,0013404825737265416;0,0013404825737265416;0,002680965147453083;0,6132707774798928;0,006032171581769437;0,003351206434316354;0,003351206434316354;0,0013404825737265416;0,004021447721179625;0,00871313672922252;0,07037533512064344;0,1789544235924933
EC180151;FEMENINO;1653,0;1455,0;158,0;40,0;0,0955837870538415;0,024198427102238355;0,021778584392014518;0,0;0,006049606775559589;0,004839685420447671;0,003629764065335753;0,3206291591046582;0,013309134906231096;0,0006049606775559589;0,0024198427102238356;0,003629764065335753;0,0030248033877797943;0,009074410163339383;0,18935269207501512;0,3018753781004235
EC180152;FEMENINO;3759,0;3490,0;222,0;43,0;0,05905826017557861;0,011439212556530992;0,0260707635009311;0,00026602819898909286;0,005054535780792764;0,002128225591912743;0,004256451183825486;0,5802075019952115;0,005852620377760042;0,0023942537909018356;0,00186219739292365;0,002926310188880021;0,003458366586858207;0,006916733173716414;0,0627826549614259;0,22426177174780526
EC180153;FEMENINO;3472,0;3135,0;279,0;58,0;0,08035714285714286;0,016705069124423964;0,022465437788018433;0,002880184331797235;0,002880184331797235;0,0014400921658986176;0,002880184331797235;0,5259216589861752;0,008352534562211982;0,0014400921658986176;0,0020161290322580645;0,0031682027649769587;0,0020161290322580645;0,0069124423963133645;0,11923963133640553;0,20132488479262672
EC180154;FEMENINO;1052,0;887,0;106,0;58,0;0,10076045627376426;0,055133079847908745;0,013307984790874524;0,0019011406844106464;0,0009505703422053232;0,0019011406844106464;0,0019011406844106464;0,47338403041825095;0,0076045627376425855;0,0028517110266159697;0,0028517110266159697;0,0038022813688212928;0,004752851711026616;0,004752851711026616;0,15874524714828897;0,1644486692015209
EC180155;FEMENINO;3746,0;3528,0;175,0;43,0;0,04671649759743727;0,011478910838227442;0,027495995728777364;0,000800854244527496;0,0037373198077949813;0,001601708489054992;0,0010678056593699946;0,599572877736252;0,006139882541377469;0,0005339028296849973;0,0018686599038974907;0,000800854244527496;0,0026695141484249867;0,0058729311265349705;0,06914041644420715;0,2205018686599039
EC180156;FEMENINO;7898,0;7318,0;470,0;110,0;0,05950873638895923;0,013927576601671309;0,023930108888326158;0,0024056723221068626;0,002785515320334262;0,001392757660167131;0,003165358318561661;0,5484932894403647;0,00785008863003292;0,0016459863256520638;0,0012661433274246644;0,003165358318561661;0,003038743985819195;0,00607748797163839;0,11648518612306913;0,2048619903773107
EC180157;FEMENINO;2955,0;2624,0;236,0;92,0;0,07986463620981388;0,0311336717428088;0,012859560067681896;0,0020304568527918783;0,0023688663282571912;0,003045685279187817;0,0027072758037225042;0,36277495769881557;0,005076142131979695;0,0023688663282571912;0,0013536379018612521;0,003045685279187817;0,0027072758037225042;0,004399323181049069;0,3248730964467005;0,15837563451776648
EC180158;FEMENINO;1331,0;1260,0;59,0;12,0;0,04432757325319309;0,009015777610818933;0,030803906836964687;0,003756574004507889;0,003005259203606311;0,0007513148009015778;0,002253944402704733;0,5935386927122465;0,003756574004507889;0,0007513148009015778;0,003756574004507889;0,0;0,003756574004507889;0,011269722013523666;0,05108940646130729;0,23816679188580014
EC180159;FEMENINO;2225,0;1819,0;267,0;135,0;0,12;0,060674157303370786;0,012134831460674157;0,001348314606741573;0,00044943820224719103;0,004943820224719101;0,0035955056179775282;0,30651685393258427;0,0071910112359550565;0,0008988764044943821;0,0022471910112359553;0,0022471910112359553;0,003146067415730337;0,03325842696629214;0,23101123595505618;0,20853932584269663
EC180160;FEMENINO;5536,0;5136,0;325,0;74,0;0,05870664739884393;0,013367052023121388;0,024927745664739886;0,001445086705202312;0,0032514450867052024;0,0030708092485549135;0,003793352601156069;0,5966401734104047;0,008128612716763005;0,0016257225433526012;0,001445086705202312;0,002890173410404624;0,0034320809248554913;0,006141618497109827;0,0886921965317919;0,1822615606936416
EC180161;FEMENINO;4623,0;4033,0;443,0;145,0;0,09582522171749946;0,03136491455764655;0,009517629245078953;0,0015141682889898333;0,0023794073112697383;0,0028120268224096907;0,001946787800129786;0,1598529093662124;0,00627298291152931;0,0015141682889898333;0,0012978585334198572;0,0054077438892494055;0,0030283365779796667;0,00627298291152931;0,5109236426562838;0,15963659961064244
EC180162;FEMENINO;3865,0;3154,0;535,0;176,0;0,1384217335058215;0,045536869340232856;0,016558861578266495;0,0015523932729624838;0,00129366106080207;0,0036222509702457956;0,004657179818887452;0,2734799482535576;0,009055627425614488;0,004398447606727037;0,0015523932729624838;0,0054333764553686935;0,0059508408796895215;0,007244501940491591;0,29702457956015527;0,18421733505821475
EC180163;FEMENINO;3298,0;3020,0;235,0;42,0;0,07125530624620982;0,012734990903577926;0,024863553668890235;0,0015160703456640388;0,005457853244390539;0,002122498483929654;0,0027289266221952697;0,5554881746513038;0,004548211036992117;0,0033353547604608852;0,001212856276531231;0,0015160703456640388;0,002425712553062462;0,007883565797453002;0,10278956943602183;0,19981807155852033
EC180164;FEMENINO;901,0;743,0;126,0;32,0;0,13984461709211987;0,03551609322974473;0,008879023307436182;0,0011098779134295228;0,0011098779134295228;0,008879023307436182;0,005549389567147614;0,27968923418423974;0,011098779134295227;0,0;0,0022197558268590455;0,0;0,004439511653718091;0,003329633740288568;0,2630410654827969;0,23529411764705882
EC180165;FEMENINO;7209,0;6485,0;543,0;177,0;0,07532251352476071;0,02455264253017062;0,018726591760299626;0,0026355943958940213;0,003051740879456235;0,003051740879456235;0,0022194479123318076;0,4275211541129144;0,009293938132889444;0,0020807324178110697;0,0018033014287695936;0,003190456373976973;0,003190456373976973;0,004993757802746567;0,20183104452767375;0,21598002496878901
EC180166;FEMENINO;2544,0;2349,0;167,0;28,0;0,06564465408805031;0,0110062893081761;0,029874213836477988;0,0011792452830188679;0,002751572327044025;0,0011792452830188679;0,002751572327044025;0,5432389937106918;0,008647798742138365;0,0023584905660377358;0,0023584905660377358;0,003930817610062893;0,0019654088050314465;0,0066823899371069185;0,08254716981132075;0,23388364779874213
EC180167;FEMENINO;1669,0;1538,0;94,0;37,0;0,05632115038945476;0,022168963451168363;0,029358897543439184;0,002396644697423607;0,0017974835230677051;0,0;0,0029958058717795086;0,47094068304373876;0,006590772917914919;0,0017974835230677051;0,0017974835230677051;0,002396644697423607;0,002396644697423607;0,002396644697423607;0,16297183942480528;0,23367285799880166
EC180168;FEMENINO;1279,0;1175,0;85,0;19,0;0,06645817044566067;0,014855355746677092;0,014073494917904612;0,001563721657544957;0,0007818608287724785;0,0;0,00547302580140735;0,473807662236122;0,006254886630179828;0,006254886630179828;0,0007818608287724785;0,0023455824863174357;0,003909304143862392;0,003909304143862392;0,1931196247068022;0,20641125879593433
EC180250;FEMENINO;6614,0;6160,0;398,0;53,0;0,060175385545811914;0,008013305110371939;0,025703054127608104;0,0007559721802237678;0,001965527668581796;0,0006047777441790142;0,001360749924402782;0,5854248563652857;0,0028726942848503177;0,0007559721802237678;0,0010583610523132749;0,0010583610523132749;0,0012095554883580285;0,00468702751738736;0,033262775929845785;0,27063804052010887
EC180251;FEMENINO;169,0;141,0;24,0;4,0;0,14201183431952663;0,023668639053254437;0,01775147928994083;0,0;0,005917159763313609;0,005917159763313609;0,0;0,48520710059171596;0,0;0,0;0,0;0,0;0,005917159763313609;0,005917159763313609;0,047337278106508875;0,2603550295857988
EC180252;FEMENINO;412,0;373,0;35,0;4,0;0,08495145631067962;0,009708737864077669;0,024271844660194174;0,0024271844660194173;0,0024271844660194173;0,0;0,0;0,4368932038834951;0,0;0,0;0,0;0,0024271844660194173;0,0024271844660194173;0,0;0,0412621359223301;0,3932038834951456
EC180253;FEMENINO;496,0;451,0;35,0;10,0;0,07056451612903226;0,020161290322580645;0,02217741935483871;0,0020161290322580645;0,0;0,0;0,0;0,43548387096774194;0,004032258064516129;0,0020161290322580645;0,0;0,004032258064516129;0,0020161290322580645;0,008064516129032258;0,05040322580645161;0,3790322580645161
EC180254;FEMENINO;788,0;713,0;63,0;12,0;0,0799492385786802;0,015228426395939087;0,03426395939086294;0,0012690355329949238;0,0025380710659898475;0,0012690355329949238;0,0012690355329949238;0,4936548223350254;0,0025380710659898475;0,0025380710659898475;0,0;0,0;0,0025380710659898475;0,006345177664974619;0,04314720812182741;0,3134517766497462
EC180350;FEMENINO;3574,0;3365,0;177,0;31,0;0,049524342473419136;0,008673754896474537;0,0318970341354225;0,001119194180190263;0,002518186905428092;0,00195858981533296;0,0013989927252378287;0,580581980973699;0,004476776720761052;0,00195858981533296;0,00195858981533296;0,002238388360380526;0,002238388360380526;0,0036373810856183547;0,048405148293228874;0,2571348628987129
EC180450;FEMENINO;2510,0;2323,0;154,0;33,0;0,06135458167330677;0,013147410358565738;0,028286852589641434;0,0027888446215139444;0,0035856573705179283;0,00199203187250996;0,002390438247011952;0,6143426294820717;0,0031872509960159364;0,0007968127490039841;0,00199203187250996;0,0007968127490039841;0,0015936254980079682;0,004382470119521913;0,06135458167330677;0,19800796812749005
EC180451;FEMENINO;421,0;384,0;29,0;7,0;0,0688836104513064;0,0166270783847981;0,026128266033254157;0,0023752969121140144;0,0;0,0;0,0;0,498812351543943;0,0023752969121140144;0,0;0,0;0,0;0,009501187648456057;0,004750593824228029;0,0855106888361045;0,2826603325415677
EC180550;FEMENINO;3377,0;3150,0;193,0;34,0;0,05715131773763696;0,010068107787977496;0,021912940479715724;0,0011844832691738228;0,003257328990228013;0,0002961208172934557;0,0017767249037607344;0,6203731122297897;0,0038495706248149247;0,0011844832691738228;0,00207284572105419;0,00207284572105419;0,0017767249037607344;0,002961208172934557;0,0568551969203435;0,21320698845128813
EC180551;FEMENINO;489,0;435,0;42,0;12,0;0,08588957055214724;0,024539877300613498;0,002044989775051125;0,0;0,00408997955010225;0,0;0,002044989775051125;0,5337423312883436;0,002044989775051125;0,0;0,0;0,0;0,0;0,0;0,09202453987730061;0,25357873210633947
EC180552;FEMENINO;407,0;373,0;26,0;8,0;0,06388206388206388;0,019656019656019656;0,02702702702702703;0,0;0,0;0,0;0,002457002457002457;0,5675675675675675;0,004914004914004914;0,002457002457002457;0,002457002457002457;0,002457002457002457;0,007371007371007371;0,004914004914004914;0,12039312039312039;0,17444717444717445
EC180553;FEMENINO;927,0;863,0;44,0;20,0;0,04746494066882417;0,021574973031283712;0,019417475728155338;0,0010787486515641855;0,0010787486515641855;0,0010787486515641855;0,005393743257820928;0,535059331175836;0,006472491909385114;0,003236245954692557;0,0010787486515641855;0,003236245954692557;0,0010787486515641855;0,004314994606256742;0,1423948220064725;0,20604099244875945
EC180650;FEMENINO;6610,0;6169,0;303,0;134,0;0,045839636913767016;0,02027231467473525;0,01739788199697428;0,0019667170953101363;0,002118003025718608;0,001210287443267776;0,0027231467473524964;0,6305597579425114;0,004689863842662632;0,002118003025718608;0,0007564296520423601;0,000605143721633888;0,000907715582450832;0,0066565809379727685;0,1021180030257186;0,1594553706505295
EC180651;FEMENINO;652,0;593,0;50,0;9,0;0,07668711656441718;0,013803680981595092;0,02147239263803681;0,0;0,0015337423312883436;0,0015337423312883436;0,003067484662576687;0,5475460122699386;0,007668711656441718;0,003067484662576687;0,0;0,0015337423312883436;0,004601226993865031;0,006134969325153374;0,10429447852760736;0,20705521472392638
EC180652;FEMENINO;517,0;483,0;30,0;4,0;0,058027079303675046;0,007736943907156673;0,013539651837524178;0,0038684719535783366;0,0038684719535783366;0,0;0,0019342359767891683;0,5938104448742747;0,007736943907156673;0,0019342359767891683;0,0038684719535783366;0,0;0,0019342359767891683;0,007736943907156673;0,09090909090909091;0,20309477756286268
EC180750;FEMENINO;11378,0;10705,0;539,0;133,0;0,047372121638249255;0,011689224819827738;0,021093338020741783;0,0009667779926173317;0,002197222710493936;0,001054666901037089;0,001845667076814906;0,6470381437862541;0,005361223413605203;0,0020214448936544207;0,001054666901037089;0,0016698892599753912;0,002636667252592723;0,004042889787308841;0,06020390226753384;0,18966426436983652
EC180751;FEMENINO;901,0;830,0;58,0;13,0;0,06437291897891231;0,014428412874583796;0,022197558268590455;0,0;0,003329633740288568;0,0011098779134295228;0,0011098779134295228;0,6048834628190899;0,006659267480577136;0,0022197558268590455;0,0011098779134295228;0,0011098779134295228;0,0022197558268590455;0,005549389567147614;0,05993340732519423;0,2097669256381798
EC180752;FEMENINO;1003,0;919,0;71,0;13,0;0,0707876370887338;0,01296111665004985;0,014955134596211365;0,0029910269192422734;0,0029910269192422734;0,0019940179461615153;0,0019940179461615153;0,6410767696909272;0,004985044865403789;0,0009970089730807576;0,0009970089730807576;0,003988035892323031;0,0019940179461615153;0,004985044865403789;0,07676969092721835;0,15553339980059822
EC180753;FEMENINO;781,0;711,0;50,0;19,0;0,06402048655569782;0,024327784891165175;0,019206145966709345;0,0038412291933418692;0,002560819462227913;0,0;0,0012804097311139564;0,47247119078104993;0,0038412291933418692;0,005121638924455826;0,002560819462227913;0,0;0,002560819462227913;0,0076824583866837385;0,06530089628681178;0,323943661971831
EC180754;FEMENINO;879,0;798,0;59,0;22,0;0,0671217292377702;0,02502844141069397;0,011376564277588168;0,0034129692832764505;0,0011376564277588168;0,0022753128555176336;0,0;0,3822525597269625;0,005688282138794084;0,0022753128555176336;0,004550625711035267;0,005688282138794084;0,0011376564277588168;0,006825938566552901;0,25369738339021614;0,22753128555176336
EC180755;FEMENINO;1081,0;974,0;85,0;18,0;0,0786308973172988;0,016651248843663275;0,016651248843663275;0,0009250693802035153;0,005550416281221091;0,0009250693802035153;0,0018501387604070306;0,34782608695652173;0,008325624421831638;0,0;0,0018501387604070306;0,0009250693802035153;0,008325624421831638;0,009250693802035153;0,27567067530064754;0,22294172062904719
EC180756;FEMENINO;1324,0;1219,0;72,0;31,0;0,054380664652567974;0,023413897280966767;0,012084592145015106;0,0;0,0007552870090634441;0,0022658610271903325;0,0075528700906344415;0,622356495468278;0,0022658610271903325;0,0015105740181268882;0,0015105740181268882;0,0037764350453172208;0,0015105740181268882;0,0037764350453172208;0,07930513595166164;0,18202416918429004
EC180757;FEMENINO;3079,0;2737,0;298,0;44,0;0,09678467034751542;0,014290354011042547;0,025982461838259176;0,0012991230919129587;0,004222150048717116;0,0022734654108476776;0,000974342318934719;0,5920753491393309;0,004871711594673595;0,002923026956804157;0,0003247807729782397;0,0022734654108476776;0,0025982461838259174;0,006495615459564794;0,06235790841182202;0,18025332900292304
EC180758;FEMENINO;2171,0;1929,0;166,0;74,0;0,07646245969599264;0,03408567480423768;0,010594196222938737;0,0023030861354214646;0,0055274067250115156;0,004145555043758637;0,0018424689083371719;0,2224781206817135;0,006909258406264394;0,0023030861354214646;0,0013818516812528789;0,0023030861354214646;0,004145555043758637;0,016121602947950252;0,5108245048364809;0,09765085214187011
EC180850;FEMENINO;6444,0;6041,0;322,0;80,0;0,04996896337678461;0,012414649286157667;0,027312228429546864;0,0012414649286157666;0,00186219739292365;0,001707014276846679;0,0015518311607697084;0,6485102420856611;0,006517690875232775;0,00186219739292365;0,0013966480446927375;0,0010862818125387957;0,0023277467411545625;0,0040347610180012415;0,079764121663563;0,15828677839851024
EC180851;FEMENINO;145,0;138,0;4,0;3,0;0,027586206896551724;0,020689655172413793;0,020689655172413793;0,0;0,0;0,0;0,0;0,7724137931034483;0,013793103448275862;0,006896551724137931;0,0;0,0;0,006896551724137931;0,0;0,034482758620689655;0,09655172413793103
EC180852;FEMENINO;602,0;544,0;48,0;10,0;0,07973421926910298;0,016611295681063124;0,024916943521594685;0,0;0,0016611295681063123;0,0;0,0;0,553156146179402;0,0;0,0;0,0;0,0016611295681063123;0,0033222591362126247;0,006644518272425249;0,12292358803986711;0,1893687707641196
EC180853;FEMENINO;862,0;809,0;43,0;10,0;0,04988399071925754;0,01160092807424594;0,02088167053364269;0,002320185614849188;0,001160092807424594;0,002320185614849188;0,008120649651972157;0,6624129930394431;0,00580046403712297;0,002320185614849188;0,0034802784222737818;0,0034802784222737818;0,002320185614849188;0,002320185614849188;0,08120649651972157;0,14037122969837587
EC180854;FEMENINO;653,0;613,0;33,0;7,0;0,05053598774885146;0,010719754977029096;0,039816232771822356;0,0;0,0015313935681470138;0,0;0,004594180704441042;0,5880551301684533;0,010719754977029096;0,0015313935681470138;0,004594180704441042;0,0;0,0015313935681470138;0,004594180704441042;0,0995405819295559;0,18223583460949463
EC180855;FEMENINO;4787,0;4252,0;391,0;143,0;0,08167954877794026;0,029872571547942345;0,022143304783789428;0,0025067892208063504;0,001880091915604763;0,004177982034677251;0,0027156883225402132;0,3442657196574055;0,009191560476289952;0,0020889910173386254;0,002297890119072488;0,005849174848548151;0,0020889910173386254;0,006058073950282013;0,23626488406099855;0,24670983914769168
EC180856;FEMENINO;829,0;753,0;60,0;15,0;0,07237635705669482;0,018094089264173704;0,030156815440289506;0,0012062726176115801;0,0012062726176115801;0,0012062726176115801;0,0012062726176115801;0,42460796139927626;0,006031363088057901;0,0024125452352231603;0,0024125452352231603;0,0036188178528347406;0,0048250904704463205;0,007237635705669481;0,2147165259348613;0,2074788902291918
EC180857;FEMENINO;1968,0;1843,0;94,0;32,0;0,047764227642276426;0,016260162601626018;0,0391260162601626;0,001524390243902439;0,002540650406504065;0,0010162601626016261;0,0010162601626016261;0,5782520325203252;0,007113821138211382;0,003556910569105691;0,002540650406504065;0,001524390243902439;0,002540650406504065;0,007621951219512195;0,1016260162601626;0,18648373983739838
EC180950;FEMENINO;4149,0;3866,0;225,0;58,0;0,05422993492407809;0,013979272113762353;0,02940467582550012;0,0016871535309713184;0,0040973728609303445;0,00048204386599180526;0,001205109664979513;0,47915160279585445;0,010363943118823812;0,0031332851289467343;0,0014461315979754157;0,002410219329959026;0,001928175463967221;0,005784526391901663;0,10171125572427091;0,28898529766208725
EC180951;FEMENINO;370,0;354,0;14,0;2,0;0,03783783783783784;0,005405405405405406;0,04594594594594595;0,0;0,002702702702702703;0,0;0,0;0,6891891891891891;0,002702702702702703;0,002702702702702703;0,0;0,005405405405405406;0,010810810810810811;0,002702702702702703;0,032432432432432434;0,16216216216216217
EC190150;FEMENINO;5602,0;5368,0;190,0;42,0;0,033916458407711535;0,007497322384862549;0,029989289539450195;0,0003570153516601214;0,0023205997857907892;0,0016065690824705462;0,0003570153516601214;0,7068903962870403;0,0023205997857907892;0,0012495537308104248;0,0008925383791503035;0,0007140307033202428;0,0010710460549803642;0,009460906818993217;0,01535166012138522;0,18564798286326312
EC190151;FEMENINO;1369,0;1293,0;56,0;20,0;0,04090577063550037;0,014609203798392988;0,031409788166544925;0,0029218407596785976;0,002191380569758948;0,0007304601899196494;0,0;0,6376917457998539;0,003652300949598247;0,0014609203798392988;0,0007304601899196494;0,0014609203798392988;0,003652300949598247;0,004382761139517896;0,02191380569758948;0,2322863403944485
EC190152;FEMENINO;1159,0;1066,0;65,0;28,0;0,056082830025884385;0,024158757549611734;0,01725625539257981;0,0008628127696289905;0,001725625539257981;0,0008628127696289905;0,0;0,548748921484038;0,004314063848144953;0,001725625539257981;0,003451251078515962;0,001725625539257981;0,004314063848144953;0,005176876617773943;0,07333908541846419;0,25625539257981017
EC190153;FEMENINO;402,0;363,0;27,0;12,0;0,06716417910447761;0,029850746268656716;0,01990049751243781;0,0024875621890547263;0,0;0,0;0,0;0,6467661691542289;0,004975124378109453;0,0;0,0;0,004975124378109453;0,0;0,0024875621890547263;0,05472636815920398;0,16666666666666666
EC190155;FEMENINO;305,0;284,0;12,0;9,0;0,03934426229508197;0,029508196721311476;0,019672131147540985;0,0;0,0;0,003278688524590164;0,0;0,5540983606557377;0,0;0,0;0,0;0,003278688524590164;0,003278688524590164;0,003278688524590164;0,02622950819672131;0,3180327868852459
EC190156;FEMENINO;728,0;699,0;20,0;9,0;0,027472527472527472;0,012362637362637362;0,024725274725274724;0,0;0,0;0,0027472527472527475;0,0013736263736263737;0,7445054945054945;0,0;0,0;0,0;0,0;0,0013736263736263737;0,009615384615384616;0,03021978021978022;0,14560439560439561
EC190158;FEMENINO;609,0;568,0;26,0;15,0;0,042692939244663386;0,024630541871921183;0,03284072249589491;0,0;0,003284072249589491;0,0;0,0;0,5845648604269293;0,008210180623973728;0,0;0,006568144499178982;0,0;0,003284072249589491;0,006568144499178982;0,024630541871921183;0,2627257799671593
EC190250;FEMENINO;2222,0;2099,0;92,0;31,0;0,041404140414041404;0,01395139513951395;0,041854185418541856;0,0013501350135013501;0,0031503150315031502;0,0009000900090009;0,0018001800180018;0,5220522052205221;0,0054005400540054005;0,0009000900090009;0,0009000900090009;0,0009000900090009;0,0018001800180018;0,0054005400540054005;0,022502250225022502;0,3357335733573357
EC190251;FEMENINO;437,0;411,0;11,0;15,0;0,02517162471395881;0,034324942791762014;0,034324942791762014;0,0;0,0;0,0;0,0;0,4897025171624714;0,006864988558352402;0,0;0,0;0,0;0,0;0,004576659038901602;0,02288329519450801;0,38215102974828374
EC190252;FEMENINO;142,0;141,0;1,0;0,0;0,007042253521126761;0,0;0,035211267605633804;0,007042253521126761;0,0;0,0;0,0;0,6971830985915493;0,007042253521126761;0,0;0,0;0,0;0,0;0,0;0,02112676056338028;0,22535211267605634
EC190254;FEMENINO;115,0;106,0;6,0;3,0;0,05217391304347826;0,02608695652173913;0,008695652173913044;0,0;0,0;0,0;0,008695652173913044;0,5043478260869565;0,017391304347826087;0,0;0,008695652173913044;0,008695652173913044;0,0;0,017391304347826087;0,017391304347826087;0,33043478260869563
EC190256;FEMENINO;72,0;68,0;3,0;1,0;0,041666666666666664;0,013888888888888888;0,013888888888888888;0,013888888888888888;0,0;0,0;0,0;0,5416666666666666;0,0;0,0;0,013888888888888888;0,013888888888888888;0,0;0,0;0,0;0,3472222222222222
EC190259;FEMENINO;157,0;148,0;6,0;2,0;0,03821656050955414;0,012738853503184714;0,05732484076433121;0,0;0,0;0,006369426751592357;0,0;0,5031847133757962;0,0;0,0;0,0;0,0;0,0;0,006369426751592357;0,01910828025477707;0,3503184713375796
EC190350;FEMENINO;1240,0;1152,0;51,0;36,0;0,04112903225806452;0,02903225806451613;0,02338709677419355;0,0016129032258064516;0,0008064516129032258;0,0032258064516129032;0,0024193548387096775;0,4782258064516129;0,004032258064516129;0,0;0,0016129032258064516;0,0032258064516129032;0,0016129032258064516;0,0016129032258064516;0,05403225806451613;0,3532258064516129
EC190351;FEMENINO;610,0;559,0;31,0;20,0;0,05081967213114754;0,03278688524590164;0,018032786885245903;0,0;0,004918032786885246;0,0;0,0;0,4344262295081967;0,009836065573770493;0,003278688524590164;0,003278688524590164;0,003278688524590164;0,003278688524590164;0,00819672131147541;0,054098360655737705;0,3737704918032787
EC190352;FEMENINO;281,0;259,0;11,0;11,0;0,03914590747330961;0,03914590747330961;0,0071174377224199285;0,0035587188612099642;0,0;0,0;0,0035587188612099642;0,6263345195729537;0,0035587188612099642;0,0071174377224199285;0,0;0,0;0,0;0,0;0,08185053380782918;0,18861209964412812
EC190353;FEMENINO;216,0;202,0;8,0;6,0;0,037037037037037035;0,027777777777777776;0,013888888888888888;0,0;0,0;0,0;0,009259259259259259;0,5324074074074074;0,0;0,0;0,0;0,0;0,0;0,009259259259259259;0,06481481481481481;0,3055555555555556
EC190450;FEMENINO;1219,0;1102,0;45,0;71,0;0,03691550451189499;0,05824446267432322;0,019688269073010665;0,002461033634126333;0,0;0,0008203445447087777;0,0016406890894175555;0,3199343724364233;0,0008203445447087777;0,003281378178835111;0,0016406890894175555;0,0008203445447087777;0,0008203445447087777;0,009023789991796555;0,34618539786710417;0,19688269073010664
EC190451;FEMENINO;676,0;601,0;44,0;31,0;0,0650887573964497;0,04585798816568047;0,016272189349112426;0,0029585798816568047;0,0;0,0;0,0;0,42011834319526625;0,004437869822485207;0,004437869822485207;0,0014792899408284023;0,0029585798816568047;0,0029585798816568047;0,010355029585798817;0,22485207100591717;0,19822485207100593
EC190452;FEMENINO;351,0;319,0;13,0;19,0;0,037037037037037035;0,05413105413105413;0,019943019943019943;0,002849002849002849;0,002849002849002849;0,0;0,0;0,15954415954415954;0,0;0,002849002849002849;0,0;0,0;0,0;0,014245014245014245;0,49002849002849;0,21652421652421652
EC190550;FEMENINO;5279,0;4931,0;263,0;84,0;0,04982004167455958;0,015912104565258572;0,0365599545368441;0,0013260087137715476;0,0015154385300246258;0,0015154385300246258;0,0020837279787838604;0,5550293616215193;0,0051146050388331124;0,0009471490812653912;0,002652017427543095;0,0013260087137715476;0,0018942981625307824;0,007387762833870051;0,03315021784428869;0,2835764349308581
EC190551;FEMENINO;865,0;831,0;29,0;5,0;0,03352601156069364;0,005780346820809248;0,019653179190751446;0,0;0,0011560693641618498;0,0011560693641618498;0,0023121387283236996;0,507514450867052;0,0023121387283236996;0,0;0,003468208092485549;0,004624277456647399;0,0011560693641618498;0,0023121387283236996;0,09132947976878612;0,3236994219653179
EC190553;FEMENINO;1452,0;1362,0;68,0;22,0;0,046831955922865015;0,015151515151515152;0,03443526170798898;0,0006887052341597796;0,003443526170798898;0,0006887052341597796;0,002066115702479339;0,4559228650137741;0,003443526170798898;0,0006887052341597796;0,0;0,0013774104683195593;0,0027548209366391185;0,008264462809917356;0,026170798898071626;0,39807162534435264
EC190650;FEMENINO;2686,0;2524,0;113,0;48,0;0,042069992553983616;0,017870439314966492;0,029039463886820552;0,0014892032762472078;0,0033507073715562173;0,0022338049143708115;0,0007446016381236039;0,5722263588979896;0,005584512285927029;0,00037230081906180194;0,0026061057334326137;0,0011169024571854058;0,0022338049143708115;0,0037230081906180195;0,02308265078183172;0,29188384214445273
EC190651;FEMENINO;511,0;467,0;33,0;11,0;0,06457925636007827;0,021526418786692758;0,019569471624266144;0,003913894324853229;0,0019569471624266144;0,0;0,0019569471624266144;0,5244618395303327;0,003913894324853229;0,0019569471624266144;0,0;0,0;0,0;0,003913894324853229;0,03718199608610567;0,3150684931506849
EC190652;FEMENINO;529,0;493,0;21,0;15,0;0,03969754253308128;0,02835538752362949;0,024574669187145556;0,0;0,003780718336483932;0,001890359168241966;0,0;0,499054820415879;0,003780718336483932;0,001890359168241966;0,0;0,001890359168241966;0,003780718336483932;0,003780718336483932;0,04725897920604915;0,34026465028355385
EC190653;FEMENINO;359,0;330,0;13,0;16,0;0,036211699164345405;0,04456824512534819;0,033426183844011144;0,0;0,0;0,0;0,0;0,467966573816156;0,0;0,002785515320334262;0,002785515320334262;0,0;0,002785515320334262;0,002785515320334262;0,06406685236768803;0,3426183844011142
EC190750;FEMENINO;1940,0;1837,0;73,0;30,0;0,03762886597938144;0,015463917525773196;0,040721649484536084;0,0;0,0015463917525773195;0,0005154639175257732;0,0010309278350515464;0,656701030927835;0,0015463917525773195;0,0;0,0015463917525773195;0,0005154639175257732;0,0005154639175257732;0,00979381443298969;0,01907216494845361;0,2134020618556701
EC190752;FEMENINO;292,0;267,0;15,0;9,0;0,05136986301369863;0,030821917808219176;0,03424657534246575;0,0;0,0;0,0;0,0;0,5684931506849316;0,003424657534246575;0,0;0,0;0,0;0,003424657534246575;0,003424657534246575;0,030821917808219176;0,2705479452054795
EC190753;FEMENINO;464,0;434,0;20,0;10,0;0,04310344827586207;0,021551724137931036;0,036637931034482756;0,0021551724137931034;0,0021551724137931034;0,0;0,0;0,6400862068965517;0,0;0,004310344827586207;0,0;0,0;0,0;0,008620689655172414;0,040948275862068964;0,20043103448275862
EC190850;FEMENINO;1516,0;1425,0;59,0;30,0;0,03891820580474934;0,01978891820580475;0,029023746701846966;0,0006596306068601583;0,0006596306068601583;0,001978891820580475;0,0032981530343007917;0,47229551451187335;0,0006596306068601583;0,002638522427440633;0,0;0,0013192612137203166;0,00395778364116095;0,00395778364116095;0,018469656992084433;0,40105540897097625
EC190851;FEMENINO;444,0;411,0;21,0;12,0;0,0472972972972973;0,02702702702702703;0,013513513513513514;0,0;0,0022522522522522522;0,0;0,0;0,5923423423423423;0,0022522522522522522;0,0022522522522522522;0,0;0,0;0,0045045045045045045;0,0045045045045045045;0,013513513513513514;0,2905405405405405
EC190852;FEMENINO;471,0;441,0;17,0;13,0;0,036093418259023353;0,027600849256900213;0,044585987261146494;0,0;0,0;0,0021231422505307855;0,0021231422505307855;0,6878980891719745;0,0021231422505307855;0,0021231422505307855;0,0;0,0;0,0;0,0021231422505307855;0,014861995753715499;0,17834394904458598
EC190853;FEMENINO;503,0;474,0;17,0;12,0;0,033797216699801194;0,02385685884691849;0,02385685884691849;0,003976143141153081;0,0;0,003976143141153081;0,0;0,43339960238568587;0,009940357852882704;0,0;0,0019880715705765406;0,0;0,0019880715705765406;0,005964214711729622;0,03180914512922465;0,4254473161033797
EC190854;FEMENINO;165,0;153,0;1,0;11,0;0,006060606060606061;0,06666666666666667;0,03636363636363636;0,0;0,0;0,0;0,0;0,593939393939394;0,0;0,0;0,0;0,0;0,0;0,012121212121212121;0,012121212121212121;0,2727272727272727
EC190950;FEMENINO;888,0;848,0;32,0;9,0;0,036036036036036036;0,010135135135135136;0,033783783783783786;0,0;0,0022522522522522522;0,0022522522522522522;0,0011261261261261261;0,5675675675675675;0,0033783783783783786;0,0;0,0011261261261261261;0,0045045045045045045;0,00563063063063063;0,0045045045045045045;0,04617117117117117;0,28265765765765766
EC190951;FEMENINO;233,0;220,0;7,0;6,0;0,030042918454935622;0,02575107296137339;0,03862660944206009;0,0;0,0;0,004291845493562232;0,008583690987124463;0,45064377682403434;0,004291845493562232;0,004291845493562232;0,0;0,0;0,004291845493562232;0,008583690987124463;0,08583690987124463;0,33476394849785407
EC190952;FEMENINO;586,0;548,0;28,0;11,0;0,04778156996587031;0,01877133105802048;0,020477815699658702;0,0017064846416382253;0,0;0,0034129692832764505;0,0017064846416382253;0,5802047781569966;0,0;0,0;0,0;0,0017064846416382253;0,0;0,005119453924914676;0,03924914675767918;0,2815699658703072
EC200150;FEMENINO;2340,0;2191,0;128,0;19,0;0,0547008547008547;0,00811965811965812;0,03290598290598291;0,00042735042735042735;0,0029914529914529917;0,00042735042735042735;0,0;0,6316239316239316;0,035897435897435895;0,0;0,00042735042735042735;0,0;0,0008547008547008547;0,003418803418803419;0,03547008547008547;0,1918803418803419
EC200151;FEMENINO;234,0;221,0;9,0;4,0;0,038461538461538464;0,017094017094017096;0,029914529914529916;0,0;0,0;0,004273504273504274;0,0;0,6282051282051282;0,05555555555555555;0,0;0,0;0,0;0,0;0,0;0,008547008547008548;0,21794871794871795
EC200250;FEMENINO;774,0;721,0;46,0;6,0;0,059431524547803614;0,007751937984496124;0,03359173126614987;0,0;0,002583979328165375;0,0;0,0;0,4082687338501292;0,05555555555555555;0,0;0,0;0,0;0,0012919896640826874;0,002583979328165375;0,011627906976744186;0,4160206718346253
EC200251;FEMENINO;77,0;71,0;3,0;3,0;0,03896103896103896;0,03896103896103896;0,012987012987012988;0,0;0,012987012987012988;0,0;0,0;0,35064935064935066;0,1038961038961039;0,0;0,0;0,0;0,025974025974025976;0,0;0,0;0,4155844155844156
EC200350;FEMENINO;4218,0;3905,0;266,0;45,0;0,06306306306306306;0,010668563300142247;0,04528212422949265;0,0007112375533428165;0,0016595542911332385;0,000948316737790422;0,001422475106685633;0,48814604077761975;0,011379800853485065;0,0007112375533428165;0,000948316737790422;0,001422475106685633;0,0021337126600284497;0,001896633475580844;0,04030346135609293;0,32882882882882886
EC210150;FEMENINO;22953,0;21449,0;1243,0;247,0;0,05415414107088398;0,01076112055069054;0,03537663921927417;0,0009584803729359996;0,001219884111009454;0,0016555570077985448;0,0007406439245414543;0,3376029277218664;0,004879536444037816;0,0010456149522938179;0,0020912299045876357;0,0025704700910556353;0,0015248551387618177;0,00705790092798327;0,02217575044656472;0,51557530606021
EC210152;FEMENINO;1139,0;1037,0;71,0;26,0;0,06233538191395961;0,0228270412642669;0,021071115013169446;0,0026338893766461808;0,0026338893766461808;0,0026338893766461808;0,000877963125548727;0,2247585601404741;0,004389815627743635;0,0;0,000877963125548727;0,003511852502194908;0,004389815627743635;0,006145741878841089;0,02633889376646181;0,6101843722563652
EC210153;FEMENINO;1846,0;1620,0;142,0;81,0;0,07692307692307693;0,043878656554712896;0,022210184182015168;0,0016251354279523294;0,0027085590465872156;0,0021668472372697724;0,0027085590465872156;0,1570964247020585;0,0021668472372697724;0,0021668472372697724;0,0;0,005417118093174431;0,0005417118093174431;0,008125677139761646;0,01950162513542795;0,6511375947995667
EC210155;FEMENINO;2407,0;2191,0;153,0;58,0;0,0635646032405484;0,024096385542168676;0,02534275031159119;0,003739094308267553;0,0029081844619858743;0,0029081844619858743;0,0016618196925633569;0,29954299958454506;0,0033236393851267137;0,002077274615704196;0,0008309098462816784;0,0033236393851267137;0,0033236393851267137;0,007062733693394266;0,0540091400083091;0,5002077274615704
EC210156;FEMENINO;2534,0;2306,0;159,0;69,0;0,0627466456195738;0,02722967640094712;0,026835043409629045;0,0003946329913180742;0,0015785319652722968;0,0031570639305445935;0,0003946329913180742;0,20284135753749014;0,008287292817679558;0,0027624309392265192;0,0007892659826361484;0,0031570639305445935;0,001973164956590371;0,008287292817679558;0,02999210734017364;0,6195737963693765
EC210157;FEMENINO;989,0;909,0;59,0;18,0;0,05965621840242669;0,01820020222446916;0,023255813953488372;0,0010111223458038423;0,003033367037411527;0,003033367037411527;0,0;0,3104145601617796;0,007077856420626896;0,004044489383215369;0,0;0,003033367037411527;0,0010111223458038423;0,00910010111223458;0,0455005055611729;0,5085945399393327
EC210158;FEMENINO;2084,0;1894,0;146,0;44,0;0,07005758157389635;0,02111324376199616;0,03166986564299424;0,0004798464491362764;0,0019193857965451055;0,0;0,0009596928982725527;0,2399232245681382;0,007197696737044146;0,0009596928982725527;0,0009596928982725527;0,005758157389635317;0,0014395393474088292;0,009596928982725527;0,09596928982725528;0,511996161228407
EC210160;FEMENINO;829,0;742,0;60,0;27,0;0,07237635705669482;0,032569360675512665;0,019300361881785282;0,0;0,0;0,0024125452352231603;0,0;0,24004825090470447;0,0036188178528347406;0,0012062726176115801;0,0;0,0048250904704463205;0,0024125452352231603;0,0036188178528347406;0,024125452352231604;0,5934861278648975
EC210250;FEMENINO;1300,0;1207,0;80,0;13,0;0,06153846153846154;0,01;0,03461538461538462;0,002307692307692308;0,0007692307692307692;0,0;0,0007692307692307692;0,31076923076923074;0,01;0,0007692307692307692;0,0015384615384615385;0,0015384615384615385;0,0;0,009230769230769232;0,015384615384615385;0,5407692307692308
EC210251;FEMENINO;497,0;474,0;22,0;1,0;0,04426559356136821;0,002012072434607646;0,022132796780684104;0,0;0,0;0,0;0,0;0,29577464788732394;0,012072434607645875;0,004024144869215292;0,0;0,004024144869215292;0,002012072434607646;0,008048289738430584;0,06438631790744467;0,5412474849094567
EC210252;FEMENINO;1297,0;1223,0;55,0;19,0;0,04240555127216654;0,014649190439475714;0,009252120277563608;0,0015420200462606013;0,0030840400925212026;0,0007710100231303007;0,0007710100231303007;0,16653816499614496;0,013107170393215111;0,0015420200462606013;0,0030840400925212026;0,0038550501156515036;0,0015420200462606013;0,006939090208172706;0,047031611410948346;0,6838858905165767
EC210254;FEMENINO;456,0;420,0;30,0;6,0;0,06578947368421052;0,013157894736842105;0,015350877192982455;0,0;0,006578947368421052;0,0;0,0;0,1513157894736842;0,0043859649122807015;0,0;0,0;0,0;0,0;0,0;0,09429824561403509;0,6491228070175439
EC210350;FEMENINO;933,0;853,0;55,0;25,0;0,05894962486602358;0,02679528403001072;0,011789924973204717;0,0;0,0010718113612004287;0,0010718113612004287;0,0010718113612004287;0,22508038585209003;0,004287245444801715;0,0021436227224008574;0,0021436227224008574;0,0;0,0010718113612004287;0,0021436227224008574;0,01822079314040729;0,6441586280814576
EC210351;FEMENINO;541,0;497,0;27,0;17,0;0,04990757855822551;0,031423290203327174;0,02033271719038817;0,0018484288354898336;0,0018484288354898336;0,0;0,0036968576709796672;0,16820702402957485;0,014787430683918669;0,0073937153419593345;0,0018484288354898336;0,0073937153419593345;0,0;0,005545286506469501;0,04805914972273567;0,6377079482439926
EC210352;FEMENINO;32,0;31,0;0,0;1,0;0,0;0,03125;0,0;0,0;0,0;0,0;0,0;0,09375;0,0;0,0;0,0;0,0;0,0;0,0;0,09375;0,78125
EC210353;FEMENINO;71,0;62,0;5,0;4,0;0,07042253521126761;0,056338028169014086;0,0;0,0;0,014084507042253521;0,0;0,0;0,014084507042253521;0,0;0,0;0,0;0,0;0,0;0,0;0,0;0,8450704225352113
EC210354;FEMENINO;389,0;335,0;28,0;26,0;0,07197943444730077;0,06683804627249357;0,02056555269922879;0,007712082262210797;0,0;0,002570694087403599;0,002570694087403599;0,10539845758354756;0,0;0,007712082262210797;0,002570694087403599;0,005141388174807198;0,010282776349614395;0,002570694087403599;0,017994858611825194;0,6760925449871465
EC210355;FEMENINO;871,0;783,0;52,0;36,0;0,05970149253731343;0,04133180252583238;0,018369690011481057;0,002296211251435132;0,0;0,0;0,0;0,208955223880597;0,006888633754305396;0,001148105625717566;0,001148105625717566;0,0057405281285878304;0,0057405281285878304;0,0057405281285878304;0,024110218140068886;0,618828932261768
EC210450;FEMENINO;10277,0;9377,0;717,0;178,0;0,06976744186046512;0,017320229638999707;0,0279264376763647;0,0010703512698258246;0,0016541792351853653;0,0016541792351853653;0,00048652330446628393;0,31546171061593853;0,0038921864357302715;0,0009730466089325679;0,00048652330446628393;0,004476014401089812;0,0021407025396516493;0,004767928383769582;0,02306120463170186;0,5243748175537608
EC210451;FEMENINO;1445,0;1348,0;68,0;27,0;0,047058823529411764;0,018685121107266434;0,021453287197231833;0,0020761245674740486;0,002768166089965398;0,002768166089965398;0,0020761245674740486;0,2968858131487889;0,004844290657439446;0,001384083044982699;0,001384083044982699;0,01522491349480969;0,005536332179930796;0,008304498269896194;0,07681660899653979;0,4913494809688581
EC210452;FEMENINO;264,0;230,0;23,0;11,0;0,08712121212121213;0,041666666666666664;0,01893939393939394;0,0;0,003787878787878788;0,0;0,0;0,29924242424242425;0,030303030303030304;0,003787878787878788;0,007575757575757576;0,015151515151515152;0,0;0,007575757575757576;0,026515151515151516;0,4583333333333333
EC210453;FEMENINO;1324,0;1222,0;59,0;43,0;0,0445619335347432;0,0324773413897281;0,015861027190332326;0,0007552870090634441;0,0015105740181268882;0,0015105740181268882;0,0015105740181268882;0,1691842900302115;0,006797583081570997;0,0030211480362537764;0,0007552870090634441;0,006797583081570997;0,004531722054380665;0,006797583081570997;0,0256797583081571;0,6782477341389728
EC210454;FEMENINO;1156,0;1024,0;106,0;25,0;0,09169550173010381;0,02162629757785467;0,03460207612456748;0,0008650519031141869;0,0;0,0017301038062283738;0,0017301038062283738;0,4195501730103806;0,00865051903114187;0,0017301038062283738;0,0008650519031141869;0,0017301038062283738;0,0;0,0025951557093425604;0,020761245674740483;0,39100346020761245
EC210455;FEMENINO;1647,0;1460,0;139,0;48,0;0,08439587128111718;0,029143897996357013;0,030358227079538554;0,0018214936247723133;0,0024286581663630845;0,0018214936247723133;0,0024286581663630845;0,4238008500303582;0,00546448087431694;0,0006071645415907711;0,0;0,00546448087431694;0,0012143290831815423;0,007893139040680024;0,020643594414086218;0,3825136612021858
EC210550;FEMENINO;307,0;288,0;13,0;4,0;0,04234527687296417;0,013029315960912053;0,05863192182410423;0,0;0,003257328990228013;0,003257328990228013;0,0;0,3811074918566775;0,0;0,0;0,0;0,003257328990228013;0,003257328990228013;0,006514657980456026;0,003257328990228013;0,4755700325732899
EC210551;FEMENINO;707,0;659,0;39,0;9,0;0,055162659123055166;0,01272984441301273;0,033946251768033946;0,0;0,0;0,0;0,0014144271570014145;0,3734087694483734;0,008486562942008486;0,002828854314002829;0,0;0,007072135785007072;0,0;0,002828854314002829;0,016973125884016973;0,48514851485148514
EC210552;FEMENINO;63,0;57,0;6,0;0,0;0,09523809523809523;0,0;0,031746031746031744;0,0;0,0;0,0;0,0;0,42857142857142855;0,015873015873015872;0,0;0,0;0,0;0,0;0,015873015873015872;0,015873015873015872;0,3968253968253968
EC210553;FEMENINO;190,0;183,0;7,0;0,0;0,03684210526315789;0,0;0,031578947368421054;0,010526315789473684;0,0;0,0;0,0;0,2789473684210526;0,0;0,0;0,0;0,0;0,0;0,0;0,015789473684210527;0,6263157894736842
EC210554;FEMENINO;285,0;265,0;15,0;5,0;0,05263157894736842;0,017543859649122806;0,014035087719298246;0,0;0,007017543859649123;0,0;0,0;0,38596491228070173;0,0035087719298245615;0,0;0,0;0,0;0,0035087719298245615;0,0;0,017543859649122806;0,4982456140350877
EC210650;FEMENINO;1834,0;1695,0;121,0;17,0;0,06597600872410032;0,009269356597600873;0,028898582333696837;0,0021810250817884407;0,0;0,0005452562704471102;0,0005452562704471102;0,3244274809160305;0,003271537622682661;0,0010905125408942203;0,0;0,0027262813522355507;0,0005452562704471102;0,0054525627044711015;0,06543075245365322;0,48909487459105777
EC210651;FEMENINO;269,0;255,0;11,0;3,0;0,040892193308550186;0,011152416356877323;0,0037174721189591076;0,0;0,0037174721189591076;0,0;0,0;0,21189591078066913;0,0;0,0;0,0;0,007434944237918215;0,0;0,007434944237918215;0,04460966542750929;0,6691449814126395
EC210652;FEMENINO;1017,0;943,0;53,0;21,0;0,05211406096361849;0,02064896755162242;0,03343166175024582;0,003933136676499509;0,0;0,0009832841691248771;0,0019665683382497543;0,34513274336283184;0,004916420845624385;0,0009832841691248771;0,0;0,0019665683382497543;0,0;0,003933136676499509;0,03146509341199607;0,49852507374631266
EC210653;FEMENINO;962,0;881,0;53,0;28,0;0,0550935550935551;0,029106029106029108;0,02182952182952183;0,005197505197505198;0,002079002079002079;0,002079002079002079;0,002079002079002079;0,25571725571725573;0,007276507276507277;0,002079002079002079;0,0010395010395010396;0,002079002079002079;0,006237006237006237;0,006237006237006237;0,1891891891891892;0,4126819126819127
EC210750;FEMENINO;2120,0;1941,0;110,0;68,0;0,05188679245283019;0,03207547169811321;0,018867924528301886;0,0014150943396226414;0,0018867924528301887;0,0023584905660377358;0,0004716981132075472;0,23632075471698114;0,005188679245283019;0,0009433962264150943;0,0004716981132075472;0,002830188679245283;0,0014150943396226414;0,002830188679245283;0,02169811320754717;0,6188679245283019
EC210751;FEMENINO;178,0;171,0;5,0;2,0;0,028089887640449437;0,011235955056179775;0,011235955056179775;0,0;0,0;0,0;0,0;0,15730337078651685;0,0;0,0;0,0;0,0056179775280898875;0,0;0,0;0,06179775280898876;0,7247191011235955
EC210752;FEMENINO;596,0;556,0;26,0;14,0;0,0436241610738255;0,02348993288590604;0,02348993288590604;0,0;0,0016778523489932886;0,0;0,0;0,2231543624161074;0,0016778523489932886;0,0;0,0016778523489932886;0,003355704697986577;0,0;0,010067114093959731;0,025167785234899327;0,6426174496644296
EC220150;FEMENINO;17045,0;15932,0;902,0;203,0;0,05291874449985333;0,01190965092402464;0,026635376943385157;0,0011733646230566149;0,0019947198591962452;0,0010560281607509534;0,0009386916984452919;0,3988853036080962;0,0031094162511000295;0,0010560281607509534;0,0037547667937811676;0,0012320328542094457;0,0021707245526547373;0,00786154297447932;0,026518040481079495;0,45831622176591374
EC220151;FEMENINO;3015,0;2724,0;218,0;73,0;0,07230514096185738;0,024212271973466003;0,023548922056384744;0,0009950248756218905;0,003316749585406302;0,001658374792703151;0,0009950248756218905;0,29286898839137643;0,009286898839137645;0,001658374792703151;0,003980099502487562;0,0013266998341625207;0,0006633499170812604;0,013930348258706468;0,043449419568822555;0,5058043117744611
EC220152;FEMENINO;1141,0;1031,0;71,0;38,0;0,06222611744084137;0,033304119193689745;0,008764241893076249;0,0043821209465381246;0,0052585451358457495;0,0017528483786152498;0,0026292725679228747;0,27607361963190186;0,007011393514460999;0,0;0,0043821209465381246;0,0035056967572304996;0,0043821209465381246;0,012269938650306749;0,05258545135845749;0,5205959684487291
EC220153;FEMENINO;484,0;445,0;27,0;12,0;0,05578512396694215;0,024793388429752067;0,014462809917355372;0,006198347107438017;0,01859504132231405;0,008264462809917356;0,006198347107438017;0,1756198347107438;0,014462809917355372;0,004132231404958678;0,006198347107438017;0,006198347107438017;0,0;0,008264462809917356;0,09090909090909091;0,5599173553719008
EC220154;FEMENINO;1279,0;1194,0;60,0;25,0;0,04691164972634871;0,019546520719311962;0,022673964034401875;0,0007818608287724785;0,00547302580140735;0,003127443315089914;0,0007818608287724785;0,326817826426896;0,00547302580140735;0,001563721657544957;0,003909304143862392;0,0007818608287724785;0,003127443315089914;0,00547302580140735;0,013291634089132134;0,5402658326817826
EC220155;FEMENINO;293,0;230,0;54,0;9,0;0,18430034129692832;0,030716723549488054;0,020477815699658702;0,013651877133105802;0,010238907849829351;0,006825938566552901;0,013651877133105802;0,2935153583617747;0,027303754266211604;0,0034129692832764505;0,027303754266211604;0,010238907849829351;0,013651877133105802;0,010238907849829351;0,08873720136518772;0,24573378839590443
EC220156;FEMENINO;629,0;587,0;28,0;14,0;0,04451510333863275;0,022257551669316374;0,025437201907790145;0,001589825119236884;0,001589825119236884;0,001589825119236884;0,006359300476947536;0,465818759936407;0,003179650238473768;0,0;0,017488076311605722;0,003179650238473768;0,0;0,033386327503974564;0,02702702702702703;0,3465818759936407
EC220157;FEMENINO;1230,0;1101,0;77,0;52,0;0,06260162601626017;0,04227642276422764;0,024390243902439025;0,0016260162601626016;0,0032520325203252032;0,0008130081300813008;0,0024390243902439024;0,3308943089430894;0,0040650406504065045;0,0016260162601626016;0,004878048780487805;0,0032520325203252032;0,004878048780487805;0,008130081300813009;0,044715447154471545;0,46016260162601624
EC220158;FEMENINO;1618,0;1441,0;116,0;60,0;0,07169344870210136;0,037082818294190356;0,019159456118665017;0,0030902348578491965;0,009888751545117428;0,003708281829419036;0,0006180469715698393;0,3510506798516687;0,00865265760197775;0,003708281829419036;0,006798516687268232;0,003708281829419036;0,0030902348578491965;0,006180469715698393;0,09208899876390605;0,3788627935723115
EC220159;FEMENINO;1195,0;1092,0;82,0;23,0;0,06861924686192468;0,019246861924686193;0,01506276150627615;0,0;0,0008368200836820083;0,00502092050209205;0,0016736401673640166;0,2317991631799163;0,007531380753138075;0,0008368200836820083;0,007531380753138075;0,0066945606694560665;0,0033472803347280333;0,014225941422594143;0,04351464435146443;0,5757322175732218
EC220160;FEMENINO;948,0;842,0;74,0;32,0;0,07805907172995781;0,03375527426160337;0,022151898734177215;0,006329113924050633;0,004219409282700422;0,0031645569620253164;0,0031645569620253164;0,23945147679324894;0,00949367088607595;0,0031645569620253164;0,007383966244725738;0,002109704641350211;0,004219409282700422;0,00949367088607595;0,10548523206751055;0,46835443037974683
EC220161;FEMENINO;1041,0;964,0;51,0;25,0;0,04899135446685879;0,024015369836695485;0,021133525456292025;0,005763688760806916;0,008645533141210375;0,0009606147934678194;0,0038424591738712775;0,3967339097022094;0,009606147934678195;0,0009606147934678194;0,0038424591738712775;0,0009606147934678194;0,0009606147934678194;0,0067243035542747355;0,052833813640730067;0,41306436119116235
EC220250;FEMENINO;351,0;330,0;9,0;12,0;0,02564102564102564;0,03418803418803419;0,011396011396011397;0,0;0,0;0,0;0,0;0,3561253561253561;0,002849002849002849;0,002849002849002849;0,008547008547008548;0,002849002849002849;0,002849002849002849;0,005698005698005698;0,042735042735042736;0,5042735042735043
EC220251;FEMENINO;272,0;235,0;29,0;8,0;0,10661764705882353;0,029411764705882353;0,04779411764705882;0,007352941176470588;0,003676470588235294;0,0;0,014705882352941176;0,125;0,04411764705882353;0,0;0,0;0,003676470588235294;0,022058823529411766;0,025735294117647058;0,029411764705882353;0,5404411764705882
EC220252;FEMENINO;212,0;180,0;25,0;7,0;0,1179245283018868;0,0330188679245283;0,014150943396226415;0,0047169811320754715;0,0047169811320754715;0,0047169811320754715;0,009433962264150943;0,19339622641509435;0,03773584905660377;0,0047169811320754715;0,0047169811320754715;0,0;0,018867924528301886;0,018867924528301886;0,12735849056603774;0,4056603773584906
EC220253;FEMENINO;279,0;245,0;15,0;19,0;0,053763440860215055;0,06810035842293907;0,010752688172043012;0,007168458781362007;0,0035842293906810036;0,007168458781362007;0,010752688172043012;0,2007168458781362;0,021505376344086023;0,014336917562724014;0,017921146953405017;0,007168458781362007;0,010752688172043012;0,007168458781362007;0,15053763440860216;0,40860215053763443
EC220255;FEMENINO;134,0;121,0;5,0;8,0;0,03731343283582089;0,05970149253731343;0,007462686567164179;0,0;0,0;0,0;0,0;0,15671641791044777;0,0;0,0;0,0;0,007462686567164179;0,0;0,0;0,09701492537313433;0,6343283582089553
EC220350;FEMENINO;7867,0;7245,0;496,0;125,0;0,06304817592474896;0,01588915723910004;0,027710690224990467;0,0011440193212152027;0,00444896402694801;0,0013982458370408034;0,0005084530316512013;0,4198550908859794;0,0035591712215584086;0,0007626795474768018;0,0024151519003432057;0,001271132579128003;0,0015253590949536036;0,005211643574424813;0,026693784161688064;0,4244311681708402
EC220351;FEMENINO;1112,0;1010,0;74,0;27,0;0,06654676258992806;0,024280575539568347;0,019784172661870502;0,0;0,002697841726618705;0,0;0,0017985611510791368;0,3597122302158273;0,00539568345323741;0,0;0,002697841726618705;0,0017985611510791368;0,0017985611510791368;0,008992805755395683;0,03866906474820144;0,46492805755395683
EC220352;FEMENINO;489,0;414,0;59,0;16,0;0,12065439672801637;0,032719836400818;0,018404907975460124;0,002044989775051125;0,03680981595092025;0,0;0,006134969325153374;0,20040899795501022;0,024539877300613498;0,002044989775051125;0,06339468302658487;0,012269938650306749;0,006134969325153374;0,014314928425357873;0,08793456032719836;0,3721881390593047
EC220353;FEMENINO;1492,0;1380,0;80,0;32,0;0,05361930294906166;0,021447721179624665;0,023458445040214475;0,002680965147453083;0,004021447721179625;0,002680965147453083;0,0006702412868632708;0,3257372654155496;0,004691689008042895;0,0013404825737265416;0,007372654155495978;0,004021447721179625;0,002680965147453083;0,014745308310991957;0,024128686327077747;0,5067024128686327
EC220354;FEMENINO;1718,0;1540,0;139,0;39,0;0,08090803259604191;0,02270081490104773;0,01571594877764843;0,0011641443538998836;0,006402793946449359;0,0011641443538998836;0,002328288707799767;0,31024447031431895;0,006402793946449359;0,0017462165308498253;0,006984866123399301;0,004656577415599534;0,0034924330616996507;0,009313154831199068;0,03958090803259604;0,4871944121071013
EC220355;FEMENINO;914,0;819,0;69,0;26,0;0,07549234135667396;0,028446389496717725;0,018599562363238512;0,002188183807439825;0,006564551422319475;0,0;0,0010940919037199124;0,36433260393873085;0,01312910284463895;0,0010940919037199124;0,0010940919037199124;0,0010940919037199124;0,0;0,0032822757111597373;0,03938730853391685;0,4442013129102845
EC220356;FEMENINO;561,0;528,0;22,0;11,0;0,0392156862745098;0,0196078431372549;0,017825311942959002;0,0035650623885918;0,0017825311942959;0,0;0,0017825311942959;0,2103386809269162;0,0017825311942959;0,0035650623885918;0,0035650623885918;0,0053475935828877;0,0053475935828877;0,0035650623885918;0,07130124777183601;0,6114081996434938
EC220357;FEMENINO;1347,0;1226,0;82,0;39,0;0,06087602078693393;0,028953229398663696;0,026726057906458798;0,0007423904974016332;0,0066815144766146995;0,0022271714922048997;0,0007423904974016332;0,31551596139569416;0,0066815144766146995;0,003711952487008166;0,0022271714922048997;0,0022271714922048997;0,0007423904974016332;0,009651076466221232;0,051224944320712694;0,48106904231625836
EC220358;FEMENINO;1291,0;1177,0;66,0;47,0;0,05112316034082107;0,03640588690937258;0,018590240123934933;0,001549186676994578;0,005422153369481022;0,000774593338497289;0,000774593338497289;0,37955073586367155;0,005422153369481022;0,000774593338497289;0,003098373353989156;0,001549186676994578;0,0038729666924864447;0,006971340046475601;0,030209140201394268;0,45313710302091403
EC220450;FEMENINO;2679,0;2491,0;144,0;44,0;0,05375139977603583;0,016424038820455393;0,019783501306457632;0,0011198208286674132;0,0022396416573348264;0,0011198208286674132;0,0;0,39529675251959684;0,0048525569242254575;0,0014930944382232176;0,0029861888764464353;0,0007465472191116088;0,0026129152668906306;0,0070921985815602835;0,04927211646136618;0,4412094064949608
EC220451;FEMENINO;1748,0;1581,0;135,0;32,0;0,07723112128146453;0,018306636155606407;0,013157894736842105;0,002288329519450801;0,008581235697940504;0,004004576659038902;0,002860411899313501;0,3209382151029748;0,007437070938215103;0,0017162471395881006;0,010869565217391304;0,005148741418764302;0,004004576659038902;0,009725400457665904;0,06178489702517163;0,45194508009153317
EC220452;FEMENINO;1243,0;1125,0;90,0;28,0;0,07240547063555913;0,02252614641995173;0,006436041834271922;0,004022526146419952;0,006436041834271922;0,002413515687851971;0,004022526146419952;0,43121480289621883;0,012067578439259855;0,0008045052292839903;0,013676588897827836;0,002413515687851971;0,009654062751407884;0,0056315366049879325;0,05953338696701529;0,3467417538213998
EC220453;FEMENINO;976,0;845,0;100,0;30,0;0,10245901639344263;0,030737704918032786;0,01331967213114754;0,0020491803278688526;0,007172131147540984;0,0020491803278688526;0,0030737704918032786;0,36168032786885246;0,006147540983606557;0,007172131147540984;0,004098360655737705;0,004098360655737705;0,00819672131147541;0,00819672131147541;0,06454918032786885;0,3739754098360656
EC220454;FEMENINO;1850,0;1631,0;178,0;41,0;0,09621621621621622;0,02216216216216216;0,016756756756756756;0,002162162162162162;0,006486486486486486;0,0016216216216216215;0,003243243243243243;0,3935135135135135;0,010810810810810811;0,004864864864864865;0,011891891891891892;0,004324324324324324;0,005405405405405406;0,009189189189189189;0,0972972972972973;0,31405405405405407
EC220455;FEMENINO;449,0;418,0;19,0;12,0;0,042316258351893093;0,026726057906458798;0,011135857461024499;0,0022271714922048997;0,0;0,0022271714922048997;0,0022271714922048997;0,36080178173719374;0,0066815144766146995;0,0022271714922048997;0,004454342984409799;0,0022271714922048997;0,004454342984409799;0,0066815144766146995;0,051224944320712694;0,47438752783964366
EC230150;FEMENINO;4809,0;4362,0;340,0;105,0;0,07070076939072573;0,021834061135371178;0,024953212726138492;0,001455604075691412;0,001039717196922437;0,0018714909544603868;0,002079434393844874;0,4231648991474319;0,007070076939072572;0,002911208151382824;0,0016635475150758993;0,0018714909544603868;0,004574755666458723;0,006862133499688085;0,023705552089831567;0,4038261592846746
EC230151;FEMENINO;3436,0;3139,0;239,0;58,0;0,06955762514551804;0,016880093131548313;0,01920838183934808;0,002037252619324796;0,0014551804423748546;0,0005820721769499418;0,0014551804423748546;0,4580908032596042;0,007857974388824214;0,0008731082654249127;0,0011641443538998836;0,0011641443538998836;0,0034924330616996507;0,0032013969732246797;0,046274738067520374;0,36670547147846333
EC230152;FEMENINO;3851,0;3414,0;272,0;159,0;0,07063100493378344;0,04128797714879252;0,01661905998441963;0,00025967281225655674;0,0023370553103090105;0,001817709685795897;0,0012983640612827837;0,3451051674889639;0,00804985717995326;0,0023370553103090105;0,001817709685795897;0,0015580368735393405;0,003116073747078681;0,0033757465593352376;0,010646585302518826;0,48818488704232665
EC230153;FEMENINO;3175,0;2792,0;294,0;87,0;0,0925984251968504;0,027401574803149607;0,02047244094488189;0,0009448818897637795;0,0025196850393700786;0,001889763779527559;0,0012598425196850393;0,30393700787401573;0,008188976377952756;0,0009448818897637795;0,001889763779527559;0,0015748031496062992;0,001889763779527559;0,004094488188976378;0,02047244094488189;0,5092913385826772
EC230154;FEMENINO;4579,0;3895,0;505,0;176,0;0,11028608866564753;0,03843633981218607;0,01594234549028172;0,0017471063550993666;0,003494212710198733;0,0017471063550993666;0,001310329766324525;0,26687049574142824;0,0104826381305962;0,003712601004586154;0,003494212710198733;0,0008735531775496833;0,0030574361214238915;0,0052413190652981;0,008298755186721992;0,5243502948241974
EC230155;FEMENINO;3121,0;2724,0;304,0;92,0;0,09740467798782441;0,029477731496315284;0,020826658122396667;0,002242870874719641;0,0019224607497596924;0,0016020506247997437;0,001281640499839795;0,3405959628324255;0,006408202499198975;0,0028836911246395386;0,0019224607497596924;0,001281640499839795;0,00256328099967959;0,004485741749439282;0,016661326497917333;0,4681191925664851
EC230156;FEMENINO;1910,0;1764,0;94,0;51,0;0,049214659685863874;0,026701570680628273;0,024083769633507852;0,0015706806282722514;0,002617801047120419;0,0005235602094240838;0,0;0,4769633507853403;0,006806282722513089;0,0031413612565445027;0,0;0,0015706806282722514;0,002617801047120419;0,0031413612565445027;0,01832460732984293;0,38219895287958117
EC230157;FEMENINO;1680,0;1508,0;115,0;57,0;0,06845238095238096;0,033928571428571426;0,020833333333333332;0,0011904761904761906;0,002380952380952381;0,002380952380952381;0,0005952380952380953;0,32202380952380955;0,008928571428571428;0,0035714285714285713;0,002380952380952381;0,0035714285714285713;0,004166666666666667;0,009523809523809525;0,030357142857142857;0,4857142857142857
EC230250;FEMENINO;16765,0;14956,0;1333,0;471,0;0,0795108857739338;0,02809424396063227;0,018311959439308082;0,0007157769161944528;0,0025052192066805845;0,0009543692215926037;0,0011333134506412168;0,323352221890844;0,009662988368625112;0,001729794214136594;0,0014912019087384432;0,00131225767968983;0,001550849985087981;0,003996421115419028;0,007694601849090367;0,5176856546376379
EC230251;FEMENINO;2237,0;1960,0;170,0;108,0;0,07599463567277603;0,048278945015645953;0,013857845328565042;0,0004470272686633885;0,003576218149307108;0,002235136343316942;0,000894054537326777;0,28833258828788555;0,006705409029950827;0,0004470272686633885;0,0013410818059901655;0,0013410818059901655;0,0013410818059901655;0,006258381761287439;0,008046490835940992;0,5413500223513634
EC230252;FEMENINO;1242,0;1076,0;102,0;65,0;0,0821256038647343;0,05233494363929147;0,011272141706924315;0,0;0,00322061191626409;0,0;0,001610305958132045;0,3027375201288245;0,005636070853462158;0,001610305958132045;0,001610305958132045;0,001610305958132045;0,0024154589371980675;0,0008051529790660225;0,00322061191626409;0,5305958132045089
EC230253;FEMENINO;600,0;554,0;32,0;14,0;0,05333333333333334;0,023333333333333334;0,015;0,0033333333333333335;0,0033333333333333335;0,0016666666666666668;0,0016666666666666668;0,29;0,005;0,0;0,0033333333333333335;0,0033333333333333335;0,0033333333333333335;0,008333333333333333;0,013333333333333334;0,5716666666666667
EC240150;FEMENINO;23859,0;21894,0;1389,0;568,0;0,05821702502200427;0,02380653003059642;0,027662517289073305;0,0015507774843874428;0,006077371222599439;0,001466951674420554;0,0025566872039901084;0,39113122930550315;0,008340668091705436;0,001341212959470221;0,0017184291043212205;0,002011819439205331;0,0029758162538245526;0,007628148706986881;0,010017184291043212;0,45316232868100087
EC240151;FEMENINO;1384,0;1263,0;93,0;28,0;0,06719653179190752;0,02023121387283237;0,020953757225433526;0,0;0,005780346820809248;0,0036127167630057803;0,002167630057803468;0,3713872832369942;0,0050578034682080926;0,0;0,002167630057803468;0,002890173410404624;0,000722543352601156;0,0072254335260115606;0,007947976878612716;0,48265895953757226
EC240152;FEMENINO;12480,0;11163,0;714,0;598,0;0,05721153846153846;0,04791666666666667;0,015064102564102564;0,0015224358974358974;0,002564102564102564;0,0022435897435897434;0,0015224358974358974;0,18990384615384615;0,01201923076923077;0,0019230769230769232;0,0020833333333333333;0,0023237179487179487;0,001842948717948718;0,007051282051282051;0,010496794871794871;0,6439102564102565
EC240153;FEMENINO;6176,0;5391,0;464,0;315,0;0,07512953367875648;0,051003886010362695;0,02072538860103627;0,0017810880829015544;0,00469559585492228;0,0017810880829015544;0,0019430051813471502;0,2113018134715026;0,013115284974093264;0,0009715025906735751;0,0019430051813471502;0,0016191709844559584;0,003238341968911917;0,008905440414507772;0,01716321243523316;0,583711139896373
EC240154;FEMENINO;12036,0;10541,0;898,0;594,0;0,07460950481887671;0,04935194416749751;0,018860086407444333;0,0004985044865403788;0,0027417746759720836;0,002243270189431705;0,002160186108341642;0,28414755732801594;0,01188102359587903;0,002326354270521768;0,002243270189431705;0,0012462612163509472;0,0026586905948820204;0,007228315054835494;0,013459621136590228;0,5240943835161183
EC240155;FEMENINO;1264,0;1159,0;59,0;46,0;0,04667721518987342;0,03639240506329114;0,01661392405063291;0,0023734177215189874;0,00870253164556962;0,0;0,0015822784810126582;0,22943037974683544;0,0189873417721519;0,0015822784810126582;0,006329113924050633;0,0;0,0007911392405063291;0,006329113924050633;0,007120253164556962;0,6170886075949367
EC240156;FEMENINO;2390,0;2176,0;160,0;53,0;0,06694560669456066;0,022175732217573223;0,026778242677824266;0,0020920502092050207;0,004602510460251046;0,0029288702928870294;0,0020920502092050207;0,42845188284518826;0,009623430962343096;0,0012552301255230125;0,0020920502092050207;0,0008368200836820083;0,0066945606694560665;0,007531380753138075;0,005857740585774059;0,4096234309623431
EC240250;FEMENINO;39694,0;36131,0;2711,0;837,0;0,06829747568902102;0,021086310273592986;0,032448228951478815;0,0011588653196956719;0,008162442686552123;0,0024688869854386053;0,0016375270821786668;0,36952688063687206;0,008363984481281806;0,0019146470499319796;0,002821585126215549;0,002242152466367713;0,0033002468886985437;0,00974958432004837;0,011462689575250668;0,4549806016022573
EC240350;FEMENINO;1206,0;1113,0;75,0;20,0;0,06218905472636816;0,01658374792703151;0,03150912106135987;0,0;0,006633499170812604;0,0008291873963515755;0,0024875621890547263;0,5555555555555556;0,005804311774461028;0,004975124378109453;0,0;0,0008291873963515755;0,003316749585406302;0,007462686567164179;0,011608623548922056;0,29187396351575456
EC240351;FEMENINO;4647,0;4036,0;461,0;145,0;0,09920378738971379;0,031202926619324296;0,018291370776845277;0,00021519259737465033;0,003873466752743706;0,002151925973746503;0,001936733376371853;0,21002797503765872;0,0071013557133634605;0,0017215407789972026;0,001936733376371853;0,001936733376371853;0,0032278889606197547;0,004303851947493006;0,007531740908112761;0,6042608134280181
EC240352;FEMENINO;8505,0;7594,0;689,0;216,0;0,08101116990005879;0,025396825396825397;0,029747207524985303;0,0015285126396237508;0,006231628453850676;0,0014109347442680777;0,0018812463256907702;0,37225161669606116;0,007289829512051735;0,0022339800117577896;0,002586713697824809;0,0023515579071134627;0,004467960023515579;0,008348030570252792;0,006349206349206349;0,4462081128747795
