ADM3_PCODE;JUNTA_SEXO;Sufragantes;Votos_válidos;Nulos;Blancos;Nulos_pct;Blancos_pct;Centro;"Centro con tinte
institucionalista";Centro pragmático;"Centro-derecha
moderado";"Centro-izquierda
libertaria";"DANIEL NOBOA AZIN
(Derecha liberal 
moderada)";Derecha autoritaria;"Derecha autoritaria
dura";"Derecha autoritaria
moderada";Derecha liberal;Derecha moderada;Izquierda autoritaria;Izquierda libertaria;"LUISA GONZALEZ
(Izquierda autoritaria)"
EC010150;MASCULINO;4184,0;3877,0;241,0;63,0;0,05760038240917782;0,01505736137667304;0,046367112810707455;0,0021510516252390057;0,0019120458891013384;0,0014340344168260039;0,0035850860420650094;0,4665391969407266;0,006931166347992352;0,0014340344168260039;0,0019120458891013384;0,0028680688336520078;0,003107074569789675;0,011233269598470364;0,036806883365200764;0,3403441682600382
EC010151;MASCULINO;8294,0;7567,0;600,0;124,0;0,07234145165179648;0,014950566674704605;0,044851700024113816;0,0024113817217265494;0,001567398119122257;0,0024113817217265494;0,004099348926935134;0,4007716421509525;0,006872437906920666;0,0019291053773812395;0,002773088979985532;0,0024113817217265494;0,0037376416686761512;0,015432843019049916;0,06353990836749457;0,3595370147094285
EC010152;MASCULINO;1724,0;1561,0;121,0;42,0;0,07018561484918794;0,024361948955916472;0,03248259860788863;0,002900232018561485;0,004640371229698376;0,002320185614849188;0,0069605568445475635;0,35498839907192575;0,009860788863109048;0,0017401392111368909;0,002320185614849188;0,002900232018561485;0,000580046403712297;0,0075406032482598605;0,13225058004640372;0,3439675174013921
EC010153;MASCULINO;484,0;407,0;43,0;34,0;0,08884297520661157;0,07024793388429752;0,01859504132231405;0,002066115702479339;0,0;0,0;0,002066115702479339;0,25;0,004132231404958678;0,0;0,002066115702479339;0,010330578512396695;0,010330578512396695;0,008264462809917356;0,128099173553719;0,4049586776859504
EC010154;MASCULINO;697,0;607,0;75,0;13,0;0,10760401721664276;0,018651362984218076;0,04160688665710186;0,0014347202295552368;0,0028694404591104736;0,0014347202295552368;0,0014347202295552368;0,4218077474892396;0,00430416068866571;0,0028694404591104736;0,0;0,005738880918220947;0,00860832137733142;0,005738880918220947;0,06886657101865136;0,30416068866571017
EC010155;MASCULINO;1289,0;1153,0;101,0;35,0;0,07835531419705198;0,027152831652443754;0,0395655546935609;0,0023273855702094647;0,0023273855702094647;0,0023273855702094647;0,004654771140418929;0,40961986035686576;0,005430566330488751;0,0023273855702094647;0,003878975950349108;0,005430566330488751;0,0015515903801396431;0,013964313421256789;0,0721489526764934;0,32893716058960437
EC010156;MASCULINO;1476,0;1321,0;123,0;31,0;0,08333333333333333;0,02100271002710027;0,06571815718157181;0,0040650406504065045;0,0040650406504065045;0,0006775067750677507;0,006097560975609756;0,33062330623306235;0,01016260162601626;0,0040650406504065045;0,0047425474254742545;0,0040650406504065045;0,0033875338753387536;0,01016260162601626;0,07994579945799458;0,36720867208672087
EC010157;MASCULINO;2091,0;1824,0;181,0;83,0;0,08656145384983262;0,03969392635102822;0,024868483978957436;0,001912960306073649;0,0023912003825920613;0,003347680535628886;0,0028694404591104736;0,2654232424677188;0,009564801530368245;0,006695361071257772;0,0014347202295552368;0,0028694404591104736;0,004782400765184123;0,00860832137733142;0,07747489239598278;0,4600669536107126
EC010158;MASCULINO;2047,0;1859,0;147,0;40,0;0,0718124084025403;0,019540791402051783;0,049829018075232046;0,003419638495359062;0,0019540791402051783;0,0029311187103077674;0,005862237420615535;0,4035173424523693;0,006350757205666829;0,0019540791402051783;0,002442598925256473;0,004396678065461651;0,0029311187103077674;0,009770395701025891;0,07816316560820713;0,3346360527601368
EC010159;MASCULINO;549,0;485,0;50,0;14,0;0,09107468123861566;0,025500910746812388;0,02185792349726776;0,0018214936247723133;0,00546448087431694;0,0;0,0018214936247723133;0,31876138433515483;0,014571948998178506;0,0036429872495446266;0,0018214936247723133;0,01092896174863388;0,0018214936247723133;0,01092896174863388;0,08743169398907104;0,40255009107468126
EC010160;MASCULINO;1624,0;1471,0;121,0;31,0;0,07450738916256158;0,019088669950738917;0,04064039408866995;0,0067733990147783255;0,003078817733990148;0,0049261083743842365;0,0024630541871921183;0,35467980295566504;0,008620689655172414;0,0018472906403940886;0,0024630541871921183;0,004310344827586207;0,0024630541871921183;0,01293103448275862;0,08435960591133004;0,3762315270935961
EC010161;MASCULINO;1877,0;1668,0;143,0;64,0;0,0761854022376132;0,034096963239211506;0,03249866808737347;0,0005327650506126798;0,002663825253063399;0,0031965903036760787;0,002663825253063399;0,28023441662226956;0,007458710708577517;0,002131060202450719;0,0010655301012253596;0,0015982951518380393;0,0037293553542887587;0,005327650506126798;0,16462440063931805;0,38092701118806604
EC010162;MASCULINO;6896,0;6228,0;558,0;107,0;0,08091647331786543;0,015516241299303945;0,04553364269141531;0,0039153132250580045;0,0021751740139211136;0,0007250580046403712;0,0037703016241299302;0,4008120649651972;0,007830626450116009;0,0018851508120649651;0,002465197215777262;0,0021751740139211136;0,00478538283062645;0,014066125290023202;0,052204176334106726;0,36078886310904873
EC010163;MASCULINO;3256,0;2947,0;254,0;54,0;0,07800982800982802;0,016584766584766583;0,044226044226044224;0,002457002457002457;0,0006142506142506142;0,0012285012285012285;0,00214987714987715;0,3891277641277641;0,007063882063882064;0,0018427518427518428;0,003071253071253071;0,0015356265356265355;0,003071253071253071;0,01382063882063882;0,08814496314496315;0,34674447174447176
EC010164;MASCULINO;1888,0;1681,0;167,0;39,0;0,08845338983050847;0,02065677966101695;0,04290254237288135;0,00423728813559322;0,001059322033898305;0,003707627118644068;0,0031779661016949155;0,3098516949152542;0,003707627118644068;0,003707627118644068;0,0026483050847457626;0,004766949152542373;0,0015889830508474577;0,010063559322033898;0,1361228813559322;0,3628177966101695
EC010165;MASCULINO;4215,0;3777,0;358,0;80,0;0,08493475682087782;0,018979833926453145;0,04911032028469751;0,0033214709371293;0,0028469750889679717;0,0030842230130486356;0,002372479240806643;0,3746144721233689;0,009489916963226572;0,0033214709371293;0,005219454329774615;0,0018979833926453143;0,0026097271648873074;0,012099644128113879;0,06761565836298933;0,35848161328588374
EC010166;MASCULINO;1132,0;1025,0;86,0;21,0;0,07597173144876325;0,018551236749116608;0,028268551236749116;0,0035335689045936395;0,0035335689045936395;0,0008833922261484099;0,0035335689045936395;0,24734982332155478;0,007067137809187279;0,0017667844522968198;0,0008833922261484099;0,0017667844522968198;0,006183745583038869;0,0176678445229682;0,06802120141342756;0,515017667844523
EC010167;MASCULINO;3345,0;2966,0;298,0;80,0;0,08908819133034379;0,02391629297458894;0,042152466367713005;0,004484304932735426;0,006278026905829596;0,0026905829596412557;0,006278026905829596;0,3237668161434978;0,009865470852017937;0,0038863976083707025;0,0038863976083707025;0,005082212257100149;0,006278026905829596;0,012855007473841554;0,08251121076233184;0,37668161434977576
EC010168;MASCULINO;3143,0;2762,0;326,0;54,0;0,10372255806554248;0,017181037225580655;0,04295259306395164;0,0019090041361756285;0,001590836780146357;0,005727012408526885;0,004772510340439071;0,32166719694559337;0,008272351256761056;0,0012726694241170856;0,002545338848234171;0,0009545020680878142;0,006045179764556157;0,008590518612790327;0,13935730194082088;0,33312122176264714
EC010169;MASCULINO;2366,0;2119,0;202,0;43,0;0,08537616229923922;0,018174133558748945;0,04606931530008453;0,00253592561284869;0,0038038884192730348;0,002113271344040575;0,0029585798816568047;0,3415046491969569;0,009721048182586645;0,0029585798816568047;0,00253592561284869;0,0016906170752324597;0,0033812341504649195;0,01267962806424345;0,08960270498732037;0,37404902789518174
EC010170;MASCULINO;6199,0;5633,0;482,0;79,0;0,07775447652847234;0,012743990966284884;0,06404258751411518;0,0037102758509437008;0,0019357960961445394;0,0012905307307630263;0,0030650104855621876;0,32892402000322635;0,008227133408614293;0,002742377802871431;0,0024197451201806745;0,0024197451201806745;0,004355541216325214;0,013066623648975642;0,11050169382158413;0,3619938699790289
EC010171;MASCULINO;1405,0;1243,0;142,0;20,0;0,10106761565836299;0,014234875444839857;0,038434163701067614;0,0014234875444839859;0,0014234875444839859;0,004270462633451958;0,0007117437722419929;0,2804270462633452;0,0099644128113879;0,0035587188612099642;0,0071174377224199285;0,004270462633451958;0,002135231316725979;0,012811387900355872;0,14875444839857652;0,3693950177935943
EC010250;MASCULINO;2763,0;2427,0;254,0;81,0;0,0919290626131017;0,029315960912052116;0,036192544335866814;0,002171552660152009;0,0025334781035106766;0,0014477017734346724;0,003257328990228013;0,4502352515381831;0,010495837857401375;0,0018096272167933405;0,003257328990228013;0,002171552660152009;0,004705030763662686;0,007238508867173362;0,12233079985522982;0,23054650741947158
EC010251;MASCULINO;740,0;678,0;57,0;5,0;0,07702702702702703;0,006756756756756757;0,03513513513513514;0,002702702702702703;0,0013513513513513514;0,0013513513513513514;0,0013513513513513514;0,47162162162162163;0,008108108108108109;0,002702702702702703;0,0013513513513513514;0,0013513513513513514;0,004054054054054054;0,00945945945945946;0,06486486486486487;0,3108108108108108
EC010252;MASCULINO;159,0;148,0;5,0;6,0;0,031446540880503145;0,03773584905660377;0,050314465408805034;0,0;0,018867924528301886;0,006289308176100629;0,006289308176100629;0,23270440251572327;0,0;0,0;0,006289308176100629;0,0;0,0;0,0;0,20125786163522014;0,4088050314465409
EC010350;MASCULINO;7125,0;6327,0;650,0;146,0;0,0912280701754386;0,02049122807017544;0,03663157894736842;0,004070175438596491;0,002807017543859649;0,001824561403508772;0,003789473684210526;0,3960701754385965;0,005192982456140351;0,0025263157894736842;0,003789473684210526;0,001824561403508772;0,004210526315789474;0,013894736842105264;0,06835087719298245;0,3430175438596491
EC010352;MASCULINO;393,0;329,0;44,0;20,0;0,11195928753180662;0,05089058524173028;0,017811704834605598;0,002544529262086514;0,005089058524173028;0,002544529262086514;0,002544529262086514;0,27735368956743;0,0;0,0;0,0;0,002544529262086514;0,010178117048346057;0,01272264631043257;0,13486005089058525;0,36895674300254455
EC010353;MASCULINO;1196,0;1089,0;76,0;31,0;0,06354515050167224;0,025919732441471572;0,043478260869565216;0,007525083612040134;0,005016722408026756;0,0016722408026755853;0,00919732441471572;0,2725752508361204;0,005852842809364548;0,0033444816053511705;0,004180602006688963;0,0033444816053511705;0,004180602006688963;0,00919732441471572;0,13963210702341136;0,4013377926421405
EC010354;MASCULINO;461,0;400,0;54,0;7,0;0,11713665943600868;0,015184381778741865;0,01735357917570499;0,008676789587852495;0,004338394793926247;0,0;0,0021691973969631237;0,30151843817787416;0,010845986984815618;0,0021691973969631237;0,0021691973969631237;0,0021691973969631237;0,006507592190889371;0,010845986984815618;0,1193058568329718;0,3796095444685466
EC010356;MASCULINO;226,0;201,0;15,0;10,0;0,06637168141592921;0,04424778761061947;0,022123893805309734;0,0;0,008849557522123894;0,004424778761061947;0,0;0,3938053097345133;0,01327433628318584;0,004424778761061947;0,004424778761061947;0,0;0,004424778761061947;0,01327433628318584;0,07964601769911504;0,3407079646017699
EC010357;MASCULINO;1009,0;884,0;98,0;26,0;0,09712586719524281;0,02576808721506442;0,02081268582755203;0,0019821605550049554;0,0;0,0019821605550049554;0,004955401387512388;0,25173439048562934;0,005946481665014866;0,002973240832507433;0,0009910802775024777;0,0009910802775024777;0,003964321110009911;0,013875123885034688;0,13577799801783944;0,4301288404360753
EC010358;MASCULINO;760,0;649,0;90,0;21,0;0,11842105263157894;0,02763157894736842;0,04078947368421053;0,006578947368421052;0,0013157894736842105;0,0013157894736842105;0,0013157894736842105;0,26842105263157895;0,013157894736842105;0,002631578947368421;0,0;0,0013157894736842105;0,007894736842105263;0,013157894736842105;0,10789473684210527;0,3881578947368421
EC010359;MASCULINO;186,0;170,0;15,0;1,0;0,08064516129032258;0,005376344086021506;0,026881720430107527;0,0;0,0;0,0;0,016129032258064516;0,34946236559139787;0,010752688172043012;0,010752688172043012;0,005376344086021506;0,005376344086021506;0,0;0,021505376344086023;0,16129032258064516;0,3064516129032258
EC010360;MASCULINO;188,0;161,0;20,0;7,0;0,10638297872340426;0,03723404255319149;0,0425531914893617;0,005319148936170213;0,0;0,0;0,005319148936170213;0,24468085106382978;0,015957446808510637;0,005319148936170213;0,005319148936170213;0,0;0,010638297872340425;0,015957446808510637;0,10638297872340426;0,39893617021276595
EC010450;MASCULINO;3082,0;2802,0;218,0;62,0;0,07073329007138222;0,020116807268007787;0,03082414016872161;0,0016223231667748216;0,0016223231667748216;0,004218040233614536;0,001946787800129786;0,17164179104477612;0,005840363400389357;0,001946787800129786;0,001946787800129786;0,0016223231667748216;0,001946787800129786;0,008436080467229072;0,3011031797534069;0,3744321868916288
EC010451;MASCULINO;798,0;711,0;67,0;20,0;0,08395989974937343;0,02506265664160401;0,02631578947368421;0,002506265664160401;0,002506265664160401;0,0012531328320802004;0,0037593984962406013;0,21804511278195488;0,0037593984962406013;0,0012531328320802004;0,0012531328320802004;0,0;0,0037593984962406013;0,011278195488721804;0,24937343358395989;0,3659147869674185
EC010452;MASCULINO;534,0;485,0;38,0;11,0;0,07116104868913857;0,020599250936329586;0,035580524344569285;0,0018726591760299626;0,0;0,00749063670411985;0,003745318352059925;0,29213483146067415;0,003745318352059925;0,0018726591760299626;0,0;0,0018726591760299626;0,003745318352059925;0,013108614232209739;0,1441947565543071;0,398876404494382
EC010453;MASCULINO;438,0;401,0;29,0;8,0;0,06621004566210045;0,0182648401826484;0,02968036529680365;0,00228310502283105;0,00228310502283105;0,00228310502283105;0,0;0,23515981735159816;0,00684931506849315;0,0;0,00228310502283105;0,0;0,0;0,00684931506849315;0,10730593607305935;0,5205479452054794
EC010550;MASCULINO;4921,0;4444,0;378,0;93,0;0,07681365576102418;0,018898597845966265;0,0363747205852469;0,001016053647632595;0,001422475106685633;0,000812842918106076;0,002844950213371266;0,3678114204429994;0,005689900426742532;0,00203210729526519;0,002235318024791709;0,001828896565738671;0,002438528754318228;0,010973379394432025;0,07031091241617557;0,39727697622434466
EC010552;MASCULINO;424,0;382,0;28,0;14,0;0,0660377358490566;0,0330188679245283;0,01650943396226415;0,0;0,0;0,0;0,007075471698113208;0,2830188679245283;0,01650943396226415;0,0023584905660377358;0,0;0,0;0,007075471698113208;0,01179245283018868;0,10141509433962265;0,455188679245283
EC010553;MASCULINO;584,0;520,0;43,0;21,0;0,07363013698630137;0,03595890410958904;0,03424657534246575;0,003424657534246575;0,003424657534246575;0,0;0,005136986301369863;0,3407534246575342;0,015410958904109588;0,0017123287671232876;0,0017123287671232876;0,003424657534246575;0,010273972602739725;0,005136986301369863;0,10102739726027397;0,3647260273972603
EC010554;MASCULINO;511,0;435,0;62,0;13,0;0,12133072407045009;0,025440313111545987;0,019569471624266144;0,0;0,0019569471624266144;0,0;0,009784735812133072;0,33463796477495106;0,007827788649706457;0,0019569471624266144;0,003913894324853229;0,0;0,003913894324853229;0,019569471624266144;0,07045009784735812;0,3776908023483366
EC010556;MASCULINO;329,0;302,0;19,0;7,0;0,057750759878419454;0,02127659574468085;0,02127659574468085;0,0;0,0;0,0060790273556231;0,0060790273556231;0,3799392097264438;0,0060790273556231;0,00303951367781155;0,0;0,00303951367781155;0,0;0,00303951367781155;0,0790273556231003;0,41033434650455924
EC010559;MASCULINO;580,0;502,0;61,0;17,0;0,10517241379310345;0,029310344827586206;0,056896551724137934;0,0;0,0034482758620689655;0,0;0,006896551724137931;0,29482758620689653;0,006896551724137931;0,0034482758620689655;0,0;0,0034482758620689655;0,0017241379310344827;0,010344827586206896;0,11379310344827587;0,36379310344827587
EC010561;MASCULINO;322,0;284,0;28,0;10,0;0,08695652173913043;0,031055900621118012;0,012422360248447204;0,0;0,006211180124223602;0,0;0,006211180124223602;0,2546583850931677;0,012422360248447204;0,003105590062111801;0,0;0,0;0,003105590062111801;0,0;0,052795031055900624;0,531055900621118
EC010562;MASCULINO;333,0;289,0;31,0;13,0;0,09309309309309309;0,03903903903903904;0,015015015015015015;0,003003003003003003;0,003003003003003003;0,006006006006006006;0,0;0,27927927927927926;0,015015015015015015;0,003003003003003003;0,003003003003003003;0,003003003003003003;0,0;0,009009009009009009;0,07807807807807808;0,45045045045045046
EC010650;MASCULINO;2318,0;2110,0;139,0;67,0;0,05996548748921484;0,028904227782571183;0,015099223468507334;0,0012942191544434857;0,0012942191544434857;0,0025884383088869713;0,0021570319240724763;0,28515962036238135;0,00992234685073339;0,0012942191544434857;0,0004314063848144953;0,0008628127696289905;0,003882657463330457;0,007333908541846419;0,04702329594477998;0,5319240724762726
EC010652;MASCULINO;438,0;403,0;26,0;9,0;0,0593607305936073;0,02054794520547945;0,02511415525114155;0,0;0,00228310502283105;0,00228310502283105;0,00228310502283105;0,319634703196347;0,0045662100456621;0,0;0,0;0,0;0,00228310502283105;0,00228310502283105;0,0410958904109589;0,5182648401826484
EC010750;MASCULINO;1105,0;1040,0;50,0;15,0;0,04524886877828054;0,013574660633484163;0,03257918552036199;0,0;0,0018099547511312218;0,0036199095022624436;0,0027149321266968325;0,49321266968325794;0,009954751131221719;0,0018099547511312218;0,0036199095022624436;0,0018099547511312218;0,00904977375565611;0,00904977375565611;0,07239819004524888;0,2995475113122172
EC010751;MASCULINO;157,0;146,0;8,0;3,0;0,050955414012738856;0,01910828025477707;0,03821656050955414;0,0;0,006369426751592357;0,006369426751592357;0,012738853503184714;0,45222929936305734;0,012738853503184714;0,0;0,006369426751592357;0,0;0,0;0,006369426751592357;0,10191082802547771;0,28662420382165604
EC010850;MASCULINO;4493,0;4141,0;261,0;88,0;0,05809036278655687;0,01958602270198086;0,02915646561317605;0,0017805475183618963;0,0020031159581571333;0,001112842198976185;0,00222568439795237;0,4620520810149121;0,006677053193857111;0,0017805475183618963;0,0020031159581571333;0,0006677053193857111;0,0024482528377476075;0,011796127309147563;0,068551079456933;0,3294012908969508
EC010851;MASCULINO;978,0;898,0;57,0;23,0;0,05828220858895705;0,023517382413087935;0,026584867075664622;0,002044989775051125;0,003067484662576687;0,00408997955010225;0,005112474437627812;0,4130879345603272;0,009202453987730062;0,003067484662576687;0,002044989775051125;0,0010224948875255625;0,003067484662576687;0,009202453987730062;0,06134969325153374;0,37525562372188137
EC010852;MASCULINO;442,0;409,0;19,0;14,0;0,042986425339366516;0,03167420814479638;0,033936651583710405;0,0022624434389140274;0,004524886877828055;0,004524886877828055;0,0022624434389140274;0,4117647058823529;0,01583710407239819;0,004524886877828055;0,0022624434389140274;0,0;0,004524886877828055;0,0022624434389140274;0,042986425339366516;0,3936651583710407
EC010853;MASCULINO;588,0;536,0;31,0;21,0;0,05272108843537415;0,03571428571428571;0,022108843537414966;0,003401360544217687;0,003401360544217687;0,0017006802721088435;0,00510204081632653;0,3673469387755102;0,011904761904761904;0,0;0,0;0,0;0,003401360544217687;0,017006802721088437;0,12755102040816327;0,3486394557823129
EC010854;MASCULINO;202,0;184,0;13,0;5,0;0,06435643564356436;0,024752475247524754;0,024752475247524754;0,0;0,0049504950495049506;0,0;0,0;0,400990099009901;0,0049504950495049506;0,009900990099009901;0,0;0,0;0,0;0,04455445544554455;0,24257425742574257;0,1782178217821782
EC010950;MASCULINO;3365,0;2992,0;285,0;85,0;0,08469539375928678;0,02526002971768202;0,03298662704309064;0,001188707280832095;0,001188707280832095;0,0014858841010401188;0,002674591381872214;0,3352154531946508;0,005052005943536404;0,0017830609212481426;0,0017830609212481426;0,001188707280832095;0,0032689450222882616;0,009806835066864784;0,07578008915304606;0,4157503714710253
EC010951;MASCULINO;367,0;325,0;31,0;11,0;0,08446866485013624;0,02997275204359673;0,04087193460490463;0,0027247956403269754;0,0027247956403269754;0,0;0,0027247956403269754;0,37057220708446864;0,010899182561307902;0,0;0,005449591280653951;0,0027247956403269754;0,008174386920980926;0,01634877384196185;0,09264305177111716;0,329700272479564
EC010952;MASCULINO;886,0;796,0;66,0;25,0;0,0744920993227991;0,028216704288939052;0,02708803611738149;0,0;0,001128668171557562;0,001128668171557562;0,0056433408577878106;0,2878103837471783;0,002257336343115124;0,001128668171557562;0,002257336343115124;0,0;0,004514672686230248;0,011286681715575621;0,11851015801354402;0,435665914221219
EC010953;MASCULINO;289,0;270,0;13,0;6,0;0,04498269896193772;0,020761245674740483;0,02422145328719723;0,0;0,0;0,0;0,0034602076124567475;0,29411764705882354;0,0034602076124567475;0,0;0,0034602076124567475;0,0034602076124567475;0,0;0,01730103806228374;0,0726643598615917;0,5121107266435986
EC010954;MASCULINO;849,0;755,0;74,0;20,0;0,08716136631330977;0,023557126030624265;0,020023557126030624;0,002355712603062426;0,001177856301531213;0,001177856301531213;0,002355712603062426;0,30859835100117783;0,009422850412249705;0,002355712603062426;0,002355712603062426;0,001177856301531213;0,002355712603062426;0,01060070671378092;0,1166077738515901;0,408716136631331
EC010955;MASCULINO;894,0;785,0;83,0;26,0;0,09284116331096197;0,029082774049217;0,026845637583892617;0,0022371364653243847;0,0044742729306487695;0,0011185682326621924;0,0022371364653243847;0,2796420581655481;0,008948545861297539;0,0011185682326621924;0,003355704697986577;0,0011185682326621924;0,003355704697986577;0,01901565995525727;0,11297539149888143;0,4116331096196868
EC010956;MASCULINO;416,0;352,0;52,0;12,0;0,125;0,028846153846153848;0,01201923076923077;0,002403846153846154;0,01201923076923077;0,007211538461538462;0,0;0,46875;0,004807692307692308;0,0;0,0;0,0;0,009615384615384616;0,026442307692307692;0,13221153846153846;0,17067307692307693
EC011050;MASCULINO;1010,0;882,0;97,0;31,0;0,09603960396039604;0,030693069306930693;0,028712871287128714;0,0;0,0009900990099009901;0,0009900990099009901;0,0029702970297029703;0,33762376237623765;0,0029702970297029703;0,0019801980198019802;0,0;0,0009900990099009901;0,0049504950495049506;0,006930693069306931;0,11485148514851486;0,3693069306930693
EC011051;MASCULINO;312,0;295,0;10,0;7,0;0,03205128205128205;0,022435897435897436;0,035256410256410256;0,003205128205128205;0,003205128205128205;0,003205128205128205;0,0;0,36217948717948717;0,01282051282051282;0,0;0,0;0,0;0,00641025641025641;0,035256410256410256;0,057692307692307696;0,42628205128205127
EC011150;MASCULINO;2274,0;2014,0;201,0;58,0;0,08839050131926121;0,025505716798592787;0,04177660510114336;0,0021987686895338612;0,00395778364116095;0,0030782761653474055;0,005277044854881266;0,3913808267370273;0,0079155672823219;0,0021987686895338612;0,003518029903254178;0,001759014951627089;0,0030782761653474055;0,011873350923482849;0,060246262093227795;0,34740545294635006
EC011151;MASCULINO;317,0;288,0;23,0;5,0;0,07255520504731862;0,015772870662460567;0,012618296529968454;0,0;0,0;0,006309148264984227;0,0;0,23974763406940064;0,006309148264984227;0,0;0,0031545741324921135;0,0031545741324921135;0,0;0,03785488958990536;0,07570977917981073;0,5236593059936908
EC011152;MASCULINO;296,0;250,0;33,0;13,0;0,11148648648648649;0,04391891891891892;0,05405405405405406;0,0;0,010135135135135136;0,0;0,0033783783783783786;0,24324324324324326;0,013513513513513514;0,0;0,0;0,013513513513513514;0,0033783783783783786;0,0033783783783783786;0,06756756756756757;0,43243243243243246
EC011153;MASCULINO;234,0;179,0;41,0;14,0;0,1752136752136752;0,05982905982905983;0,038461538461538464;0,0;0,004273504273504274;0,004273504273504274;0,008547008547008548;0,18803418803418803;0,021367521367521368;0,0;0,0;0,0;0,01282051282051282;0,004273504273504274;0,038461538461538464;0,4444444444444444
EC011154;MASCULINO;190,0;169,0;16,0;5,0;0,08421052631578947;0,02631578947368421;0,042105263157894736;0,005263157894736842;0,005263157894736842;0,005263157894736842;0,005263157894736842;0,3526315789473684;0,005263157894736842;0,005263157894736842;0,005263157894736842;0,0;0,0;0,021052631578947368;0,07368421052631578;0,3631578947368421
EC011250;MASCULINO;541,0;506,0;31,0;4,0;0,05730129390018484;0,0073937153419593345;0,04621072088724584;0,005545286506469501;0,0;0,0;0,0018484288354898336;0,3364140480591497;0,012939001848428836;0,0;0,0;0,0;0,0;0,0073937153419593345;0,033271719038817;0,49168207024029575
EC011253;MASCULINO;393,0;371,0;19,0;5,0;0,04834605597964377;0,01272264631043257;0,015267175572519083;0,005089058524173028;0,005089058524173028;0,0;0,002544529262086514;0,2697201017811705;0,002544529262086514;0,005089058524173028;0,0;0,0;0,002544529262086514;0,010178117048346057;0,05597964376590331;0,5699745547073791
EC011350;MASCULINO;831,0;781,0;32,0;16,0;0,03850782190132371;0,019253910950661854;0,024067388688327317;0,0;0,0;0,0;0,0012033694344163659;0,23706377858002406;0,0012033694344163659;0,0012033694344163659;0,0024067388688327317;0,0012033694344163659;0,0024067388688327317;0,007220216606498195;0,01684717208182912;0,6450060168471721
EC011351;MASCULINO;312,0;298,0;7,0;6,0;0,022435897435897436;0,019230769230769232;0,02564102564102564;0,0;0,003205128205128205;0,003205128205128205;0,0;0,21474358974358973;0,003205128205128205;0,0;0,0;0,0;0,003205128205128205;0,003205128205128205;0,04807692307692308;0,6506410256410257
EC011352;MASCULINO;768,0;725,0;34,0;9,0;0,044270833333333336;0,01171875;0,02734375;0,0;0,0013020833333333333;0,0;0,005208333333333333;0,2265625;0,0;0,0;0,0013020833333333333;0,0013020833333333333;0,0013020833333333333;0,0078125;0,05078125;0,62109375
EC011450;MASCULINO;1120,0;1015,0;78,0;27,0;0,06964285714285715;0,024107142857142858;0,029464285714285714;0,0017857142857142857;0,0;0,0035714285714285713;0,0017857142857142857;0,32767857142857143;0,005357142857142857;0,0008928571428571428;0,0008928571428571428;0,0008928571428571428;0,0008928571428571428;0,007142857142857143;0,04107142857142857;0,48482142857142857
EC011550;MASCULINO;6975,0;6476,0;355,0;145,0;0,05089605734767025;0,02078853046594982;0,015483870967741935;0,0007168458781362007;0,002150537634408602;0,002007168458781362;0,0012903225806451613;0,29304659498207886;0,006164874551971326;0,002007168458781362;0,0018637992831541219;0,0002867383512544803;0,0035842293906810036;0,006308243727598566;0,01835125448028674;0,5751971326164874
EC020150;MASCULINO;8561,0;7541,0;740,0;276,0;0,08643850017521318;0,0322392243896741;0,014951524354631469;0,0021025581123700504;0,0010512790561850252;0,001635322976287817;0,002686602032472842;0,269244247167387;0,004672351360822334;0,001635322976287817;0,002920219600513959;0,002336175680411167;0,003037028384534517;0,006190865553089593;0,3565004088307441;0,21189113421329284
EC020151;MASCULINO;875,0;720,0;125,0;29,0;0,14285714285714285;0,03314285714285714;0,014857142857142857;0,002285714285714286;0,002285714285714286;0,001142857142857143;0,004571428571428572;0,24571428571428572;0,005714285714285714;0,002285714285714286;0,002285714285714286;0,009142857142857144;0,001142857142857143;0,005714285714285714;0,3325714285714286;0,19314285714285714
EC020153;MASCULINO;857,0;719,0;113,0;25,0;0,13185530921820304;0,029171528588098017;0,026837806301050177;0,002333722287047841;0,002333722287047841;0,0011668611435239206;0,0;0,23687281213535588;0,004667444574095682;0,003500583430571762;0,0011668611435239206;0,0;0,0;0,003500583430571762;0,3617269544924154;0,19486581096849476
EC020155;MASCULINO;1591,0;1448,0;127,0;16,0;0,0798240100565682;0,01005656819610308;0,013199245757385292;0,001257071024512885;0,001257071024512885;0,0006285355122564425;0,0031426775612822125;0,17473287240729102;0,0018856065367693275;0,0006285355122564425;0,0006285355122564425;0,001257071024512885;0,0018856065367693275;0,0031426775612822125;0,39849151477058453;0,3079824010056568
EC020156;MASCULINO;697,0;630,0;43,0;24,0;0,06169296987087518;0,03443328550932568;0,020086083213773313;0,0;0,0014347202295552368;0,0014347202295552368;0,0028694404591104736;0,5222381635581061;0,010043041606886656;0,0;0,0;0,0028694404591104736;0,0014347202295552368;0,00430416068866571;0,11047345767575323;0,2266857962697274
EC020157;MASCULINO;1324,0;1194,0;100,0;30,0;0,0755287009063444;0,022658610271903322;0,01661631419939577;0,0;0,0030211480362537764;0,0007552870090634441;0,0022658610271903325;0,229607250755287;0,006797583081570997;0,0015105740181268882;0,005287009063444109;0,0022658610271903325;0,0030211480362537764;0,00906344410876133;0,3776435045317221;0,24395770392749244
EC020158;MASCULINO;717,0;657,0;51,0;9,0;0,07112970711297072;0,012552301255230125;0,03626220362622036;0,001394700139470014;0,001394700139470014;0,001394700139470014;0,002789400278940028;0,4825662482566248;0,005578800557880056;0,002789400278940028;0,0;0,0;0,0041841004184100415;0,005578800557880056;0,14086471408647142;0,2315202231520223
EC020159;MASCULINO;3733,0;3120,0;474,0;139,0;0,1269756228234664;0,03723546745245111;0,006964907581034021;0,0010715242432360033;0,0016072863648540047;0,001339405304045004;0,0034824537905170103;0,09322260916153229;0,005893383337798017;0,0021430484864720066;0,0018751674256630056;0,002678810608090008;0,004286096972944013;0,00669702652022502;0,46423787838199837;0,24028931154567373
EC020160;MASCULINO;2286,0;2111,0;133,0;42,0;0,05818022747156605;0,01837270341207349;0,01399825021872266;0,0004374453193350831;0,0013123359580052493;0,0004374453193350831;0,0013123359580052493;0,46500437445319337;0,005249343832020997;0,0021872265966754157;0,0013123359580052493;0,0026246719160104987;0,003499562554680665;0,008748906386701663;0,07349081364829396;0,3438320209973753
EC020250;MASCULINO;4796,0;4273,0;366,0;156,0;0,07631359466221851;0,03252710592160134;0,029608006672226857;0,0018765638031693077;0,0012510425354462051;0,0012510425354462051;0,00396163469557965;0,4439115929941618;0,009591326105087573;0,0014595496246872393;0,001042535446205171;0,0022935779816513763;0,005629691409507923;0,007089241034195163;0,09153461217681401;0,29045037531276063
EC020251;MASCULINO;2365,0;2087,0;176,0;102,0;0,07441860465116279;0,04312896405919662;0,01522198731501057;0,00042283298097251583;0,0008456659619450317;0,0016913319238900633;0,0021141649048625794;0,47610993657505285;0,007610993657505285;0,0008456659619450317;0,00507399577167019;0,0021141649048625794;0,0008456659619450317;0,007610993657505285;0,041014799154334036;0,3209302325581395
EC020350;MASCULINO;2477,0;2340,0;98,0;39,0;0,03956398869600323;0,015744852644327817;0,03108599111828825;0,0024222850222042794;0,0016148566814695195;0,0008074283407347598;0,0004037141703673799;0,638675817521195;0,005651998385143318;0,0008074283407347598;0,0016148566814695195;0,0024222850222042794;0,002825999192571659;0,008881711748082357;0,050867985466289865;0,196608800968914
EC020351;MASCULINO;920,0;798,0;78,0;44,0;0,08478260869565217;0,04782608695652174;0,030434782608695653;0,0;0,0;0,002173913043478261;0,0010869565217391304;0,391304347826087;0,004347826086956522;0,002173913043478261;0,002173913043478261;0,002173913043478261;0,0010869565217391304;0,003260869565217391;0,21304347826086956;0,2141304347826087
EC020353;MASCULINO;1032,0;911,0;96,0;24,0;0,09302325581395349;0,023255813953488372;0,03682170542635659;0,0009689922480620155;0,0029069767441860465;0,0009689922480620155;0,0009689922480620155;0,38953488372093026;0,007751937984496124;0,001937984496124031;0,0029069767441860465;0,001937984496124031;0,005813953488372093;0,0048449612403100775;0,09205426356589147;0,3333333333333333
EC020354;MASCULINO;380,0;344,0;31,0;5,0;0,08157894736842106;0,013157894736842105;0,018421052631578946;0,0;0,0;0,0;0,0;0,531578947368421;0,007894736842105263;0,0;0,0;0,002631578947368421;0,002631578947368421;0,018421052631578946;0,08421052631578947;0,2394736842105263
EC020355;MASCULINO;756,0;691,0;48,0;17,0;0,06349206349206349;0,022486772486772486;0,013227513227513227;0,0;0,0;0,0;0,0013227513227513227;0,5277777777777778;0,011904761904761904;0,0013227513227513227;0,0;0,0013227513227513227;0,007936507936507936;0,003968253968253968;0,06613756613756613;0,2791005291005291
EC020450;MASCULINO;6407,0;5798,0;435,0;170,0;0,06789449040112377;0,026533479007335728;0,026533479007335728;0,0007803964413922273;0,0018729514593413454;0,0017168721710628999;0,001404713594506009;0,4763539878258155;0,006555330107694709;0,0023411893241766816;0,001404713594506009;0,0024972686124551274;0,0034337443421257998;0,005618854378024036;0,07476197908537537;0,29967223349461525
EC020550;MASCULINO;5084,0;4678,0;334,0;68,0;0,06569630212431156;0,013375295043273014;0,03009441384736428;0,001966955153422502;0,0011801730920535012;0,0005900865460267506;0,0011801730920535012;0,5739575137686861;0,005900865460267506;0,000983477576711251;0,0011801730920535012;0,000983477576711251;0,0033438237608182536;0,01003147128245476;0,05389457120377655;0,23485444531864674
EC020551;MASCULINO;1234,0;1130,0;60,0;43,0;0,04862236628849271;0,03484602917341977;0,018638573743922204;0,0016207455429497568;0,0008103727714748784;0,0008103727714748784;0,0008103727714748784;0,5348460291734197;0,012155591572123177;0,0024311183144246355;0,0024311183144246355;0,0;0,0032414910858995136;0,004862236628849271;0,031604538087520256;0,3014586709886548
EC020552;MASCULINO;904,0;795,0;87,0;22,0;0,09623893805309734;0,024336283185840708;0,030973451327433628;0,00331858407079646;0,0022123893805309734;0,0022123893805309734;0,0022123893805309734;0,43473451327433627;0,00995575221238938;0,0022123893805309734;0,0022123893805309734;0,00663716814159292;0,00331858407079646;0,00663716814159292;0,06858407079646017;0,30420353982300885
EC020553;MASCULINO;429,0;398,0;20,0;12,0;0,046620046620046623;0,027972027972027972;0,009324009324009324;0,002331002331002331;0,004662004662004662;0,002331002331002331;0,002331002331002331;0,6386946386946387;0,004662004662004662;0,0;0,004662004662004662;0,004662004662004662;0,002331002331002331;0,006993006993006993;0,05827505827505827;0,1864801864801865
EC020554;MASCULINO;1975,0;1751,0;169,0;53,0;0,08556962025316456;0,026835443037974683;0,028860759493670885;0,0015189873417721519;0,0020253164556962027;0,0010126582278481013;0,002531645569620253;0,3949367088607595;0,011139240506329114;0,0030379746835443038;0,0010126582278481013;0,0020253164556962027;0,0035443037974683543;0,005569620253164557;0,10430379746835443;0,3250632911392405
EC020555;MASCULINO;615,0;568,0;40,0;7,0;0,06504065040650407;0,011382113821138212;0,016260162601626018;0,0;0,0;0,0032520325203252032;0,0;0,408130081300813;0,008130081300813009;0,0;0,0;0,004878048780487805;0,0016260162601626016;0,00975609756097561;0,191869918699187;0,27967479674796747
EC020556;MASCULINO;375,0;350,0;22,0;3,0;0,058666666666666666;0,008;0,029333333333333333;0,0;0,0026666666666666666;0,0026666666666666666;0,008;0,49866666666666665;0,018666666666666668;0,0;0,0;0,0026666666666666666;0,0026666666666666666;0,016;0,08;0,272
EC020650;MASCULINO;6386,0;5847,0;355,0;184,0;0,0555903538991544;0,028813028499843407;0,013310366426558097;0,00031318509238960227;0,001252740369558409;0,0031318509238960224;0,0009395552771688068;0,6196367052928281;0,0057939242092076414;0,0014093329157532101;0,0004697776385844034;0,001096147823363608;0,002662073285311619;0,0039148136548700285;0,032571249608518635;0,22909489508299405
EC020750;MASCULINO;2569,0;2338,0;163,0;68,0;0,06344881276761385;0,02646944336317633;0,017516543402101986;0,0011677695601401323;0,0011677695601401323;0,0007785130400934215;0,0007785130400934215;0,42740365901128846;0,004281821720513819;0,0023355391202802647;0,001946282600233554;0,0023355391202802647;0,001946282600233554;0,0070066173608407945;0,08446866485013624;0,3569482288828338
EC030150;MASCULINO;1108,0;995,0;77,0;35,0;0,06949458483754513;0,0315884476534296;0,055054151624548735;0,0009025270758122744;0,0018050541516245488;0,0;0,0;0,4981949458483754;0,009025270758122744;0,004512635379061372;0,002707581227436823;0,002707581227436823;0,00631768953068592;0,008122743682310469;0,08574007220216606;0,22292418772563177
EC030151;MASCULINO;880,0;800,0;65,0;16,0;0,07386363636363637;0,01818181818181818;0,026136363636363635;0,0022727272727272726;0,004545454545454545;0,0022727272727272726;0,0011363636363636363;0,4284090909090909;0,014772727272727272;0,0;0,004545454545454545;0,0;0,0022727272727272726;0,006818181818181818;0,09318181818181819;0,32272727272727275
EC030153;MASCULINO;1943,0;1800,0;101,0;41,0;0,05198147195059187;0,02110138960370561;0,03860010293360782;0,001544004117344313;0,001544004117344313;0,000514668039114771;0,001544004117344313;0,6165723108594956;0,013896037056098817;0,003088008234688626;0,001544004117344313;0,003088008234688626;0,006176016469377252;0,01080802882141019;0,06433350488934637;0,1631497683993824
EC030154;MASCULINO;1831,0;1646,0;129,0;56,0;0,07045330420535227;0,030584380120152924;0,04314582195521573;0,0;0,0016384489350081922;0,002184598580010923;0,0032768978700163844;0,3522665210267613;0,012015292190060076;0,002184598580010923;0,006007646095030038;0,0016384489350081922;0,0038230475150191155;0,018569087930092845;0,07373020207536865;0,3784817039868924
EC030155;MASCULINO;773,0;684,0;67,0;22,0;0,08667529107373868;0,028460543337645538;0,03234152652005175;0,00258732212160414;0,0038809831824062097;0,0038809831824062097;0,00258732212160414;0,47089262613195343;0,016817593790426907;0,00129366106080207;0,0038809831824062097;0,00129366106080207;0,0038809831824062097;0,009055627425614488;0,11772315653298836;0,2147477360931436
EC030156;MASCULINO;428,0;349,0;65,0;12,0;0,15186915887850466;0,028037383177570093;0,02102803738317757;0,002336448598130841;0,0;0,002336448598130841;0,0;0,2780373831775701;0,014018691588785047;0,002336448598130841;0,011682242990654205;0,004672897196261682;0,002336448598130841;0,011682242990654205;0,1939252336448598;0,27102803738317754
EC030157;MASCULINO;501,0;432,0;48,0;20,0;0,09580838323353294;0,03992015968063872;0,023952095808383235;0,0;0,003992015968063872;0,003992015968063872;0,003992015968063872;0,34530938123752497;0,013972055888223553;0,007984031936127744;0,001996007984031936;0,005988023952095809;0,005988023952095809;0,007984031936127744;0,1536926147704591;0,2834331337325349
EC030158;MASCULINO;917,0;824,0;76,0;17,0;0,08287895310796074;0,018538713195201745;0,04689203925845147;0,0021810250817884407;0,0021810250817884407;0,0021810250817884407;0,004362050163576881;0,3904034896401309;0,017448200654307525;0,004362050163576881;0,006543075245365322;0,007633587786259542;0,007633587786259542;0,008724100327153763;0,11450381679389313;0,2835332606324973
EC030160;MASCULINO;432,0;383,0;42,0;6,0;0,09722222222222222;0,013888888888888888;0,046296296296296294;0,004629629629629629;0,0;0,0;0,004629629629629629;0,32407407407407407;0,006944444444444444;0,0023148148148148147;0,0;0,0023148148148148147;0,0023148148148148147;0,006944444444444444;0,1875;0,2986111111111111
EC030250;MASCULINO;3664,0;3372,0;211,0;77,0;0,05758733624454149;0,02101528384279476;0,02947598253275109;0,0027292576419213972;0,0024563318777292577;0,001091703056768559;0,0024563318777292577;0,5120087336244541;0,01009825327510917;0,0013646288209606986;0,0024563318777292577;0,003002183406113537;0,0027292576419213972;0,008733624454148471;0,09361353711790393;0,248089519650655
EC030251;MASCULINO;721,0;641,0;57,0;22,0;0,07905686546463246;0,030513176144244106;0,018030513176144243;0,004160887656033287;0,0013869625520110957;0,0027739251040221915;0,005547850208044383;0,46879334257975036;0,011095700416088766;0,0013869625520110957;0,004160887656033287;0,004160887656033287;0,0027739251040221915;0,006934812760055479;0,1289875173370319;0,2288488210818308
EC030252;MASCULINO;288,0;264,0;19,0;4,0;0,06597222222222222;0,013888888888888888;0,020833333333333332;0,006944444444444444;0,0;0,0;0,0;0,5034722222222222;0,020833333333333332;0,0;0,0;0,010416666666666666;0,003472222222222222;0,006944444444444444;0,125;0,21875
EC030253;MASCULINO;145,0;128,0;14,0;3,0;0,09655172413793103;0,020689655172413793;0,013793103448275862;0,0;0,0;0,0;0,0;0,43448275862068964;0,013793103448275862;0,0;0,006896551724137931;0,0;0,0;0,013793103448275862;0,15172413793103448;0,2482758620689655
EC030254;MASCULINO;182,0;166,0;7,0;9,0;0,038461538461538464;0,04945054945054945;0,027472527472527472;0,0;0,0;0,0;0,0;0,31868131868131866;0,005494505494505495;0,0;0,0;0,016483516483516484;0,0;0,005494505494505495;0,15934065934065933;0,3791208791208791
EC030350;MASCULINO;6648,0;6149,0;384,0;113,0;0,05776173285198556;0,016997593261131167;0,026474127557160047;0,0007521058965102287;0,0015042117930204573;0,0012033694344163659;0,0025571600481347776;0,417719614921781;0,0048134777376654635;0,0004512635379061372;0,0018050541516245488;0,0018050541516245488;0,0024067388688327317;0,01022864019253911;0,18953068592057762;0,26368832731648617
EC030351;MASCULINO;810,0;693,0;82,0;35,0;0,10123456790123457;0,043209876543209874;0,01728395061728395;0,0024691358024691358;0,0;0,0012345679012345679;0,0024691358024691358;0,3333333333333333;0,016049382716049384;0,0024691358024691358;0,0012345679012345679;0,003703703703703704;0,0049382716049382715;0,006172839506172839;0,24691358024691357;0,21728395061728395
EC030352;MASCULINO;639,0;569,0;51,0;20,0;0,07981220657276995;0,03129890453834116;0,014084507042253521;0,0;0,001564945226917058;0,0;0,003129890453834116;0,29264475743348983;0,010954616588419406;0,001564945226917058;0,003129890453834116;0,001564945226917058;0,0;0,01564945226917058;0,23317683881064163;0,3129890453834116
EC030353;MASCULINO;523,0;448,0;50,0;25,0;0,09560229445506692;0,04780114722753346;0,009560229445506692;0,0076481835564053535;0,0;0,0;0,0038240917782026767;0,13001912045889102;0,0076481835564053535;0,0038240917782026767;0,0057361376673040155;0,0019120458891013384;0,0057361376673040155;0,009560229445506692;0,4933078393881453;0,17782026768642448
EC030354;MASCULINO;709,0;614,0;68,0;27,0;0,09590973201692525;0,0380818053596615;0,014104372355430184;0,0028208744710860366;0,0;0,007052186177715092;0,0014104372355430183;0,2849083215796897;0,019746121297602257;0,004231311706629055;0,0014104372355430183;0,0;0,005641748942172073;0,007052186177715092;0,1861777150916784;0,3314527503526093
EC030355;MASCULINO;1200,0;1056,0;96,0;48,0;0,08;0,04;0,015833333333333335;0,0008333333333333334;0,0033333333333333335;0,0016666666666666668;0,005833333333333334;0,26916666666666667;0,0033333333333333335;0,0008333333333333334;0,0033333333333333335;0,0;0,0;0,008333333333333333;0,21583333333333332;0,3516666666666667
EC030356;MASCULINO;1755,0;1447,0;225,0;83,0;0,1282051282051282;0,0472934472934473;0,009686609686609686;0,0011396011396011395;0,0005698005698005698;0,003418803418803419;0,0011396011396011395;0,17321937321937322;0,009686609686609686;0,0;0,002279202279202279;0,003418803418803419;0,002279202279202279;0,003988603988603989;0,28945868945868947;0,3242165242165242
EC030357;MASCULINO;414,0;374,0;37,0;3,0;0,0893719806763285;0,007246376811594203;0,012077294685990338;0,0024154589371980675;0,0;0,0;0,0;0,1642512077294686;0,014492753623188406;0,0;0,0;0,0;0,0024154589371980675;0,004830917874396135;0,45410628019323673;0,24879227053140096
EC030358;MASCULINO;511,0;444,0;52,0;15,0;0,10176125244618395;0,029354207436399216;0,01761252446183953;0,0;0,0019569471624266144;0,0019569471624266144;0,0;0,40313111545988256;0,0136986301369863;0,003913894324853229;0,0;0,0019569471624266144;0,005870841487279843;0,007827788649706457;0,046966731898238745;0,3639921722113503
EC030361;MASCULINO;409,0;337,0;44,0;29,0;0,10757946210268948;0,07090464547677261;0,014669926650366748;0,0;0,004889975550122249;0,0024449877750611247;0,0024449877750611247;0,13202933985330073;0,012224938875305624;0,0;0,0024449877750611247;0,0024449877750611247;0,0;0,004889975550122249;0,3594132029339853;0,2860635696821516
EC030362;MASCULINO;305,0;263,0;22,0;20,0;0,07213114754098361;0,06557377049180328;0,02622950819672131;0,003278688524590164;0,0;0,0;0,0;0,29508196721311475;0,01639344262295082;0,003278688524590164;0,003278688524590164;0,003278688524590164;0,003278688524590164;0,01639344262295082;0,18360655737704917;0,3081967213114754
EC030363;MASCULINO;817,0;737,0;58,0;22,0;0,07099143206854346;0,02692778457772338;0,008567931456548347;0,0024479804161566705;0,0024479804161566705;0,0036719706242350062;0,0;0,3329253365973072;0,006119951040391677;0,0024479804161566705;0,0012239902080783353;0,0;0,0024479804161566705;0,011015911872705019;0,16523867809057527;0,3635250917992656
EC030450;MASCULINO;13351,0;12204,0;863,0;276,0;0,06463935285746386;0,020672608793348812;0,018275784585424313;0,00037450378248820313;0,0023968242079245;0,002546625720919781;0,002022320425436297;0,3795970339300427;0,004868549172346641;0,002022320425436297;0,0016478166429480937;0,001797618155943375;0,0030709310164032657;0,015055052056025767;0,02748857763463411;0,45292487454123287
EC030451;MASCULINO;1462,0;1328,0;83,0;49,0;0,05677154582763338;0,033515731874145006;0,01094391244870041;0,0013679890560875513;0,002051983584131327;0,0013679890560875513;0,0027359781121751026;0,2647058823529412;0,01094391244870041;0,002051983584131327;0,002051983584131327;0,0;0,005471956224350205;0,006839945280437756;0,015047879616963064;0,5827633378932968
EC030452;MASCULINO;1874,0;1699,0;115,0;60,0;0,06136606189967983;0,032017075773746;0,015474919957310566;0,0;0,0026680896478121665;0,0026680896478121665;0,0010672358591248667;0,21504802561366063;0,005336179295624333;0,0021344717182497333;0,0005336179295624333;0,0010672358591248667;0,0032017075773745998;0,013874066168623266;0,017609391675560297;0,6259338313767343
EC030550;MASCULINO;2860,0;2620,0;176,0;66,0;0,06153846153846154;0,023076923076923078;0,019580419580419582;0,002097902097902098;0,00034965034965034965;0,0;0,002097902097902098;0,28881118881118883;0,0034965034965034965;0,0013986013986013986;0,0013986013986013986;0,0013986013986013986;0,004195804195804196;0,008041958041958041;0,22657342657342658;0,35664335664335667
EC030650;MASCULINO;1109,0;1021,0;59,0;29,0;0,05320108205590622;0,026149684400360685;0,023444544634806132;0,005410279531109108;0,0009017132551848512;0,0;0,002705139765554554;0,3904418394950406;0,009017132551848512;0,0018034265103697023;0,002705139765554554;0,0018034265103697023;0,005410279531109108;0,0063119927862939585;0,0721370604147881;0,3985572587917042
EC030651;MASCULINO;380,0;347,0;22,0;10,0;0,05789473684210526;0,02631578947368421;0,05789473684210526;0,0;0,002631578947368421;0,0;0,0;0,33157894736842103;0,007894736842105263;0,002631578947368421;0,0;0,0;0,0;0,010526315789473684;0,03684210526315789;0,4631578947368421
EC030750;MASCULINO;1401,0;1250,0;107,0;44,0;0,07637401855817273;0,03140613847251963;0,01284796573875803;0,0014275517487508922;0,0007137758743754461;0,0;0,0035688793718772305;0,22127052105638828;0,005710206995003569;0,0;0,0014275517487508922;0,0014275517487508922;0,0028551034975017845;0,0021413276231263384;0,3511777301927195;0,28765167737330477
EC040150;MASCULINO;13078,0;12172,0;717,0;183,0;0,05482489677320691;0,013992965285211807;0,03509710964979355;0,0005352500382321456;0,0017586786970484785;0,0021410001529285822;0,0051995717999694145;0,5631595045113932;0,005352500382321456;0,001529285823520416;0,00290564306468879;0,0009940357852882703;0,0047407860529132895;0,011163786511699036;0,027221287658663405;0,26892491206606517
EC040151;MASCULINO;919,0;821,0;69,0;27,0;0,0750816104461371;0,029379760609358;0,030467899891186073;0,001088139281828074;0,004352557127312296;0,003264417845484222;0,003264417845484222;0,30903155603917304;0,006528835690968444;0,001088139281828074;0,004352557127312296;0,002176278563656148;0,011969532100108813;0,00544069640914037;0,04352557127312296;0,46681175190424373
EC040153;MASCULINO;3481,0;3159,0;223,0;95,0;0,0640620511347314;0,027291008330939386;0,02757828210284401;0,0008618213157138753;0,002585463947141626;0,002585463947141626;0,002585463947141626;0,5004309106578569;0,008330939385234128;0,0011490950876185005;0,004883654122378627;0,0014363688595231256;0,0034472852628555013;0,008330939385234128;0,04165469692617064;0,30163746049985635
EC040154;MASCULINO;613,0;542,0;56,0;15,0;0,09135399673735727;0,024469820554649267;0,01957585644371941;0,0016313213703099511;0,0016313213703099511;0,0032626427406199023;0,0032626427406199023;0,25938009787928223;0,008156606851549755;0,0032626427406199023;0,004893964110929853;0,0;0,0032626427406199023;0,0016313213703099511;0,04567699836867863;0,5285481239804242
EC040155;MASCULINO;324,0;300,0;18,0;6,0;0,05555555555555555;0,018518518518518517;0,05555555555555555;0,0;0,0030864197530864196;0,0030864197530864196;0,0;0,4012345679012346;0,006172839506172839;0,0;0,0;0,0;0,0;0,006172839506172839;0,04938271604938271;0,4012345679012346
EC040156;MASCULINO;370,0;281,0;52,0;35,0;0,14054054054054055;0,0945945945945946;0,013513513513513514;0,002702702702702703;0,005405405405405406;0,005405405405405406;0,002702702702702703;0,1;0,021621621621621623;0,0;0,0;0,0;0,008108108108108109;0,04864864864864865;0,032432432432432434;0,518918918918919
EC040157;MASCULINO;1032,0;944,0;54,0;33,0;0,05232558139534884;0,03197674418604651;0,012596899224806201;0,0;0,0029069767441860465;0,0009689922480620155;0,0048449612403100775;0,437984496124031;0,0048449612403100775;0,0029069767441860465;0,0029069767441860465;0,0;0,0048449612403100775;0,00872093023255814;0,0562015503875969;0,375
EC040158;MASCULINO;532,0;494,0;25,0;13,0;0,046992481203007516;0,02443609022556391;0,022556390977443608;0,0018796992481203006;0,0018796992481203006;0,0;0,0018796992481203006;0,4774436090225564;0,013157894736842105;0,0;0,0018796992481203006;0,0018796992481203006;0,005639097744360902;0,009398496240601503;0,03571428571428571;0,35526315789473684
EC040159;MASCULINO;1172,0;932,0;126,0;114,0;0,1075085324232082;0,09726962457337884;0,014505119453924915;0,0034129692832764505;0,007679180887372013;0,0034129692832764505;0,006825938566552901;0,19965870307167236;0,021331058020477817;0,005119453924914676;0,002559726962457338;0,002559726962457338;0,002559726962457338;0,00938566552901024;0,07679180887372014;0,439419795221843
EC040161;MASCULINO;831,0;758,0;43,0;30,0;0,05174488567990373;0,036101083032490974;0,019253910950661854;0,0;0,0012033694344163659;0,0012033694344163659;0,0048134777376654635;0,3297232250300842;0,0048134777376654635;0,0;0,0024067388688327317;0,0012033694344163659;0,007220216606498195;0,0036101083032490976;0,0421179302045728;0,49458483754512633
EC040250;MASCULINO;2167,0;1968,0;153,0;45,0;0,07060452238117212;0,02076603599446239;0,03137978772496539;0,0013844023996308261;0,003230272265805261;0,0023073373327180432;0,003230272265805261;0,35394554683894786;0,0023073373327180432;0,0027688047992616522;0,0036917397323488694;0,0;0,0046146746654360865;0,011536686663590217;0,06137517305029996;0,4263959390862944
EC040251;MASCULINO;618,0;562,0;42,0;13,0;0,06796116504854369;0,021035598705501618;0,025889967637540454;0,0;0,0016181229773462784;0,0;0,0048543689320388345;0,3673139158576052;0,008090614886731391;0,0016181229773462784;0,0;0,0016181229773462784;0,006472491909385114;0,008090614886731391;0,05663430420711974;0,42718446601941745
EC040252;MASCULINO;827,0;750,0;56,0;21,0;0,06771463119709795;0,02539298669891173;0,018137847642079808;0,0012091898428053204;0,0024183796856106408;0,0;0,0048367593712212815;0,25151148730350664;0,0048367593712212815;0,0012091898428053204;0,0012091898428053204;0,0012091898428053204;0,006045949214026602;0,0036275695284159614;0,04232164449818621;0,5683192261185006
EC040253;MASCULINO;734,0;660,0;55,0;19,0;0,07493188010899182;0,025885558583106268;0,01634877384196185;0,0013623978201634877;0,0027247956403269754;0,0013623978201634877;0,004087193460490463;0,29836512261580383;0,0027247956403269754;0,004087193460490463;0,004087193460490463;0,0027247956403269754;0,0027247956403269754;0,01634877384196185;0,05449591280653951;0,4877384196185286
EC040254;MASCULINO;831,0;718,0;76,0;38,0;0,0914560770156438;0,0457280385078219;0,013237063778580024;0,0;0,0036101083032490976;0,0;0,0048134777376654635;0,14199759326113118;0,009626955475330927;0,0048134777376654635;0,0012033694344163659;0,0012033694344163659;0,0036101083032490976;0,009626955475330927;0,024067388688327317;0,6462093862815884
EC040255;MASCULINO;656,0;588,0;42,0;25,0;0,06402439024390244;0,038109756097560975;0,01676829268292683;0,0;0,006097560975609756;0,0;0,007621951219512195;0,2621951219512195;0,001524390243902439;0,0;0,003048780487804878;0,0;0,007621951219512195;0,006097560975609756;0,05030487804878049;0,5350609756097561
EC040350;MASCULINO;1966,0;1806,0;118,0;40,0;0,06002034587995931;0,02034587995930824;0,029501525940996948;0,001525940996948118;0,003051881993896236;0,000508646998982706;0,003560528992878942;0,47965412004069174;0,003051881993896236;0,001525940996948118;0,004069175991861648;0,001017293997965412;0,006103763987792472;0,0076297049847405905;0,05239064089521872;0,32502543234994913
EC040351;MASCULINO;395,0;355,0;31,0;9,0;0,07848101265822785;0,02278481012658228;0,02278481012658228;0,0;0,0;0,0;0,007594936708860759;0,3240506329113924;0,005063291139240506;0,0;0,0;0,0;0,010126582278481013;0,010126582278481013;0,0759493670886076;0,4430379746835443
EC040352;MASCULINO;1510,0;1405,0;79,0;25,0;0,05231788079470199;0,016556291390728478;0,02185430463576159;0,001986754966887417;0,0006622516556291391;0,005298013245033113;0,0026490066225165563;0,3;0,005298013245033113;0,0026490066225165563;0,006622516556291391;0,0006622516556291391;0,0026490066225165563;0,005298013245033113;0,08278145695364239;0,49205298013245036
EC040353;MASCULINO;1214,0;1100,0;92,0;20,0;0,0757825370675453;0,016474464579901153;0,014827018121911038;0,0008237232289950577;0,0032948929159802307;0,002471169686985173;0,004118616144975288;0,30724876441515653;0,005766062602965404;0,002471169686985173;0,009060955518945634;0,0008237232289950577;0,006589785831960461;0,007413509060955519;0,1013179571663921;0,43986820428336076
EC040450;MASCULINO;2596,0;2362,0;185,0;46,0;0,07126348228043143;0,017719568567026195;0,029275808936825885;0,0003852080123266564;0,0007704160246533128;0,0007704160246533128;0,00539291217257319;0,3659476117103236;0,00539291217257319;0,0007704160246533128;0,0030816640986132513;0,0007704160246533128;0,002696456086286595;0,010400616332819723;0,04969183359013867;0,4345146379044684
EC040451;MASCULINO;1210,0;1018,0;77,0;112,0;0,06363636363636363;0,09256198347107437;0,003305785123966942;0,0049586776859504135;0,0024793388429752068;0,004132231404958678;0,0024793388429752068;0,1206611570247934;0,017355371900826446;0,003305785123966942;0,0049586776859504135;0,004132231404958678;0,010743801652892562;0,004132231404958678;0,03140495867768595;0,6272727272727273
EC040452;MASCULINO;837,0;708,0;76,0;52,0;0,0908004778972521;0,06212664277180406;0,02031063321385902;0,0011947431302270011;0,0023894862604540022;0,005973715651135006;0,005973715651135006;0,20908004778972522;0,007168458781362007;0,005973715651135006;0,0035842293906810036;0,0;0,0047789725209080045;0,009557945041816009;0,04420549581839905;0,5256869772998806
EC040453;MASCULINO;568,0;508,0;40,0;20,0;0,07042253521126761;0,035211267605633804;0,017605633802816902;0,0035211267605633804;0,0035211267605633804;0,0017605633802816902;0,00528169014084507;0,1426056338028169;0,01232394366197183;0,0035211267605633804;0,00528169014084507;0,0;0,0017605633802816902;0,0017605633802816902;0,04225352112676056;0,653169014084507
EC040550;MASCULINO;3963,0;3602,0;281,0;79,0;0,07090587938430482;0,019934393136512744;0,03381276810497098;0,0005046681806712087;0,003028009084027252;0,001514004542013626;0,010598031794095382;0,40373454453696694;0,006813020439061317;0,0032803431743628564;0,002271006813020439;0,000757002271006813;0,0032803431743628564;0,017158718142821095;0,058036840777189;0,36411809235427706
EC040551;MASCULINO;1050,0;890,0;144,0;16,0;0,13714285714285715;0,015238095238095238;0,037142857142857144;0,002857142857142857;0,002857142857142857;0,0019047619047619048;0,007619047619047619;0,39904761904761904;0,002857142857142857;0,0038095238095238095;0,002857142857142857;0,002857142857142857;0,004761904761904762;0,013333333333333334;0,06571428571428571;0,3
EC040552;MASCULINO;274,0;250,0;23,0;1,0;0,08394160583941605;0,0036496350364963502;0,040145985401459854;0,0;0,0;0,0;0,0036496350364963502;0,3686131386861314;0,0072992700729927005;0,0;0,0036496350364963502;0,0;0,0036496350364963502;0,010948905109489052;0,032846715328467155;0,4416058394160584
EC040553;MASCULINO;412,0;376,0;21,0;15,0;0,050970873786407765;0,03640776699029126;0,03640776699029126;0,0;0,0024271844660194173;0,0024271844660194173;0,007281553398058253;0,30097087378640774;0,0024271844660194173;0,009708737864077669;0,0024271844660194173;0,0;0,0;0,0048543689320388345;0,04611650485436893;0,4975728155339806
EC040554;MASCULINO;1164,0;1010,0;114,0;40,0;0,0979381443298969;0,03436426116838488;0,028350515463917526;0,000859106529209622;0,002577319587628866;0,0;0,010309278350515464;0,3333333333333333;0,013745704467353952;0,00429553264604811;0,003436426116838488;0,006013745704467354;0,006872852233676976;0,00859106529209622;0,06786941580756013;0,38144329896907214
EC040555;MASCULINO;438,0;383,0;43,0;12,0;0,09817351598173515;0,0273972602739726;0,02511415525114155;0,0;0,0045662100456621;0,00228310502283105;0,0;0,3105022831050228;0,00228310502283105;0,0;0,0045662100456621;0,0;0,0045662100456621;0,00228310502283105;0,07534246575342465;0,4429223744292237
EC040650;MASCULINO;2647,0;2431,0;157,0;56,0;0,05931242916509256;0,021156025689459765;0,03702304495655459;0,0007555723460521345;0,0011333585190782018;0,0026445032111824707;0,005289006422364941;0,47827729505100114;0,0056667925953910086;0,003022289384208538;0,003022289384208538;0,00037778617302606723;0,003400075557234605;0,009822440498677748;0,039289761994710994;0,3286739705326785
EC040651;MASCULINO;545,0;505,0;24,0;16,0;0,044036697247706424;0,029357798165137616;0,04220183486238532;0,005504587155963303;0,001834862385321101;0,005504587155963303;0,001834862385321101;0,326605504587156;0,003669724770642202;0,0;0,003669724770642202;0,0;0,0;0,007339449541284404;0,04954128440366973;0,47889908256880737
EC050150;MASCULINO;7348,0;6793,0;416,0;136,0;0,056614044637996734;0,018508437670114317;0,02517691888949374;0,0005443658138268917;0,002177463255307567;0,001633097441480675;0,0020413718018508437;0,49305933587370715;0,0047632008709853025;0,0025857376156777356;0,0024496461622210124;0,0029940119760479044;0,003538377789874796;0,013609145345672292;0,19080021774632552;0,17909635274904737
EC050151;MASCULINO;2524,0;2325,0;159,0;41,0;0,06299524564183835;0,01624405705229794;0,013074484944532488;0,000792393026941363;0,0035657686212361333;0,0027733755942947703;0,003169572107765452;0,34508716323296357;0,006339144215530904;0,0011885895404120444;0,001584786053882726;0,004754358161648178;0,003961965134706815;0,011885895404120444;0,29120443740095087;0,23177496038034864
EC050152;MASCULINO;1975,0;1798,0;146,0;31,0;0,0739240506329114;0,01569620253164557;0,022278481012658228;0,0005063291139240507;0,0030379746835443038;0,051645569620253164;0,0015189873417721519;0,29670886075949365;0,0030379746835443038;0,028860759493670885;0,004050632911392405;0,002531645569620253;0,002531645569620253;0,00810126582278481;0,2481012658227848;0,23746835443037975
EC050153;MASCULINO;3508,0;3304,0;166,0;33,0;0,04732041049030787;0,009407069555302166;0,011402508551881414;0,0008551881413911061;0,0017103762827822121;0,0017103762827822121;0,0008551881413911061;0,25826681870011403;0,0017103762827822121;0,0017103762827822121;0,0017103762827822121;0,0019954389965792475;0,0014253135689851768;0,0068415051311288486;0,387115165336374;0,2645381984036488
EC050154;MASCULINO;701,0;656,0;40,0;5,0;0,05706134094151213;0,007132667617689016;0,008559201141226819;0,0;0,0;0,0;0,0042796005706134095;0,39942938659058486;0,0028530670470756064;0,0014265335235378032;0,0014265335235378032;0,0;0,0014265335235378032;0,012838801711840228;0,2524964336661912;0,25106990014265335
EC050156;MASCULINO;3273,0;3031,0;206,0;34,0;0,06293919951115184;0,010388023220287198;0,017109685304002444;0,00030553009471432935;0,0009165902841429881;0,0012221203788573174;0,002749770852428964;0,2581729300336083;0,00488848151542927;0,0030553009471432934;0,0030553009471432934;0,003360831041857623;0,002749770852428964;0,007943782462572564;0,3412771157959059;0,27925450656889705
EC050157;MASCULINO;878,0;798,0;64,0;16,0;0,07289293849658314;0,018223234624145785;0,0193621867881549;0,003416856492027335;0,002277904328018223;0,004555808656036446;0,0011389521640091116;0,3838268792710706;0,00683371298405467;0,0011389521640091116;0,002277904328018223;0,00683371298405467;0,002277904328018223;0,01366742596810934;0,17312072892938496;0,28815489749430523
EC050158;MASCULINO;2039,0;1876,0;133,0;30,0;0,06522805296714075;0,014713094654242276;0,01716527709661599;0,0014713094654242277;0,000980872976949485;0,0034330554193231977;0,000980872976949485;0,260912211868563;0,005394801373222168;0,00196174595389897;0,0024521824423737125;0,000980872976949485;0,005394801373222168;0,006866110838646395;0,45659637076998527;0,15546836684649337
EC050159;MASCULINO;3593,0;3306,0;245,0;42,0;0,06818814361258002;0,01168939604787086;0,010297801280267187;0,0013915947676036739;0,0016699137211244085;0,0030615084887280824;0,001113275814082939;0,20762593932646814;0,004174784302811021;0,0016699137211244085;0,001113275814082939;0,0027831895352073478;0,0036181463957695517;0,009184525466184246;0,429167826328973;0,24325076537712217
EC050161;MASCULINO;4877,0;4559,0;240,0;76,0;0,04921058027475907;0,015583350420340373;0,01455812999794956;0,0006151322534344885;0,0014353085913471396;0,0016403526758253025;0,001230264506868977;0,2788599548903014;0,003280705351650605;0,0018453967603034652;0,002870617182694279;0,002460529013737954;0,004100881689563256;0,011072380561820791;0,3454992823457043;0,26532704531474266
EC050162;MASCULINO;4064,0;3680,0;327,0;52,0;0,08046259842519685;0,012795275590551181;0,005659448818897638;0,000984251968503937;0,0012303149606299212;0,0022145669291338582;0,00024606299212598425;0,15994094488188976;0,0014763779527559055;0,0004921259842519685;0,0012303149606299212;0,0007381889763779527;0,0012303149606299212;0,005659448818897638;0,5656988188976378;0,15871062992125984
EC050250;MASCULINO;1655,0;1528,0;88,0;39,0;0,053172205438066465;0,023564954682779457;0,012084592145015106;0,0;0,0018126888217522659;0,0006042296072507553;0,0;0,21873111782477342;0,006646525679758308;0,0012084592145015106;0,0036253776435045317;0,0018126888217522659;0,002416918429003021;0,00906344410876133;0,029607250755287008;0,6356495468277945
EC050251;MASCULINO;1165,0;1062,0;90,0;13,0;0,07725321888412018;0,011158798283261802;0,01201716738197425;0,0017167381974248926;0,002575107296137339;0,0008583690987124463;0,0;0,34506437768240344;0,0068669527896995704;0,0034334763948497852;0,002575107296137339;0,0008583690987124463;0,0017167381974248926;0,010300429184549357;0,12103004291845494;0,4025751072961373
EC050252;MASCULINO;978,0;891,0;61,0;24,0;0,06237218813905931;0,024539877300613498;0,011247443762781187;0,0;0,0010224948875255625;0,003067484662576687;0,002044989775051125;0,4785276073619632;0,005112474437627812;0,00408997955010225;0,002044989775051125;0,0;0,00408997955010225;0,0081799591002045;0,08895705521472393;0,30265848670756645
EC050350;MASCULINO;2705,0;2364,0;226,0;116,0;0,08354898336414047;0,04288354898336414;0,01367837338262477;0,0;0,0014787430683918669;0,0007393715341959334;0,0011090573012939;0,32532347504621073;0,014787430683918669;0,002587800369685767;0,0022181146025878;0,0022181146025878;0,002587800369685767;0,0073937153419593345;0,23105360443622922;0,26876155268022184
EC050351;MASCULINO;4662,0;4193,0;335,0;129,0;0,07185757185757186;0,027670527670527672;0,013728013728013728;0,000429000429000429;0,0023595023595023596;0,0019305019305019305;0,0032175032175032173;0,40261690261690264;0,014586014586014585;0,0019305019305019305;0,0015015015015015015;0,001287001287001287;0,0027885027885027887;0,006864006864006864;0,06306306306306306;0,3830973830973831
EC050352;MASCULINO;379,0;322,0;23,0;34,0;0,06068601583113457;0,08970976253298153;0,018469656992084433;0,0;0,0;0,0;0,0;0,20316622691292877;0,0158311345646438;0,0;0,0;0,005277044854881266;0,002638522427440633;0,002638522427440633;0,25857519788918204;0,34300791556728233
EC050353;MASCULINO;639,0;569,0;41,0;27,0;0,06416275430359937;0,04225352112676056;0,004694835680751174;0,0;0,0;0,001564945226917058;0,0;0,3161189358372457;0,010954616588419406;0,001564945226917058;0,0;0,0;0,001564945226917058;0,001564945226917058;0,30672926447574334;0,24569640062597808
EC050450;MASCULINO;13484,0;12356,0;916,0;208,0;0,06793236428359538;0,0154256897063186;0,01987540789083358;0,0007416196974191634;0,0009641056066449125;0,0029664787896766538;0,0013349154553544942;0,31066449124888756;0,004820528033224562;0,0022990210619994065;0,0016315633343221595;0,0024473450014832394;0,0027439928804509047;0,014980717887867102;0,3146692376149511;0,23620587362800355
EC050451;MASCULINO;1703,0;1431,0;193,0;79,0;0,11332941867293013;0,04638872577803876;0,0035231943628890195;0,002935995302407516;0,0017615971814445098;0,0011743981209630064;0,0005871990604815032;0,09336465061655902;0,007046388725778039;0,0017615971814445098;0,002935995302407516;0,004697592483852026;0,0017615971814445098;0,009395184967704051;0,5161479741632413;0,19318849089841456
EC050453;MASCULINO;3079,0;2684,0;310,0;85,0;0,10068203962325431;0,027606365703150372;0,004222150048717116;0,0006495615459564793;0,0003247807729782397;0,002923026956804157;0,0003247807729782397;0,055862292952257225;0,003897369275738876;0,0003247807729782397;0,0022734654108476776;0,008119519324455992;0,0016239038648911985;0,0071451770055212735;0,6349464111724585;0,14907437479701202
EC050455;MASCULINO;993,0;906,0;71,0;16,0;0,07150050352467271;0,016112789526686808;0,02416918429003021;0,0010070493454179255;0,0010070493454179255;0,004028197381671702;0,0030211480362537764;0,4209466263846928;0,005035246727089627;0,0010070493454179255;0,005035246727089627;0,0;0,0030211480362537764;0,016112789526686808;0,19436052366565962;0,23363544813695872
EC050456;MASCULINO;697,0;581,0;88,0;27,0;0,12625538020086083;0,03873744619799139;0,005738880918220947;0,0014347202295552368;0,0028694404591104736;0,0014347202295552368;0,0;0,13629842180774748;0,00430416068866571;0,00430416068866571;0,0;0,0028694404591104736;0,0;0,005738880918220947;0,41893830703012913;0,24964131994261118
EC050457;MASCULINO;1286,0;1179,0;79,0;28,0;0,061430793157076204;0,02177293934681182;0,01166407465007776;0,0023328149300155523;0,0;0,0007776049766718507;0,0015552099533437014;0,3429237947122862;0,006220839813374806;0,004665629860031105;0,003110419906687403;0,0023328149300155523;0,0015552099533437014;0,006998444790046656;0,16640746500777606;0,36625194401244165
EC050458;MASCULINO;4718,0;4072,0;486,0;160,0;0,1030097498940229;0,03391267486222976;0,004027130139889784;0,000847816871555744;0,000847816871555744;0,002967359050445104;0,000847816871555744;0,07799915218312845;0,002755404832556168;0,00211954217888936;0,001695633743111488;0,0057227638830012716;0,001483679525222552;0,004027130139889784;0,5158965663416702;0,24183976261127596
EC050550;MASCULINO;13135,0;12094,0;860,0;175,0;0,06547392462885421;0,013323182337266844;0,018500190331176246;0,0005329272934906738;0,0012942519984773507;0,0019794442329653596;0,001674914350970689;0,37533307955843165;0,0037304910544347166;0,0020555767034640274;0,0024362390559573657;0,001903311762466692;0,0030452988199467074;0,008374571754853444;0,28252759802055577;0,21735820327369623
EC050551;MASCULINO;895,0;810,0;74,0;10,0;0,08268156424581005;0,0111731843575419;0,026815642458100558;0,0;0,0033519553072625698;0,0011173184357541898;0,0011173184357541898;0,49273743016759775;0,0033519553072625698;0,0022346368715083797;0,0033519553072625698;0,0;0,004469273743016759;0,0111731843575419;0,13519553072625698;0,2201117318435754
EC050552;MASCULINO;2389,0;2091,0;254,0;44,0;0,10632063624947677;0,018417748011720386;0,0029300962745918793;0,0008371703641691084;0,002092925910422771;0,0016743407283382169;0,0037672666387609877;0,12013394725826705;0,004185851820845542;0,0008371703641691084;0,002092925910422771;0,002092925910422771;0,0029300962745918793;0,0046044370029300966;0,5441607367099205;0,18292172457095018
EC050553;MASCULINO;2379,0;2157,0;164,0;56,0;0,06893652795292139;0,023539302227826818;0,011349306431273645;0,0008406893652795292;0,0008406893652795292;0,0012610340479192938;0,002101723413198823;0,23581336696090793;0,004623791509037411;0,0029424127784783522;0,0016813787305590584;0,0025220680958385876;0,0012610340479192938;0,005044136191677175;0,4531315678856662;0,18327028163093737
EC050554;MASCULINO;2386,0;2229,0;129,0;28,0;0,054065381391450125;0,01173512154233026;0,01760268231349539;0,0008382229673093043;0,0016764459346186086;0,0012573344509639564;0,0020955574182732607;0,4090528080469405;0,002933780385582565;0,0012573344509639564;0,0037720033528918693;0,003352891869237217;0,0020955574182732607;0,005029337803855826;0,26571668063704945;0,21751886001676446
EC050555;MASCULINO;1080,0;1006,0;57,0;17,0;0,05277777777777778;0,01574074074074074;0,021296296296296296;0,000925925925925926;0,003703703703703704;0,000925925925925926;0,001851851851851852;0,39351851851851855;0,006481481481481481;0,000925925925925926;0,003703703703703704;0,000925925925925926;0,003703703703703704;0,011111111111111112;0,18981481481481483;0,29259259259259257
EC050650;MASCULINO;6415,0;5889,0;421,0;101,0;0,0656274356975838;0,01574434918160561;0,014964925954793453;0,0003117692907248636;0,000779423226812159;0,002494154325798909;0,0004676539360872954;0,31052221356196413;0,0018706157443491816;0,0003117692907248636;0,0014029618082618861;0,0012470771628994544;0,0029618082618862044;0,00872954014029618;0,38503507404520654;0,18690568978955574
EC050651;MASCULINO;798,0;717,0;61,0;20,0;0,07644110275689223;0,02506265664160401;0,013784461152882205;0,0012531328320802004;0,0012531328320802004;0,008771929824561403;0,0;0,16541353383458646;0,0012531328320802004;0,002506265664160401;0,0;0,0012531328320802004;0,0012531328320802004;0,006265664160401002;0,49874686716791977;0,19674185463659147
EC050652;MASCULINO;427,0;405,0;19,0;3,0;0,04449648711943794;0,00702576112412178;0,02107728337236534;0,00234192037470726;0,00468384074941452;0,00234192037470726;0,0;0,3442622950819672;0,00702576112412178;0,00234192037470726;0,0;0,0117096018735363;0,0;0,0117096018735363;0,2646370023419204;0,27634660421545665
EC050750;MASCULINO;3074,0;2785,0;218,0;71,0;0,07091737150292778;0,02309694209499024;0,011060507482108002;0,002277163305139883;0,002277163305139883;0,0013012361743656475;0,0013012361743656475;0,25731945348080676;0,002602472348731295;0,0006506180871828237;0,00032530904359141186;0,002277163305139883;0,0032530904359141183;0,005530253741054001;0,22218607677293428;0,3936239427456083
EC050751;MASCULINO;2434,0;2141,0;244,0;47,0;0,10024650780608052;0,019309778142974528;0,007395234182415777;0,0004108463434675431;0,0016433853738701725;0,0004108463434675431;0,0012325390304026294;0,07230895645028759;0,0024650780608052587;0,002054231717337716;0,0004108463434675431;0,005341002465078061;0,0004108463434675431;0,006162695152013147;0,447822514379622;0,33155299917830733
EC050752;MASCULINO;1027,0;918,0;88,0;21,0;0,08568646543330087;0,02044790652385589;0,0029211295034079843;0,0009737098344693282;0,0019474196689386564;0,0019474196689386564;0,0009737098344693282;0,12658227848101267;0,004868549172346641;0,0;0,0;0,0038948393378773127;0,006815968841285297;0,004868549172346641;0,433300876338851;0,3047711781888997
EC050753;MASCULINO;785,0;728,0;36,0;20,0;0,045859872611464965;0,025477707006369428;0,005095541401273885;0,0012738853503184713;0,0012738853503184713;0,0;0,0;0,12611464968152866;0,0025477707006369425;0,0;0,0;0,0025477707006369425;0,003821656050955414;0,003821656050955414;0,4980891719745223;0,28280254777070063
EC050754;MASCULINO;312,0;295,0;13,0;4,0;0,041666666666666664;0,01282051282051282;0,019230769230769232;0,0;0,0;0,003205128205128205;0,003205128205128205;0,3814102564102564;0,003205128205128205;0,0;0,016025641025641024;0,003205128205128205;0,0;0,003205128205128205;0,1955128205128205;0,3173076923076923
EC060150;MASCULINO;20067,0;18835,0;1011,0;214,0;0,050381222903274035;0,010664274679822594;0,036328300194348934;0,0007973289480241192;0,0018438231923057755;0,0011959934220361788;0,001993322370060298;0,6334778492051627;0,004285643095629641;0,0016444909552997457;0,0023421537848208503;0,00034883141476055215;0,0048338067473962226;0,012059600338864803;0,04156077141575722;0,1958937559176758
EC060151;MASCULINO;1205,0;1091,0;97,0;17,0;0,08049792531120332;0,014107883817427386;0,00995850622406639;0,0033195020746887966;0,0;0,004149377593360996;0,0024896265560165973;0,24398340248962655;0,004149377593360996;0,0024896265560165973;0,0033195020746887966;0,004979253112033195;0,004979253112033195;0,006639004149377593;0,3925311203319502;0,22240663900414936
EC060152;MASCULINO;2174,0;1996,0;152,0;25,0;0,06991720331186753;0,011499540018399264;0,017939282428702852;0,0013799448022079118;0,0022999080036798527;0,0009199632014719411;0,0027598896044158236;0,4921803127874885;0,007359705611775529;0,0018399264029438822;0,0022999080036798527;0,0022999080036798527;0,006439742410303588;0,00919963201471941;0,20377184912603497;0,16743330266789327
EC060153;MASCULINO;789,0;705,0;67,0;17,0;0,08491761723700887;0,021546261089987327;0,02788339670468948;0,0025348542458808617;0,0038022813688212928;0,0;0,0038022813688212928;0,5652724968314322;0,0038022813688212928;0,0038022813688212928;0,0025348542458808617;0,0025348542458808617;0,0063371356147021544;0,0063371356147021544;0,08365019011406843;0,18124207858048164
EC060154;MASCULINO;1599,0;1485,0;82,0;32,0;0,05128205128205128;0,020012507817385866;0,005628517823639775;0,001876172607879925;0,0012507817385866166;0,0025015634771732333;0,0025015634771732333;0,2263914946841776;0,004377736085053158;0,0025015634771732333;0,001876172607879925;0,0025015634771732333;0,0050031269543464665;0,008130081300813009;0,3070669168230144;0,35709818636647905
EC060155;MASCULINO;2336,0;2129,0;182,0;24,0;0,0779109589041096;0,010273972602739725;0,023972602739726026;0,0004280821917808219;0,0012842465753424657;0,0004280821917808219;0,004280821917808219;0,5727739726027398;0,003424657534246575;0,0017123287671232876;0,0004280821917808219;0,0021404109589041095;0,0025684931506849314;0,005136986301369863;0,0997431506849315;0,1930650684931507
EC060156;MASCULINO;2904,0;2677,0;184,0;44,0;0,06336088154269973;0,015151515151515152;0,012741046831955923;0,001721763085399449;0,0027548209366391185;0,0003443526170798898;0,0048209366391184574;0,27823691460055094;0,005165289256198347;0,0027548209366391185;0,0013774104683195593;0,0013774104683195593;0,005165289256198347;0,007575757575757576;0,23760330578512398;0,36019283746556474
EC060157;MASCULINO;1948,0;1719,0;176,0;53,0;0,09034907597535935;0,027207392197125257;0,005646817248459959;0,003080082135523614;0,001540041067761807;0,001026694045174538;0,02002053388090349;0,3480492813141684;0,0077002053388090345;0,03696098562628337;0,000513347022587269;0,001026694045174538;0,003593429158110883;0,01026694045174538;0,23921971252566734;0,2037987679671458
EC060158;MASCULINO;2163,0;1963,0;171,0;29,0;0,07905686546463246;0,013407304669440592;0,009246417013407305;0,0027739251040221915;0,0018492834026814608;0,004623208506703652;0,004160887656033287;0,31761442441054094;0,006472491909385114;0,0009246417013407304;0,0018492834026814608;0,002311604253351826;0,003236245954692557;0,005085529357374018;0,2838650023116043;0,2635228848821082
EC060159;MASCULINO;1762,0;1606,0;121,0;38,0;0,06867196367763904;0,021566401816118047;0,014755959137343927;0,00170261066969353;0,0022701475595913734;0,0005675368898978433;0,00340522133938706;0,5192962542565267;0,0028376844494892167;0,0005675368898978433;0,00340522133938706;0,0005675368898978433;0,00510783200908059;0,006242905788876277;0,16401816118047674;0,18671963677639047
EC060160;MASCULINO;2714,0;2492,0;181,0;41,0;0,06669123065585851;0,015106853352984525;0,019528371407516582;0,0018422991893883567;0,0007369196757553427;0,0007369196757553427;0,007737656595431098;0,3960943257184967;0,00847457627118644;0,0029476787030213707;0,002210759027266028;0,0014738393515106854;0,0036845983787767134;0,010316875460574797;0,2523949889462049;0,21002210759027265
EC060161;MASCULINO;2533,0;2329,0;156,0;48,0;0,06158705092775365;0,0189498618239242;0,01421239636794315;0,0027635215159889457;0,0031583103039873666;0,00039478878799842083;0,005527043031977891;0,45558626135017766;0,005527043031977891;0,0035530990919857876;0,0027635215159889457;0,0027635215159889457;0,0039478878799842085;0,005527043031977891;0,16186340307935254;0,2518752467429925
EC060250;MASCULINO;3546,0;3177,0;294,0;73,0;0,0829103214890017;0,020586576424139875;0,016356457980823462;0,0008460236886632825;0,0005640157924421884;0,0019740552735476595;0,0019740552735476595;0,4080654258319233;0,00676818950930626;0,001692047377326565;0,0036661026508742244;0,0014100394811054709;0,0045121263395375075;0,009306260575296108;0,18386914833615342;0,25493513818386915
EC060251;MASCULINO;2636,0;2153,0;391,0;93,0;0,1483308042488619;0,03528072837632777;0,0037936267071320183;0,0030349013657056147;0,002276176024279211;0,005311077389984826;0,006449165402124431;0,11115326251896814;0,007966616084977238;0,0018968133535660092;0,0015174506828528073;0,002655538694992413;0,005311077389984826;0,006069802731411229;0,34446130500758726;0,3148710166919575
EC060253;MASCULINO;508,0;431,0;59,0;19,0;0,11614173228346457;0,03740157480314961;0,005905511811023622;0,003937007874015748;0,0;0,001968503937007874;0,011811023622047244;0,25984251968503935;0,00984251968503937;0,007874015748031496;0,001968503937007874;0,001968503937007874;0,003937007874015748;0,001968503937007874;0,2204724409448819;0,3169291338582677
EC060254;MASCULINO;510,0;430,0;57,0;23,0;0,11176470588235295;0,045098039215686274;0,00784313725490196;0,00196078431372549;0,0;0,00196078431372549;0,0058823529411764705;0,28627450980392155;0,023529411764705882;0,00392156862745098;0,00196078431372549;0,0;0,00196078431372549;0,00980392156862745;0,09803921568627451;0,4
EC060255;MASCULINO;500,0;429,0;50,0;21,0;0,1;0,042;0,014;0,0;0,0;0,0;0,01;0,314;0,006;0,0;0,0;0,0;0,006;0,004;0,134;0,37
EC060256;MASCULINO;94,0;89,0;4,0;1,0;0,0425531914893617;0,010638297872340425;0,0;0,0;0,0;0,0;0,0;0,2978723404255319;0,0;0,0;0,0;0,0;0,031914893617021274;0,0;0,11702127659574468;0,5
EC060257;MASCULINO;166,0;142,0;21,0;3,0;0,12650602409638553;0,018072289156626505;0,030120481927710843;0,006024096385542169;0,0;0,0;0,006024096385542169;0,18674698795180722;0,024096385542168676;0,006024096385542169;0,012048192771084338;0,0;0,0;0,006024096385542169;0,1746987951807229;0,4036144578313253
EC060258;MASCULINO;183,0;147,0;34,0;2,0;0,18579234972677597;0,01092896174863388;0,00546448087431694;0,00546448087431694;0,0;0,01639344262295082;0,00546448087431694;0,16939890710382513;0,00546448087431694;0,0;0,0;0,01092896174863388;0,00546448087431694;0,01092896174863388;0,1366120218579235;0,43169398907103823
EC060259;MASCULINO;862,0;756,0;81,0;23,0;0,09396751740139211;0,02668213457076566;0,018561484918793503;0,002320185614849188;0,004640371229698376;0,0034802784222737818;0,0034802784222737818;0,42691415313225056;0,010440835266821345;0,0;0,00580046403712297;0,001160092807424594;0,004640371229698376;0,00580046403712297;0,1554524361948956;0,23433874709976799
EC060260;MASCULINO;2697,0;2423,0;210,0;61,0;0,0778642936596218;0,02261772339636633;0,00778642936596218;0,004078605858361142;0,0025954764553207266;0,002224694104560623;0,008898776418242492;0,1942899517982944;0,00482017055988135;0,0014831294030404152;0,0011123470522803114;0,005190952910641453;0,005190952910641453;0,007415647015202077;0,4794215795328142;0,1738969225064887
EC060350;MASCULINO;3898,0;3534,0;296,0;66,0;0,07593637762955362;0,01693175987685993;0,011800923550538737;0,0012827090815802976;0,002308876346844536;0,0012827090815802976;0,007952796305797845;0,33093894304771676;0,007439712673165726;0,002565418163160595;0,0015392508978963571;0,0015392508978963571;0,009748589020010261;0,006670087224217547;0,25192406362237046;0,2696254489481785
EC060351;MASCULINO;350,0;310,0;29,0;11,0;0,08285714285714285;0,03142857142857143;0,02;0,002857142857142857;0,002857142857142857;0,0;0,011428571428571429;0,4828571428571429;0,002857142857142857;0,0;0,005714285714285714;0,0;0,014285714285714285;0,005714285714285714;0,17142857142857143;0,1657142857142857
EC060352;MASCULINO;5577,0;5149,0;313,0;115,0;0,056123363815671505;0,02062040523578985;0,006096467634929173;0,0012551551013089475;0,0008965393580778196;0,0010758472296933835;0,006634391249775865;0,22341760803299265;0,007172314864622557;0,002151694459386767;0,0012551551013089475;0,0019723865877712033;0,0062757755065447375;0,006634391249775865;0,38049130356822664;0,2779272010041241
EC060353;MASCULINO;1070,0;968,0;71,0;31,0;0,06635514018691589;0,02897196261682243;0,012149532710280374;0,0009345794392523365;0,0;0,001869158878504673;0,002803738317757009;0,21869158878504674;0,004672897196261682;0,0009345794392523365;0,001869158878504673;0,0;0,007476635514018692;0,0065420560747663555;0,27850467289719627;0,36822429906542054
EC060354;MASCULINO;732,0;624,0;81,0;27,0;0,11065573770491803;0,036885245901639344;0,00819672131147541;0,00273224043715847;0,004098360655737705;0,001366120218579235;0,006830601092896175;0,17759562841530055;0,009562841530054645;0,004098360655737705;0,001366120218579235;0,004098360655737705;0,00273224043715847;0,00546448087431694;0,26229508196721313;0,3620218579234973
EC060450;MASCULINO;4589,0;4225,0;295,0;67,0;0,06428415776857703;0,01460013074743953;0,024624101111353235;0,0019612115929396384;0,0015253867945086074;0,0026149487905861844;0,0028328611898017;0,5650468511658313;0,005883634778818915;0,0021791239921551534;0,0015253867945086074;0,0006537371976465461;0,004576160383525822;0,006755284375680976;0,11614730878186968;0,184353889736326
EC060550;MASCULINO;2129,0;1845,0;219,0;63,0;0,10286519492719587;0,02959135744480977;0,015969938938468764;0,0018788163457022077;0,0018788163457022077;0,0;0,0014091122592766556;0,3884452794739314;0,007045561296383279;0,0018788163457022077;0,0028182245185533112;0,0018788163457022077;0,0028182245185533112;0,007515265382808831;0,1249412869891968;0,30812588069516206
EC060551;MASCULINO;232,0;210,0;18,0;4,0;0,07758620689655173;0,017241379310344827;0,03879310344827586;0,008620689655172414;0,004310344827586207;0,0;0,004310344827586207;0,3577586206896552;0,004310344827586207;0,0;0,008620689655172414;0,0;0,0;0,0;0,14224137931034483;0,33620689655172414
EC060552;MASCULINO;195,0;166,0;27,0;2,0;0,13846153846153847;0,010256410256410256;0,020512820512820513;0,005128205128205128;0,0;0,0;0,0;0,36923076923076925;0,005128205128205128;0,0;0,0;0,0;0,0;0,015384615384615385;0,14358974358974358;0,2923076923076923
EC060553;MASCULINO;269,0;223,0;30,0;16,0;0,11152416356877323;0,05947955390334572;0,022304832713754646;0,0;0,0;0,0;0,01486988847583643;0,21933085501858737;0,007434944237918215;0,0;0,0;0,0;0,007434944237918215;0,011152416356877323;0,17472118959107807;0,37174721189591076
EC060554;MASCULINO;278,0;235,0;35,0;8,0;0,12589928057553956;0,02877697841726619;0,014388489208633094;0,0035971223021582736;0,0035971223021582736;0,0;0,0;0,4028776978417266;0,01079136690647482;0,0035971223021582736;0,0;0,0;0,0035971223021582736;0,01079136690647482;0,10431654676258993;0,28776978417266186
EC060650;MASCULINO;7913,0;7196,0;569,0;146,0;0,07190698849993682;0,0184506508277518;0,00732971060280551;0,0017692404903323644;0,0010109945659042083;0,0017692404903323644;0,003917603942878807;0,199039555162391;0,0051813471502590676;0,0011373688866422344;0,0013901175281182863;0,002527486414760521;0,0030329836977126246;0,006065967395425249;0,4131176544926071;0,262100341210666
EC060651;MASCULINO;2697,0;2424,0;216,0;58,0;0,08008898776418243;0,021505376344086023;0,010752688172043012;0,002224694104560623;0,0007415647015202076;0,004078605858361142;0,00482017055988135;0,2895810159436411;0,005190952910641453;0,0014831294030404152;0,0025954764553207266;0,0025954764553207266;0,004449388209121246;0,0070448646644419724;0,3559510567296997;0,20726733407489803
EC060652;MASCULINO;3546,0;3226,0;249,0;74,0;0,07021996615905245;0,02086858432036097;0,0056401579244218835;0,0014100394811054709;0,0011280315848843769;0,0014100394811054709;0,004794134235758601;0,16384658770445573;0,00535815002820079;0,0025380710659898475;0,0028200789622109417;0,0028200789622109417;0,003102086858432036;0,00874224478285392;0,4971799210377891;0,2089678510998308
EC060750;MASCULINO;5191,0;4887,0;252,0;51,0;0,04854555962242343;0,00982469659025236;0,02639183201695242;0,0005779233288383741;0,0011558466576767482;0,0007705644384511655;0,003082257753804662;0,5914082065112695;0,0028896166441918707;0,012136389905605857;0,0011558466576767482;0,00038528221922558276;0,005008668849932576;0,009054132151801194;0,07050664611828164;0,21691388942400308
EC060751;MASCULINO;207,0;192,0;12,0;3,0;0,057971014492753624;0,014492753623188406;0,00966183574879227;0,0;0,0;0,0;0,0;0,5555555555555556;0,00966183574879227;0,0;0,0;0,0;0,004830917874396135;0,00966183574879227;0,07246376811594203;0,26570048309178745
EC060752;MASCULINO;792,0;729,0;49,0;10,0;0,06186868686868687;0,012626262626262626;0,010101010101010102;0,0;0,0;0,0;0,0;0,5934343434343434;0,006313131313131313;0,0;0,0012626262626262627;0,0;0,0012626262626262627;0,0012626262626262627;0,14772727272727273;0,1590909090909091
EC060753;MASCULINO;221,0;203,0;15,0;3,0;0,06787330316742081;0,013574660633484163;0,013574660633484163;0,0;0,004524886877828055;0,0;0,004524886877828055;0,6289592760180995;0,0;0,0;0,0;0,0;0,0;0,00904977375565611;0,07692307692307693;0,18099547511312217
EC060754;MASCULINO;4150,0;3831,0;248,0;71,0;0,059759036144578316;0,017108433734939758;0,026265060240963856;0,0009638554216867469;0,0014457831325301205;0,002168674698795181;0,004096385542168675;0,5019277108433735;0,0031325301204819275;0,0016867469879518072;0,0024096385542168677;0,0016867469879518072;0,004819277108433735;0,005783132530120482;0,19397590361445782;0,1727710843373494
EC060755;MASCULINO;673,0;609,0;51,0;12,0;0,07578008915304606;0,017830609212481426;0,017830609212481426;0,0;0,0029717682020802376;0,0014858841010401188;0,0029717682020802376;0,575037147102526;0,004457652303120356;0,0;0,0029717682020802376;0,0029717682020802376;0,004457652303120356;0,008915304606240713;0,08766716196136701;0,19316493313521546
EC060756;MASCULINO;1463,0;1346,0;103,0;14,0;0,07040328092959672;0,009569377990430622;0,01572112098427888;0,002734107997265892;0,000683526999316473;0,001367053998632946;0,006151742993848257;0,5160628844839371;0,009569377990430622;0,001367053998632946;0,001367053998632946;0,002050580997949419;0,002050580997949419;0,005468215994531784;0,18523581681476417;0,17019822282980177
EC060757;MASCULINO;442,0;411,0;24,0;7,0;0,05429864253393665;0,01583710407239819;0,013574660633484163;0,0022624434389140274;0,0;0,0022624434389140274;0,0022624434389140274;0,6470588235294118;0,0;0,0;0,0;0,0;0,0022624434389140274;0,0;0,11312217194570136;0,14705882352941177
EC060758;MASCULINO;402,0;379,0;19,0;4,0;0,0472636815920398;0,009950248756218905;0,014925373134328358;0,0;0,0;0,0;0,0024875621890547263;0,6069651741293532;0,012437810945273632;0,007462686567164179;0,0024875621890547263;0,0;0,004975124378109453;0,0;0,11691542288557213;0,17412935323383086
EC060759;MASCULINO;194,0;181,0;12,0;1,0;0,061855670103092786;0,005154639175257732;0,005154639175257732;0,0;0,0;0,0;0,0;0,5360824742268041;0,0;0,0;0,005154639175257732;0,0;0,0;0,010309278350515464;0,10824742268041238;0,26804123711340205
EC060850;MASCULINO;3888,0;3569,0;263,0;58,0;0,0676440329218107;0,014917695473251029;0,021862139917695474;0,0007716049382716049;0,00051440329218107;0,001286008230452675;0,002829218106995885;0,4035493827160494;0,007716049382716049;0,001800411522633745;0,001286008230452675;0,0015432098765432098;0,0051440329218107;0,0059156378600823045;0,1558641975308642;0,30787037037037035
EC060950;MASCULINO;1106,0;1054,0;45,0;6,0;0,0406871609403255;0,0054249547920434;0,0325497287522604;0,0018083182640144665;0,0009041591320072332;0,0009041591320072332;0,003616636528028933;0,6292947558770343;0,0027124773960217;0,0027124773960217;0,0018083182640144665;0,0;0,006329113924050633;0,0054249547920434;0,05786618444846293;0,2070524412296564
EC060951;MASCULINO;530,0;501,0;22,0;7,0;0,04150943396226415;0,013207547169811321;0,035849056603773584;0,0018867924528301887;0,0018867924528301887;0,0037735849056603774;0,0018867924528301887;0,5433962264150943;0,005660377358490566;0,0018867924528301887;0,0037735849056603774;0,0;0,011320754716981131;0,007547169811320755;0,022641509433962263;0,30377358490566037
EC060952;MASCULINO;366,0;352,0;10,0;3,0;0,0273224043715847;0,00819672131147541;0,01912568306010929;0,03278688524590164;0,00273224043715847;0,00546448087431694;0,00273224043715847;0,7103825136612022;0,0;0,0;0,0;0,0;0,00819672131147541;0,00546448087431694;0,01366120218579235;0,16120218579234974
EC060953;MASCULINO;308,0;273,0;34,0;1,0;0,11038961038961038;0,003246753246753247;0,00974025974025974;0,0;0,0;0,0;0,0;0,577922077922078;0,006493506493506494;0,0;0,00974025974025974;0,003246753246753247;0,006493506493506494;0,006493506493506494;0,03896103896103896;0,22727272727272727
EC060954;MASCULINO;588,0;569,0;15,0;4,0;0,025510204081632654;0,006802721088435374;0,025510204081632654;0,0;0,0;0,0;0,0017006802721088435;0,7074829931972789;0,00510204081632653;0,0017006802721088435;0,0;0,0;0,0;0,006802721088435374;0,061224489795918366;0,15816326530612246
EC060955;MASCULINO;165,0;157,0;6,0;2,0;0,03636363636363636;0,012121212121212121;0,01818181818181818;0,0;0,006060606060606061;0,0;0,006060606060606061;0,5515151515151515;0,012121212121212121;0,0;0,006060606060606061;0,006060606060606061;0,006060606060606061;0,006060606060606061;0,15757575757575756;0,17575757575757575
EC060956;MASCULINO;122,0;113,0;10,0;0,0;0,08196721311475409;0,0;0,00819672131147541;0,0;0,0;0,0;0,0;0,4344262295081967;0,0;0,0;0,00819672131147541;0,0;0,00819672131147541;0,00819672131147541;0,09836065573770492;0,36065573770491804
EC061050;MASCULINO;5341,0;4849,0;396,0;99,0;0,07414341883542408;0,01853585470885602;0,016289084441115896;0,001872308556450103;0,0014978468451600825;0,001872308556450103;0,001872308556450103;0,30144167758846657;0,005804156524995319;0,0009361542782250515;0,0022467702677401234;0,002434001123385134;0,004306309679835237;0,006740310803220371;0,0454970979217375;0,5150720838794234
EC070150;MASCULINO;2524,0;2308,0;150,0;64,0;0,059429477020602216;0,025356576862123614;0,021790808240887482;0,000792393026941363;0,003169572107765452;0,0019809825673534074;0,0027733755942947703;0,34033280507131536;0,010697305863708399;0,001584786053882726;0,001584786053882726;0,0011885895404120444;0,003961965134706815;0,013074484944532488;0,009904912836767036;0,5015847860538827
EC070152;MASCULINO;1379,0;1272,0;59,0;47,0;0,04278462654097172;0,0340826686004351;0,011602610587382161;0,0;0,002175489485134155;0,002175489485134155;0,007976794778825236;0,23495286439448876;0,007976794778825236;0,0007251631617113851;0,0029006526468455403;0,0029006526468455403;0,005076142131979695;0,006526468455402465;0,007251631617113851;0,6301667875271936
EC070250;MASCULINO;7992,0;7379,0;447,0;165,0;0,05593093093093093;0,020645645645645645;0,023773773773773772;0,001001001001001001;0,0011261261261261261;0,0008758758758758759;0,002002002002002002;0,44707207207207206;0,007257257257257258;0,002002002002002002;0,0022522522522522522;0,0008758758758758759;0,005755755755755756;0,009009009009009009;0,009259259259259259;0,41103603603603606
EC070251;MASCULINO;529,0;499,0;23,0;7,0;0,043478260869565216;0,013232514177693762;0,007561436672967864;0,0;0,0;0,003780718336483932;0,007561436672967864;0,32325141776937616;0,001890359168241966;0,001890359168241966;0,0;0,0;0,003780718336483932;0,015122873345935728;0,005671077504725898;0,5727788279773157
EC070254;MASCULINO;1098,0;920,0;144,0;34,0;0,13114754098360656;0,030965391621129327;0,022768670309653915;0,00273224043715847;0,0009107468123861566;0,0018214936247723133;0,004553734061930784;0,21402550091074682;0,011839708561020037;0,0036429872495446266;0,0018214936247723133;0,0036429872495446266;0,006375227686703097;0,00819672131147541;0,01366120218579235;0,5418943533697632
EC070255;MASCULINO;265,0;255,0;5,0;5,0;0,018867924528301886;0,018867924528301886;0,01509433962264151;0,0037735849056603774;0,007547169811320755;0,0037735849056603774;0,0;0,37358490566037733;0,011320754716981131;0,0037735849056603774;0,0037735849056603774;0,0037735849056603774;0,011320754716981131;0,018867924528301886;0,026415094339622643;0,47924528301886793
EC070256;MASCULINO;650,0;600,0;32,0;18,0;0,04923076923076923;0,027692307692307693;0,015384615384615385;0,0;0,0015384615384615385;0,0;0,003076923076923077;0,28307692307692306;0,009230769230769232;0,004615384615384616;0,0;0,0015384615384615385;0,007692307692307693;0,003076923076923077;0,012307692307692308;0,5815384615384616
EC070350;MASCULINO;1182,0;1068,0;81,0;33,0;0,06852791878172589;0,027918781725888325;0,018612521150592216;0,0;0,0;0,00338409475465313;0,001692047377326565;0,5795262267343486;0,00676818950930626;0,0008460236886632825;0,0008460236886632825;0,0008460236886632825;0,00676818950930626;0,00676818950930626;0,00338409475465313;0,27411167512690354
EC070351;MASCULINO;623,0;549,0;47,0;27,0;0,0754414125200642;0,04333868378812199;0,02086677367576244;0,0;0,0032102728731942215;0,0;0,0032102728731942215;0,6195826645264848;0,008025682182985553;0,004815409309791332;0,004815409309791332;0,0016051364365971107;0,008025682182985553;0,008025682182985553;0,009630818619582664;0,18940609951845908
EC070352;MASCULINO;373,0;338,0;21,0;14,0;0,05630026809651475;0,03753351206434316;0,010723860589812333;0,005361930294906166;0,0;0,0;0,005361930294906166;0,5361930294906166;0,021447721179624665;0,00804289544235925;0,0;0,002680965147453083;0,005361930294906166;0,005361930294906166;0,0160857908847185;0,289544235924933
EC070353;MASCULINO;184,0;171,0;8,0;5,0;0,043478260869565216;0,02717391304347826;0,02717391304347826;0,0;0,0;0,005434782608695652;0,0;0,5978260869565217;0,0;0,0;0,0;0,0;0,0;0,005434782608695652;0,005434782608695652;0,28804347826086957
EC070354;MASCULINO;211,0;188,0;15,0;8,0;0,07109004739336493;0,037914691943127965;0,009478672985781991;0,0;0,0;0,0;0,004739336492890996;0,4928909952606635;0,004739336492890996;0,004739336492890996;0,0;0,004739336492890996;0,0;0,014218009478672985;0,004739336492890996;0,35071090047393366
EC070355;MASCULINO;216,0;199,0;14,0;3,0;0,06481481481481481;0,013888888888888888;0,037037037037037035;0,0;0,0;0,0;0,0;0,3101851851851852;0,0;0,0;0,004629629629629629;0,0;0,004629629629629629;0,0;0,013888888888888888;0,5509259259259259
EC070450;MASCULINO;2759,0;2547,0;142,0;68,0;0,05146792316056542;0,02464661109097499;0,02247191011235955;0,0007249003262051468;0,0021747009786154403;0,0010873504893077202;0,0021747009786154403;0,39724537876042043;0,007249003262051468;0,001812250815512867;0,0014498006524102935;0,0;0,003986951794128307;0,009786154403769481;0,010511054729974628;0,46248640811888364
EC070451;MASCULINO;421,0;381,0;24,0;16,0;0,057007125890736345;0,03800475059382423;0,007125890736342043;0,0;0,0;0,0;0,0;0,2992874109263658;0,009501187648456057;0,007125890736342043;0,0023752969121140144;0,0;0,007125890736342043;0,009501187648456057;0,014251781472684086;0,5486935866983373
EC070550;MASCULINO;1409,0;1295,0;82,0;31,0;0,05819730305180979;0,0220014194464159;0,0234208658623137;0,0021291696238466998;0,0021291696238466998;0,0014194464158978;0,0035486160397444995;0,3711852377572747;0,0056777856635912;0,0014194464158978;0,0007097232079489;0,0007097232079489;0,0042583392476933995;0,018452803406671398;0,028388928317955996;0,45564229950319374
EC070650;MASCULINO;13107,0;12213,0;672,0;223,0;0,051270313572899975;0,01701380941481651;0,01518272678721294;0,0010681315327687496;0,0016021972991531242;0,0015259021896696422;0,0012207217517357137;0,26626993209735256;0,009613183794918746;0,0012970168612191958;0,002059967956054017;0,0007629510948348211;0,002212558175020981;0,007629510948348211;0,01121538109407187;0,6101319905394065
EC070651;MASCULINO;2358,0;2174,0;115,0;69,0;0,04877014418999152;0,029262086513994912;0,01272264631043257;0,0016963528413910093;0,0016963528413910093;0,0016963528413910093;0,00042408821034775233;0,15521628498727735;0,009754028837998304;0,0016963528413910093;0,0016963528413910093;0,00042408821034775233;0,004240882103477523;0,0033927056827820186;0,010178117048346057;0,7171331636980492
EC070652;MASCULINO;1145,0;1052,0;62,0;31,0;0,05414847161572053;0,027074235807860263;0,01921397379912664;0,0;0,0017467248908296944;0,0008733624454148472;0,0026200873362445414;0,2838427947598253;0,011353711790393014;0,0008733624454148472;0,0026200873362445414;0,0008733624454148472;0,0034934497816593887;0,007860262008733625;0,008733624454148471;0,5746724890829694
EC070653;MASCULINO;1297,0;1206,0;55,0;36,0;0,04240555127216654;0,027756360832690823;0,010023130300693909;0,0015420200462606013;0,0007710100231303007;0,0;0,0015420200462606013;0,16962220508866616;0,017733230531996914;0,002313030069390902;0,002313030069390902;0,0;0,0038550501156515036;0,0030840400925212026;0,006168080185042405;0,7108712413261372
EC070654;MASCULINO;1528,0;1426,0;62,0;38,0;0,04057591623036649;0,024869109947643978;0,01767015706806283;0,0006544502617801048;0,001963350785340314;0,0006544502617801048;0,0;0,19960732984293195;0,00981675392670157;0,0;0,001963350785340314;0,0006544502617801048;0,0032722513089005235;0,006544502617801047;0,015052356020942409;0,675392670157068
EC070750;MASCULINO;1140,0;1051,0;61,0;28,0;0,05350877192982456;0,02456140350877193;0,02894736842105263;0,0;0,0;0,002631578947368421;0,002631578947368421;0,36140350877192984;0,010526315789473684;0,0035087719298245615;0,0017543859649122807;0,0;0,0035087719298245615;0,010526315789473684;0,014912280701754385;0,48157894736842105
EC070850;MASCULINO;2285,0;2115,0;117,0;53,0;0,051203501094091906;0,023194748358862146;0,020568927789934355;0,00087527352297593;0,00437636761487965;0,004814004376367615;0,00262582056892779;0,4035010940919037;0,007439824945295405;0,002188183807439825;0,00087527352297593;0,001312910284463895;0,004814004376367615;0,007439824945295405;0,00787746170678337;0,45689277899343544
EC070851;MASCULINO;256,0;237,0;10,0;7,0;0,0390625;0,02734375;0,01953125;0,0;0,0;0,00390625;0,0;0,421875;0,0;0,0;0,00390625;0,0;0,00390625;0,0078125;0,0078125;0,45703125
EC070950;MASCULINO;19449,0;17661,0;1400,0;378,0;0,07198313537971104;0,01943544655252198;0,01964111265360687;0,00046274872744099955;0,0014396627075942208;0,0013882461823229986;0,002416576687747442;0,3967813255180215;0,00925497454881999;0,001491079232865443;0,002210910586662553;0,0010283305054244434;0,004781736850223662;0,009357807599362436;0,00853514319502288;0,4492775978199393
EC070951;MASCULINO;2314,0;2086,0;160,0;65,0;0,06914433880726016;0,028089887640449437;0,007778738115816767;0,000432152117545376;0,000864304235090752;0,001728608470181504;0,00216076058772688;0,2143474503025065;0,00648228176318064;0,0012964563526361278;0,000864304235090752;0,001728608470181504;0,003457216940363008;0,009939498703543647;0,008210890233362144;0,6421780466724287
EC070952;MASCULINO;741,0;672,0;52,0;17,0;0,07017543859649122;0,022941970310391364;0,018893387314439947;0,001349527665317139;0,001349527665317139;0,0;0,001349527665317139;0,2564102564102564;0,010796221322537112;0,002699055330634278;0,0;0,0;0,006747638326585695;0,008097165991902834;0,016194331983805668;0,582995951417004
EC070953;MASCULINO;1320,0;1182,0;110,0;28,0;0,08333333333333333;0,021212121212121213;0,012878787878787878;0,0;0,0022727272727272726;0,0;0,0007575757575757576;0,2590909090909091;0,015151515151515152;0,0015151515151515152;0,0015151515151515152;0,0;0,0030303030303030303;0,008333333333333333;0,008333333333333333;0,5825757575757575
EC070954;MASCULINO;1202,0;1079,0;94,0;29,0;0,07820299500831947;0,024126455906821963;0,01913477537437604;0,0008319467554076539;0,0016638935108153079;0,0016638935108153079;0,0016638935108153079;0,2778702163061564;0,012479201331114808;0,0016638935108153079;0,0016638935108153079;0,0008319467554076539;0,004159733777038269;0,008319467554076539;0,022462562396006656;0,543261231281198
EC070955;MASCULINO;497,0;453,0;24,0;20,0;0,0482897384305835;0,04024144869215292;0,030181086519114688;0,002012072434607646;0,002012072434607646;0,002012072434607646;0,002012072434607646;0,28169014084507044;0,012072434607645875;0,0;0,0;0,002012072434607646;0,002012072434607646;0,028169014084507043;0,006036217303822937;0,5412474849094567
EC070956;MASCULINO;448,0;410,0;18,0;20,0;0,04017857142857143;0,044642857142857144;0,004464285714285714;0,0;0,002232142857142857;0,0;0,004464285714285714;0,22544642857142858;0,006696428571428571;0,0;0,0;0,0;0,002232142857142857;0,008928571428571428;0,006696428571428571;0,6540178571428571
EC071050;MASCULINO;6985,0;6500,0;378,0;99,0;0,0541159627773801;0,014173228346456693;0,025769506084466716;0,0007158196134574087;0,001717967072297781;0,001145311381531854;0,0020042949176807445;0,5926986399427344;0,006871868289191124;0,0014316392269148174;0,0025769506084466712;0,000572655690765927;0,0030064423765211166;0,007730851825340015;0,007301360057265569;0,2770221904080172
EC071051;MASCULINO;562,0;478,0;55,0;29,0;0,09786476868327403;0,051601423487544484;0,04092526690391459;0,0017793594306049821;0,005338078291814947;0,0017793594306049821;0,005338078291814947;0,2277580071174377;0,017793594306049824;0,0;0,0035587188612099642;0,0;0,008896797153024912;0,010676156583629894;0,0071174377224199285;0,5195729537366548
EC071052;MASCULINO;480,0;422,0;42,0;16,0;0,0875;0,03333333333333333;0,010416666666666666;0,004166666666666667;0,0020833333333333333;0,0;0,0;0,38125;0,0125;0,0;0,0;0,0020833333333333333;0,0;0,01875;0,014583333333333334;0,43333333333333335
EC071053;MASCULINO;573,0;524,0;37,0;12,0;0,06457242582897033;0,020942408376963352;0,02617801047120419;0,005235602094240838;0,0034904013961605585;0,0;0,006980802792321117;0,5567190226876091;0,006980802792321117;0,0;0,0;0,0034904013961605585;0,0;0,0034904013961605585;0,012216404886561954;0,28970331588132636
EC071054;MASCULINO;283,0;256,0;16,0;11,0;0,05653710247349823;0,038869257950530034;0,0176678445229682;0,0;0,0;0,0035335689045936395;0,0;0,43462897526501765;0,014134275618374558;0,0035335689045936395;0,0035335689045936395;0,0;0,0;0,007067137809187279;0,014134275618374558;0,40636042402826855
EC071055;MASCULINO;330,0;302,0;21,0;7,0;0,06363636363636363;0,021212121212121213;0,03636363636363636;0,0030303030303030303;0,0030303030303030303;0,0;0,0;0,603030303030303;0,012121212121212121;0,0;0,0;0,0;0,0;0,015151515151515152;0,0030303030303030303;0,23939393939393938
EC071056;MASCULINO;673,0;625,0;40,0;10,0;0,05943536404160475;0,014858841010401188;0,020802377414561663;0,0014858841010401188;0,0014858841010401188;0,0;0,0;0,39821693907875183;0,01337295690936107;0,0014858841010401188;0,0014858841010401188;0,0;0,0014858841010401188;0,0;0,005943536404160475;0,48291233283803864
EC071150;MASCULINO;3841,0;3539,0;225,0;76,0;0,05857849518354595;0,01978651392866441;0,022129653736006248;0,0007810466024472793;0,001041395469929706;0,0018224420723769851;0,0013017443374121322;0,5503775058578495;0,0072897682895079405;0,0018224420723769851;0,002082790939859412;0,0044259307472012495;0,003384535277271544;0,007029419422025514;0,0036448841447539702;0,3142410830512887
EC071151;MASCULINO;229,0;204,0;16,0;9,0;0,06986899563318777;0,039301310043668124;0,043668122270742356;0,004366812227074236;0,0;0,004366812227074236;0,004366812227074236;0,5065502183406113;0,004366812227074236;0,0;0,0;0,0;0,0;0,017467248908296942;0,013100436681222707;0,2925764192139738
EC071152;MASCULINO;271,0;244,0;5,0;22,0;0,01845018450184502;0,08118081180811808;0,05904059040590406;0,0036900369003690036;0,0;0,0036900369003690036;0,0036900369003690036;0,5018450184501845;0,014760147601476014;0,01107011070110701;0,0;0,0;0,007380073800738007;0,0;0,014760147601476014;0,28044280442804426
EC071153;MASCULINO;365,0;328,0;20,0;17,0;0,0547945205479452;0,04657534246575343;0,038356164383561646;0,0;0,0;0,005479452054794521;0,005479452054794521;0,4821917808219178;0,00821917808219178;0,005479452054794521;0,0;0,0027397260273972603;0,00821917808219178;0,010958904109589041;0,019178082191780823;0,31232876712328766
EC071250;MASCULINO;512,0;460,0;47,0;6,0;0,091796875;0,01171875;0,017578125;0,001953125;0,001953125;0,0;0,00390625;0,2734375;0,009765625;0,00390625;0,0;0,0;0,005859375;0,0078125;0,01171875;0,560546875
EC071251;MASCULINO;995,0;925,0;51,0;18,0;0,05125628140703518;0,018090452261306532;0,01306532663316583;0,0;0,003015075376884422;0,004020100502512563;0,0020100502512562816;0,40100502512562813;0,008040201005025126;0,003015075376884422;0,005025125628140704;0,0010050251256281408;0,0010050251256281408;0,01507537688442211;0,011055276381909548;0,4623115577889447
EC071252;MASCULINO;266,0;244,0;13,0;9,0;0,04887218045112782;0,03383458646616541;0,0037593984962406013;0,007518796992481203;0,0;0,0;0,0;0,13157894736842105;0,03007518796992481;0,0;0,0;0,0;0,0;0,007518796992481203;0,015037593984962405;0,7218045112781954
EC071253;MASCULINO;722,0;621,0;57,0;42,0;0,07894736842105263;0,05817174515235457;0,019390581717451522;0,004155124653739612;0,004155124653739612;0,0;0,0;0,26869806094182824;0,14958448753462603;0,12880886426592797;0,0013850415512465374;0,0013850415512465374;0,0013850415512465374;0,0110803324099723;0,009695290858725761;0,26038781163434904
EC071254;MASCULINO;490,0;456,0;20,0;14,0;0,04081632653061224;0,02857142857142857;0,01020408163265306;0,0;0,006122448979591836;0,0020408163265306124;0,0;0,336734693877551;0,004081632653061225;0,006122448979591836;0,004081632653061225;0,0;0,00816326530612245;0,00816326530612245;0,01020408163265306;0,5346938775510204
EC071255;MASCULINO;716,0;658,0;36,0;22,0;0,05027932960893855;0,030726256983240222;0,036312849162011177;0,0;0,002793296089385475;0,0;0,0013966480446927375;0,441340782122905;0,00558659217877095;0,004189944134078212;0,0013966480446927375;0,0013966480446927375;0,00558659217877095;0,013966480446927373;0,004189944134078212;0,40083798882681565
EC071256;MASCULINO;916,0;802,0;82,0;32,0;0,08951965065502183;0,034934497816593885;0,010917030567685589;0,0;0,0032751091703056767;0,004366812227074236;0,0032751091703056767;0,1331877729257642;0,013100436681222707;0,001091703056768559;0,002183406113537118;0,001091703056768559;0,0054585152838427945;0,0054585152838427945;0,007641921397379912;0,6844978165938864
EC071257;MASCULINO;667,0;608,0;34,0;25,0;0,050974512743628186;0,037481259370314844;0,019490254872563718;0,0029985007496251873;0,005997001499250375;0,0029985007496251873;0,0014992503748125937;0,37631184407796103;0,010494752623688156;0,0014992503748125937;0,0029985007496251873;0,0014992503748125937;0,0029985007496251873;0,0074962518740629685;0,017991004497751123;0,4572713643178411
EC071350;MASCULINO;4697,0;4389,0;218,0;91,0;0,04641260378965297;0,019374068554396422;0,030232063018948267;0,0006387055567383436;0,0012774111134766872;0,0004258037044922291;0,0048967426016606344;0,6380668511816053;0,010219288907813498;0,0025548222269533745;0,0012774111134766872;0,0012774111134766872;0,00234192037470726;0,007451564828614009;0,006387055567383436;0,22737917819885034
EC071351;MASCULINO;586,0;512,0;31,0;42,0;0,052901023890784986;0,07167235494880546;0,020477815699658702;0,0017064846416382253;0,0017064846416382253;0,0017064846416382253;0,008532423208191127;0,20136518771331058;0,020477815699658702;0,0017064846416382253;0,0034129692832764505;0,0034129692832764505;0,006825938566552901;0,010238907849829351;0,04436860068259386;0,5477815699658704
EC071352;MASCULINO;445,0;420,0;18,0;6,0;0,04044943820224719;0,01348314606741573;0,017977528089887642;0,0022471910112359553;0,0;0,0;0,0022471910112359553;0,7101123595505618;0,006741573033707865;0,0;0,0022471910112359553;0,008988764044943821;0,0044943820224719105;0,0022471910112359553;0,0044943820224719105;0,18202247191011237
EC071353;MASCULINO;1070,0;897,0;134,0;39,0;0,1252336448598131;0,03644859813084112;0,014018691588785047;0,0009345794392523365;0,0;0,0009345794392523365;0,003738317757009346;0,24205607476635513;0,020560747663551402;0,002803738317757009;0,0;0,001869158878504673;0,008411214953271028;0,009345794392523364;0,07009345794392523;0,4635514018691589
EC071354;MASCULINO;531,0;462,0;37,0;32,0;0,0696798493408663;0,060263653483992465;0,02071563088512241;0,003766478342749529;0,003766478342749529;0,003766478342749529;0,003766478342749529;0,4708097928436911;0,018832391713747645;0,003766478342749529;0,0;0,0018832391713747645;0,011299435028248588;0,003766478342749529;0,026365348399246705;0,2975517890772128
EC071355;MASCULINO;826,0;763,0;36,0;26,0;0,043583535108958835;0,031476997578692496;0,035108958837772396;0,0036319612590799033;0,0;0,0012106537530266344;0,002421307506053269;0,5036319612590799;0,006053268765133172;0,004842615012106538;0,002421307506053269;0,002421307506053269;0,0012106537530266344;0,00847457627118644;0,010895883777239709;0,3414043583535109
EC071356;MASCULINO;348,0;326,0;15,0;7,0;0,04310344827586207;0,020114942528735632;0,017241379310344827;0,0;0,0;0,0028735632183908046;0,0028735632183908046;0,5833333333333334;0,0028735632183908046;0,0;0,0;0,0;0,0028735632183908046;0,0;0,005747126436781609;0,31896551724137934
EC071357;MASCULINO;326,0;301,0;13,0;12,0;0,03987730061349693;0,03680981595092025;0,027607361963190184;0,0;0,003067484662576687;0,0;0,009202453987730062;0,598159509202454;0,006134969325153374;0,003067484662576687;0,006134969325153374;0,0;0,003067484662576687;0,012269938650306749;0,009202453987730062;0,24539877300613497
EC071358;MASCULINO;430,0;384,0;23,0;23,0;0,053488372093023255;0,053488372093023255;0,023255813953488372;0,002325581395348837;0,002325581395348837;0,0;0,002325581395348837;0,5976744186046512;0,011627906976744186;0,0069767441860465115;0,004651162790697674;0,0;0,009302325581395349;0,004651162790697674;0,011627906976744186;0,21627906976744185
EC071359;MASCULINO;346,0;324,0;13,0;9,0;0,03757225433526012;0,02601156069364162;0,008670520231213872;0,0;0,002890173410404624;0,0;0,0;0,6763005780346821;0,017341040462427744;0,005780346820809248;0,014450867052023121;0,002890173410404624;0,002890173410404624;0,002890173410404624;0,03757225433526012;0,16473988439306358
EC071450;MASCULINO;1131,0;1044,0;53,0;33,0;0,046861184792219276;0,029177718832891247;0,019451812555260833;0,0008841732979664014;0,002652519893899204;0,0;0,0008841732979664014;0,4447391688770999;0,0035366931918656055;0,0008841732979664014;0,0008841732979664014;0,004420866489832007;0,002652519893899204;0,007957559681697613;0,007073386383731211;0,4270557029177719
EC071451;MASCULINO;346,0;329,0;13,0;4,0;0,03757225433526012;0,011560693641618497;0,02601156069364162;0,005780346820809248;0,0;0,0;0,002890173410404624;0,34971098265895956;0,008670520231213872;0,0;0,002890173410404624;0,0;0,002890173410404624;0,005780346820809248;0,011560693641618497;0,5346820809248555
EC071452;MASCULINO;363,0;329,0;16,0;16,0;0,0440771349862259;0,0440771349862259;0,013774104683195593;0,0;0,005509641873278237;0,0;0,0;0,44352617079889806;0,005509641873278237;0,0;0,0027548209366391185;0,0;0,008264462809917356;0,005509641873278237;0,013774104683195593;0,40771349862258954
EC071453;MASCULINO;250,0;216,0;20,0;14,0;0,08;0,056;0,032;0,0;0,004;0,004;0,0;0,432;0,004;0,0;0,004;0,004;0,0;0,004;0,012;0,364
EC080150;MASCULINO;15790,0;14370,0;1076,0;340,0;0,0681443951868271;0,021532615579480684;0,01507283090563648;0,00044331855604813175;0,0016466117796073464;0,001013299556681444;0,0015199493350221659;0,5074730842305256;0,013426219126029133;0,0012032932235592148;0,002026599113362888;0,0008233058898036732;0,00253324889170361;0,008929702343255224;0,004876504116529449;0,3490816972767574
EC080152;MASCULINO;1072,0;871,0;128,0;71,0;0,11940298507462686;0,06623134328358209;0,0046641791044776115;0,0009328358208955224;0,0018656716417910447;0,002798507462686567;0,0009328358208955224;0,3255597014925373;0,030783582089552237;0,0046641791044776115;0,0046641791044776115;0,0;0,0018656716417910447;0,01585820895522388;0,002798507462686567;0,41511194029850745
EC080153;MASCULINO;756,0;587,0;104,0;65,0;0,13756613756613756;0,08597883597883597;0,005291005291005291;0,005291005291005291;0,0013227513227513227;0,0;0,0026455026455026454;0,2843915343915344;0,07407407407407407;0,007936507936507936;0,0;0,0013227513227513227;0,006613756613756613;0,017195767195767195;0,005291005291005291;0,36507936507936506
EC080154;MASCULINO;1275,0;1061,0;131,0;83,0;0,1027450980392157;0,06509803921568627;0,003137254901960784;0,000784313725490196;0,001568627450980392;0,002352941176470588;0,002352941176470588;0,3631372549019608;0,03529411764705882;0,00392156862745098;0,004705882352941176;0,000784313725490196;0,006274509803921568;0,01647058823529412;0,009411764705882352;0,3819607843137255
EC080159;MASCULINO;936,0;683,0;142,0;111,0;0,1517094017094017;0,11858974358974358;0,008547008547008548;0,0;0,003205128205128205;0,003205128205128205;0,0010683760683760685;0,3472222222222222;0,017094017094017096;0,005341880341880342;0,007478632478632479;0,003205128205128205;0,002136752136752137;0,014957264957264958;0,00641025641025641;0,30982905982905984
EC080163;MASCULINO;2121,0;1740,0;237,0;142,0;0,11173974540311174;0,06694955209806695;0,008015087223008015;0,0014144271570014145;0,0014144271570014145;0,001885902876001886;0,000942951438000943;0,31494578029231496;0,021687883074021686;0,0023573785950023575;0,0023573785950023575;0,0;0,0014144271570014145;0,005186232909005186;0,0023573785950023575;0,4563884959924564
EC080165;MASCULINO;1116,0;780,0;258,0;78,0;0,23118279569892472;0,06989247311827956;0,0035842293906810036;0,002688172043010753;0,0008960573476702509;0,0;0,0;0,2625448028673835;0,024193548387096774;0,0035842293906810036;0,0017921146953405018;0,002688172043010753;0,0008960573476702509;0,008064516129032258;0,005376344086021506;0,3826164874551971
EC080166;MASCULINO;1578,0;1404,0;125,0;51,0;0,07921419518377694;0,03231939163498099;0,015209125475285171;0,0025348542458808617;0,0012674271229404308;0,0;0,0025348542458808617;0,31305449936628643;0,044359949302915085;0,0019011406844106464;0,0025348542458808617;0,0;0,005069708491761723;0,005069708491761723;0,004435994930291508;0,4917617237008872
EC080168;MASCULINO;3977,0;3558,0;305,0;114,0;0,07669097309529796;0,028664822730701534;0,013578073925069148;0,0007543374402816193;0,0015086748805632386;0,0010057832537088258;0,001257229067136032;0,39250691475986926;0,015338194619059593;0,0015086748805632386;0,00352024138798089;0,0010057832537088258;0,0027659039476992707;0,009554940910233845;0,002263012320844858;0,4480764395272819
EC080250;MASCULINO;2277,0;1867,0;113,0;293,0;0,04962670180061485;0,12867808519982432;0,006587615283267457;0,0004391743522178305;0,000878348704435661;0,0004391743522178305;0,001756697408871322;0,2178304787000439;0,010979358805445762;0,001756697408871322;0,000878348704435661;0,0004391743522178305;0,0013175230566534915;0,003952569169960474;0,002635046113306983;0,5700483091787439
EC080251;MASCULINO;559,0;410,0;71,0;77,0;0,12701252236135957;0,13774597495527727;0,007155635062611807;0,005366726296958855;0,0035778175313059034;0,0017889087656529517;0,0017889087656529517;0,2146690518783542;0,014311270125223614;0,0;0,0017889087656529517;0,0035778175313059034;0,0035778175313059034;0,005366726296958855;0,007155635062611807;0,46332737030411447
EC080252;MASCULINO;556,0;483,0;46,0;27,0;0,08273381294964029;0,048561151079136694;0,00539568345323741;0,0035971223021582736;0,0035971223021582736;0,0017985611510791368;0,0017985611510791368;0,18165467625899281;0,03776978417266187;0,0;0,0017985611510791368;0,0;0,0035971223021582736;0,012589928057553957;0,16007194244604317;0,4550359712230216
EC080253;MASCULINO;3440,0;2914,0;276,0;251,0;0,08023255813953488;0,07296511627906976;0,005232558139534884;0,0011627906976744186;0,00436046511627907;0,0020348837209302325;0,0011627906976744186;0,23982558139534885;0,018313953488372094;0,0011627906976744186;0,0029069767441860465;0,0029069767441860465;0,0020348837209302325;0,007267441860465116;0,020348837209302327;0,5383720930232558
EC080254;MASCULINO;963,0;804,0;94,0;65,0;0,0976116303219107;0,06749740394600208;0,006230529595015576;0,0010384215991692627;0,003115264797507788;0,0010384215991692627;0,004153686396677051;0,24922118380062305;0,017653167185877467;0,0010384215991692627;0,0020768431983385254;0,0010384215991692627;0,0010384215991692627;0,0;0,006230529595015576;0,5410176531671859
EC080255;MASCULINO;186,0;166,0;13,0;7,0;0,06989247311827956;0,03763440860215054;0,005376344086021506;0,005376344086021506;0,005376344086021506;0,0;0,0;0,1989247311827957;0,043010752688172046;0,0;0,005376344086021506;0,016129032258064516;0,016129032258064516;0,005376344086021506;0,0;0,5913978494623656
EC080256;MASCULINO;672,0;579,0;51,0;42,0;0,07589285714285714;0,0625;0,002976190476190476;0,0;0,0;0,0;0,0;0,22172619047619047;0,022321428571428572;0,004464285714285714;0,002976190476190476;0,0;0,001488095238095238;0,004464285714285714;0,002976190476190476;0,5982142857142857
EC080257;MASCULINO;256,0;193,0;19,0;44,0;0,07421875;0,171875;0,0;0,00390625;0,0078125;0,0;0,0;0,26953125;0,0390625;0,00390625;0,0;0,0;0,00390625;0,0;0,00390625;0,421875
EC080258;MASCULINO;709,0;562,0;69,0;78,0;0,09732016925246827;0,11001410437235543;0,005641748942172073;0,005641748942172073;0,007052186177715092;0,00846262341325811;0,005641748942172073;0,3935119887165021;0,023977433004231313;0,005641748942172073;0,0028208744710860366;0,0014104372355430183;0,009873060648801129;0,007052186177715092;0,012693935119887164;0,3032440056417489
EC080259;MASCULINO;928,0;789,0;75,0;66,0;0,08081896551724138;0,07112068965517242;0,005387931034482759;0,003232758620689655;0,004310344827586207;0,004310344827586207;0,0021551724137931034;0,28879310344827586;0,023706896551724137;0,0021551724137931034;0,0010775862068965517;0,0;0,00646551724137931;0,00646551724137931;0,04418103448275862;0,4579741379310345
EC080260;MASCULINO;432,0;349,0;39,0;44,0;0,09027777777777778;0,10185185185185185;0,004629629629629629;0,0;0,0023148148148148147;0,0023148148148148147;0,006944444444444444;0,1087962962962963;0,02546296296296296;0,004629629629629629;0,0;0,0023148148148148147;0,0;0,0;0,006944444444444444;0,6435185185185185
EC080261;MASCULINO;1924,0;1614,0;215,0;93,0;0,11174636174636175;0,04833679833679834;0,005197505197505198;0,0015592515592515593;0,002598752598752599;0,0010395010395010396;0,0010395010395010396;0,25;0,014033264033264034;0,0015592515592515593;0,0015592515592515593;0,002079002079002079;0,002598752598752599;0,0036382536382536385;0,20062370062370063;0,35135135135135137
EC080262;MASCULINO;436,0;314,0;39,0;83,0;0,08944954128440367;0,19036697247706422;0,0;0,0;0,006880733944954129;0,0;0,0;0,12155963302752294;0,034403669724770644;0,0;0,0045871559633027525;0,0;0,0045871559633027525;0,009174311926605505;0,0;0,5389908256880734
EC080263;MASCULINO;653,0;559,0;67,0;26,0;0,10260336906584992;0,039816232771822356;0,006125574272588055;0,0015313935681470138;0,0;0,0030627871362940277;0,006125574272588055;0,2679938744257274;0,02450229709035222;0,004594180704441042;0,0;0,0015313935681470138;0,0;0,022970903522205207;0,07350689127105667;0,444104134762634
EC080264;MASCULINO;342,0;282,0;36,0;24,0;0,10526315789473684;0,07017543859649122;0,0;0,0029239766081871343;0,0029239766081871343;0,0;0,0;0,19005847953216373;0,03216374269005848;0,0;0,0;0,0;0,0;0,0029239766081871343;0,0;0,5935672514619883
EC080265;MASCULINO;510,0;423,0;48,0;39,0;0,09411764705882353;0,07647058823529412;0,00196078431372549;0,00392156862745098;0,00392156862745098;0,00392156862745098;0,0;0,1843137254901961;0,01764705882352941;0,00196078431372549;0,0;0,0;0,0;0,0058823529411764705;0,011764705882352941;0,5941176470588235
EC080350;MASCULINO;3989,0;3502,0;329,0;155,0;0,08247681123088493;0,03885685635497618;0,007520681875156681;0,0015041363750313362;0,00250689395838556;0,0017548257708698922;0,002256204562547004;0,2509400852343946;0,014790674354474806;0,0017548257708698922;0,0017548257708698922;0,00125344697919278;0,002005515166708448;0,004763098520932565;0,013537227375282025;0,5715718225119077
EC080351;MASCULINO;511,0;447,0;33,0;31,0;0,06457925636007827;0,060665362035225046;0,005870841487279843;0,0019569471624266144;0,0019569471624266144;0,0;0,0;0,16829745596868884;0,025440313111545987;0,0019569471624266144;0,007827788649706457;0,0;0,005870841487279843;0,0;0,007827788649706457;0,6477495107632094
EC080352;MASCULINO;638,0;599,0;21,0;18,0;0,032915360501567396;0,02821316614420063;0,001567398119122257;0,0;0,0;0,001567398119122257;0,003134796238244514;0,0877742946708464;0,03918495297805643;0,0;0,001567398119122257;0,0;0,003134796238244514;0,001567398119122257;0,009404388714733543;0,7899686520376176
EC080353;MASCULINO;562,0;490,0;48,0;24,0;0,08540925266903915;0,042704626334519574;0,008896797153024912;0,0035587188612099642;0,0035587188612099642;0,0017793594306049821;0,0;0,1619217081850534;0,02491103202846975;0,008896797153024912;0,0017793594306049821;0,005338078291814947;0,0071174377224199285;0,008896797153024912;0,008896797153024912;0,6263345195729537
EC080354;MASCULINO;304,0;265,0;19,0;20,0;0,0625;0,06578947368421052;0,0;0,0;0,0;0,003289473684210526;0,0;0,18421052631578946;0,006578947368421052;0,003289473684210526;0,0;0,006578947368421052;0,0;0,006578947368421052;0,006578947368421052;0,6546052631578947
EC080355;MASCULINO;490,0;433,0;39,0;18,0;0,07959183673469387;0,036734693877551024;0,0020408163265306124;0,0;0,0;0,0;0,0;0,12244897959183673;0,00816326530612245;0,006122448979591836;0,0020408163265306124;0,0;0,0020408163265306124;0,004081632653061225;0,004081632653061225;0,7326530612244898
EC080356;MASCULINO;963,0;854,0;62,0;47,0;0,06438213914849429;0,04880581516095535;0,006230529595015576;0,0010384215991692627;0,0;0,0020768431983385254;0,003115264797507788;0,1703011422637591;0,014537902388369679;0,0010384215991692627;0,0010384215991692627;0,0;0,0010384215991692627;0,0020768431983385254;0,007268951194184839;0,6770508826583593
EC080357;MASCULINO;1957,0;1685,0;190,0;82,0;0,0970873786407767;0,04190086867654573;0,008686765457332652;0,0015329586101175269;0,002043944813490036;0,0;0,002043944813490036;0,1538068472151252;0,01992846193152785;0,0030659172202350538;0,002043944813490036;0,000510986203372509;0,001021972406745018;0,007153806847215125;0,05109862033725089;0,6080735820132857
EC080358;MASCULINO;1683,0;1499,0;88,0;98,0;0,05228758169934641;0,058229352346999406;0,008318478906714201;0,0005941770647653001;0,0023767082590612004;0,0;0,0005941770647653001;0,1473559120617944;0,013071895424836602;0,0023767082590612004;0,0005941770647653001;0,0023767082590612004;0,0035650623885918;0,0041592394533571005;0,0255496137849079;0,6797385620915033
EC080450;MASCULINO;23825,0;20690,0;2070,0;1063,0;0,08688352570828961;0,04461699895068206;0,011206715634837355;0,00155299055613851;0,0026862539349422876;0,00155299055613851;0,002098635886673662;0,3964323189926548;0,019265477439664218;0,0059601259181532;0,002560335781741868;0,0010073452256033578;0,007429171038824764;0,006547743966421826;0,008898216159496328;0,4012172088142707
EC080451;MASCULINO;1936,0;1471,0;318,0;147,0;0,16425619834710745;0,0759297520661157;0,0046487603305785125;0,0;0,0025826446280991736;0,004132231404958678;0,003615702479338843;0,306301652892562;0,042355371900826444;0,002066115702479339;0,0010330578512396695;0,0005165289256198347;0,003615702479338843;0,00981404958677686;0,012913223140495868;0,3662190082644628
EC080452;MASCULINO;786,0;609,0;95,0;81,0;0,12086513994910941;0,10305343511450382;0,01272264631043257;0,0;0,0;0,001272264631043257;0,002544529262086514;0,29389312977099236;0,017811704834605598;0,0;0,002544529262086514;0,0;0,006361323155216285;0,015267175572519083;0,005089058524173028;0,4173027989821883
EC080453;MASCULINO;5807,0;4979,0;550,0;279,0;0,09471327707938694;0,04804546237299811;0,00895470983296022;0,0015498536249354228;0,002238677458240055;0,0008610297916307905;0,0013776476666092646;0,25297055278112623;0,01894265541587739;0,003444119166523162;0,0015498536249354228;0,0013776476666092646;0,0051661787497847425;0,0036163251248493198;0,0340967797485793;0,5212674358532805
EC080454;MASCULINO;2982,0;2450,0;372,0;163,0;0,12474849094567404;0,05466130114017438;0,005030181086519115;0,001676727028839705;0,0013413816230717639;0,0026827632461435278;0,0026827632461435278;0,39872568745808185;0,017437961099932932;0,0026827632461435278;0,004359490274983233;0,001676727028839705;0,004694835680751174;0,005030181086519115;0,00670690811535882;0,36686787391012743
EC080455;MASCULINO;7875,0;6838,0;702,0;334,0;0,08914285714285715;0,042412698412698416;0,008888888888888889;0,0007619047619047619;0,002285714285714286;0,0020317460317460317;0,002285714285714286;0,33650793650793653;0,015873015873015872;0,0020317460317460317;0,0017777777777777779;0,0016507936507936507;0,0030476190476190477;0,006095238095238095;0,011047619047619047;0,474031746031746
EC080550;MASCULINO;7436,0;6352,0;646,0;437,0;0,08687466379774073;0,058768154922001076;0,007261968800430339;0,002151694459386767;0,0014792899408284023;0,002151694459386767;0,0028240989779451317;0,2341312533620226;0,011161915008068854;0,0017482517482517483;0,0033620225927918235;0,0014792899408284023;0,0038999462076385154;0,01008606777837547;0,0065895642818719746;0,5658956428187197
EC080551;MASCULINO;542,0;435,0;63,0;44,0;0,11623616236162361;0,08118081180811808;0,0;0,0018450184501845018;0,0018450184501845018;0,0;0,0036900369003690036;0,17896678966789667;0,01845018450184502;0,0036900369003690036;0,0;0,0018450184501845018;0,005535055350553505;0,005535055350553505;0,023985239852398525;0,5571955719557196
EC080552;MASCULINO;515,0;452,0;30,0;33,0;0,05825242718446602;0,06407766990291262;0,007766990291262136;0,001941747572815534;0,005825242718446602;0,0;0,001941747572815534;0,1825242718446602;0,019417475728155338;0,003883495145631068;0,003883495145631068;0,003883495145631068;0,003883495145631068;0,003883495145631068;0,0;0,6388349514563106
EC080553;MASCULINO;258,0;225,0;21,0;12,0;0,08139534883720931;0,046511627906976744;0,011627906976744186;0,0;0,0;0,0;0,003875968992248062;0,2248062015503876;0,023255813953488372;0,003875968992248062;0,007751937984496124;0,0;0,007751937984496124;0,003875968992248062;0,003875968992248062;0,5813953488372093
EC080554;MASCULINO;500,0;424,0;50,0;26,0;0,1;0,052;0,008;0,002;0,0;0,004;0,0;0,196;0,014;0,006;0,0;0,0;0,0;0,01;0,002;0,606
EC080555;MASCULINO;99,0;76,0;5,0;18,0;0,050505050505050504;0,18181818181818182;0,0;0,0;0,020202020202020204;0,0;0,030303030303030304;0,23232323232323232;0,04040404040404041;0,0;0,0;0,0;0,0;0,0;0,0;0,4444444444444444
EC080556;MASCULINO;597,0;497,0;50,0;50,0;0,08375209380234507;0,08375209380234507;0,008375209380234505;0,0016750418760469012;0,0016750418760469012;0,0;0,008375209380234505;0,20435510887772193;0,01675041876046901;0,0016750418760469012;0,0016750418760469012;0,0016750418760469012;0,0016750418760469012;0,005025125628140704;0,006700167504187605;0,5728643216080402
EC080557;MASCULINO;414,0;328,0;64,0;22,0;0,15458937198067632;0,05314009661835749;0,007246376811594203;0,0024154589371980675;0,007246376811594203;0,0;0,004830917874396135;0,08695652173913043;0,026570048309178744;0,007246376811594203;0,0;0,0024154589371980675;0,0;0,012077294685990338;0,11594202898550725;0,5193236714975845
EC080558;MASCULINO;283,0;212,0;26,0;44,0;0,09187279151943463;0,15547703180212014;0,014134275618374558;0,0035335689045936395;0,014134275618374558;0,0;0,007067137809187279;0,18374558303886926;0,014134275618374558;0,0;0,0035335689045936395;0,0;0,0;0,0;0,0035335689045936395;0,5053003533568905
EC080559;MASCULINO;578,0;474,0;60,0;42,0;0,10380622837370242;0,0726643598615917;0,00865051903114187;0,0017301038062283738;0,0034602076124567475;0,0017301038062283738;0,0017301038062283738;0,13494809688581316;0,02422145328719723;0,006920415224913495;0,0;0,0;0,0;0,006920415224913495;0,0017301038062283738;0,6280276816608996
EC080560;MASCULINO;511,0;445,0;27,0;39,0;0,05283757338551859;0,07632093933463796;0,005870841487279843;0,0;0,0;0,0;0,0019569471624266144;0,3268101761252446;0,01761252446183953;0,0019569471624266144;0,0;0,0019569471624266144;0,003913894324853229;0,005870841487279843;0,005870841487279843;0,49902152641878667
EC080561;MASCULINO;909,0;780,0;77,0;52,0;0,0847084708470847;0,05720572057205721;0,0088008800880088;0,0011001100110011;0,0033003300330033004;0,0044004400440044;0,0033003300330033004;0,23102310231023102;0,0297029702970297;0,006600660066006601;0,0011001100110011;0,0011001100110011;0,0011001100110011;0,0044004400440044;0,0319031903190319;0,5302530253025303
EC080650;MASCULINO;6523,0;5825,0;494,0;203,0;0,07573202514180592;0,031120650007665184;0,011191169707189943;0,0012264295569523226;0,0021462517246665647;0,0010731258623332823;0,002299555419285605;0,3139659665797946;0,013184117737237468;0,002299555419285605;0,0035259849762379275;0,0013797332515713629;0,0027594665031427257;0,007051969952475855;0,006745362563237774;0,5241453319024989
EC080651;MASCULINO;1025,0;822,0;114,0;87,0;0,11121951219512195;0,08487804878048781;0,014634146341463415;0,000975609756097561;0,006829268292682927;0,002926829268292683;0,0;0,2497560975609756;0,026341463414634145;0,000975609756097561;0,002926829268292683;0,000975609756097561;0,004878048780487805;0,00878048780487805;0,004878048780487805;0,4770731707317073
EC080652;MASCULINO;1385,0;1183,0;125,0;77,0;0,09025270758122744;0,0555956678700361;0,007220216606498195;0,0007220216606498195;0,001444043321299639;0,001444043321299639;0,0021660649819494585;0,2252707581227437;0,027436823104693142;0,005776173285198556;0,0007220216606498195;0,005054151624548736;0,002888086642599278;0,007220216606498195;0,0021660649819494585;0,5646209386281589
EC080653;MASCULINO;3069,0;2649,0;270,0;151,0;0,08797653958944282;0,04920169436298469;0,010101010101010102;0,0006516780710329097;0,0016291951775822744;0,0013033561420658195;0,0016291951775822744;0,22189638318670576;0,018898664059954384;0,0019550342130987292;0,0032583903551645487;0,0009775171065493646;0,0019550342130987292;0,006516780710329097;0,0039100684261974585;0,5884652981427175
EC080654;MASCULINO;3558,0;3136,0;282,0;139,0;0,07925801011804384;0,03906689151208544;0,010680157391793142;0,0011242270938729624;0,0019673974142776843;0,0022484541877459247;0,001405283867341203;0,2774030354131535;0,018268690275435637;0,003372681281618887;0,0019673974142776843;0,001405283867341203;0,004496908375491849;0,005621135469364812;0,006183249016301293;0,5452501405283867
EC080750;MASCULINO;2420,0;2072,0;206,0;144,0;0,08512396694214876;0,05950413223140496;0,004132231404958678;0,0012396694214876034;0,001652892561983471;0,0008264462809917355;0,0012396694214876034;0,2690082644628099;0,01652892561983471;0,003305785123966942;0,001652892561983471;0,001652892561983471;0,0024793388429752068;0,004132231404958678;0,003305785123966942;0,5450413223140496
EC080751;MASCULINO;1344,0;1023,0;176,0;145,0;0,13095238095238096;0,10788690476190477;0,002232142857142857;0,002976190476190476;0,002976190476190476;0,000744047619047619;0,000744047619047619;0,20610119047619047;0,026041666666666668;0,005952380952380952;0,000744047619047619;0,001488095238095238;0,002232142857142857;0,005952380952380952;0,011904761904761904;0,49107142857142855
EC080752;MASCULINO;1596,0;1157,0;218,0;220,0;0,13659147869674185;0,13784461152882205;0,005639097744360902;0,0037593984962406013;0,0018796992481203006;0,0018796992481203006;0,002506265664160401;0,3026315789473684;0,020050125313283207;0,002506265664160401;0,005012531328320802;0,0018796992481203006;0,002506265664160401;0,005012531328320802;0,018796992481203006;0,3508771929824561
EC080753;MASCULINO;1758,0;1442,0;170,0;147,0;0,09670079635949944;0,08361774744027303;0,005119453924914676;0,003981797497155859;0,002844141069397042;0,0022753128555176336;0,0011376564277588168;0,18885096700796358;0,015358361774744027;0,0005688282138794084;0,0011376564277588168;0,0;0,004550625711035267;0,004550625711035267;0,009101251422070534;0,580773606370876
EC080754;MASCULINO;1683,0;1330,0;227,0;127,0;0,1348781937017231;0,0754604872251931;0,008318478906714201;0,0017825311942959;0,0035650623885918;0,0017825311942959;0,0017825311942959;0,1895424836601307;0,0255496137849079;0,0023767082590612004;0,0029708853238265003;0,0041592394533571005;0,0029708853238265003;0,016636957813428402;0,0059417706476530005;0,5228758169934641
EC080755;MASCULINO;1909,0;1612,0;147,0;148,0;0,07700366684127816;0,07752750130958617;0,00785751702462022;0,0;0,0026191723415400735;0,0005238344683080147;0,0005238344683080147;0,18700890518596125;0,013095861707700367;0,0010476689366160294;0,0005238344683080147;0,001571503404924044;0,0020953378732320588;0,005762179151388162;0,0026191723415400735;0,6191723415400734
EC090150;MASCULINO;134464,0;251072,0;7447,5;1430,5;0,05538657187053784;0,01063853522132318;0,053627736792003805;0,001212220371251785;0,007667479771537363;0,0022162065683008093;0,002446751546882437;0,9003971323179438;0,02626725368871966;0,004142372679676345;0,00894663255592575;0,0026103641123274633;0,0082996192289386;0,020116908614945264;0,013564969062351261;0,815690445026178
EC090152;MASCULINO;4274,0;3844,0;260,0;169,0;0,06083294337856809;0,039541413196069256;0,012868507253158634;0,0016378100140383716;0,0053813757604117924;0,001169864295741694;0,0016378100140383716;0,27398221806270473;0,03299017313991577;0,003743565746373421;0,0035095928872250818;0,0021057557323350493;0,006551240056153486;0,012400561534861956;0,010294805802526907;0,531118390266729
EC090153;MASCULINO;1532,0;1373,0;89,0;68,0;0,058093994778067884;0,044386422976501305;0,007180156657963447;0,0019582245430809398;0,007832898172323759;0,0013054830287206266;0,0026109660574412533;0,35966057441253263;0,034595300261096605;0,0019582245430809398;0,0039164490861618795;0,0026109660574412533;0,0039164490861618795;0,008485639686684074;0,009138381201044387;0,4510443864229765
EC090156;MASCULINO;9427,0;8567,0;535,0;322,0;0,0567518828895725;0,0341572080195184;0,012092924578338814;0,000848626286199215;0,003712740002121566;0,0012729394292988225;0,0015911742866235282;0,22096106926912062;0,021321735440755277;0,004030974859446272;0,002545878858597645;0,0010607828577490189;0,00392489657367137;0,005303914288745094;0,007531558290018034;0,6225734592128991
EC090157;MASCULINO;4115,0;3415,0;368,0;333,0;0,08942891859052247;0,08092345078979343;0,006804374240583232;0,0019441069258809235;0,006318347509113001;0,001215066828675577;0,002430133657351154;0,1637910085054678;0,0488456865127582;0,003402187120291616;0,0036452004860267314;0,002187120291616039;0,0026731470230862697;0,005103280680437424;0,004617253948967193;0,576913730255164
EC090158;MASCULINO;4087,0;3650,0;311,0;126,0;0,07609493516026425;0,030829459261071692;0,009297773427942257;0,0007340347443112308;0,0026914607291411794;0,0019574259848299485;0,0014680694886224615;0,2363591876682163;0,01565940787863959;0,0036701737215561535;0,0026914607291411794;0,0007340347443112308;0,003914851969659897;0,005627599706386102;0,011499877660875948;0,5967702471250306
EC090250;MASCULINO;9485,0;8182,0;747,0;541,0;0,07875593041644702;0,05703742751713231;0,013916710595677385;0,0015814443858724301;0,004111755403268318;0,0015814443858724301;0,0018977332630469163;0,26768581971534;0,01813389562467053;0,003268318397469689;0,0020031628887717447;0,0018977332630469163;0,002635740643120717;0,004217185028993147;0,006114918292040064;0,5335793357933579
EC090350;MASCULINO;7373,0;6648,0;475,0;252,0;0,06442425064424251;0,0341787603417876;0,011799810117998102;0,0017631900176319003;0,0024413400244134003;0,00040689000406890003;0,0008137800081378001;0,20181744201817442;0,010307880103078801;0,0028482300284823005;0,0035263800352638005;0,0021700800217008;0,0025769700257697002;0,009900990099009901;0,014512410145124102;0,6367828563678286
EC090450;MASCULINO;21489,0;18951,0;1558,0;979,0;0,07250221043324491;0,04555819256363721;0,016427009167481035;0,0010703150449066965;0,003862441249011122;0,0021871655265484667;0,002140630089813393;0,2556191539857602;0,017776536832798177;0,0026059844571641303;0,007445669877611801;0,0027921262041044254;0,002699055330634278;0,009307087347014752;0,004746614546977524;0,5532132719065569
EC090550;MASCULINO;8317,0;7172,0;658,0;483,0;0,07911506552843574;0,05807382469640495;0,014187808103883611;0,002284477576049056;0,002044006252254419;0,0013225922808705061;0,0008416496332812313;0,17674642298905854;0,017915113622700492;0,0044487194902007934;0,0016832992665624625;0,002765420223638331;0,002404713237946375;0,008897438980401587;0,002765420223638331;0,6240230852470843
EC090551;MASCULINO;1471,0;1299,0;86,0;86,0;0,05846363018354861;0,05846363018354861;0,012236573759347382;0,0013596193065941536;0,0013596193065941536;0,002719238613188307;0,0006798096532970768;0,18150917743031952;0,018354860639021073;0,004078857919782461;0,0013596193065941536;0,006118286879673691;0,0013596193065941536;0,004758667573079538;0,004758667573079538;0,6424201223657376
EC090650;MASCULINO;32831,0;28334,0;3014,0;1463,0;0,09180347841978617;0,04456154244464074;0,014742164417775882;0,0019798361304864307;0,0037769181566202673;0,001370655782644452;0,001766623008741738;0,2975541409034145;0,02537236148761841;0,006487770704517073;0,0038378361914044655;0,0023758033565837167;0,0029849837044256954;0,008193475678474612;0,004782065730559532;0,4878011635344644
EC090652;MASCULINO;2154,0;1728,0;266,0;158,0;0,12349117920148561;0,0733519034354689;0,015784586815227482;0,001392757660167131;0,011142061281337047;0,001392757660167131;0,0018570102135561746;0,2414113277623027;0,031104921077065924;0,00510677808727948;0,004178272980501393;0,003714020427112349;0,0009285051067780873;0,01021355617455896;0,006963788300835654;0,4670380687093779
EC090653;MASCULINO;3300,0;2756,0;342,0;202,0;0,10363636363636364;0,06121212121212121;0,015151515151515152;0,0006060606060606061;0,0021212121212121214;0,0021212121212121214;0,0024242424242424242;0,28363636363636363;0,028484848484848484;0,0036363636363636364;0,0030303030303030303;0,0036363636363636364;0,005454545454545455;0,009393939393939394;0,005151515151515152;0,4703030303030303
EC090654;MASCULINO;1699,0;1493,0;141,0;65,0;0,08298999411418481;0,03825779870512066;0,01059446733372572;0,0011771630370806356;0,00529723366686286;0,0005885815185403178;0,0011771630370806356;0,2613301942319011;0,025897586815773983;0,002354326074161271;0,003531489111241907;0,0005885815185403178;0,002354326074161271;0,034137728075338436;0,005885815185403178;0,5238375515008828
EC090656;MASCULINO;2595,0;2161,0;242,0;192,0;0,09325626204238921;0,07398843930635839;0,010404624277456647;0,0;0,0019267822736030828;0,0011560693641618498;0,002697495183044316;0,2285163776493256;0,03892100192678227;0,002697495183044316;0,006551059730250481;0,002697495183044316;0,003468208092485549;0,009248554913294798;0,007321772639691715;0,5171483622350674
EC090750;MASCULINO;56559,0;52374,0;3336,0;829,0;0,058982655280326736;0,014657260559769444;0,020474195088314856;0,0007956293428101628;0,005728531268233172;0,001113881079934228;0,001414452164995845;0,36952562810516454;0,011969801446277338;0,0020686362913064234;0,004031188670238158;0,0010254778196219876;0,003341643239802684;0,009989568415283156;0,01067911384571863;0,4838487243409537
EC090850;MASCULINO;26073,0;23009,0;2047,0;1018,0;0,07851033636328769;0,03904422199209911;0,009550109308480036;0,0007287232002454647;0,0026080619798258737;0,0018793387795804088;0,001380738695201933;0,2511793809688183;0,010048709392858513;0,00805430905534461;0,0019944003375139034;0,001687569516357918;0,0018793387795804088;0,005331185517585242;0,003988800675027807;0,5821731292908373
EC090851;MASCULINO;2824,0;2352,0;307,0;165,0;0,10871104815864023;0,058427762039660054;0,0056657223796034;0,003186968838526912;0,002478753541076487;0,0010623229461756375;0,002124645892351275;0,22698300283286119;0,0169971671388102;0,0028328611898017;0,00424929178470255;0,002124645892351275;0,002478753541076487;0,005311614730878187;0,0060198300283286115;0,5513456090651558
EC090852;MASCULINO;2209,0;1928,0;133,0;148,0;0,06020823902218198;0,06699864191942055;0,010864644635581712;0,0009053870529651426;0,0009053870529651426;0,0022634676324128564;0,004526935264825713;0,13988229968311452;0,009959257582616569;0,003168854685377999;0,004074241738343142;0,002716161158895428;0,0018107741059302852;0,003168854685377999;0,005432322317790856;0,6831145314622001
EC090950;MASCULINO;18748,0;16835,0;1252,0;658,0;0,06678045658203542;0,03509707702154897;0,011467889908256881;0,0008534243652656284;0,004693834008960956;0,0010667804565820354;0,0014401536163857478;0,29688500106678045;0,013654789844250054;0,003253680392575208;0,004373799871986345;0,0012801365478984424;0,003040324301258801;0,007734158310219757;0,014401536163857477;0,5338169404736505
EC091050;MASCULINO;59109,0;53799,0;4011,0;1278,0;0,06785768664670355;0,02162107293305588;0,01793297129032804;0,0007951411798541678;0,004787764976568712;0,0012350065133905157;0,00145493918015869;0,3578812025241503;0,009406350978700366;0,00231775194978768;0,003468168975959668;0,0017763792315890982;0,0031467289245292597;0,00947402256847519;0,007866822311323149;0,48862271396910795
EC091051;MASCULINO;655,0;592,0;38,0;25,0;0,05801526717557252;0,03816793893129771;0,012213740458015267;0,0015267175572519084;0,0;0,0015267175572519084;0,0;0,1450381679389313;0,004580152671755725;0,0;0,0015267175572519084;0,0030534351145038168;0,004580152671755725;0,0015267175572519084;0,0030534351145038168;0,7251908396946565
EC091053;MASCULINO;2146,0;1881,0;166,0;99,0;0,07735321528424977;0,04613233923578751;0,008853681267474371;0,0013979496738117428;0,0060577819198508855;0,0013979496738117428;0,0013979496738117428;0,2870456663560112;0,019105312208760484;0,0009319664492078285;0,0027958993476234857;0,0009319664492078285;0,004193849021435228;0,005125815470643057;0,007455731593662628;0,5298229263746506
EC091054;MASCULINO;2548,0;2345,0;153,0;50,0;0,060047095761381473;0,019623233908948195;0,01098901098901099;0,0003924646781789639;0,005886970172684459;0,0007849293563579278;0,0019623233908948193;0,33437990580847726;0,01020408163265306;0,0015698587127158557;0,0019623233908948193;0,002354788069073783;0,005494505494505495;0,005886970172684459;0,010596546310832025;0,5278649921507065
EC091150;MASCULINO;17493,0;15821,0;1222,0;444,0;0,06985651403418511;0,025381581203910136;0,012576459155090607;0,0009718172983479105;0,0022866289372892013;0,0008574858514834505;0,0007431544046189904;0,2582175727433831;0,007660206939918824;0,0012004801920768306;0,004458926427713943;0,001657805979534671;0,003201280512204882;0,0062882295775453035;0,014634425198650889;0,5896644372034529
EC091151;MASCULINO;1269,0;1164,0;66,0;39,0;0,05200945626477541;0,030732860520094562;0,014184397163120567;0,0;0,0007880220646178094;0,0007880220646178094;0,0015760441292356187;0,20252167060677698;0,007880220646178092;0,0007880220646178094;0,0007880220646178094;0,004728132387706856;0,003940110323089046;0,006304176516942475;0,01182033096926714;0,661150512214342
EC091152;MASCULINO;1665,0;1455,0;150,0;60,0;0,09009009009009009;0,036036036036036036;0,015615615615615615;0,0006006006006006006;0,003003003003003003;0,0012012012012012011;0,0018018018018018018;0,18078078078078078;0,010810810810810811;0,0036036036036036037;0,003003003003003003;0,0018018018018018018;0,0024024024024024023;0,006006006006006006;0,013213213213213212;0,63003003003003
EC091153;MASCULINO;908,0;832,0;45,0;30,0;0,04955947136563876;0,03303964757709251;0,005506607929515419;0,0;0,003303964757709251;0,003303964757709251;0,004405286343612335;0,17400881057268722;0,01762114537444934;0,003303964757709251;0,0022026431718061676;0,0022026431718061676;0,003303964757709251;0,005506607929515419;0,00881057268722467;0,6828193832599119
EC091154;MASCULINO;3080,0;2584,0;288,0;209,0;0,09350649350649351;0,06785714285714285;0,009415584415584415;0,0012987012987012987;0,002922077922077922;0,0003246753246753247;0,003246753246753247;0,17694805194805194;0,01753246753246753;0,003896103896103896;0,0025974025974025974;0,0035714285714285713;0,005194805194805195;0,00487012987012987;0,00487012987012987;0,6022727272727273
EC091250;MASCULINO;14377,0;13029,0;887,0;451,0;0,06169576406760798;0,03136954858454476;0,012380886137580859;0,0009737775613827642;0,0027126660638519856;0,001112888641580302;0,001599777422271684;0,2557557209431731;0,009876886694025179;0,0025735549836544483;0,00306044376434583;0,0013215552618766084;0,0035473325450372122;0,005355776587605203;0,01850177366627252;0,5874660916742018
EC091350;MASCULINO;6891,0;6059,0;456,0;375,0;0,06617326948193296;0,0544188071397475;0,011319111885067479;0,00130605137135394;0,003337686837904513;0,0020316354665505733;0,0027572195617472065;0,24292555507183283;0,013931214627775359;0,002466985923668553;0,0036279204759831663;0,0027572195617472065;0,0031925700188651864;0,004643738209258453;0,004208387752140473;0,5807575097953853
EC091450;MASCULINO;16344,0;14285,0;1375,0;675,0;0,08412873225648557;0,04129955947136564;0,015602055800293686;0,0018355359765051395;0,0033651492902594224;0,0020190895741556535;0,0017743514439549682;0,2681106216348507;0,01994615761135585;0,002875673029858052;0,0035487028879099365;0,0023861967694566812;0,0034875183553597653;0,007403328438570729;0,008076358296622614;0,5335903083700441
EC091451;MASCULINO;1292,0;1124,0;99,0;68,0;0,07662538699690402;0,05263157894736842;0,018575851393188854;0,0046439628482972135;0,003869969040247678;0,0015479876160990713;0,0046439628482972135;0,21826625386996903;0,015479876160990712;0,0030959752321981426;0,0023219814241486067;0,006191950464396285;0,005417956656346749;0,006191950464396285;0,010061919504643963;0,5696594427244582
EC091452;MASCULINO;2027,0;1810,0;143,0;73,0;0,07054760730143068;0,036013813517513565;0,013320177602368031;0,0029600394671928957;0,005426739023186976;0,001973359644795264;0,00246669955599408;0,2668968919585594;0,01726689689195856;0,003453379378391712;0,003946719289590528;0,00246669955599408;0,00246669955599408;0,010360138135175136;0,00246669955599408;0,5574740996546621
EC091650;MASCULINO;13845,0;12341,0;918,0;587,0;0,06630552546045504;0,04239797760924521;0,01256771397616468;0,0006500541711809318;0,005200433369447454;0,0013723365836041893;0,0013723365836041893;0,2583604189237992;0,02224629830263633;0,003178042614662333;0,004405922715781871;0,002239075478512098;0,0023835319609967496;0,006572769953051643;0,006428313470566991;0,5643914770675335
EC091651;MASCULINO;3609,0;3195,0;256,0;158,0;0,07093377666943752;0,04377944028816847;0,013854253255749516;0,0002770850651149903;0,0019395954558049321;0,0005541701302299807;0,0016625103906899418;0,20753671377112773;0,019395954558049322;0,0016625103906899418;0,0019395954558049321;0,0008312551953449709;0,004156275976724855;0,005818786367414797;0,004433361041839845;0,6212247159878083
EC091850;MASCULINO;16236,0;14028,0;1342,0;858,0;0,08265582655826559;0,052845528455284556;0,019524513426952453;0,0014781966001478197;0,004496181325449618;0,001970928800197093;0,002278886425227889;0,22493224932249323;0,02254249815225425;0,002833210150283321;0,003141167775314117;0,00363389997536339;0,0034491254003449125;0,007822123675782212;0,00806848977580685;0,5578344419807835
EC091950;MASCULINO;14952,0;12695,0;1444,0;807,0;0,09657570893525949;0,05397271268057785;0,015516318887105404;0,0015382557517388978;0,005149812734082397;0,0016720171214553237;0,0022070626003210273;0,2478598180845372;0,01999732477260567;0,0028089887640449437;0,0034109149277688606;0,003544676297485286;0,002742108079186731;0,007557517388978063;0,005551096843231675;0,5294943820224719
EC091951;MASCULINO;3246,0;2746,0;276,0;227,0;0,08502772643253234;0,06993222427603205;0,013555144793592114;0,0015403573629081946;0,0061614294516327784;0,0021565003080714724;0,0015403573629081946;0,22643253234750463;0,039125077017868146;0,04682686383240912;0,004004929143561306;0,0024645717806531116;0,005237215033887862;0,0073937153419593345;0,004313000616142945;0,4852125693160813
EC091952;MASCULINO;1786,0;1478,0;162,0;144,0;0,09070548712206047;0,08062709966405375;0,007278835386338186;0,0005599104143337066;0,006718924972004479;0,0011198208286674132;0,0005599104143337066;0,24748040313549832;0,02855543113101904;0,003919372900335946;0,005039193729003359;0,0016797312430011197;0,0016797312430011197;0,005039193729003359;0,002799552071668533;0,5151175811870101
EC091953;MASCULINO;3804,0;3214,0;290,0;297,0;0,07623554153522608;0,07807570977917981;0,011041009463722398;0,0015772870662460567;0,006046267087276551;0,0013144058885383807;0,002103049421661409;0,2181913774973712;0,02103049421661409;0,00473186119873817;0,004994742376445847;0,0028916929547844372;0,0028916929547844372;0,011829652996845425;0,006572029442691903;0,5496845425867508
EC092050;MASCULINO;11118,0;9866,0;798,0;450,0;0,07177549919050188;0,040474905558553695;0,012951969778737183;0,0005396654074473826;0,00476704443245188;0,0010793308148947653;0,0005396654074473826;0,2648857708220903;0,01529051987767584;0,002698327037236913;0,0030581039755351682;0,0017988846914912754;0,003507825148407987;0,0061162079510703364;0,006655873358517719;0,563500629609642
EC092053;MASCULINO;3233,0;2803,0;268,0;163,0;0,08289514382926075;0,050417568821527994;0,008969996906897619;0,0003093102381688834;0,004021033096195484;0,0009279307145066501;0,0009279307145066501;0,19857717290442314;0,009279307145066501;0,0018558614290133002;0,0024744819053510673;0,0009279307145066501;0,0021651716671821837;0,008351376430559852;0,008351376430559852;0,6198577172904424
EC092055;MASCULINO;3155,0;2815,0;219,0;125,0;0,0694136291600634;0,039619651347068144;0,00792393026941363;0,0006339144215530904;0,003169572107765452;0,0012678288431061807;0,0009508716323296355;0,1819334389857369;0,015530903328050714;0,005071315372424723;0,0025356576862123614;0,0022187004754358162;0,001584786053882726;0,012044374009508717;0,008240887480190175;0,6491283676703645
EC092056;MASCULINO;4760,0;4308,0;337,0;113,0;0,07079831932773109;0,023739495798319327;0,009243697478991597;0,0002100840336134454;0,0031512605042016808;0,0006302521008403362;0,0016806722689075631;0,20210084033613446;0,010714285714285714;0,0018907563025210084;0,006092436974789916;0,0018907563025210084;0,002310924369747899;0,009243697478991597;0,007142857142857143;0,6487394957983194
EC092150;MASCULINO;19477,0;17824,0;1161,0;483,0;0,059608769317656726;0,02479848025876675;0,017302459310982184;0,0012835652307850284;0,008882271397032397;0,0015402782769420342;0,0011808800123222262;0,32505005904400064;0,01396518971094111;0,0020023617600246446;0,004466807003131899;0,0020023617600246446;0,0038506956923550855;0,008882271397032397;0,014016532320172512;0,5107049340247471
EC092250;MASCULINO;6558,0;5749,0;437,0;370,0;0,06663616956389143;0,05641964013418725;0,012503812137846905;0,0007624275693809088;0,0027447392497712718;0,001219884111009454;0,001219884111009454;0,35681610247026535;0,017688319609637085;0,001982311680390363;0,001982311680390363;0,0018298261665141812;0,0035071668191521805;0,0053369929856663615;0,006251906068923453;0,46279353461421163
EC092251;MASCULINO;2948,0;2610,0;202,0;132,0;0,06852103120759837;0,04477611940298507;0,009497964721845319;0,0013568521031207597;0,008480325644504749;0,0010176390773405698;0,0016960651289009499;0,24287652645861602;0,016960651289009497;0,0027137042062415195;0,0016960651289009499;0,0023744911804613297;0,0037313432835820895;0,012890094979647219;0,0067842605156037995;0,573270013568521
EC092350;MASCULINO;4761,0;4451,0;239,0;70,0;0,050199537912203315;0,014702793530770846;0,01932367149758454;0,0004200798151648813;0,0033606385213190504;0,0008401596303297626;0,002100399075824407;0,2537282083595883;0,010291955471539592;0,001260239445494644;0,0029405587061541692;0,001890359168241966;0,002520478890989288;0,010081915563957152;0,009031716026044948;0,6170972484772107
EC092450;MASCULINO;7799,0;6721,0;608,0;463,0;0,07795871265546865;0,05936658545967432;0,013591486087959995;0,0024362097704833953;0,005000641107834338;0,002051545069880754;0,002307988203615848;0,3019617899730735;0,014360815489165278;0,0026926529042184894;0,0057699705090396205;0,003077317604821131;0,003077317604821131;0,010898833183741505;0,005257084241569432;0,48929349916655984
EC092550;MASCULINO;8633,0;7741,0;597,0;291,0;0,06915324916019923;0,033707865168539325;0,014131819761380749;0,0012741804702884282;0,0038225414108652845;0,0012741804702884282;0,0022008571759527394;0,2908606509903857;0,017954361172246032;0,0018533534113286227;0,003938375999073323;0,002895864705200973;0,0037067068226572454;0,009035097880227036;0,005212556469361751;0,5385150005791729
EC092750;MASCULINO;4905,0;4493,0;319,0;93,0;0,06503567787971458;0,018960244648318043;0,019164118246687054;0,00040774719673802244;0,004281345565749235;0,00020387359836901122;0,00040774719673802244;0,3506625891946993;0,00672782874617737;0,0012232415902140672;0,0034658511722731908;0,0016309887869520897;0,003873598369011213;0,00672782874617737;0,024464831804281346;0,4927624872579001
EC092850;MASCULINO;5322,0;4691,0;376,0;253,0;0,07065013152950018;0,047538519353626456;0,015407741450582487;0,001503194287861706;0,006576475009394964;0,0011273957158962795;0,000751597143930853;0,1997369409996242;0,013340849304772641;0,0026305900037579856;0,003006388575723412;0,0009394964299135663;0,003006388575723412;0,004133784291619692;0,006764374295377677;0,622510334460729
EC100150;MASCULINO;1357,0;1237,0;87,0;33,0;0,06411201179071481;0,02431834929992631;0,027266028002947678;0,0007369196757553427;0,0;0,0007369196757553427;0,0029476787030213707;0,35298452468680913;0,008106116433308769;0,0014738393515106854;0,004421518054532056;0,002210759027266028;0,008843036109064112;0,016212232866617538;0,07885040530582167;0,4067796610169492
EC100151;MASCULINO;2109,0;1792,0;175,0;138,0;0,08297771455666192;0,06543385490753911;0,00948316737790422;0,000948316737790422;0,002844950213371266;0,000948316737790422;0,002370791844476055;0,20578473210052156;0,011379800853485065;0,008534850640113799;0,003793266951161688;0,004267425320056899;0,00474158368895211;0,006164058795637743;0,05405405405405406;0,5343764817449028
EC100152;MASCULINO;1500,0;1333,0;138,0;29,0;0,092;0,019333333333333334;0,011333333333333334;0,0013333333333333333;0,0013333333333333333;0,0013333333333333333;0,004666666666666667;0,13866666666666666;0,014;0,0013333333333333333;0,0033333333333333335;0,004;0,004666666666666667;0,006666666666666667;0,27266666666666667;0,42333333333333334
EC100153;MASCULINO;1136,0;974,0;111,0;50,0;0,0977112676056338;0,04401408450704225;0,013204225352112676;0,0008802816901408451;0,0017605633802816902;0,0035211267605633804;0,0035211267605633804;0,20422535211267606;0,009683098591549295;0,0008802816901408451;0,0035211267605633804;0,0;0,002640845070422535;0,006161971830985915;0,051056338028169015;0,5563380281690141
EC100154;MASCULINO;3211,0;2873,0;285,0;49,0;0,08875739644970414;0,015260043600124572;0,015571473061351603;0,0006228589224540642;0,0021800062285892243;0,0015571473061351605;0,0003114294612270321;0,18872625350358144;0,003114294612270321;0,0012457178449081284;0,0021800062285892243;0,0015571473061351605;0,006228589224540642;0,006851448146994706;0,26378075365929615;0,4008097165991903
EC100155;MASCULINO;1562,0;1310,0;160,0;92,0;0,10243277848911651;0,058898847631242;0,006402048655569782;0,002560819462227913;0,0019206145966709346;0,005121638924455826;0,0038412291933418692;0,21254801536491677;0,011523687580025609;0,0019206145966709346;0,002560819462227913;0,0019206145966709346;0,002560819462227913;0,006402048655569782;0,04353393085787452;0,5358514724711908
EC100156;MASCULINO;777,0;674,0;64,0;40,0;0,08236808236808237;0,05148005148005148;0,009009009009009009;0,0;0,0;0,001287001287001287;0,003861003861003861;0,14671814671814673;0,003861003861003861;0,003861003861003861;0,002574002574002574;0,001287001287001287;0,01287001287001287;0,002574002574002574;0,032175032175032175;0,6473616473616474
EC100157;MASCULINO;6561,0;5963,0;476,0;120,0;0,07254991617131534;0,01828989483310471;0,028654168571864046;0,001828989483310471;0,0013717421124828531;0,0015241579027587258;0,002286236854138089;0,38545953360768176;0,00823045267489712;0,0015241579027587258;0,002895900015241579;0,0016765736930345985;0,005639384240207285;0,010364273738759335;0,06965401615607376;0,38774577046181985
EC100250;MASCULINO;7512,0;6941,0;469,0;100,0;0,06243343982960596;0,013312034078807242;0,028887113951011716;0,0013312034078807242;0,0023961661341853034;0,0017305644302449414;0,0029286474973375934;0,4527422790202343;0,005857294994675187;0,0014643237486687967;0,0023961661341853034;0,0014643237486687967;0,0038604898828541;0,012513312034078808;0,06456336528221512;0,34185303514376997
EC100251;MASCULINO;573,0;514,0;44,0;15,0;0,07678883071553229;0,02617801047120419;0,02268760907504363;0,005235602094240838;0,0017452006980802793;0,0017452006980802793;0,0017452006980802793;0,33856893542757416;0,006980802792321117;0,0;0,0034904013961605585;0,0;0,0034904013961605585;0,0034904013961605585;0,05759162303664921;0,450261780104712
EC100252;MASCULINO;2133,0;1939,0;151,0;45,0;0,07079231129864041;0,02109704641350211;0,03563056727613689;0,0014064697609001407;0,0023441162681669013;0,001875293014533521;0,001875293014533521;0,37412095639943743;0,009845288326300985;0,05532114392873887;0,0023441162681669013;0,0014064697609001407;0,0046882325363338025;0,013595874355368026;0,10736052508204406;0,2972339428035631
EC100253;MASCULINO;1263,0;1141,0;94,0;31,0;0,07442596991290577;0,02454473475851148;0,027711797307996833;0,003167062549485352;0,00395882818685669;0,003167062549485352;0,0023752969121140144;0,35629453681710216;0,007125890736342043;0,0023752969121140144;0,0023752969121140144;0,0023752969121140144;0,00791765637371338;0,013460015835312747;0,08076009501187649;0,3903404592240697
EC100254;MASCULINO;3884,0;3454,0;362,0;67,0;0,09320288362512873;0,01725025746652935;0,015190525231719876;0,0012873326467559218;0,0012873326467559218;0,001544799176107106;0,0005149330587023687;0,2433058702368692;0,004634397528321318;0,0010298661174047373;0,002317198764160659;0,0005149330587023687;0,003604531410916581;0,006951596292481977;0,2237384140061792;0,3833676622039135
EC100350;MASCULINO;2365,0;2165,0;159,0;37,0;0,06723044397463002;0,015644820295983086;0,016913319238900635;0,0008456659619450317;0,002959830866807611;0,0021141649048625794;0,0012684989429175475;0,31797040169133195;0,005919661733615222;0,0012684989429175475;0,002536997885835095;0,0012684989429175475;0,004651162790697674;0,010570824524312896;0,2321353065539112;0,3150105708245243
EC100351;MASCULINO;819,0;703,0;78,0;37,0;0,09523809523809523;0,045177045177045176;0,008547008547008548;0,001221001221001221;0,003663003663003663;0,004884004884004884;0,003663003663003663;0,19658119658119658;0,006105006105006105;0,0;0,003663003663003663;0,0;0,001221001221001221;0,006105006105006105;0,10256410256410256;0,5201465201465202
EC100352;MASCULINO;3276,0;2889,0;264,0;120,0;0,08058608058608059;0,03663003663003663;0,009768009768009768;0,0009157509157509158;0,004884004884004884;0,001221001221001221;0,0015262515262515263;0,21398046398046397;0,010073260073260074;0,002136752136752137;0,002136752136752137;0,0015262515262515263;0,003663003663003663;0,004884004884004884;0,060134310134310136;0,565018315018315
EC100353;MASCULINO;2243,0;1846,0;326,0;69,0;0,14534106107891218;0,030762371823450735;0,01069995541685243;0,0008916629514043691;0,0026749888542131075;0,002229157378510923;0,0;0,11234953187695051;0,008470798038341507;0,002229157378510923;0,0013374944271065537;0,0017833259028087382;0,0026749888542131075;0,007133303611234953;0,2139991083370486;0,456531431119037
EC100354;MASCULINO;693,0;617,0;50,0;25,0;0,07215007215007214;0,03607503607503607;0,010101010101010102;0,001443001443001443;0,002886002886002886;0,004329004329004329;0,005772005772005772;0,2698412698412698;0,004329004329004329;0,004329004329004329;0,002886002886002886;0,0;0,002886002886002886;0,005772005772005772;0,113997113997114;0,46176046176046176
EC100355;MASCULINO;262,0;229,0;16,0;17,0;0,061068702290076333;0,0648854961832061;0,019083969465648856;0,007633587786259542;0,007633587786259542;0,003816793893129771;0,003816793893129771;0,22519083969465647;0,011450381679389313;0,003816793893129771;0,0;0,003816793893129771;0,0;0,003816793893129771;0,13358778625954199;0,45038167938931295
EC100356;MASCULINO;2861,0;2529,0;248,0;83,0;0,08668297797972736;0,029010835372247464;0,013282069206571129;0,0020971688220901784;0,004893393918210416;0,002446696959105208;0,003844809507165327;0,270534778049633;0,008039147151345682;0,0020971688220901784;0,002446696959105208;0,002446696959105208;0,0031457532331352674;0,006641034603285564;0,1929395316322964;0,3691017126878714
EC100357;MASCULINO;824,0;715,0;69,0;39,0;0,08373786407766991;0,04733009708737864;0,00849514563106796;0,0012135922330097086;0,0012135922330097086;0,0012135922330097086;0,0;0,19053398058252427;0,0036407766990291263;0,0;0,0;0,0012135922330097086;0,0024271844660194173;0,0048543689320388345;0,1383495145631068;0,5145631067961165
EC100358;MASCULINO;309,0;275,0;21,0;13,0;0,06796116504854369;0,042071197411003236;0,016181229773462782;0,006472491909385114;0,003236245954692557;0,003236245954692557;0,003236245954692557;0,2686084142394822;0,003236245954692557;0,003236245954692557;0,003236245954692557;0,0;0,006472491909385114;0,006472491909385114;0,03559870550161812;0,5307443365695793
EC100450;MASCULINO;7620,0;6997,0;488,0;132,0;0,06404199475065617;0,01732283464566929;0,019291338582677165;0,0015748031496062992;0,0032808398950131233;0,0013123359580052493;0,002230971128608924;0,30393700787401573;0,005380577427821522;0,0011811023622047244;0,0024934383202099737;0,0026246719160104987;0,003937007874015748;0,007086614173228346;0,2062992125984252;0,35761154855643046
EC100451;MASCULINO;2351,0;2161,0;147,0;43,0;0,06252658443215653;0,018290089323692044;0,008507018290089324;0,0004253509145044662;0,0017014036580178648;0,0012760527435133986;0,002126754572522331;0,10548702679710761;0,005954912803062527;0,0012760527435133986;0,0008507018290089324;0,002126754572522331;0,0012760527435133986;0,010633772862611655;0,33772862611654614;0,439812845597618
EC100452;MASCULINO;2579,0;2346,0;178,0;53,0;0,06901899961225282;0,02055060100814269;0,008918185343156262;0,0007754943776657619;0,0023264831329972858;0,00038774718883288094;0,0019387359441644049;0,13997673516867;0,0058162078324932144;0,0023264831329972858;0,0011632415664986429;0,0011632415664986429;0,0046529662659945716;0,0031019775106630476;0,30283055447848;0,4342768514928267
EC100453;MASCULINO;2335,0;2154,0;151,0;30,0;0,06466809421841542;0,01284796573875803;0,007708779443254818;0,0;0,0008565310492505353;0,001284796573875803;0,001284796573875803;0,16359743040685226;0,00556745182012848;0,0017130620985010706;0,0008565310492505353;0,001284796573875803;0,005139186295503212;0,006423982869379015;0,2809421841541756;0,4458244111349036
EC100454;MASCULINO;170,0;151,0;13,0;6,0;0,07647058823529412;0,03529411764705882;0,01764705882352941;0,0;0,0;0,0;0,0;0,27647058823529413;0,0058823529411764705;0,0;0,0058823529411764705;0,0;0,0058823529411764705;0,0;0,18823529411764706;0,38823529411764707
EC100455;MASCULINO;3281,0;2938,0;282,0;61,0;0,08594940566900336;0,018591892715635477;0,00853398354160317;0,001828710758914965;0,0033526363913441025;0,00030478512648582747;0,0012191405059433099;0,15391648887534287;0,005486132276744895;0,0006095702529716549;0,001828710758914965;0,001828710758914965;0,003962206644315757;0,005486132276744895;0,3465406888143859;0,36056080463273393
EC100456;MASCULINO;2914,0;2652,0;193,0;67,0;0,06623198352779684;0,02299245024021963;0,007206588881262869;0,0017158544955387784;0,002059025394646534;0,0013726835964310226;0,002745367192862045;0,13177762525737818;0,0061770761839396015;0,001029512697323267;0,0006863417982155113;0,0024021962937542897;0,004118050789293068;0,009608785175017159;0,3630748112560055;0,3761153054221002
EC100457;MASCULINO;3859,0;3488,0;304,0;64,0;0,07877688520342058;0,016584607411246437;0,01399326250323918;0,0005182689816014512;0,00233221041720653;0,0015548069448043534;0,0020730759264058047;0,2635397771443379;0,0028504793988079814;0,0007774034724021767;0,001813941435605079;0,0010365379632029023;0,005441824306815237;0,009847110650427572;0,2057527856957761;0,3923296190722985
EC100458;MASCULINO;1873,0;1702,0;131,0;37,0;0,06994127068873465;0,019754404698344902;0,006406833956219968;0,001601708489054992;0,002135611318739989;0,0005339028296849973;0,0010678056593699946;0,08809396689802455;0,008542445274959957;0,001601708489054992;0,0010678056593699946;0,0026695141484249867;0,001601708489054992;0,004805125467164976;0,3134009610250934;0,4751735184196476
EC100459;MASCULINO;749,0;654,0;62,0;33,0;0,08277703604806408;0,044058744993324434;0,006675567423230975;0,0013351134846461949;0,0013351134846461949;0,0053404539385847796;0,0013351134846461949;0,28304405874499333;0,009345794392523364;0,004005340453938585;0,0013351134846461949;0,0013351134846461949;0,0053404539385847796;0,00801068090787717;0,07209612817089453;0,472630173564753
EC100550;MASCULINO;4151,0;3733,0;325,0;88,0;0,07829438689472416;0,021199710913033003;0,01421344254396531;0,000481811611659841;0,0021681522524692846;0,000481811611659841;0,001927246446639364;0,2902914960250542;0,006022645145748013;0,001445434834979523;0,0021681522524692846;0,0007227174174897615;0,002890869669959046;0,006022645145748013;0,07829438689472416;0,4921705613105276
EC100551;MASCULINO;518,0;477,0;30,0;9,0;0,05791505791505792;0,017374517374517374;0,013513513513513514;0,0019305019305019305;0,0;0,0019305019305019305;0,005791505791505791;0,21042471042471042;0,013513513513513514;0,003861003861003861;0,0019305019305019305;0,0;0,007722007722007722;0,005791505791505791;0,07142857142857142;0,583011583011583
EC100552;MASCULINO;652,0;590,0;49,0;12,0;0,07515337423312883;0,018404907975460124;0,003067484662576687;0,0;0,0015337423312883436;0,0;0,0015337423312883436;0,13957055214723926;0,013803680981595092;0,003067484662576687;0,0015337423312883436;0,0;0,003067484662576687;0,004601226993865031;0,19478527607361965;0,5383435582822086
EC100553;MASCULINO;433,0;391,0;28,0;14,0;0,06466512702078522;0,03233256351039261;0,020785219399538105;0,0;0,0;0,0;0,004618937644341801;0,16628175519630484;0,006928406466512702;0,0;0,0;0,004618937644341801;0,013856812933025405;0,009237875288683603;0,07852193995381063;0,5981524249422633
EC100650;MASCULINO;2881,0;2602,0;210,0;64,0;0,07289135716765012;0,02221450885109337;0,02221450885109337;0,0013884068031933356;0,0017355085039916696;0,0;0,0027768136063866713;0,27872266574106214;0,00798333911836168;0,0013884068031933356;0,0027768136063866713;0,0010413051023950017;0,0031239153071850054;0,004859423811176675;0,05657757723012843;0,5185699409927108
EC100651;MASCULINO;852,0;728,0;99,0;24,0;0,11619718309859155;0,028169014084507043;0,023474178403755867;0,002347417840375587;0,005868544600938967;0,0035211267605633804;0,0011737089201877935;0,25234741784037557;0,009389671361502348;0,002347417840375587;0,004694835680751174;0,0011737089201877935;0,004694835680751174;0,005868544600938967;0,1443661971830986;0,3931924882629108
EC100652;MASCULINO;805,0;700,0;66,0;39,0;0,08198757763975155;0,0484472049689441;0,007453416149068323;0,0012422360248447205;0,006211180124223602;0,0;0,0037267080745341614;0,315527950310559;0,009937888198757764;0,002484472049689441;0,0012422360248447205;0,0;0,0037267080745341614;0,0037267080745341614;0,23354037267080746;0,28074534161490683
EC100653;MASCULINO;857,0;744,0;82,0;30,0;0,09568261376896149;0,03500583430571762;0,012835472578763127;0,0;0,0011668611435239206;0,0;0,003500583430571762;0,25204200700116686;0,010501750291715286;0,0011668611435239206;0,0011668611435239206;0,002333722287047841;0,004667444574095682;0,007001166861143524;0,059509918319719954;0,5122520420070011
EC100654;MASCULINO;1100,0;970,0;107,0;23,0;0,09727272727272727;0,02090909090909091;0,02090909090909091;0,0018181818181818182;0,005454545454545455;0,0;0,005454545454545455;0,2309090909090909;0,01090909090909091;0,0018181818181818182;0,0;0,0009090909090909091;0,0036363636363636364;0,01;0,07272727272727272;0,5172727272727272
EC100655;MASCULINO;635,0;581,0;40,0;13,0;0,06299212598425197;0,02047244094488189;0,014173228346456693;0,0;0,0031496062992125984;0,0;0,0015748031496062992;0,2551181102362205;0,004724409448818898;0,0015748031496062992;0,0015748031496062992;0,0;0,0031496062992125984;0,015748031496062992;0,05984251968503937;0,5543307086614173
EC110150;MASCULINO;11151,0;10518,0;508,0;119,0;0,04555645233611335;0,010671688637790333;0,05057842345977939;0,0008071025020177562;0,0021522733387140166;0,004483902788987535;0,0025109855618330196;0,612232086808358;0,005649717514124294;0,0012554927809165098;0,0021522733387140166;0,0008071025020177562;0,003945834454309031;0,017845933100170387;0,009774908079992825;0,22903775446148328
EC110151;MASCULINO;451,0;411,0;28,0;12,0;0,06208425720620843;0,026607538802660754;0,03991130820399113;0,0066518847006651885;0,004434589800443459;0,0;0,0;0,49889135254988914;0,0066518847006651885;0,0022172949002217295;0,0;0,004434589800443459;0,0;0,022172949002217297;0,0975609756097561;0,22838137472283815
EC110152;MASCULINO;830,0;731,0;79,0;20,0;0,09518072289156626;0,024096385542168676;0,03975903614457831;0,0024096385542168677;0,004819277108433735;0,0036144578313253013;0,0;0,5662650602409639;0,01325301204819277;0,0;0,0012048192771084338;0,004819277108433735;0,0036144578313253013;0,004819277108433735;0,08674698795180723;0,1493975903614458
EC110153;MASCULINO;498,0;461,0;21,0;15,0;0,04216867469879518;0,030120481927710843;0,024096385542168676;0,002008032128514056;0,0;0,0;0,0;0,4397590361445783;0,002008032128514056;0,0;0,0;0,002008032128514056;0,004016064257028112;0,006024096385542169;0,03815261044176707;0,40763052208835343
EC110154;MASCULINO;648,0;584,0;45,0;19,0;0,06944444444444445;0,029320987654320986;0,027777777777777776;0,0;0,0030864197530864196;0,0;0,0015432098765432098;0,3533950617283951;0,016975308641975308;0,0030864197530864196;0,0;0,0015432098765432098;0,004629629629629629;0,010802469135802469;0,09876543209876543;0,37962962962962965
EC110155;MASCULINO;480,0;447,0;25,0;8,0;0,052083333333333336;0,016666666666666666;0,03125;0,0;0,0;0,0020833333333333333;0,0;0,6666666666666666;0,004166666666666667;0,0;0,0;0,0020833333333333333;0,00625;0,0020833333333333333;0,05;0,16666666666666666
EC110156;MASCULINO;2770,0;2453,0;210,0;109,0;0,07581227436823104;0,03935018050541516;0,03790613718411552;0,0010830324909747292;0,003249097472924188;0,002527075812274368;0,0021660649819494585;0,5252707581227437;0,008664259927797834;0,001444043321299639;0,002527075812274368;0,003249097472924188;0,005054151624548736;0,007942238267148015;0,022021660649819495;0,2624548736462094
EC110157;MASCULINO;1395,0;1267,0;95,0;34,0;0,06810035842293907;0,024372759856630826;0,016487455197132617;0,0035842293906810036;0,002867383512544803;0,0;0,0014336917562724014;0,25734767025089605;0,002867383512544803;0,0014336917562724014;0,0007168458781362007;0,0035842293906810036;0,0035842293906810036;0,005017921146953405;0,4931899641577061;0,11612903225806452
EC110158;MASCULINO;451,0;407,0;36,0;8,0;0,07982261640798226;0,017738359201773836;0,026607538802660754;0,0;0,0022172949002217295;0,008869179600886918;0,0022172949002217295;0,5587583148558758;0,011086474501108648;0,0;0,0022172949002217295;0,0;0,0;0,008869179600886918;0,03547671840354767;0,24611973392461198
EC110159;MASCULINO;471,0;428,0;28,0;15,0;0,059447983014861996;0,03184713375796178;0,01910828025477707;0,0;0,0021231422505307855;0,0;0,0;0,5116772823779193;0,006369426751592357;0,006369426751592357;0,0;0,004246284501061571;0,0021231422505307855;0,006369426751592357;0,06369426751592357;0,28662420382165604
EC110160;MASCULINO;1003,0;901,0;70,0;31,0;0,06979062811565304;0,03090727816550349;0,02991026919242273;0,0;0,005982053838484547;0,0009970089730807576;0,0009970089730807576;0,42971086739780656;0,006979062811565304;0,0009970089730807576;0,0009970089730807576;0,003988035892323031;0,006979062811565304;0,003988035892323031;0,05682951146560319;0,34995014955134596
EC110161;MASCULINO;1785,0;1634,0;100,0;49,0;0,056022408963585436;0,027450980392156862;0,028011204481792718;0,0005602240896358543;0,0;0,0011204481792717086;0,0028011204481792717;0,4969187675070028;0,00392156862745098;0,0005602240896358543;0,0028011204481792717;0,0005602240896358543;0,0056022408963585435;0,0067226890756302525;0,02689075630252101;0,3389355742296919
EC110162;MASCULINO;488,0;470,0;12,0;6,0;0,02459016393442623;0,012295081967213115;0,02663934426229508;0,0;0,0;0,0020491803278688526;0,0020491803278688526;0,6536885245901639;0,004098360655737705;0,0;0,0;0,0;0,006147540983606557;0,0020491803278688526;0,012295081967213115;0,2540983606557377
EC110163;MASCULINO;525,0;494,0;11,0;18,0;0,02095238095238095;0,03428571428571429;0,02095238095238095;0,0;0,0019047619047619048;0,0;0,0019047619047619048;0,5561904761904762;0,0;0,0019047619047619048;0,0038095238095238095;0,0038095238095238095;0,0;0,0038095238095238095;0,011428571428571429;0,3352380952380952
EC110250;MASCULINO;5081,0;4769,0;220,0;86,0;0,04329856327494588;0,016925802007478844;0,037394213737453254;0,000590434953749262;0,002361739814997048;0,001574493209998032;0,0017713048612477858;0,5477268254280654;0,007282031096240898;0,0013776815587482779;0,002164928163747294;0,001574493209998032;0,005313914583743358;0,012202322377484746;0,03896870694745129;0,2782916748671521
EC110251;MASCULINO;572,0;503,0;45,0;23,0;0,07867132867132867;0,04020979020979021;0,022727272727272728;0,006993006993006993;0,0017482517482517483;0,0034965034965034965;0,0034965034965034965;0,256993006993007;0,015734265734265736;0,005244755244755245;0,0017482517482517483;0,005244755244755245;0,008741258741258742;0,01048951048951049;0,16258741258741258;0,3741258741258741
EC110252;MASCULINO;738,0;682,0;28,0;28,0;0,037940379403794036;0,037940379403794036;0,03116531165311653;0,0027100271002710027;0,0027100271002710027;0,0013550135501355014;0,0040650406504065045;0,2940379403794038;0,01084010840108401;0,0027100271002710027;0,0013550135501355014;0,0027100271002710027;0,0;0,008130081300813009;0,024390243902439025;0,537940379403794
EC110253;MASCULINO;280,0;234,0;18,0;28,0;0,06428571428571428;0,1;0,04285714285714286;0,0035714285714285713;0,0035714285714285713;0,0;0,0;0,3821428571428571;0,007142857142857143;0,0035714285714285713;0,007142857142857143;0,014285714285714285;0,017857142857142856;0,010714285714285714;0,02857142857142857;0,3142857142857143
EC110254;MASCULINO;345,0;302,0;21,0;21,0;0,06086956521739131;0,06086956521739131;0,014492753623188406;0,0;0,005797101449275362;0,002898550724637681;0,008695652173913044;0,2608695652173913;0,02318840579710145;0,002898550724637681;0,0;0,002898550724637681;0,005797101449275362;0,014492753623188406;0,05507246376811594;0,4782608695652174
EC110350;MASCULINO;8238,0;7693,0;389,0;148,0;0,047220199077445985;0,017965525613012866;0,02974022821073076;0,0014566642388929353;0,0019422189851905803;0,0014566642388929353;0,0019422189851905803;0,48956057295460065;0,006797766448167031;0,001335275552318524;0,0029133284777858705;0,0015780529254673463;0,004491381403253216;0,011653313911143482;0,016630250060694345;0,3623452294246176
EC110351;MASCULINO;1048,0;958,0;60,0;30,0;0,05725190839694656;0,02862595419847328;0,03625954198473282;0,0019083969465648854;0,003816793893129771;0,003816793893129771;0,0057251908396946565;0,45896946564885494;0,006679389312977099;0,003816793893129771;0,0009541984732824427;0,0009541984732824427;0,004770992366412214;0,01049618320610687;0,019083969465648856;0,3568702290076336
EC110352;MASCULINO;173,0;160,0;7,0;6,0;0,04046242774566474;0,03468208092485549;0,023121387283236993;0,0;0,0;0,0;0,005780346820809248;0,4393063583815029;0,017341040462427744;0,0;0,0;0,0;0,0;0,011560693641618497;0,03468208092485549;0,3930635838150289
EC110353;MASCULINO;625,0;576,0;38,0;10,0;0,0608;0,016;0,0272;0,0016;0,0016;0,0016;0,0032;0,5296;0,0032;0,0;0,0048;0,0032;0,0032;0,0032;0,008;0,3312
EC110354;MASCULINO;172,0;160,0;8,0;4,0;0,046511627906976744;0,023255813953488372;0,06395348837209303;0,0;0,0;0,005813953488372093;0,0;0,4883720930232558;0,0;0,0;0,0;0,0;0,0;0,005813953488372093;0,023255813953488372;0,3430232558139535
EC110450;MASCULINO;2343,0;2171,0;98,0;73,0;0,04182671788305591;0,031156636790439608;0,050789586000853607;0,0017072129748186087;0,002987622705932565;0,0017072129748186087;0,0034144259496372174;0,49893299189073836;0,002987622705932565;0,005548442168160478;0,0017072129748186087;0,002560819462227913;0,0017072129748186087;0,0038412291933418692;0,009389671361502348;0,3393085787451985
EC110451;MASCULINO;444,0;420,0;9,0;15,0;0,02027027027027027;0,033783783783783786;0,03153153153153153;0,0;0,0045045045045045045;0,0022522522522522522;0,0;0,3333333333333333;0,0022522522522522522;0,0;0,0022522522522522522;0,0045045045045045045;0,0045045045045045045;0,0;0,013513513513513514;0,5472972972972973
EC110455;MASCULINO;913,0;828,0;51,0;33,0;0,05585980284775466;0,03614457831325301;0,038335158817086525;0,002190580503833516;0,001095290251916758;0,0;0,001095290251916758;0,2858707557502738;0,0065717415115005475;0,0032858707557502738;0,0032858707557502738;0,0;0,004381161007667032;0,002190580503833516;0,008762322015334063;0,5498357064622125
EC110456;MASCULINO;865,0;808,0;30,0;28,0;0,03468208092485549;0,03236994219653179;0,027745664739884393;0,0011560693641618498;0,0011560693641618498;0,0011560693641618498;0,0;0,35491329479768785;0,005780346820809248;0,0;0,0;0,005780346820809248;0,0023121387283236996;0,0023121387283236996;0,004624277456647399;0,5271676300578034
EC110457;MASCULINO;227,0;217,0;7,0;4,0;0,030837004405286344;0,01762114537444934;0,03524229074889868;0,004405286343612335;0,0;0,0;0,0;0,33480176211453744;0,004405286343612335;0,0;0,0;0,00881057268722467;0,0;0,0;0,013215859030837005;0,5550660792951542
EC110550;MASCULINO;1577,0;1447,0;79,0;50,0;0,05009511731135067;0,03170577045022194;0,024730500951173115;0,0012682308180088776;0,0031705770450221942;0,0019023462270133164;0,0012682308180088776;0,476854787571338;0,008877615726062143;0,0031705770450221942;0,0006341154090044388;0,0019023462270133164;0,007609384908053266;0,0050729232720355105;0,017755231452124286;0,3633481293595434
EC110551;MASCULINO;485,0;451,0;25,0;9,0;0,05154639175257732;0,018556701030927835;0,030927835051546393;0,0;0,0;0,002061855670103093;0,006185567010309278;0,37731958762886597;0,008247422680412371;0,002061855670103093;0,002061855670103093;0,0;0,004123711340206186;0,002061855670103093;0,002061855670103093;0,4927835051546392
EC110552;MASCULINO;230,0;211,0;9,0;10,0;0,0391304347826087;0,043478260869565216;0,017391304347826087;0,0;0,008695652173913044;0,004347826086956522;0,004347826086956522;0,47391304347826085;0,013043478260869565;0,0;0,0;0,0;0,004347826086956522;0,021739130434782608;0,017391304347826087;0,3521739130434783
EC110553;MASCULINO;437,0;408,0;24,0;5,0;0,05491990846681922;0,011441647597254004;0,041189931350114416;0,002288329519450801;0,0;0,002288329519450801;0,0;0,2745995423340961;0,002288329519450801;0,0;0,0;0,002288329519450801;0,009153318077803204;0,004576659038901602;0,029748283752860413;0,5652173913043478
EC110554;MASCULINO;230,0;208,0;12,0;10,0;0,05217391304347826;0,043478260869565216;0,06086956521739131;0,004347826086956522;0,0;0,0;0,004347826086956522;0,43478260869565216;0,013043478260869565;0,004347826086956522;0,0;0,008695652173913044;0,0;0,0;0,008695652173913044;0,3652173913043478
EC110650;MASCULINO;1683,0;1543,0;95,0;44,0;0,056446821152703504;0,026143790849673203;0,036244800950683304;0,0011883541295306002;0,0017825311942959;0,0;0,0005941770647653001;0,3137254901960784;0,008318478906714201;0,0011883541295306002;0,0005941770647653001;0,0017825311942959;0,0035650623885918;0,006535947712418301;0,0255496137849079;0,5157456922162804
EC110651;MASCULINO;685,0;637,0;29,0;19,0;0,042335766423357665;0,027737226277372264;0,020437956204379562;0,0;0,00291970802919708;0,00291970802919708;0,0;0,2569343065693431;0,00145985401459854;0,00583941605839416;0,0;0,004379562043795621;0,00583941605839416;0,004379562043795621;0,020437956204379562;0,6043795620437956
EC110652;MASCULINO;652,0;595,0;33,0;24,0;0,05061349693251534;0,03680981595092025;0,03834355828220859;0,003067484662576687;0,007668711656441718;0,003067484662576687;0,009202453987730062;0,348159509202454;0,010736196319018405;0,003067484662576687;0,003067484662576687;0,004601226993865031;0,003067484662576687;0,012269938650306749;0,04294478527607362;0,4233128834355828
EC110653;MASCULINO;587,0;539,0;28,0;19,0;0,04770017035775128;0,03236797274275979;0,018739352640545145;0,0;0,0034071550255536627;0,0;0,0017035775127768314;0,18057921635434412;0,0068143100511073255;0,0017035775127768314;0,0034071550255536627;0,005110732538330494;0,005110732538330494;0,0017035775127768314;0,030664395229982964;0,6592844974446337
EC110654;MASCULINO;590,0;513,0;31,0;47,0;0,05254237288135593;0,07966101694915254;0,01864406779661017;0,0;0,005084745762711864;0,001694915254237288;0,0;0,423728813559322;0,010169491525423728;0,00847457627118644;0,0;0,006779661016949152;0,0;0,003389830508474576;0,022033898305084745;0,3694915254237288
EC110655;MASCULINO;579,0;536,0;23,0;19,0;0,039723661485319514;0,03281519861830743;0,015544041450777202;0,0;0,0017271157167530224;0,0;0,0;0,22625215889464595;0,008635578583765112;0,0;0,0017271157167530224;0,0017271157167530224;0,0034542314335060447;0,0051813471502590676;0,013816925734024179;0,6476683937823834
EC110656;MASCULINO;325,0;293,0;17,0;15,0;0,052307692307692305;0,046153846153846156;0,012307692307692308;0,006153846153846154;0,003076923076923077;0,0;0,003076923076923077;0,28615384615384615;0,015384615384615385;0,006153846153846154;0,0;0,0;0,003076923076923077;0,006153846153846154;0,003076923076923077;0,556923076923077
EC110750;MASCULINO;1297,0;1218,0;49,0;29,0;0,03777949113338473;0,02235929067077872;0,05397070161912105;0,0007710100231303007;0,0015420200462606013;0,006168080185042405;0,0;0,5705474171164225;0,006168080185042405;0,0030840400925212026;0,0007710100231303007;0,0;0,004626060138781804;0,01156515034695451;0,016962220508866616;0,2629144178874325
EC110751;MASCULINO;803,0;732,0;48,0;21,0;0,05977584059775841;0,026151930261519303;0,053549190535491904;0,0012453300124533001;0,0037359900373599006;0,0012453300124533001;0,0024906600249066002;0,40722291407222916;0,0112079701120797;0,0012453300124533001;0,0024906600249066002;0,0;0,0049813200498132005;0,0136986301369863;0,0273972602739726;0,38107098381070986
EC110753;MASCULINO;1307,0;1181,0;97,0;30,0;0,07421576128538639;0,022953328232593728;0,03749043611323642;0,001530221882172915;0,0022953328232593728;0,001530221882172915;0,0007651109410864575;0,40627390971690897;0,010711553175210406;0,006885998469778117;0,0045906656465187455;0,001530221882172915;0,00612088752869166;0,009946442234123947;0,02754399387911247;0,3863810252486611
EC110754;MASCULINO;383,0;348,0;20,0;15,0;0,05221932114882506;0,0391644908616188;0,028720626631853787;0,0;0,0026109660574412533;0,0;0,0;0,5848563968668408;0,0026109660574412533;0,0026109660574412533;0,0026109660574412533;0,0026109660574412533;0,0026109660574412533;0,010443864229765013;0,031331592689295036;0,23759791122715404
EC110756;MASCULINO;616,0;560,0;37,0;19,0;0,060064935064935064;0,030844155844155844;0,030844155844155844;0,0016233766233766235;0,0016233766233766235;0,00487012987012987;0,006493506493506494;0,474025974025974;0,01461038961038961;0,0016233766233766235;0,0016233766233766235;0,0016233766233766235;0,01461038961038961;0,011363636363636364;0,022727272727272728;0,32142857142857145
EC110850;MASCULINO;4498,0;4228,0;192,0;75,0;0,0426856380613606;0,016674077367718986;0,018008003557136505;0,0015562472209871053;0,0020008892841262785;0,0017785682525566918;0,005558025789239662;0,5297910182303246;0,008003557136505114;0,0008892841262783459;0,0006669630947087594;0,0013339261894175188;0,004446420631391729;0,006447309915518008;0,008003557136505114;0,35148955091151624
EC110851;MASCULINO;299,0;276,0;14,0;9,0;0,046822742474916385;0,030100334448160536;0,04013377926421405;0,0;0,0;0,0;0,006688963210702341;0,3879598662207358;0,006688963210702341;0,0;0,0;0,0033444816053511705;0,0;0,006688963210702341;0,033444816053511704;0,43812709030100333
EC110852;MASCULINO;361,0;332,0;16,0;13,0;0,0443213296398892;0,036011080332409975;0,0110803324099723;0,002770083102493075;0,0;0,002770083102493075;0,00554016620498615;0,6232686980609419;0,0110803324099723;0,008310249307479225;0,0;0,00554016620498615;0,002770083102493075;0,002770083102493075;0,019390581717451522;0,22437673130193905
EC110853;MASCULINO;218,0;198,0;10,0;10,0;0,045871559633027525;0,045871559633027525;0,022935779816513763;0,0;0,0;0,0;0,0045871559633027525;0,45871559633027525;0,0045871559633027525;0,0045871559633027525;0,009174311926605505;0,0;0,0;0,0;0,0;0,4036697247706422
EC110950;MASCULINO;4471,0;4121,0;224,0;124,0;0,0501006486244688;0,02773428763140237;0,0462983672556475;0,0013419816595839856;0,002460299709237307;0,0035786177588906284;0,0038022813688212928;0,4815477521807202;0,009617535227018564;0,0017893088794453142;0,002236636099306643;0,004025944978751957;0,0035786177588906284;0,009617535227018564;0,01766942518452248;0,33415343323641244
EC110951;MASCULINO;357,0;318,0;26,0;13,0;0,07282913165266107;0,036414565826330535;0,036414565826330535;0,0;0,0;0,0;0,0;0,41456582633053224;0,0056022408963585435;0,0;0,0;0,0028011204481792717;0,0;0,0056022408963585435;0,025210084033613446;0,4005602240896359
EC110952;MASCULINO;588,0;527,0;34,0;27,0;0,05782312925170068;0,04591836734693878;0,04591836734693878;0,0017006802721088435;0,006802721088435374;0,003401360544217687;0,00510204081632653;0,34183673469387754;0,011904761904761904;0,003401360544217687;0,0;0,00510204081632653;0,006802721088435374;0,008503401360544218;0,02040816326530612;0,43537414965986393
EC110954;MASCULINO;594,0;549,0;30,0;15,0;0,050505050505050504;0,025252525252525252;0,05555555555555555;0,005050505050505051;0,003367003367003367;0,0016835016835016834;0,0;0,32323232323232326;0,011784511784511785;0,005050505050505051;0,003367003367003367;0,005050505050505051;0,003367003367003367;0,008417508417508417;0,021885521885521887;0,4764309764309764
EC110956;MASCULINO;599,0;552,0;26,0;21,0;0,04340567612687813;0,035058430717863104;0,021702838063439065;0,0;0,005008347245409015;0,0;0,001669449081803005;0,2921535893155259;0,0;0,001669449081803005;0,0;0,00333889816360601;0,008347245409015025;0,005008347245409015;0,02003338898163606;0,5626043405676127
EC110957;MASCULINO;264,0;248,0;11,0;5,0;0,041666666666666664;0,01893939393939394;0,03787878787878788;0,0;0,007575757575757576;0,0;0,0;0,42424242424242425;0,0;0,007575757575757576;0,0;0,0;0,0;0,003787878787878788;0,022727272727272728;0,4356060606060606
EC110958;MASCULINO;408,0;357,0;32,0;18,0;0,0784313725490196;0,04411764705882353;0,0196078431372549;0,0;0,0024509803921568627;0,0024509803921568627;0,0024509803921568627;0,35784313725490197;0,012254901960784314;0,0;0,0;0,007352941176470588;0,0024509803921568627;0,007352941176470588;0,007352941176470588;0,4534313725490196
EC110959;MASCULINO;387,0;337,0;39,0;13,0;0,10077519379844961;0,03359173126614987;0,028423772609819122;0,0;0,0;0,0;0,00516795865633075;0,3695090439276486;0,015503875968992248;0,002583979328165375;0,002583979328165375;0,0103359173126615;0,002583979328165375;0,0;0,023255813953488372;0,4108527131782946
EC111050;MASCULINO;3419,0;3158,0;156,0;105,0;0,045627376425855515;0,030710734132787364;0,024861070488446914;0,0002924831822170225;0,0026323486399532025;0,0017548990933021352;0,0014624159110851126;0,35507458321146534;0,006727113190991518;0,0008774495466510676;0,00116993272886809;0,0014624159110851126;0,0017548990933021352;0,009066978648727698;0,009651945013161743;0,5068733547821
EC111051;MASCULINO;450,0;397,0;24,0;27,0;0,05333333333333334;0,06;0,024444444444444446;0,0022222222222222222;0,0;0,0;0,006666666666666667;0,27555555555555555;0,011111111111111112;0,0044444444444444444;0,0;0,0;0,0044444444444444444;0,0022222222222222222;0,02;0,5311111111111111
EC111052;MASCULINO;317,0;280,0;19,0;18,0;0,05993690851735016;0,056782334384858045;0,012618296529968454;0,0;0,00946372239747634;0,0;0,0;0,3470031545741325;0,006309148264984227;0,0;0,0;0,0031545741324921135;0,0031545741324921135;0,006309148264984227;0,015772870662460567;0,4794952681388013
EC111053;MASCULINO;852,0;779,0;40,0;32,0;0,046948356807511735;0,03755868544600939;0,012910798122065728;0,0;0,0011737089201877935;0,0;0,002347417840375587;0,1619718309859155;0,015258215962441314;0,0;0,0011737089201877935;0,0011737089201877935;0,002347417840375587;0,002347417840375587;0,011737089201877934;0,7018779342723005
EC111054;MASCULINO;484,0;452,0;16,0;16,0;0,03305785123966942;0,03305785123966942;0,026859504132231406;0,0;0,0;0,002066115702479339;0,002066115702479339;0,4256198347107438;0,006198347107438017;0,006198347107438017;0,0;0,0;0,004132231404958678;0,004132231404958678;0,010330578512396695;0,4462809917355372
EC111055;MASCULINO;427,0;356,0;56,0;15,0;0,13114754098360656;0,0351288056206089;0,01639344262295082;0,0;0,00234192037470726;0,0;0,0;0,3629976580796253;0,0117096018735363;0,00234192037470726;0,0;0,0;0,00234192037470726;0,00936768149882904;0,00936768149882904;0,4168618266978923
EC111150;MASCULINO;3098,0;2866,0;170,0;61,0;0,05487411233053583;0,019690122659780502;0,019367333763718526;0,0009683666881859264;0,002905100064557779;0,0006455777921239509;0,0009683666881859264;0,34409296320206584;0,0025823111684958036;0,0009683666881859264;0,0012911555842479018;0,0012911555842479018;0,0022595222724338285;0,011943189154293092;0,33214977404777274;0,20367979341510653
EC111151;MASCULINO;803,0;671,0;90,0;40,0;0,11207970112079702;0,049813200498132;0,009962640099626401;0,0;0,007471980074719801;0,0;0,0049813200498132005;0,21544209215442092;0,0161892901618929;0,0062266500622665;0,0012453300124533001;0,0037359900373599006;0,0037359900373599006;0,0112079701120797;0,2602739726027397;0,29514321295143214
EC111152;MASCULINO;274,0;239,0;29,0;6,0;0,10583941605839416;0,021897810218978103;0,025547445255474453;0,0;0,0;0,0036496350364963502;0,0072992700729927005;0,3978102189781022;0,0072992700729927005;0,0036496350364963502;0,0036496350364963502;0,0;0,01824817518248175;0,0072992700729927005;0,0948905109489051;0,3029197080291971
EC111153;MASCULINO;464,0;401,0;40,0;23,0;0,08620689655172414;0,04956896551724138;0,008620689655172414;0,0;0,004310344827586207;0,0;0,004310344827586207;0,29094827586206895;0,010775862068965518;0,0021551724137931034;0,0021551724137931034;0,0021551724137931034;0,008620689655172414;0,010775862068965518;0,13577586206896552;0,38362068965517243
EC111154;MASCULINO;875,0;793,0;54,0;27,0;0,061714285714285715;0,030857142857142857;0,021714285714285714;0,001142857142857143;0,001142857142857143;0,002285714285714286;0,004571428571428572;0,42857142857142855;0,010285714285714285;0,001142857142857143;0,0;0,002285714285714286;0,005714285714285714;0,006857142857142857;0,05028571428571429;0,3702857142857143
EC111155;MASCULINO;371,0;336,0;26,0;9,0;0,07008086253369272;0,02425876010781671;0,03504043126684636;0,0026954177897574125;0,005390835579514825;0,0;0,0026954177897574125;0,4420485175202156;0,008086253369272238;0,0;0,0;0,005390835579514825;0,0;0,01078167115902965;0,0673854447439353;0,3261455525606469
EC111156;MASCULINO;936,0;842,0;71,0;23,0;0,07585470085470085;0,024572649572649572;0,019230769230769232;0,002136752136752137;0,0010683760683760685;0,0010683760683760685;0,0010683760683760685;0,30448717948717946;0,003205128205128205;0,003205128205128205;0,0;0,002136752136752137;0,003205128205128205;0,007478632478632479;0,36217948717948717;0,1891025641025641
EC111157;MASCULINO;332,0;302,0;26,0;4,0;0,0783132530120482;0,012048192771084338;0,018072289156626505;0,0;0,0030120481927710845;0,0;0,009036144578313253;0,3373493975903614;0,0030120481927710845;0,006024096385542169;0,0;0,0;0,0;0,0030120481927710845;0,04819277108433735;0,4819277108433735
EC111158;MASCULINO;577,0;510,0;43,0;23,0;0,07452339688041594;0,03986135181975736;0,01386481802426343;0,0034662045060658577;0,0017331022530329288;0,0017331022530329288;0,0017331022530329288;0,35008665511265163;0,01733102253032929;0,0017331022530329288;0,0017331022530329288;0,0017331022530329288;0,0034662045060658577;0,006932409012131715;0,15771230502599654;0,32062391681109187
EC111159;MASCULINO;1188,0;1032,0;96,0;60,0;0,08080808080808081;0,050505050505050504;0,01936026936026936;0,0008417508417508417;0,0016835016835016834;0,0008417508417508417;0,0;0,2937710437710438;0,007575757575757576;0,0008417508417508417;0,0008417508417508417;0,0025252525252525255;0,003367003367003367;0,006734006734006734;0,14057239057239057;0,3897306397306397
EC111160;MASCULINO;351,0;314,0;27,0;10,0;0,07692307692307693;0,02849002849002849;0,014245014245014245;0,002849002849002849;0,008547008547008548;0,0;0,008547008547008548;0,3162393162393162;0,008547008547008548;0,002849002849002849;0,002849002849002849;0,0;0,005698005698005698;0,008547008547008548;0,06837606837606838;0,4472934472934473
EC111250;MASCULINO;1060,0;990,0;39,0;30,0;0,03679245283018868;0,02830188679245283;0,038679245283018866;0,0037735849056603774;0,002830188679245283;0,0037735849056603774;0,002830188679245283;0,44056603773584907;0,008490566037735849;0,007547169811320755;0,005660377358490566;0,0037735849056603774;0,0018867924528301887;0,011320754716981131;0,03018867924528302;0,37264150943396224
EC111251;MASCULINO;331,0;298,0;16,0;16,0;0,04833836858006042;0,04833836858006042;0,021148036253776436;0,0;0,006042296072507553;0,0030211480362537764;0,0030211480362537764;0,48338368580060426;0,015105740181268883;0,0;0,00906344410876133;0,0;0,0;0,012084592145015106;0,01812688821752266;0,3293051359516616
EC111252;MASCULINO;667,0;601,0;46,0;20,0;0,06896551724137931;0,029985007496251874;0,026986506746626688;0,0;0,004497751124437781;0,0029985007496251873;0,0029985007496251873;0,5037481259370314;0,004497751124437781;0,0014992503748125937;0,0029985007496251873;0,004497751124437781;0,005997001499250375;0,005997001499250375;0,017991004497751123;0,31634182908545727
EC111350;MASCULINO;1897,0;1774,0;54,0;67,0;0,028465998945703744;0,035318924617817604;0,02161307327358988;0,0005271481286241434;0,0005271481286241434;0,0010542962572482868;0,0031628887717448603;0,4702161307327359;0,008961518186610437;0,0031628887717448603;0,0010542962572482868;0,0021085925144965737;0,0036900369003690036;0,004217185028993147;0,008434370057986295;0,40643120716921455
EC111351;MASCULINO;310,0;297,0;8,0;5,0;0,025806451612903226;0,016129032258064516;0,012903225806451613;0,0;0,0;0,0;0,0;0,24516129032258063;0,0;0,0;0,0;0,0;0,0032258064516129032;0,0032258064516129032;0,0;0,6935483870967742
EC111352;MASCULINO;555,0;517,0;20,0;17,0;0,036036036036036036;0,03063063063063063;0,016216216216216217;0,005405405405405406;0,0018018018018018018;0,0018018018018018018;0,0;0,3279279279279279;0,009009009009009009;0,0018018018018018018;0,0018018018018018018;0,0;0,0018018018018018018;0,0036036036036036037;0,012612612612612612;0,5477477477477477
EC111353;MASCULINO;502,0;456,0;18,0;28,0;0,035856573705179286;0,055776892430278883;0,021912350597609563;0,0;0,00398406374501992;0,00199203187250996;0,00199203187250996;0,46215139442231074;0,013944223107569721;0,00199203187250996;0,00398406374501992;0,00597609561752988;0,00597609561752988;0,0;0,01593625498007968;0,36852589641434264
EC111354;MASCULINO;1045,0;936,0;37,0;72,0;0,0354066985645933;0,06889952153110047;0,031578947368421054;0,0;0,0009569377990430622;0,0;0,0019138755980861245;0,3138755980861244;0,007655502392344498;0,0019138755980861245;0,0;0,0009569377990430622;0,0;0,003827751196172249;0,003827751196172249;0,5291866028708134
EC111355;MASCULINO;331,0;291,0;19,0;21,0;0,05740181268882175;0,0634441087613293;0,0030211480362537764;0,0;0,006042296072507553;0,0;0,0030211480362537764;0,2537764350453172;0,0030211480362537764;0,0030211480362537764;0,0;0,0;0,0030211480362537764;0,0030211480362537764;0,015105740181268883;0,5861027190332326
EC111356;MASCULINO;193,0;178,0;5,0;10,0;0,025906735751295335;0,05181347150259067;0,0;0,0051813471502590676;0,0;0,0;0,010362694300518135;0,35233160621761656;0,0;0,0;0,0051813471502590676;0,0;0,0051813471502590676;0,0;0,010362694300518135;0,533678756476684
EC111450;MASCULINO;1789,0;1692,0;58,0;36,0;0,03242034656232532;0,020122973728339856;0,013415315818893237;0,0;0,0011179429849077697;0,0016769144773616546;0,0;0,37171604248183343;0,006148686416992733;0,0011179429849077697;0,0016769144773616546;0,0;0,002794857462269424;0,004471771939631079;0,005030743432084964;0,5366126327557295
EC111451;MASCULINO;467,0;415,0;30,0;22,0;0,06423982869379015;0,047109207708779445;0,02569593147751606;0,0021413276231263384;0,004282655246252677;0,0;0,0;0,35974304068522484;0,01284796573875803;0,0021413276231263384;0,0;0,0021413276231263384;0,0021413276231263384;0,0;0,008565310492505354;0,4689507494646681
EC111452;MASCULINO;656,0;588,0;26,0;42,0;0,039634146341463415;0,06402439024390244;0,018292682926829267;0,0;0,001524390243902439;0,001524390243902439;0,0;0,25;0,007621951219512195;0,004573170731707317;0,004573170731707317;0,0;0,003048780487804878;0,001524390243902439;0,009146341463414634;0,5945121951219512
EC111453;MASCULINO;754,0;705,0;21,0;28,0;0,027851458885941646;0,03713527851458886;0,014588859416445624;0,0;0,0;0,0;0,001326259946949602;0,23607427055702918;0,005305039787798408;0,001326259946949602;0,001326259946949602;0,001326259946949602;0,0;0,002652519893899204;0,006631299734748011;0,6644562334217506
EC111550;MASCULINO;1067,0;977,0;49,0;41,0;0,04592314901593252;0,038425492033739454;0,053420805998125584;0,0009372071227741331;0,0037488284910965324;0,0;0,0037488284910965324;0,5267104029990628;0,004686035613870665;0,005623242736644799;0,0;0,0037488284910965324;0,0018744142455482662;0,008434864104967198;0,010309278350515464;0,2924086223055295
EC111551;MASCULINO;170,0;167,0;3,0;0,0;0,01764705882352941;0,0;0,03529411764705882;0,0;0,0;0,0;0,0;0,7058823529411765;0,01764705882352941;0,0;0,0058823529411764705;0,0;0,0;0,0058823529411764705;0,011764705882352941;0,2
EC111552;MASCULINO;374,0;345,0;16,0;13,0;0,0427807486631016;0,034759358288770054;0,058823529411764705;0,0;0,0053475935828877;0,00267379679144385;0,00267379679144385;0,4144385026737968;0,008021390374331552;0,0;0,0;0,0;0,0053475935828877;0,0053475935828877;0,016042780748663103;0,4037433155080214
EC111650;MASCULINO;1592,0;1466,0;79,0;45,0;0,04962311557788945;0,028266331658291458;0,03077889447236181;0,001256281407035176;0,0037688442211055275;0,001256281407035176;0,005025125628140704;0,5094221105527639;0,011306532663316583;0,001256281407035176;0,001256281407035176;0,005025125628140704;0,005025125628140704;0,011306532663316583;0,029522613065326633;0,3046482412060301
EC111651;MASCULINO;287,0;258,0;22,0;7,0;0,07665505226480836;0,024390243902439025;0,059233449477351915;0,010452961672473868;0,0;0,003484320557491289;0,0;0,4738675958188153;0,010452961672473868;0,0;0,0;0,0;0,006968641114982578;0,006968641114982578;0,006968641114982578;0,3205574912891986
EC120150;MASCULINO;24447,0;21882,0;1906,0;647,0;0,07796457643064589;0,026465414979343068;0,015257495807256514;0,0008180962899333251;0,002127050353826645;0,001104429991409989;0,001104429991409989;0,4597292101280321;0,016852783572626498;0,001595287765369984;0,002413384055303309;0,0008590011044299914;0,0031087659017466356;0,006749294391949933;0,0071174377224199285;0,37624248374033625
EC120152;MASCULINO;2274,0;1799,0;220,0;247,0;0,09674582233948989;0,10861917326297274;0,004837291116974494;0,0008795074758135445;0,0021987686895338612;0,00043975373790677223;0,002638522427440633;0,20360598065083554;0,027264731750219876;0,0030782761653474055;0,001759014951627089;0,001759014951627089;0,0030782761653474055;0,003518029903254178;0,003518029903254178;0,5325417766051012
EC120153;MASCULINO;6439,0;5385,0;685,0;366,0;0,10638297872340426;0,05684112439819848;0,0133561111973909;0,0010871253300201895;0,002174250660040379;0,0026401615157633173;0,002329554278614692;0,26028886473054824;0,023761453641869854;0,0015530361857431277;0,0017083398043174407;0,0012424289485945023;0,003727286845783507;0,003727286845783507;0,010250038825904643;0,5084640472123001
EC120154;MASCULINO;6047,0;5008,0;560,0;474,0;0,09260790474615511;0,0783859765172813;0,008103191665288573;0,002149826360178601;0,002149826360178601;0,001157598809326939;0,000826856292376385;0,1640482884074748;0,022655862411112948;0,0029766826525549858;0,002645940135604432;0,00165371258475277;0,003968910203406648;0,00496113775425831;0,004795766495783033;0,6060856623118902
EC120155;MASCULINO;4800,0;4206,0;371,0;222,0;0,07729166666666666;0,04625;0,006666666666666667;0,0010416666666666667;0,0010416666666666667;0,001875;0,00125;0,378125;0,017916666666666668;0,002916666666666667;0,0016666666666666668;0,0008333333333333334;0,002916666666666667;0,0035416666666666665;0,004375;0,45208333333333334
EC120250;MASCULINO;9994,0;8210,0;1001,0;778,0;0,10016009605763458;0,07784670802481489;0,009705823494096457;0,0007004202521512907;0,0021012607564538724;0,0011006603962377428;0,0017010206123674204;0,18891334800880527;0,017610566339803884;0,003101861116670002;0,002301380828497098;0,0020012007204322593;0,0043025815489293575;0,005303181909145487;0,004802881729037423;0,5778467080248149
EC120251;MASCULINO;3097,0;2463,0;360,0;271,0;0,11624152405553762;0,0875040361640297;0,010978366160800775;0,0019373587342589602;0,0029060381013884403;0,0019373587342589602;0,0019373587342589602;0,2043913464643203;0,024216984178237002;0,0029060381013884403;0,0032289312237649337;0,0029060381013884403;0,0038747174685179204;0,002583144979011947;0,005812076202776881;0,5256700032289312
EC120252;MASCULINO;3097,0;2377,0;452,0;266,0;0,145947691314175;0,08588957055214724;0,010009686793671296;0,002583144979011947;0,0016144656118824668;0,0012915724895059735;0,0019373587342589602;0,26089764288020667;0,024216984178237002;0,003551824346141427;0,0032289312237649337;0,0038747174685179204;0,004197610590894414;0,004197610590894414;0,006457862447529867;0,4394575395544075
EC120350;MASCULINO;8877,0;8030,0;606,0;244,0;0,0682663061845218;0,0274867635462431;0,013405429762307085;0,001126506702714881;0,002253013405429762;0,001126506702714881;0,0024783147459727386;0,44418159288047765;0,012053621719049229;0,002928917427058691;0,002027712064886786;0,001013856032443393;0,004731328151402501;0,007998197589275656;0,01441928579475048;0,39484059930156584
EC120351;MASCULINO;562,0;521,0;29,0;12,0;0,051601423487544484;0,021352313167259787;0,012455516014234875;0,0;0,0017793594306049821;0,0;0,0017793594306049821;0,6298932384341637;0,0035587188612099642;0,0017793594306049821;0,0;0,0;0,0017793594306049821;0,0035587188612099642;0,046263345195729534;0,22419928825622776
EC120450;MASCULINO;5778,0;4959,0;503,0;314,0;0,08705434406368986;0,054344063689858085;0,01107649705780547;0,0017307026652821046;0,0020768431983385254;0,0020768431983385254;0,0024229837313949464;0,3726202838352371;0,018345448251990307;0,023883696780893044;0,0017307026652821046;0,0017307026652821046;0,002596053997923157;0,006230529595015576;0,009172724125995154;0,4025614399446175
EC120451;MASCULINO;2195,0;1834,0;242,0;120,0;0,110250569476082;0,05466970387243736;0,017312072892938495;0,0036446469248291574;0,0031890660592255125;0,0018223234624145787;0,00045558086560364467;0,25785876993166285;0,021867881548974944;0,0018223234624145787;0,004100227790432802;0,002277904328018223;0,0018223234624145787;0,005011389521640091;0,04646924829157175;0,46788154897494305
EC120452;MASCULINO;7149,0;6021,0;646,0;474,0;0,09036228843194852;0,0663029794376836;0,009651699538396978;0,0013987970345502867;0,0023779549587354875;0,0015386767380053154;0,001258917331095258;0,3308154986711428;0,01692544411805847;0,0027975940691005734;0,0032172331794656597;0,0015386767380053154;0,004616030214015947;0,005595188138201147;0,004616030214015947;0,4558679535599385
EC120550;MASCULINO;5601,0;5038,0;409,0;154,0;0,07302267452240671;0,027495090162470988;0,01249776825566863;0,0010712372790573112;0,001249776825566863;0,001249776825566863;0,0007141581860382074;0,25495447241564007;0,011962149616139974;0,0014283163720764148;0,001249776825566863;0,0014283163720764148;0,0028566327441528296;0,006963042313872523;0,006070344581324764;0,5957864667023746
EC120553;MASCULINO;4759,0;4161,0;414,0;185,0;0,08699306577011977;0,038873712964908595;0,011346921622189535;0,0012607690691321706;0,0035721790292078167;0,002101281781886951;0,0006303845345660853;0,24395881487707502;0,013027947047699096;0,002521538138264341;0,002101281781886951;0,0010506408909434755;0,004202563563773902;0,0052532044547173775;0,00903551166211389;0,5742803109897037
EC120555;MASCULINO;1950,0;1669,0;211,0;69,0;0,1082051282051282;0,03538461538461538;0,009743589743589744;0,0010256410256410256;0,0010256410256410256;0,0020512820512820513;0,0010256410256410256;0,2169230769230769;0,011794871794871795;0,003076923076923077;0,0015384615384615385;0,0005128205128205128;0,0035897435897435897;0,0056410256410256415;0,004615384615384616;0,5933333333333334
EC120650;MASCULINO;4835,0;4196,0;342,0;297,0;0,07073422957600828;0,06142709410548087;0,01468459152016546;0,0012409513960703205;0,0014477766287487074;0,002068252326783868;0,0014477766287487074;0,34291623578076524;0,013236814891416752;0,002688728024819028;0,001654601861427094;0,002275077559462254;0,003309203722854188;0,003722854188210962;0,004136504653567736;0,4730093071354705
EC120651;MASCULINO;7374,0;6313,0;727,0;333,0;0,09858963927312178;0,045158665581773796;0,009899647409818281;0,0016273393002441008;0,001898562516951451;0,001762950908597776;0,0021697857336588013;0,34106319500949284;0,015866558177379985;0,0016273393002441008;0,0020341741253051262;0,0028478437754271765;0,001898562516951451;0,0055600759425006785;0,007458638459452129;0,4604014103607269
EC120750;MASCULINO;20075,0;17674,0;1602,0;785,0;0,07980074719800748;0,039103362391033625;0,013499377334993774;0,0012951432129514322;0,0017932752179327521;0,0017434620174346202;0,001095890410958904;0,3582565379825654;0,013549190535491905;0,0020921544209215443;0,0037359900373599006;0,0028393524283935245;0,0036363636363636364;0,006924034869240349;0,011706102117061022;0,4582316313823163
EC120752;MASCULINO;3361,0;2952,0;285,0;123,0;0,08479619160963998;0,036596251115739366;0,017256768818803926;0,0020827134781315083;0,0035703659625111574;0,0008925914906277894;0,001487652484379649;0,28265397203213327;0,020827134781315086;0,002677774471883368;0,001487652484379649;0,0023802439750074383;0,0044629574531389465;0,005950609937518596;0,020827134781315086;0,5117524546265992
EC120753;MASCULINO;710,0;622,0;51,0;35,0;0,07183098591549296;0,04929577464788732;0,014084507042253521;0,0014084507042253522;0,005633802816901409;0,0028169014084507044;0,0;0,4;0,01267605633802817;0,0014084507042253522;0,004225352112676056;0,0014084507042253522;0,005633802816901409;0,011267605633802818;0,028169014084507043;0,3873239436619718
EC120754;MASCULINO;688,0;609,0;51,0;28,0;0,07412790697674419;0,040697674418604654;0,014534883720930232;0,0014534883720930232;0,0029069767441860465;0,0029069767441860465;0,0029069767441860465;0,29069767441860467;0,02180232558139535;0,0029069767441860465;0,0014534883720930232;0,0;0,005813953488372093;0,00436046511627907;0,020348837209302327;0,5130813953488372
EC120850;MASCULINO;25827,0;22243,0;2331,0;1222,0;0,09025438494598675;0,047314825570139774;0,013938901149959345;0,0009679792465249545;0,0029426569094358618;0,0016649243040229218;0,0021682735122158982;0,30696557865799357;0,01591357881287025;0,002826499399852867;0,002594184380686878;0,0014713284547179309;0,002865218569713865;0,007317923103728656;0,00553684129012274;0,4940566074263368
EC120851;MASCULINO;3703,0;3074,0;419,0;206,0;0,1131514987847691;0,05563056980826357;0,013232514177693762;0,002160410477990818;0,004860923575479341;0,002160410477990818;0,004320820955981636;0,24304617877396706;0,019983796921415067;0,004320820955981636;0,002970564407237375;0,0008101539292465569;0,0032406157169862274;0,006481231433972455;0,007291385363219011;0,5152578990008102
EC120950;MASCULINO;8622,0;7324,0;757,0;543,0;0,08779865460450012;0,06297842727905359;0,012758060774762237;0,002203665042913477;0,004987241939225237;0,0020876826722338203;0,0027835768963117608;0,1794247274414289;0,01646949663651125;0,003479471120389701;0,002551612154952447;0,002667594525632104;0,003711435861749014;0,005103224309904894;0,005451171421943865;0,6057759220598469
EC121050;MASCULINO;21748,0;19139,0;1686,0;913,0;0,07752437005701673;0,04198087180430384;0,011311384954938384;0,001149530991355527;0,0016553246275519589;0,0009656060327386427;0,0012874747103181902;0,24480411991907303;0,010299797682545521;0,002299061982711054;0,0015633621482435166;0,0016093433878977376;0,002391024462019496;0,005333823799889645;0,005379805039543866;0,5899852860033107
EC121051;MASCULINO;4864,0;4329,0;322,0;216,0;0,06620065789473684;0,044407894736842105;0,01069078947368421;0,0014391447368421052;0,0006167763157894736;0,0008223684210526315;0,0008223684210526315;0,21032072368421054;0,010279605263157895;0,0026726973684210527;0,001644736842105263;0,002055921052631579;0,0026726973684210527;0,007195723684210526;0,008223684210526315;0,6305509868421053
EC121150;MASCULINO;16285,0;14385,0;1253,0;644,0;0,07694197113908505;0,039545594105004606;0,009272336505987105;0,001105311636475284;0,0017193736567393306;0,0007982806263432606;0,0008596868283696653;0,2558796438440282;0,009824992324224747;0,001473748848633712;0,001657967454712926;0,0012281240405280934;0,002579060485108996;0,004789683758059564;0,008228431071538225;0,583911575069082
EC121250;MASCULINO;14092,0;12111,0;1195,0;781,0;0,08479988646040307;0,055421515753619074;0,010928186204938973;0,001419244961680386;0,00411581038887312;0,001632131705932444;0,001632131705932444;0,2216151007663923;0,013340902639795628;0,002341754186772637;0,002128867442520579;0,0013482827135963668;0,003619074652284984;0,005747942094805563;0,006954300312233892;0,5826000567697984
EC121350;MASCULINO;6126,0;5378,0;497,0;250,0;0,0811296114920013;0,04080966372837088;0,01436500163238655;0,001305909239307868;0,002611818478615736;0,0014691478942213516;0,0011426705843943846;0,38752856676460984;0,015017956252040483;0,000652954619653934;0,002611818478615736;0,002448579823702253;0,0034280117531831538;0,004897159647404506;0,021221025138752857;0,41919686581782567
EC130150;MASCULINO;8079,0;7102,0;628,0;345,0;0,07773239262284937;0,04270330486446342;0,01510087882163634;0,0006188884762965714;0,0025993316004456;0,0009902215620745142;0,002723109295704914;0,18529520980319347;0,009530882534967198;0,0019804431241490284;0,002351776209926971;0,0016091100383710856;0,003218220076742171;0,006560217848743656;0,004455997029335313;0,6420349053100631
EC130151;MASCULINO;5896,0;5122,0;475,0;289,0;0,08056309362279511;0,04901628222523745;0,014246947082767978;0,0008480325644504749;0,0008480325644504749;0,0035617367706919944;0,0020352781546811396;0,2299864314789688;0,008480325644504749;0,0008480325644504749;0,0016960651289009499;0,00033921302578018993;0,0028833107191316145;0,005257801899592945;0,0032225237449118047;0,5944708276797829
EC130152;MASCULINO;2103,0;1773,0;186,0;143,0;0,0884450784593438;0,06799809795530196;0,015216357584403234;0,0009510223490252021;0,0009510223490252021;0,00047551117451260106;0,0028530670470756064;0,18830242510699002;0,014265335235378032;0,0042796005706134095;0,0014265335235378032;0,00047551117451260106;0,0028530670470756064;0,009510223490252021;0,0023775558725630053;0,5991440798858774
EC130153;MASCULINO;5174,0;4519,0;425,0;231,0;0,08214147661383843;0,04464630846540394;0,015268650947042908;0,0007730962504831851;0,0036722071897951295;0,0009663703131039815;0,0023192887514495554;0,1826439891766525;0,01198299188248937;0,0017394665635871666;0,0028991109393119445;0,002126014688828759;0,0028991109393119445;0,005411673753382296;0,005411673753382296;0,6352918438345574
EC130154;MASCULINO;1548,0;1246,0;164,0;140,0;0,10594315245478036;0,09043927648578812;0,00904392764857881;0,0;0,003875968992248062;0,001937984496124031;0,0006459948320413437;0,1731266149870801;0,010981912144702842;0,005813953488372093;0,0012919896640826874;0,0012919896640826874;0,003229974160206718;0,003229974160206718;0,003875968992248062;0,58656330749354
EC130155;MASCULINO;4970,0;4328,0;378,0;262,0;0,07605633802816901;0,05271629778672032;0,010462776659959759;0,0;0,0026156941649899397;0,0008048289738430583;0,001006036217303823;0,21670020120724345;0,00744466800804829;0,0022132796780684103;0,0018108651911468814;0,0006036217303822937;0,0026156941649899397;0,00482897384305835;0,004024144869215292;0,6156941649899397
EC130156;MASCULINO;3711,0;3051,0;343,0;313,0;0,0924279170035031;0,08434384263001886;0,01266504985179197;0,0010778765831312314;0,0008084074373484236;0,001886284020479655;0,0029641606036108865;0,16006467259498788;0,010778765831312315;0,0032336297493936943;0,0029641606036108865;0,0008084074373484236;0,0032336297493936943;0,004850444624090542;0,0032336297493936943;0,6135812449474535
EC130157;MASCULINO;1018,0;874,0;55,0;89,0;0,054027504911591355;0,08742632612966601;0,005893909626719057;0,0;0,0;0,0019646365422396855;0,0009823182711198428;0,13457760314341846;0,0068762278978389;0,0019646365422396855;0,0029469548133595285;0,0009823182711198428;0,0009823182711198428;0,0068762278978389;0,0068762278978389;0,68762278978389
EC130250;MASCULINO;13737,0;12343,0;885,0;511,0;0,06442454684428915;0,03719880614399068;0,016379122079056563;0,0013831258644536654;0,002038290747615928;0,0009463492756788236;0,001819902453228507;0,3786125063696586;0,014122443037053215;0,002038290747615928;0,0021838829438742082;0,0022566790420033484;0,002839047827036471;0,005459707359685521;0,0024750673363907695;0,4659678241246269
EC130350;MASCULINO;7267,0;5972,0;882,0;411,0;0,12137057933122333;0,05655703866795101;0,01637539562405394;0,0019265171322416404;0,0015136920324755746;0,0015136920324755746;0,0024769505985963946;0,26118067978533094;0,021054080088069353;0,002752167331773772;0,0028897756983624606;0,0028897756983624606;0,002752167331773772;0,006054768129902298;0,004953901197192789;0,4934636025870373
EC130351;MASCULINO;1686,0;1282,0;265,0;139,0;0,1571767497034401;0,08244365361803084;0,012455516014234875;0,0035587188612099642;0,0017793594306049821;0,004151838671411625;0,005338078291814947;0,21767497034400948;0,030249110320284697;0,0029655990510083037;0,0029655990510083037;0,002372479240806643;0,002372479240806643;0,004744958481613286;0,00771055753262159;0,4620403321470937
EC130352;MASCULINO;4425,0;3493,0;613,0;319,0;0,13853107344632767;0,07209039548022599;0,0076836158192090396;0,0004519774011299435;0,0;0,000903954802259887;0,0024858757062146894;0,2702824858757062;0,014915254237288136;0,0029378531073446326;0,001807909604519774;0,0011299435028248588;0,003389830508474576;0,003389830508474576;0,0015819209039548022;0,4784180790960452
EC130353;MASCULINO;2648,0;2030,0;483,0;135,0;0,18240181268882175;0,050981873111782476;0,013972809667673716;0,0007552870090634441;0,0018882175226586104;0,0022658610271903325;0,0026435045317220545;0,2537764350453172;0,023036253776435044;0,0022658610271903325;0,0018882175226586104;0,0033987915407854984;0,004154078549848943;0,004909365558912387;0,0026435045317220545;0,4490181268882175
EC130354;MASCULINO;2380,0;1937,0;244,0;199,0;0,10252100840336134;0,08361344537815125;0,010084033613445379;0,0008403361344537816;0,0012605042016806723;0,0012605042016806723;0,0016806722689075631;0,21428571428571427;0,02226890756302521;0,0012605042016806723;0,0016806722689075631;0,003781512605042017;0,0033613445378151263;0,005042016806722689;0,0063025210084033615;0,5407563025210084
EC130355;MASCULINO;2358,0;1873,0;282,0;201,0;0,11959287531806616;0,08524173027989822;0,01102629346904156;0,0033927056827820186;0,0021204410517387615;0,0033927056827820186;0,0008481764206955047;0,22264631043256997;0,03604749787955895;0,0016963528413910093;0,001272264631043257;0,0029686174724342664;0,002544529262086514;0,005089058524173028;0,0033927056827820186;0,49787955894826125
EC130356;MASCULINO;2908,0;2327,0;400,0;182,0;0,1375515818431912;0,06258596973865199;0,013755158184319119;0,001375515818431912;0,0020632737276478678;0,002407152682255846;0,0017193947730398899;0,2530949105914718;0,024071526822558458;0,0020632737276478678;0,002751031636863824;0,003094910591471802;0,0041265474552957355;0,005502063273727648;0,004814305364511692;0,4793672627235213
EC130357;MASCULINO;3191,0;2747,0;281,0;162,0;0,08806016922594798;0,05076778439360702;0,011281729865246004;0,0015669069257286117;0,0012535255405828893;0,000940144155437167;0,0021936696960200563;0,2005640864932623;0,01472892510184895;0,0015669069257286117;0,000940144155437167;0,0015669069257286117;0,0025070510811657787;0,003760576621748668;0,004700720777185835;0,6132873707301786
EC130450;MASCULINO;30392,0;26528,0;2538,0;1319,0;0,08350881811002896;0,04339957883653593;0,015694919715714663;0,0018425901553040273;0,0018425901553040273;0,001645169781521453;0,0021058173203474598;0,35239536720189524;0,014971045011845223;0,002566464859173467;0,0031258225848907607;0,0021387207159778887;0,0039813108712819165;0,006218741774151092;0,0069426164780205316;0,45739010265859437
EC130451;MASCULINO;1198,0;991,0;128,0;79,0;0,10684474123539232;0,0659432387312187;0,019198664440734557;0,001669449081803005;0,0008347245409015025;0,001669449081803005;0,0025041736227045075;0,3823038397328882;0,024207011686143573;0,0025041736227045075;0,0008347245409015025;0,0025041736227045075;0,00333889816360601;0,014190317195325543;0,005843071786310518;0,3656093489148581
EC130452;MASCULINO;1717,0;1489,0;154,0;74,0;0,0896913220733838;0,04309842748980781;0,0168899242865463;0,0023296447291788003;0,0005824111822947001;0,0029120559114735;0,0029120559114735;0,38147932440302856;0,0168899242865463;0,004076878276062901;0,0011648223645894002;0,0017472335468841002;0,004076878276062901;0,007571345369831101;0,008153756552125802;0,41642399534071056
EC130453;MASCULINO;4068,0;3401,0;367,0;296,0;0,09021632251720747;0,0727630285152409;0,014749262536873156;0,00344149459193707;0,0024582104228121925;0,001720747295968535;0,003687315634218289;0,19493608652900687;0,015486725663716814;0,004916420845624385;0,0024582104228121925;0,0024582104228121925;0,00344149459193707;0,0058997050147492625;0,006391347099311701;0,573992133726647
EC130454;MASCULINO;4377,0;3669,0;390,0;324,0;0,08910212474297464;0,07402330363262509;0,012794151245145076;0,003427004797806717;0,00205620287868403;0,0006854009595613434;0,002970070824765821;0,23966186885994975;0,019191226867717615;0,002513136851724926;0,002513136851724926;0,002284669865204478;0,0052547406899703;0,007082476582133882;0,007082476582133882;0,5307288096870002
EC130550;MASCULINO;9073,0;7383,0;1047,0;637,0;0,11539733274550865;0,07020831037143171;0,012454535434806568;0,002755428193541276;0,0016532569161247658;0,0033065138322495315;0,0029758624490245785;0,2726771740328447;0,03725338917667806;0,003857599470957787;0,0031962967045078804;0,002204342554833021;0,004078033726441089;0,004739336492890996;0,005290422131599251;0,45729086300011024
EC130551;MASCULINO;1046,0;795,0;120,0;131,0;0,1147227533460803;0,12523900573613767;0,008604206500956023;0,0019120458891013384;0,0009560229445506692;0,0028680688336520078;0,0028680688336520078;0,2294455066921606;0,036328871892925434;0,0019120458891013384;0,0019120458891013384;0,0038240917782026767;0,0057361376673040155;0,0038240917782026767;0,006692160611854685;0,45315487571701724
EC130552;MASCULINO;1281,0;1019,0;144,0;119,0;0,11241217798594848;0,09289617486338798;0,01717408274785324;0,00156128024980484;0,00234192037470726;0,00312256049960968;0,00078064012490242;0,2849336455893833;0,0312256049960968;0,00312256049960968;0,00156128024980484;0,00234192037470726;0,00312256049960968;0,00546448087431694;0,0039032006245121;0,4348165495706479
EC130650;MASCULINO;14868,0;13445,0;1041,0;372,0;0,07001614205004035;0,025020177562550445;0,033091202582728005;0,0014124293785310734;0,005178907721280603;0,0022867904223836427;0,003161151466236212;0,358286252354049;0,01405703524347592;0,003766478342749529;0,00423728813559322;0,0020850147968792037;0,0041700295937584075;0,012510088781275222;0,01002152273338714;0,4500269034167339
EC130651;MASCULINO;1320,0;1115,0;132,0;71,0;0,1;0,05378787878787879;0,022727272727272728;0,0030303030303030303;0,004545454545454545;0,0030303030303030303;0,006060606060606061;0,22272727272727272;0,02878787878787879;0,005303030303030303;0,0022727272727272726;0,005303030303030303;0,006818181818181818;0,015909090909090907;0,012878787878787878;0,5053030303030303
EC130652;MASCULINO;2363,0;2022,0;249,0;89,0;0,10537452391028354;0,03766398645789251;0,021159542953872196;0,0;0,0033855268726195515;0,0012695725772323319;0,0029623360135421074;0,20778671180702496;0,01819720694033009;0,0050782903089293275;0,0033855268726195515;0,0033855268726195515;0,005501481168006771;0,01608125264494287;0,010156580617858655;0,5573423614049936
EC130654;MASCULINO;758,0;650,0;73,0;35,0;0,09630606860158311;0,04617414248021108;0,0158311345646438;0,0013192612137203166;0,005277044854881266;0,002638522427440633;0,005277044854881266;0,24538258575197888;0,025065963060686015;0,00395778364116095;0,00395778364116095;0,0013192612137203166;0,0013192612137203166;0,027704485488126648;0,009234828496042216;0,5092348284960422
EC130656;MASCULINO;565,0;508,0;29,0;28,0;0,05132743362831858;0,049557522123893805;0,008849557522123894;0,0035398230088495575;0,0017699115044247787;0,005309734513274336;0,0;0,16991150442477876;0,02654867256637168;0,0035398230088495575;0,005309734513274336;0,005309734513274336;0,005309734513274336;0,012389380530973451;0,017699115044247787;0,6336283185840708
EC130657;MASCULINO;1866,0;1540,0;204,0;120,0;0,10932475884244373;0,06430868167202572;0,018756698821007504;0,0021436227224008574;0,004287245444801715;0,003215434083601286;0,003215434083601286;0,21972132904608788;0,02090032154340836;0,00482315112540193;0,0005359056806002144;0,0021436227224008574;0,007502679528403001;0,021436227224008574;0,013933547695605574;0,5026795284030011
EC130658;MASCULINO;1510,0;1328,0;117,0;63,0;0,07748344370860927;0,041721854304635764;0,010596026490066225;0,0013245033112582781;0,004635761589403974;0,001986754966887417;0,0006622516556291391;0,1695364238410596;0,015894039735099338;0,003973509933774834;0,0;0,0026490066225165563;0,0026490066225165563;0,005298013245033113;0,005298013245033113;0,6549668874172185
EC130750;MASCULINO;8415,0;7170,0;643,0;595,0;0,07641117052881759;0,0707070707070707;0,013071895424836602;0,00130718954248366;0,0011883541295306002;0,0019013666072489601;0,0023767082590612004;0,27890671420083185;0,013071895424836602;0,0021390374331550803;0,00261437908496732;0,0019013666072489601;0,00404040404040404;0,0053475935828877;0,0041592394533571005;0,5200237670825906
EC130850;MASCULINO;28678,0;26714,0;1611,0;333,0;0,05617546551363414;0,011611688402259571;0,0273728990864077;0,0008368784434060953;0,003242903968198619;0,0011855777948253017;0,003382383708766302;0,3014505893019039;0,0051607504010042545;0,0026501150707859684;0,0025803752005021273;0,0008368784434060953;0,0036962131250435873;0,007741125601506381;0,004986400725294651;0,5663923565102169
EC130851;MASCULINO;1528,0;1370,0;85,0;73,0;0,055628272251308904;0,047774869109947646;0,013089005235602094;0,0006544502617801048;0,002617801047120419;0,0006544502617801048;0,0032722513089005235;0,09947643979057591;0,01112565445026178;0,0013089005235602095;0,002617801047120419;0,0032722513089005235;0,001963350785340314;0,004581151832460733;0,001963350785340314;0,75
EC130852;MASCULINO;1232,0;1117,0;53,0;62,0;0,04301948051948052;0,05032467532467533;0,00974025974025974;0,0016233766233766235;0,0008116883116883117;0,002435064935064935;0,0016233766233766235;0,09009740259740259;0,005681818181818182;0,003246753246753247;0,002435064935064935;0,002435064935064935;0,00487012987012987;0,003246753246753247;0,002435064935064935;0,775974025974026
EC130950;MASCULINO;17514,0;16087,0;1080,0;345,0;0,06166495375128469;0,019698526892771497;0,0245517871417152;0,0008564576909900651;0,0023409843553728444;0,001770012561379468;0,002626470252369533;0,16997830307182826;0,014103003311636405;0,0026835674317688706;0,002797761790567546;0,0016558182025807925;0,0032545392257622473;0,009592326139088728;0,007479730501313235;0,674831563320772
EC130952;MASCULINO;1415,0;1288,0;72,0;51,0;0,05088339222614841;0,03604240282685512;0,01696113074204947;0,0;0,0;0,0035335689045936395;0,0014134275618374558;0,1724381625441696;0,0176678445229682;0,0;0,0028268551236749115;0,0007067137809187279;0,005653710247349823;0,008480565371024734;0,009893992932862191;0,6706713780918728
EC131050;MASCULINO;8063,0;7027,0;724,0;308,0;0,08979288106163959;0,03819918144611187;0,017859357559221134;0,0017363264293687214;0,0044648393898052835;0,0017363264293687214;0,0018603497457522014;0,3463971226590599;0,016619124395386334;0,0029765595932035225;0,0028525362768200423;0,0024804663276696017;0,004588862706188764;0,009301748728761007;0,005829095870023565;0,4528091281160858
EC131051;MASCULINO;2673,0;2254,0;328,0;88,0;0,1227085671530116;0,03292181069958848;0,020950243172465393;0,002618780396558174;0,002618780396558174;0,0029928918817807705;0,0014964459408903852;0,2783389450056117;0,01870557426112982;0,003367003367003367;0,0014964459408903852;0,002618780396558174;0,0037411148522259632;0,005611672278338945;0,00935278713056491;0,489337822671156
EC131052;MASCULINO;3626,0;3005,0;408,0;210,0;0,11252068394925538;0,05791505791505792;0,01461665747380033;0,002482073910645339;0,0035852178709321566;0,0013789299503585218;0,003033645890788748;0,2211803640375069;0,022338665195808054;0,003309431880860452;0,002206287920573635;0,0011031439602868175;0,004964147821290678;0,009376723662437948;0,006894649751792609;0,5322669608383894
EC131053;MASCULINO;2254,0;1743,0;306,0;207,0;0,13575865128660158;0,09183673469387756;0,01064773735581189;0,0022182786157941437;0,003992901508429458;0,0022182786157941437;0,0013309671694764862;0,18544809228039041;0,022182786157941437;0,0044365572315882874;0,0022182786157941437;0,0013309671694764862;0,0048802129547471165;0,005323868677905945;0,00354924578527063;0,5235137533274179
EC131054;MASCULINO;1804,0;1404,0;235,0;164,0;0,13026607538802662;0,09090909090909091;0,01662971175166297;0,002771618625277162;0,002771618625277162;0,003880266075388027;0,0005543237250554324;0,17849223946784923;0,017738359201773836;0,0033259423503325942;0,004434589800443459;0,0033259423503325942;0,004434589800443459;0,009423503325942351;0,004988913525498891;0,5254988913525499
EC131150;MASCULINO;9499,0;7959,0;747,0;793,0;0,07863985682703442;0,08348247183914097;0,007474470996947047;0,0018949363090851668;0,0014738393515106854;0,0012632908727234445;0,003579324139383093;0,15570060006316455;0,014317296557532371;0,002210759027266028;0,0016843878302979262;0,0020002105484787872;0,0037898726181703336;0,004526792293925676;0,002526581745446889;0,6354353089798926
EC131151;MASCULINO;2531,0;1862,0;422,0;249,0;0,16673251679178192;0,09838008692216516;0,008297115764519953;0,00434610825760569;0,0039510075069142635;0,002370604504148558;0,00434610825760569;0,14381667325167918;0,03160806005531411;0,002765705254839984;0,005531410509679968;0,00434610825760569;0,0031608060055314103;0,006716712761754247;0,004741209008297116;0,50967996839194
EC131152;MASCULINO;2377,0;1873,0;283,0;216,0;0,11905763567522086;0,09087084560370215;0,011358855700462769;0,00042069835927639884;0,0012620950778291964;0,0008413967185527977;0,005889777029869584;0,13883045856121162;0,013883045856121162;0,0;0,002944888514934792;0,002103491796381994;0,0033655868742111907;0,007572570466975179;0,0033655868742111907;0,5961295750946571
EC131250;MASCULINO;13328,0;11987,0;901,0;429,0;0,06760204081632654;0,032187875150060025;0,01087935174069628;0,0011254501800720287;0,000900360144057623;0,0016506602641056423;0,0015006002400960385;0,20565726290516206;0,007352941176470588;0,0010504201680672268;0,0017256902761104442;0,0013505402160864347;0,002475990396158463;0,00622749099639856;0,004276710684273709;0,6532112845138055
EC131350;MASCULINO;9625,0;8361,0;838,0;423,0;0,08706493506493507;0,04394805194805195;0,013402597402597402;0,0013506493506493507;0,0013506493506493507;0,0013506493506493507;0,001974025974025974;0,26451948051948054;0,010701298701298701;0,003116883116883117;0,0023896103896103894;0,001974025974025974;0,0017662337662337662;0,005922077922077922;0,003116883116883117;0,5557402597402598
EC131351;MASCULINO;2892,0;2495,0;221,0;170,0;0,07641770401106501;0,058782849239280774;0,011065006915629323;0,002074688796680498;0,002074688796680498;0,0031120331950207467;0,0024204702627939143;0,2206085753803596;0,013831258644536652;0,0027662517289073307;0,0024204702627939143;0,0017289073305670815;0,0038035961272475795;0,003457814661134163;0,005186721991701245;0,5881742738589212
EC131352;MASCULINO;2137,0;1809,0;178,0;149,0;0,0832943378568086;0,06972391202620495;0,006551240056153486;0,0004679457182966776;0,002339728591483388;0,0028076743097800653;0,003275620028076743;0,17267197005147403;0,014974262985493684;0,0018717828731867104;0,003743565746373421;0,0018717828731867104;0,003743565746373421;0,004211511464670099;0,006551240056153486;0,6214319138979878
EC131353;MASCULINO;2717,0;2052,0;372,0;293,0;0,1369157158630843;0,10783952889216047;0,005520794994479205;0,001840264998159735;0,000736105999263894;0,003312476996687523;0,003312476996687523;0,0923813029076187;0,02097902097902098;0,002208317997791682;0,005520794994479205;0,003312476996687523;0,00368052999631947;0,005152741994847258;0,005152741994847258;0,6021347073978653
EC131355;MASCULINO;1730,0;1457,0;152,0;118,0;0,08786127167630058;0,06820809248554913;0,010982658959537572;0,0011560693641618498;0,0011560693641618498;0,0011560693641618498;0,0017341040462427746;0,1283236994219653;0,02254335260115607;0,0023121387283236996;0,0017341040462427746;0,0011560693641618498;0,0023121387283236996;0,004624277456647399;0,005202312138728324;0,6578034682080924
EC131450;MASCULINO;2816,0;2558,0;180,0;73,0;0,06392045454545454;0,025923295454545456;0,01065340909090909;0,0003551136363636364;0,0014204545454545455;0,0007102272727272727;0,0014204545454545455;0,2819602272727273;0,008167613636363636;0,001065340909090909;0,0031960227272727275;0,001065340909090909;0,0035511363636363635;0,005326704545454545;0,002130681818181818;0,5873579545454546
EC131453;MASCULINO;8496,0;7500,0;610,0;385,0;0,0717984934086629;0,045315442561205274;0,008709981167608287;0,0015301318267419962;0,0008239171374764595;0,0015301318267419962;0,0018832391713747645;0,20268361581920905;0,012476459510357816;0,0015301318267419962;0,0030602636534839923;0,0020009416195856874;0,0020009416195856874;0,00423728813559322;0,0030602636534839923;0,637241054613936
EC131457;MASCULINO;4886,0;4007,0;515,0;361,0;0,10540319279574294;0,07388456815390913;0,01002865329512894;0,0014326647564469914;0,001637331150225133;0,002046663937781416;0,002046663937781416;0,1911584117887843;0,012689316414244782;0,002660663119115841;0,002046663937781416;0,0012279983626688497;0,004093327875562832;0,0022513303315595578;0,003888661481784691;0,5828898894801473
EC131550;MASCULINO;12508,0;11301,0;757,0;446,0;0,06052126638951071;0,035657179405180685;0,012551966741285578;0,0011992324912056284;0,0017588743204349215;0,0007994883274704189;0,002318516149664215;0,2179405180684362;0,011032938919091781;0,002238567316917173;0,0027982091461464663;0,0011192836584585865;0,002318516149664215;0,004077390470099137;0,00463703229932843;0,6387112248161176
EC131551;MASCULINO;1450,0;1241,0;143,0;66,0;0,09862068965517241;0,04551724137931035;0,013793103448275862;0,000689655172413793;0,002758620689655172;0,000689655172413793;0,001379310344827586;0,25103448275862067;0,005517241379310344;0,000689655172413793;0,000689655172413793;0,0;0,0;0,005517241379310344;0,004827586206896552;0,5682758620689655
EC131552;MASCULINO;2007,0;1663,0;257,0;87,0;0,12805181863477827;0,043348281016442454;0,016442451420029897;0,001993024414549078;0,0029895366218236174;0,0;0,0;0,26856003986048826;0,008470353761833582;0,001993024414549078;0,0004982561036372695;0,002491280518186348;0,0014947683109118087;0,003487792725460887;0,003986048829098156;0,5161933233682112
EC131650;MASCULINO;6427,0;5653,0;477,0;299,0;0,07421814221254085;0,04652248327368912;0,016337326902131633;0,0023339038431616616;0,0018671230745293294;0,0026450910222498834;0,0037342461490586587;0,22452154971215185;0,015248171775322856;0,0034230589699704374;0,0024894974327057725;0,0031118717908822156;0,0040454333281468805;0,007157305119029096;0,005756962813132099;0,5868990197603858
EC131651;MASCULINO;2208,0;1918,0;179,0;111,0;0,08106884057971014;0,050271739130434784;0,010869565217391304;0,003170289855072464;0,004528985507246377;0,001358695652173913;0,0009057971014492754;0,15670289855072464;0,01358695652173913;0,0022644927536231885;0,002717391304347826;0,002717391304347826;0,003170289855072464;0,007246376811594203;0,004981884057971014;0,6544384057971014
EC131652;MASCULINO;2900,0;2389,0;272,0;232,0;0,09379310344827586;0,08;0,023103448275862068;0,0017241379310344827;0,004827586206896552;0,003793103448275862;0,006206896551724138;0,20103448275862068;0,02379310344827586;0,007931034482758621;0,004137931034482759;0,004482758620689655;0,0058620689655172415;0,014137931034482758;0,01;0,5127586206896552
EC131653;MASCULINO;1315,0;1067,0;149,0;99,0;0,11330798479087452;0,0752851711026616;0,01977186311787072;0,001520912547528517;0,001520912547528517;0,003041825095057034;0,0007604562737642585;0,16806083650190115;0,019011406844106463;0,0045627376425855515;0,0022813688212927757;0,006083650190114068;0,0038022813688212928;0,012927756653992395;0,00988593155893536;0,5581749049429657
EC131750;MASCULINO;15495,0;13368,0;1338,0;783,0;0,08635043562439497;0,0505324298160697;0,00819619232010326;0,0011616650532429815;0,0012907389480477573;0,0021297192642787998;0,001936108422071636;0,22239432074862858;0,013165537270087124;0,002258793159083575;0,0021942562116811877;0,001936108422071636;0,002839625685705066;0,0050338818973862534;0,005162955792191029;0,5930300096805421
EC131751;MASCULINO;3864,0;3234,0;332,0;296,0;0,08592132505175984;0,07660455486542443;0,009316770186335404;0,0012939958592132505;0,0015527950310559005;0,002587991718426501;0,002587991718426501;0,16511387163561075;0,013457556935817806;0,004399585921325052;0,0015527950310559005;0,0036231884057971015;0,0033643892339544515;0,003105590062111801;0,004658385093167702;0,6203416149068323
EC131752;MASCULINO;1782,0;1470,0;161,0;150,0;0,09034792368125702;0,08417508417508418;0,012345679012345678;0,001122334455667789;0,001122334455667789;0,004489337822671156;0,0005611672278338945;0,1947250280583614;0,02132435465768799;0,0028058361391694723;0,003367003367003367;0,003367003367003367;0,004489337822671156;0,003367003367003367;0,005050505050505051;0,5667789001122334
EC131753;MASCULINO;1149,0;968,0;87,0;94,0;0,07571801566579635;0,08181026979982593;0,008703220191470844;0,0008703220191470844;0,0017406440382941688;0,0017406440382941688;0,0008703220191470844;0,2619669277632724;0,02349869451697128;0,0034812880765883376;0,0026109660574412533;0,0017406440382941688;0,0026109660574412533;0,006092254134029591;0,004351610095735422;0,5221932114882507
EC131850;MASCULINO;4992,0;4200,0;400,0;387,0;0,08012820512820513;0,07752403846153846;0,009815705128205128;0,0008012820512820513;0,0026041666666666665;0,002003205128205128;0,002403846153846154;0,15364583333333334;0,017027243589743588;0,002003205128205128;0,003205128205128205;0,002403846153846154;0,003405448717948718;0,004607371794871795;0,003605769230769231;0,6338141025641025
EC131950;MASCULINO;5519,0;4996,0;364,0;157,0;0,06595397716977713;0,028447182460590685;0,013408226127921726;0,0007247689798876608;0,0014495379597753216;0,0021743069396629824;0,0014495379597753216;0,21779307845624207;0,007610074288820439;0,002899075919550643;0,0021743069396629824;0,0014495379597753216;0,003986229389382134;0,007066497553904693;0,009240804493567675;0,6338104729117594
EC131951;MASCULINO;2153,0;1819,0;177,0;155,0;0,08221086855550395;0,07199256850905712;0,006038086391082211;0,0;0,0009289363678588017;0,002786809103576405;0,0018578727357176034;0,19786344635392475;0,009753831862517418;0,003251277287505806;0,0018578727357176034;0,0009289363678588017;0,0018578727357176034;0,002786809103576405;0,0009289363678588017;0,6140269391546679
EC131952;MASCULINO;1375,0;1259,0;82,0;34,0;0,05963636363636363;0,024727272727272726;0,02109090909090909;0,0007272727272727272;0,002181818181818182;0,002909090909090909;0,0014545454545454545;0,2545454545454545;0,012363636363636363;0,002909090909090909;0,0014545454545454545;0,0;0,002909090909090909;0,005818181818181818;0,02181818181818182;0,5854545454545454
EC132050;MASCULINO;5879,0;5097,0;463,0;320,0;0,07875489028746385;0,05443102568464025;0,012246980779044054;0,0011906786868515053;0,0010205817315870045;0,0010205817315870045;0,002041163463174009;0,16329307705392074;0,01105630209219255;0,001360775642116006;0,0034019391052900155;0,002721551284232012;0,002041163463174009;0,004762714747406021;0,003572036060554516;0,657254635142031
EC132150;MASCULINO;8064,0;7513,0;341,0;211,0;0,04228670634920635;0,026165674603174604;0,01277281746031746;0,0006200396825396825;0,001736111111111111;0,0006200396825396825;0,0011160714285714285;0,10577876984126984;0,004464285714285714;0,0026041666666666665;0,0021081349206349205;0,0006200396825396825;0,003224206349206349;0,004340277777777778;0,004836309523809524;0,7868303571428571
EC132250;MASCULINO;6577,0;5801,0;474,0;298,0;0,07206933252242664;0,04530941158582941;0,006994070244792459;0,001672495058537327;0,000760225026607876;0,0027368100957883535;0,0012163600425726016;0,18002128630074501;0,010643150372510263;0,0018245400638589023;0,0010643150372510264;0,001672495058537327;0,0027368100957883535;0,004713395164968831;0,003040900106431504;0,6629162232020678
EC132251;MASCULINO;1851,0;1631,0;108,0;112,0;0,05834683954619125;0,06050783360345759;0,010804970286331712;0,0021609940572663426;0,0021609940572663426;0,0021609940572663426;0,0021609940572663426;0,17882225823878983;0,01350621285791464;0,0010804970286331713;0,0021609940572663426;0,0021609940572663426;0,0032414910858995136;0,005942733657482442;0,004321988114532685;0,6504592112371691
EC140150;MASCULINO;6817,0;6310,0;393,0;111,0;0,05764999266539533;0,01628282235587502;0,03432594983130409;0,0014669209329617133;0,0014669209329617133;0,001320228839665542;0,0020536893061463986;0,5078480269913451;0,006161067918439196;0,002347073492738741;0,001760305119554056;0,0024937655860349127;0,005134223265365997;0,012908904210063077;0,043567551708962884;0,30277248056329764
EC140151;MASCULINO;193,0;187,0;4,0;2,0;0,02072538860103627;0,010362694300518135;0,02072538860103627;0,0;0,0;0,0051813471502590676;0,0;0,47150259067357514;0,0;0,0;0,0;0,0;0,0051813471502590676;0,015544041450777202;0,07772020725388601;0,37305699481865284
EC140153;MASCULINO;850,0;796,0;34,0;20,0;0,04;0,023529411764705882;0,02823529411764706;0,002352941176470588;0,001176470588235294;0,0035294117647058825;0,001176470588235294;0,4588235294117647;0,010588235294117647;0,002352941176470588;0,001176470588235294;0,001176470588235294;0,002352941176470588;0,018823529411764704;0,042352941176470586;0,3623529411764706
EC140156;MASCULINO;315,0;291,0;13,0;10,0;0,04126984126984127;0,031746031746031744;0,022222222222222223;0,0031746031746031746;0,0;0,0;0,0031746031746031746;0,5174603174603175;0,0;0,0;0,0;0,0031746031746031746;0,006349206349206349;0,012698412698412698;0,06349206349206349;0,2920634920634921
EC140157;MASCULINO;3944,0;3606,0;252,0;85,0;0,06389452332657201;0,021551724137931036;0,012677484787018255;0,0012677484787018255;0,002789046653144016;0,0035496957403651115;0,0030425963488843813;0,4974645030425964;0,006592292089249493;0,002281947261663286;0,002281947261663286;0,008620689655172414;0,0038032454361054766;0,00988843813387424;0,12398580121703853;0,2360547667342799
EC140158;MASCULINO;362,0;337,0;22,0;3,0;0,06077348066298342;0,008287292817679558;0,022099447513812154;0,008287292817679558;0,013812154696132596;0,0;0,0;0,43646408839779005;0,0055248618784530384;0,0027624309392265192;0,0027624309392265192;0,0055248618784530384;0,0055248618784530384;0,008287292817679558;0,06629834254143646;0,35359116022099446
EC140160;MASCULINO;88,0;84,0;3,0;1,0;0,03409090909090909;0,011363636363636364;0,011363636363636364;0,0;0,0;0,011363636363636364;0,0;0,48863636363636365;0,0;0,0;0,0;0,0;0,0;0,0;0,2159090909090909;0,22727272727272727
EC140162;MASCULINO;645,0;588,0;35,0;22,0;0,05426356589147287;0,034108527131782945;0,010852713178294573;0,0;0,0;0,0031007751937984496;0,0015503875968992248;0,4263565891472868;0,0;0,0;0,0031007751937984496;0,006201550387596899;0,006201550387596899;0,004651162790697674;0,1875968992248062;0,262015503875969
EC140164;MASCULINO;644,0;595,0;39,0;10,0;0,06055900621118013;0,015527950310559006;0,03571428571428571;0,003105590062111801;0,004658385093167702;0,003105590062111801;0,0015527950310559005;0,4161490683229814;0,003105590062111801;0,003105590062111801;0,004658385093167702;0,0015527950310559005;0,006211180124223602;0,009316770186335404;0,06677018633540373;0,36490683229813664
EC140250;MASCULINO;2932,0;2702,0;162,0;68,0;0,05525238744884038;0,023192360163710776;0,024215552523874487;0,0010231923601637107;0,001364256480218281;0,0006821282401091405;0,0020463847203274215;0,5740109140518418;0,005115961800818554;0,00034106412005457026;0,0017053206002728514;0,0017053206002728514;0,004092769440654843;0,011255115961800819;0,041268758526603;0,2527285129604366
EC140251;MASCULINO;92,0;81,0;9,0;2,0;0,09782608695652174;0,021739130434782608;0,021739130434782608;0,0;0,0;0,0;0,0;0,33695652173913043;0,021739130434782608;0,0;0,0;0,0;0,0;0,021739130434782608;0,18478260869565216;0,29347826086956524
EC140252;MASCULINO;99,0;93,0;4,0;2,0;0,04040404040404041;0,020202020202020204;0,020202020202020204;0,0;0,0;0,0;0,0;0,43434343434343436;0,010101010101010102;0,0;0,0;0,0;0,0;0,010101010101010102;0,0;0,46464646464646464
EC140253;MASCULINO;1503,0;1375,0;86,0;42,0;0,057218895542248835;0,027944111776447105;0,007318695941450432;0,0006653359946773121;0,003992015968063872;0,0013306719893546241;0,003992015968063872;0,562874251497006;0,001996007984031936;0,0026613439787092482;0,0013306719893546241;0,003992015968063872;0,0006653359946773121;0,0053226879574184965;0,1377245508982036;0,18097139055222888
EC140254;MASCULINO;169,0;162,0;6,0;1,0;0,03550295857988166;0,005917159763313609;0,023668639053254437;0,0;0,005917159763313609;0,0;0,005917159763313609;0,6627218934911243;0,01775147928994083;0,0;0,0;0,0;0,005917159763313609;0,011834319526627219;0,0650887573964497;0,15976331360946747
EC140255;MASCULINO;192,0;177,0;10,0;5,0;0,052083333333333336;0,026041666666666668;0,015625;0,0;0,005208333333333333;0,0;0,0;0,5729166666666666;0,005208333333333333;0,005208333333333333;0,0;0,0;0,005208333333333333;0,015625;0,020833333333333332;0,2760416666666667
EC140256;MASCULINO;253,0;229,0;18,0;6,0;0,07114624505928854;0,023715415019762844;0,019762845849802372;0,0;0,0;0,0;0,007905138339920948;0,541501976284585;0,007905138339920948;0,003952569169960474;0,0;0,0;0,0;0,003952569169960474;0,06719367588932806;0,25296442687747034
EC140257;MASCULINO;62,0;54,0;6,0;2,0;0,0967741935483871;0,03225806451612903;0,04838709677419355;0,0;0,0;0,0;0,0;0,41935483870967744;0,0;0,0;0,0;0,0;0,016129032258064516;0,016129032258064516;0,12903225806451613;0,24193548387096775
EC140258;MASCULINO;274,0;250,0;10,0;14,0;0,0364963503649635;0,051094890510948905;0,010948905109489052;0,0;0,0036496350364963502;0,0;0,0;0,5255474452554745;0,0072992700729927005;0,0036496350364963502;0,0;0,0;0,0;0,0036496350364963502;0,032846715328467155;0,3248175182481752
EC140350;MASCULINO;1434,0;1355,0;56,0;22,0;0,03905160390516039;0,015341701534170154;0,028591352859135284;0,0;0,000697350069735007;0,000697350069735007;0,001394700139470014;0,602510460251046;0,009762900976290097;0,0020920502092050207;0,001394700139470014;0,000697350069735007;0,0041841004184100415;0,009762900976290097;0,03486750348675035;0,2482566248256625
EC140351;MASCULINO;304,0;287,0;13,0;4,0;0,04276315789473684;0,013157894736842105;0,03618421052631579;0,0;0,006578947368421052;0,003289473684210526;0,003289473684210526;0,5;0,01644736842105263;0,0;0,0;0,003289473684210526;0,009868421052631578;0,01644736842105263;0,05263157894736842;0,29605263157894735
EC140353;MASCULINO;517,0;476,0;36,0;5,0;0,06963249516441006;0,009671179883945842;0,02321083172147002;0,0;0,0019342359767891683;0,0019342359767891683;0,0019342359767891683;0,5087040618955513;0,0038684719535783366;0,0019342359767891683;0,0;0,0;0,0;0,0038684719535783366;0,2011605415860735;0,172147001934236
EC140356;MASCULINO;166,0;156,0;7,0;3,0;0,04216867469879518;0,018072289156626505;0,024096385542168676;0,0;0,006024096385542169;0,006024096385542169;0,006024096385542169;0,3313253012048193;0,018072289156626505;0,006024096385542169;0,0;0,0;0,0;0,006024096385542169;0,03614457831325301;0,5
EC140357;MASCULINO;271,0;257,0;9,0;5,0;0,033210332103321034;0,01845018450184502;0,01107011070110701;0,0;0,0;0,0;0,0;0,5793357933579336;0,01107011070110701;0,0036900369003690036;0,0;0,01107011070110701;0,007380073800738007;0,0;0,07380073800738007;0,25092250922509224
EC140358;MASCULINO;347,0;322,0;15,0;10,0;0,043227665706051875;0,02881844380403458;0,025936599423631124;0,0;0,0;0,0;0,005763688760806916;0,4409221902017291;0,002881844380403458;0,002881844380403458;0,0;0,0;0,005763688760806916;0,011527377521613832;0,10086455331412104;0,3314121037463977
EC140450;MASCULINO;1583,0;1464,0;93,0;26,0;0,058749210360075806;0,016424510423247;0,03158559696778269;0,002526847757422615;0,002526847757422615;0,0018951358180669614;0,0;0,5060012634238787;0,003790271636133923;0,003790271636133923;0,003790271636133923;0,002526847757422615;0,0006317119393556538;0,009475679090334808;0,05369551484523057;0,3025900189513582
EC140451;MASCULINO;235,0;222,0;7,0;6,0;0,029787234042553193;0,02553191489361702;0,01702127659574468;0,00425531914893617;0,0;0,0;0,00851063829787234;0,3702127659574468;0,00425531914893617;0,00851063829787234;0,0;0,0;0,0;0,01702127659574468;0,13191489361702127;0,3829787234042553
EC140452;MASCULINO;234,0;220,0;13,0;2,0;0,05555555555555555;0,008547008547008548;0,04700854700854701;0,008547008547008548;0,0;0,0;0,004273504273504274;0,5427350427350427;0,0;0,0;0,008547008547008548;0,0;0,0;0,004273504273504274;0,08547008547008547;0,23931623931623933
EC140454;MASCULINO;610,0;558,0;37,0;14,0;0,060655737704918035;0,022950819672131147;0,013114754098360656;0,001639344262295082;0,0;0,0;0,001639344262295082;0,4377049180327869;0,004918032786885246;0,003278688524590164;0,0;0,006557377049180328;0,004918032786885246;0,003278688524590164;0,13442622950819672;0,30327868852459017
EC140455;MASCULINO;430,0;398,0;21,0;10,0;0,04883720930232558;0,023255813953488372;0,0069767441860465115;0,0;0,004651162790697674;0,0;0,004651162790697674;0,4255813953488372;0,009302325581395349;0,0;0,002325581395348837;0,0;0,004651162790697674;0,0069767441860465115;0,18604651162790697;0,2744186046511628
EC140550;MASCULINO;1138,0;1047,0;73,0;18,0;0,0641476274165202;0,015817223198594025;0,01757469244288225;0,0026362038664323375;0,006151142355008787;0,0017574692442882249;0,0026362038664323375;0,47627416520210897;0,007029876977152899;0,0017574692442882249;0,0026362038664323375;0,0026362038664323375;0,0026362038664323375;0,012302284710017574;0,04305799648506151;0,3409490333919156
EC140551;MASCULINO;159,0;146,0;9,0;4,0;0,05660377358490566;0,025157232704402517;0,025157232704402517;0,0;0,0;0,0;0,0;0,36477987421383645;0,0;0,0;0,0;0,0;0,006289308176100629;0,006289308176100629;0,050314465408805034;0,46540880503144655
EC140552;MASCULINO;192,0;177,0;3,0;12,0;0,015625;0,0625;0,015625;0,0;0,0;0,0;0,0;0,4375;0,005208333333333333;0,0;0,005208333333333333;0,005208333333333333;0,005208333333333333;0,0;0,036458333333333336;0,4114583333333333
EC140553;MASCULINO;507,0;474,0;20,0;13,0;0,03944773175542406;0,02564102564102564;0,009861932938856016;0,0039447731755424065;0,0019723865877712033;0,0039447731755424065;0,0;0,3905325443786982;0,0019723865877712033;0,0019723865877712033;0,0019723865877712033;0,007889546351084813;0,0019723865877712033;0,005917159763313609;0,16962524654832348;0,3333333333333333
EC140554;MASCULINO;233,0;218,0;6,0;9,0;0,02575107296137339;0,03862660944206009;0,012875536480686695;0,0;0,0;0,0;0,004291845493562232;0,4678111587982833;0,012875536480686695;0,004291845493562232;0,0;0,0;0,0;0,0;0,02575107296137339;0,40772532188841204
EC140556;MASCULINO;496,0;456,0;29,0;11,0;0,05846774193548387;0,02217741935483871;0,020161290322580645;0,0;0,004032258064516129;0,0;0,0020161290322580645;0,4536290322580645;0,004032258064516129;0,004032258064516129;0,0;0,0020161290322580645;0,0;0,006048387096774193;0,10080645161290322;0,3225806451612903
EC140557;MASCULINO;362,0;334,0;15,0;13,0;0,04143646408839779;0,03591160220994475;0,011049723756906077;0,0027624309392265192;0,0027624309392265192;0,013812154696132596;0,0027624309392265192;0,39502762430939226;0,0027624309392265192;0,0027624309392265192;0,0;0,0027624309392265192;0,0027624309392265192;0,0;0,17679558011049723;0,30662983425414364
EC140650;MASCULINO;4205,0;3887,0;231,0;87,0;0,0549346016646849;0,020689655172413793;0,02187871581450654;0,001426872770511296;0,001426872770511296;0,0016646848989298453;0,0030915576694411414;0,47633769322235436;0,005469678953626635;0,001426872770511296;0,001426872770511296;0,002140309155766944;0,0035671819262782403;0,01070154577883472;0,046135552913198576;0,34768133174791915
EC140651;MASCULINO;577,0;522,0;34,0;21,0;0,058925476603119586;0,036395147313691506;0,005199306759098787;0,0017331022530329288;0,006932409012131715;0,0017331022530329288;0,010398613518197574;0,39168110918544197;0,006932409012131715;0,0;0,0017331022530329288;0,0;0,0;0,0034662045060658577;0,15944540727902945;0,31542461005199307
EC140652;MASCULINO;925,0;832,0;65,0;28,0;0,07027027027027027;0,03027027027027027;0,023783783783783784;0,001081081081081081;0,001081081081081081;0,002162162162162162;0,003243243243243243;0,43783783783783786;0,006486486486486486;0,003243243243243243;0,003243243243243243;0,005405405405405406;0,0075675675675675675;0,004324324324324324;0,08108108108108109;0,31891891891891894
EC140655;MASCULINO;273,0;245,0;17,0;11,0;0,06227106227106227;0,040293040293040296;0,018315018315018316;0,0;0,007326007326007326;0,003663003663003663;0,003663003663003663;0,4249084249084249;0,0;0,003663003663003663;0,007326007326007326;0,0;0,003663003663003663;0,0;0,047619047619047616;0,3772893772893773
EC140750;MASCULINO;1191,0;1065,0;79,0;45,0;0,06633081444164568;0,037783375314861464;0,020990764063811923;0,0;0,0;0,0008396305625524769;0,005037783375314861;0,4139378673383711;0,0016792611251049538;0,0008396305625524769;0,0033585222502099076;0,005037783375314861;0,0033585222502099076;0,005877413937867338;0,1015952980688497;0,3316540722082284
EC140751;MASCULINO;1527,0;1382,0;92,0;53,0;0,06024885396201703;0,03470857891290111;0,011132940406024885;0,0032743942370661427;0,0026195153896529143;0,0045841519318926;0,0045841519318926;0,4793713163064833;0,0091683038637852;0,0026195153896529143;0,003929273084479371;0,010478061558611657;0,0013097576948264572;0,011132940406024885;0,12442698100851342;0,2364112639161755
EC140850;MASCULINO;689,0;660,0;20,0;9,0;0,02902757619738752;0,013062409288824383;0,020319303338171262;0,0;0,0;0,001451378809869376;0,001451378809869376;0,4862119013062409;0,002902757619738752;0,002902757619738752;0,0;0,001451378809869376;0,002902757619738752;0,011611030478955007;0,02177068214804064;0,40493468795355586
EC140851;MASCULINO;100,0;96,0;3,0;1,0;0,03;0,01;0,0;0,0;0,0;0,0;0,0;0,37;0,01;0,0;0,0;0,0;0,01;0,0;0,01;0,56
EC140852;MASCULINO;309,0;294,0;9,0;6,0;0,02912621359223301;0,019417475728155338;0,006472491909385114;0,0;0,0;0,0;0,0;0,5501618122977346;0,003236245954692557;0,003236245954692557;0,003236245954692557;0,003236245954692557;0,006472491909385114;0,0;0,1941747572815534;0,18122977346278318
EC140853;MASCULINO;93,0;91,0;2,0;0,0;0,021505376344086023;0,0;0,03225806451612903;0,0;0,0;0,0;0,0;0,46236559139784944;0,0;0,0;0,010752688172043012;0,0;0,010752688172043012;0,010752688172043012;0,11827956989247312;0,3333333333333333
EC140854;MASCULINO;145,0;131,0;4,0;10,0;0,027586206896551724;0,06896551724137931;0,020689655172413793;0,006896551724137931;0,0;0,0;0,0;0,4413793103448276;0,013793103448275862;0,006896551724137931;0,0;0,0;0,0;0,0;0,006896551724137931;0,4068965517241379
EC140950;MASCULINO;1994,0;1781,0;156,0;57,0;0,07823470411233702;0,028585757271815445;0,004513540621865597;0,0015045135406218655;0,005516549648946841;0,004012036108324975;0,004012036108324975;0,5135406218655968;0,009528585757271816;0,004012036108324975;0,0;0,012537612838515547;0,003510531594784353;0,006519558676028084;0,1720160481444333;0,15195586760280844
EC140951;MASCULINO;620,0;561,0;32,0;27,0;0,05161290322580645;0,043548387096774194;0,01129032258064516;0,0016129032258064516;0,00967741935483871;0,0016129032258064516;0,0064516129032258064;0,1870967741935484;0,0016129032258064516;0,004838709677419355;0,0;0,016129032258064516;0,0032258064516129032;0,01129032258064516;0,3709677419354839;0,27903225806451615
EC140952;MASCULINO;1733,0;1530,0;141,0;61,0;0,08136180034622043;0,03519907674552799;0,004616272360069244;0,0017311021350259665;0,003462204270051933;0,001154068090017311;0,0028851702250432777;0,47547605308713214;0,003462204270051933;0,002308136180034622;0,0005770340450086555;0,015579919215233698;0,004616272360069244;0,005770340450086555;0,2960184650894403;0,06520484708597807
EC140953;MASCULINO;1452,0;1332,0;80,0;40,0;0,05509641873278237;0,027548209366391185;0,0013774104683195593;0,002066115702479339;0,006198347107438017;0,004132231404958678;0,006198347107438017;0,5261707988980716;0,01652892561983471;0,002066115702479339;0,002066115702479339;0,040633608815427;0,004132231404958678;0,006198347107438017;0,20041322314049587;0,09917355371900827
EC140954;MASCULINO;729,0;703,0;12,0;14,0;0,01646090534979424;0,019204389574759947;0,00411522633744856;0,00411522633744856;0,00411522633744856;0,0013717421124828531;0,0027434842249657062;0,23731138545953362;0,009602194787379973;0,010973936899862825;0,0013717421124828531;0,00411522633744856;0,0054869684499314125;0,006858710562414266;0,6255144032921811;0,04663923182441701
EC141050;MASCULINO;898,0;825,0;54,0;19,0;0,060133630289532294;0,021158129175946547;0,01893095768374165;0,0;0,0;0,0022271714922048997;0,0011135857461024498;0,4209354120267261;0,004454342984409799;0,005567928730512249;0,0011135857461024498;0,004454342984409799;0,004454342984409799;0,005567928730512249;0,09688195991091314;0,3530066815144766
EC141051;MASCULINO;593,0;537,0;27,0;29,0;0,045531197301854974;0,048903878583473864;0,006745362563237774;0,0016863406408094434;0,006745362563237774;0,006745362563237774;0,006745362563237774;0,403035413153457;0,00505902192242833;0,003372681281618887;0,0;0,011804384485666104;0,003372681281618887;0,008431703204047217;0,35581787521079256;0,08600337268128162
EC141052;MASCULINO;701,0;636,0;34,0;29,0;0,04850213980028531;0,04136947218259629;0,007132667617689016;0,0042796005706134095;0,0028530670470756064;0,0028530670470756064;0,0028530670470756064;0,48216833095577744;0,0028530670470756064;0,0;0,0014265335235378032;0,012838801711840228;0,0;0,008559201141226819;0,15834522111269614;0,2211126961483595
EC141150;MASCULINO;634,0;586,0;35,0;13,0;0,055205047318611984;0,02050473186119874;0,017350157728706624;0,00473186119873817;0,0015772870662460567;0,0015772870662460567;0,007886435331230283;0,5205047318611987;0,00473186119873817;0,0015772870662460567;0,0015772870662460567;0,0031545741324921135;0,0;0,011041009463722398;0,10883280757097792;0,23974763406940064
EC141250;MASCULINO;1464,0;1339,0;77,0;48,0;0,05259562841530055;0,03278688524590164;0,015710382513661202;0,00273224043715847;0,00273224043715847;0,001366120218579235;0,0047814207650273225;0,3510928961748634;0,008879781420765027;0,00273224043715847;0,0006830601092896175;0,004098360655737705;0,00546448087431694;0,006830601092896175;0,27459016393442626;0,23292349726775957
EC141251;MASCULINO;1074,0;970,0;63,0;41,0;0,05865921787709497;0,038175046554934824;0,012104283054003724;0,00558659217877095;0,00931098696461825;0,002793296089385475;0,004655493482309125;0,3575418994413408;0,008379888268156424;0,000931098696461825;0,000931098696461825;0,00931098696461825;0,002793296089385475;0,030726256983240222;0,20297951582867785;0,25512104283054005
EC150150;MASCULINO;11882,0;11331,0;454,0;98,0;0,03820905571452617;0,008247769735734725;0,03795657296751389;0,0014307355664029625;0,0020198619760983;0,001178252819390675;0,0014307355664029625;0,606295236492173;0,00504965494024575;0,0017673792290860124;0,0032822757111597373;0,0030297929641474497;0,005554620434270325;0,0114458845312237;0,07035852550075745;0,2028278067665376
EC150151;MASCULINO;2387,0;2188,0;133,0;69,0;0,05571847507331378;0,028906577293674067;0,035609551738583996;0,0033514872224549644;0,002932551319648094;0,0020946795140343527;0,0016757436112274822;0,53414327607876;0,007121910347716799;0,0012568077084206116;0,0020946795140343527;0,005027230833682447;0,004608294930875576;0,020527859237536656;0,09928780896522832;0,19689987431922915
EC150153;MASCULINO;2646,0;2449,0;137,0;59,0;0,051776266061980346;0,022297808012093728;0,038170823885109596;0,0022675736961451248;0,0030234315948601664;0,0011337868480725624;0,0015117157974300832;0,517384731670446;0,006424792139077854;0,003779289493575208;0,001889644746787604;0,005291005291005291;0,005668934240362812;0,007180650037792895;0,08956916099773243;0,24225245653817082
EC150154;MASCULINO;667,0;647,0;16,0;4,0;0,0239880059970015;0,005997001499250375;0,025487256371814093;0,0029985007496251873;0,004497751124437781;0,0;0,0;0,6086956521739131;0,004497751124437781;0,0014992503748125937;0,0014992503748125937;0,0014992503748125937;0,0;0,0074962518740629685;0,1664167916041979;0,1454272863568216
EC150155;MASCULINO;1875,0;1768,0;71,0;36,0;0,037866666666666667;0,0192;0,0304;0,0016;0,0005333333333333334;0,0016;0,0021333333333333334;0,5866666666666667;0,0026666666666666666;0,0010666666666666667;0,0037333333333333333;0,0064;0,0048;0,0224;0,08373333333333334;0,1952
EC150156;MASCULINO;2110,0;1955,0;119,0;36,0;0,05639810426540284;0,017061611374407582;0,03317535545023697;0,002369668246445498;0,0009478672985781991;0,002369668246445498;0,0014218009478672985;0,5601895734597157;0,0071090047393364926;0,0009478672985781991;0,0009478672985781991;0,005213270142180095;0,004739336492890996;0,0037914691943127963;0,10853080568720379;0,19478672985781992
EC150157;MASCULINO;1237,0;1195,0;29,0;11,0;0,023443815683104285;0,00889248181083266;0,015359741309620048;0,002425222312045271;0,0032336297493936943;0,0008084074373484236;0,0008084074373484236;0,5982215036378334;0,005658852061438965;0,0008084074373484236;0,0016168148746968471;0,005658852061438965;0,0008084074373484236;0,0032336297493936943;0,11236863379143087;0,21503637833468067
EC150158;MASCULINO;1476,0;1381,0;62,0;30,0;0,04200542005420054;0,02032520325203252;0,02168021680216802;0,0013550135501355014;0,006097560975609756;0,0027100271002710027;0,0006775067750677507;0,5264227642276422;0,0040650406504065045;0,0013550135501355014;0,0047425474254742545;0,0040650406504065045;0,0047425474254742545;0,01084010840108401;0,14498644986449866;0,2018970189701897
EC150350;MASCULINO;5593,0;5202,0;303,0;87,0;0,054174861433935274;0,015555158233506169;0,03146790631146076;0,002324333988914715;0,0033971035222599678;0,002324333988914715;0,0014303593777936707;0,41391024494904344;0,006615412122295727;0,00303951367781155;0,0025031289111389237;0,005185052744502056;0,004827462900053639;0,008760951188986232;0,17235830502413732;0,27194707670302165
EC150352;MASCULINO;2392,0;2219,0;130,0;43,0;0,05434782608695652;0,01797658862876254;0,026755852842809364;0,0004180602006688963;0,0008361204013377926;0,0016722408026755853;0,0008361204013377926;0,3737458193979933;0,005852842809364548;0,001254180602006689;0,0016722408026755853;0,0033444816053511705;0,004180602006688963;0,005016722408026756;0,21906354515050167;0,2830267558528428
EC150354;MASCULINO;1312,0;1229,0;56,0;27,0;0,042682926829268296;0,020579268292682928;0,028963414634146343;0,0;0,007621951219512195;0,0007621951219512195;0,0022865853658536584;0,29878048780487804;0,006859756097560976;0,0038109756097560975;0,0022865853658536584;0,008384146341463415;0,005335365853658537;0,009908536585365854;0,3330792682926829;0,22865853658536586
EC150356;MASCULINO;952,0;905,0;35,0;12,0;0,03676470588235294;0,012605042016806723;0,026260504201680673;0,0010504201680672268;0,0010504201680672268;0,0010504201680672268;0,0010504201680672268;0,2930672268907563;0,009453781512605041;0,0021008403361344537;0,0010504201680672268;0,005252100840336135;0,0031512605042016808;0,0031512605042016808;0,20483193277310924;0,39810924369747897
EC150450;MASCULINO;1873,0;1748,0;105,0;20,0;0,05605979711692472;0,010678056593699947;0,02989855846235985;0,0005339028296849973;0,0;0,0010678056593699946;0,0;0,398825413774693;0,0037373198077949813;0,002135611318739989;0,002135611318739989;0,002135611318739989;0,004805125467164976;0,009076348104644954;0,05178857447944474;0,4271222637479979
EC150451;MASCULINO;330,0;309,0;16,0;5,0;0,048484848484848485;0,015151515151515152;0,024242424242424242;0,0;0,006060606060606061;0,0;0,0;0,39090909090909093;0,006060606060606061;0,0;0,0;0,0;0,0030303030303030303;0,0030303030303030303;0,06666666666666667;0,43636363636363634
EC150452;MASCULINO;154,0;140,0;11,0;3,0;0,07142857142857142;0,01948051948051948;0,012987012987012988;0,0;0,0;0,0;0,0;0,3246753246753247;0,006493506493506494;0,0;0,0;0,006493506493506494;0,006493506493506494;0,006493506493506494;0,032467532467532464;0,512987012987013
EC150453;MASCULINO;262,0;257,0;4,0;1,0;0,015267175572519083;0,003816793893129771;0,0;0,0;0,0;0,0;0,0;0,07633587786259542;0,0;0,0;0,0;0,003816793893129771;0,0;0,0;0,061068702290076333;0,8396946564885496
EC150454;MASCULINO;552,0;514,0;32,0;6,0;0,057971014492753624;0,010869565217391304;0,034420289855072464;0,0;0,0018115942028985507;0,0;0,0;0,3641304347826087;0,0036231884057971015;0,0;0,0;0,0;0,0036231884057971015;0,009057971014492754;0,04528985507246377;0,4692028985507246
EC150455;MASCULINO;226,0;218,0;8,0;0,0;0,035398230088495575;0,0;0,01327433628318584;0,0;0,0;0,0;0,0;0,42035398230088494;0,004424778761061947;0,0;0,0;0,0;0,004424778761061947;0,004424778761061947;0,05752212389380531;0,46017699115044247
EC150750;MASCULINO;831,0;766,0;55,0;10,0;0,06618531889290012;0,012033694344163659;0,026474127557160047;0,0024067388688327317;0,0024067388688327317;0,0012033694344163659;0,0024067388688327317;0,48014440433212996;0,0012033694344163659;0,0048134777376654635;0,0024067388688327317;0,0;0,006016847172081829;0,009626955475330927;0,05415162454873646;0,3285198555956679
EC150751;MASCULINO;257,0;247,0;5,0;5,0;0,019455252918287938;0,019455252918287938;0,027237354085603113;0,0;0,0038910505836575876;0,0;0,007782101167315175;0,5136186770428015;0,0;0,0;0,0038910505836575876;0,0;0,007782101167315175;0,0;0,01556420233463035;0,38132295719844356
EC150752;MASCULINO;238,0;225,0;11,0;2,0;0,046218487394957986;0,008403361344537815;0,012605042016806723;0,0;0,0;0,0;0,01680672268907563;0,3235294117647059;0,004201680672268907;0,0;0,0;0,004201680672268907;0,0;0,0;0,1134453781512605;0,47058823529411764
EC150753;MASCULINO;310,0;285,0;23,0;2,0;0,07419354838709677;0,0064516129032258064;0,02258064516129032;0,0;0,0;0,0;0,0064516129032258064;0,3387096774193548;0,0;0,00967741935483871;0,0;0,0;0,0;0,0032258064516129032;0,1064516129032258;0,432258064516129
EC150754;MASCULINO;781,0;742,0;29,0;10,0;0,03713188220230474;0,012804097311139564;0,03329065300896287;0,0012804097311139564;0,0012804097311139564;0,0012804097311139564;0,010243277848911651;0,586427656850192;0,0012804097311139564;0,002560819462227913;0,0;0,0;0,006402048655569782;0,005121638924455826;0,03969270166453265;0,2612035851472471
EC150756;MASCULINO;114,0;109,0;4,0;0,0;0,03508771929824561;0,0;0,043859649122807015;0,0;0,02631578947368421;0,0;0,02631578947368421;0,38596491228070173;0,0;0,0;0,008771929824561403;0,0;0,008771929824561403;0,008771929824561403;0,017543859649122806;0,4298245614035088
EC150950;MASCULINO;1645,0;1546,0;75,0;24,0;0,04559270516717325;0,01458966565349544;0,02857142857142857;0,0012158054711246201;0,0006079027355623101;0,0006079027355623101;0,00182370820668693;0,6145896656534955;0,00425531914893617;0,00182370820668693;0,0012158054711246201;0,004863221884498481;0,007902735562310031;0,007902735562310031;0,06200607902735562;0,20243161094224923
EC160150;MASCULINO;13447,0;12506,0;772,0;164,0;0,05741057484940879;0,012196028854019485;0,028854019483899755;0,0003718301479883989;0,0011154904439651967;0,0014873205919535956;0,002007882799137354;0,6154532609503979;0,006023648397412062;0,0015616866215512754;0,0028259091247118317;0,0014873205919535956;0,004015765598274708;0,011601100617238045;0,04409905555142411;0,20911727522867554
EC160152;MASCULINO;694,0;607,0;39,0;49,0;0,056195965417867436;0,07060518731988473;0,01440922190201729;0,002881844380403458;0,002881844380403458;0,0;0,001440922190201729;0,48559077809798273;0,01585014409221902;0,0;0,0;0,01585014409221902;0,007204610951008645;0,010086455331412104;0,15273775216138327;0,16570605187319884
EC160154;MASCULINO;673,0;617,0;35,0;20,0;0,05200594353640416;0,029717682020802376;0,0237741456166419;0,0;0,0014858841010401188;0,0014858841010401188;0,0014858841010401188;0,5735512630014858;0,01188707280832095;0,0014858841010401188;0,0;0,004457652303120356;0,008915304606240713;0,004457652303120356;0,08915304606240713;0,19465081723625557
EC160155;MASCULINO;628,0;596,0;24,0;8,0;0,03821656050955414;0,012738853503184714;0,022292993630573247;0,0015923566878980893;0,0015923566878980893;0,0;0,0015923566878980893;0,6210191082802548;0,009554140127388535;0,0;0,0;0,004777070063694267;0,006369426751592357;0,007961783439490446;0,05732484076433121;0,21496815286624205
EC160156;MASCULINO;1084,0;971,0;78,0;35,0;0,07195571955719557;0,03228782287822878;0,012915129151291513;0,0018450184501845018;0,0036900369003690036;0,005535055350553505;0,0027675276752767526;0,35239852398523985;0,004612546125461255;0,0;0,0036900369003690036;0,007380073800738007;0,008302583025830259;0,00922509225092251;0,3865313653136531;0,09686346863468635
EC160157;MASCULINO;171,0;162,0;5,0;4,0;0,029239766081871343;0,023391812865497075;0,011695906432748537;0,0;0,0;0,005847953216374269;0,0;0,6491228070175439;0,011695906432748537;0,005847953216374269;0,0;0,0;0,005847953216374269;0,011695906432748537;0,05263157894736842;0,19298245614035087
EC160158;MASCULINO;123,0;112,0;11,0;0,0;0,08943089430894309;0,0;0,0;0,0;0,016260162601626018;0,008130081300813009;0,024390243902439025;0,2764227642276423;0,04878048780487805;0,0;0,008130081300813009;0,016260162601626018;0,0;0,0;0,0975609756097561;0,4146341463414634
EC160159;MASCULINO;228,0;209,0;14,0;5,0;0,06140350877192982;0,021929824561403508;0,008771929824561403;0,0;0,0043859649122807015;0,0043859649122807015;0,0;0,2982456140350877;0,0043859649122807015;0,0043859649122807015;0,0;0,0043859649122807015;0,0;0,008771929824561403;0,32894736842105265;0,25
EC160161;MASCULINO;1090,0;958,0;87,0;45,0;0,0798165137614679;0,04128440366972477;0,008256880733944955;0,0;0,0045871559633027525;0,0045871559633027525;0,003669724770642202;0,19541284403669726;0,005504587155963303;0,003669724770642202;0,001834862385321101;0,008256880733944955;0,003669724770642202;0,0045871559633027525;0,5009174311926605;0,13394495412844037
EC160162;MASCULINO;1959,0;1794,0;123,0;42,0;0,06278713629402756;0,021439509954058193;0,007656967840735069;0,002552322613578356;0,002552322613578356;0,0015313935681470138;0,004594180704441042;0,4951505870342011;0,010719754977029096;0,0015313935681470138;0,0005104645227156713;0,004594180704441042;0,002552322613578356;0,00816743236345074;0,20316488004083716;0,1704951505870342
EC160163;MASCULINO;1338,0;1217,0;86,0;35,0;0,06427503736920777;0,026158445440956652;0,012705530642750373;0,0007473841554559044;0,0;0,0029895366218236174;0,0007473841554559044;0,5246636771300448;0,007473841554559043;0,0;0,004484304932735426;0,0007473841554559044;0,0029895366218236174;0,008221225710014948;0,11061285500747384;0,23318385650224216
EC160164;MASCULINO;443,0;402,0;37,0;4,0;0,0835214446952596;0,009029345372460496;0,020316027088036117;0,0;0,002257336343115124;0,0;0,004514672686230248;0,5191873589164786;0,009029345372460496;0,004514672686230248;0,0;0,0;0,004514672686230248;0,002257336343115124;0,13318284424379231;0,2076749435665914
EC160165;MASCULINO;883,0;827,0;45,0;11,0;0,05096262740656852;0,01245753114382786;0,026047565118912798;0,0;0,0;0,0022650056625141564;0,0011325028312570782;0,6398640996602492;0,004530011325028313;0,0011325028312570782;0,0;0,0011325028312570782;0,0033975084937712344;0,004530011325028313;0,05436013590033975;0,19818799546998866
EC160166;MASCULINO;643,0;593,0;35,0;15,0;0,05443234836702955;0,02332814930015552;0,024883359253499222;0,003110419906687403;0,004665629860031105;0,0015552099533437014;0,0015552099533437014;0,4572317262830482;0,006220839813374806;0,0;0,0015552099533437014;0,004665629860031105;0,003110419906687403;0,01088646967340591;0,07309486780715396;0,3297045101088647
EC160250;MASCULINO;642,0;600,0;34,0;8,0;0,0529595015576324;0,012461059190031152;0,018691588785046728;0,001557632398753894;0,0;0,001557632398753894;0,001557632398753894;0,6012461059190031;0,006230529595015576;0,0;0,004672897196261682;0,001557632398753894;0,003115264797507788;0,009345794392523364;0,024922118380062305;0,2601246105919003
EC160251;MASCULINO;722,0;690,0;21,0;11,0;0,029085872576177285;0,015235457063711912;0,0110803324099723;0,004155124653739612;0,002770083102493075;0,0013850415512465374;0,004155124653739612;0,44598337950138506;0,0110803324099723;0,00554016620498615;0,0013850415512465374;0,004155124653739612;0,002770083102493075;0,008310249307479225;0,1481994459833795;0,3047091412742382
EC160252;MASCULINO;2317,0;2204,0;92,0;21,0;0,03970651704790678;0,00906344410876133;0,026327147173068624;0,00043159257660768235;0,0030211480362537764;0,0021579628830384117;0,001294777729823047;0,6240828657747087;0,006042296072507553;0,0017263703064307294;0,0;0,001294777729823047;0,0034527406128614588;0,00906344410876133;0,050064738886491156;0,22227017695295642
EC160350;MASCULINO;1603,0;1529,0;48,0;26,0;0,02994385527136619;0,016219588271990017;0,010605115408608859;0,0012476606363069245;0,0012476606363069245;0,004366812227074236;0,0012476606363069245;0,46038677479725515;0,009357454772301934;0,0;0,0012476606363069245;0,004366812227074236;0,0012476606363069245;0,007485963817841547;0,1715533374922021;0,2794759825327511
EC160351;MASCULINO;388,0;353,0;24,0;11,0;0,061855670103092786;0,028350515463917526;0,03608247422680412;0,0;0,0;0,0;0,0;0,5180412371134021;0,005154639175257732;0,0;0,0;0,015463917525773196;0,005154639175257732;0,01288659793814433;0,1211340206185567;0,1958762886597938
EC160450;MASCULINO;1739,0;1652,0;61,0;25,0;0,035077630822311676;0,01437607820586544;0,006900517538815411;0,0017251293847038527;0,0011500862564692352;0,0023001725129384704;0,0017251293847038527;0,40655549166187466;0,004600345025876941;0,004600345025876941;0,0011500862564692352;0,0023001725129384704;0,0034502587694077054;0,008625646923519264;0,24784358826912017;0,25704427832087406
EC160451;MASCULINO;976,0;874,0;55,0;47,0;0,05635245901639344;0,04815573770491803;0,006147540983606557;0,0020491803278688526;0,004098360655737705;0,004098360655737705;0,0010245901639344263;0,3391393442622951;0,010245901639344262;0,0030737704918032786;0,0010245901639344263;0,0030737704918032786;0,0020491803278688526;0,012295081967213115;0,2510245901639344;0,25614754098360654
EC170151;MASCULINO;7678,0;7180,0;425,0;67,0;0,05535295649908831;0,008726230789268038;0,03243032039593644;0,0011721802552748112;0,0009116957541026309;0,0013024225058609013;0,003125814014066163;0,450898671529044;0,0057306590257879654;0,016931492576191715;0,0028653295128939827;0,001041938004688721;0,004688721021099245;0,011591560302162022;0,06303724928366762;0,3394113050273509
EC170152;MASCULINO;11236,0;10490,0;627,0;111,0;0,055802776788892845;0,009878960484158063;0,030259878960484158;0,00088999644001424;0,00133499466002136;0,001512993948024208;0,003737985048059808;0,3241367034531862;0,0063189747241011035;0,003025987896048416;0,00355998576005696;0,001156995372018512;0,0043609825560697755;0,014951940192239232;0,10270558917764329;0,43565325738697047
EC170153;MASCULINO;736,0;650,0;72,0;14,0;0,09782608695652174;0,019021739130434784;0,029891304347826088;0,0;0,0;0,001358695652173913;0,006793478260869565;0,31657608695652173;0,004076086956521739;0,001358695652173913;0,002717391304347826;0,001358695652173913;0,002717391304347826;0,006793478260869565;0,12092391304347826;0,38858695652173914
EC170154;MASCULINO;1956,0;1808,0;122,0;24,0;0,06237218813905931;0,012269938650306749;0,02147239263803681;0,0010224948875255625;0,002044989775051125;0,0005112474437627812;0,00408997955010225;0,36349693251533743;0,005112474437627812;0,002044989775051125;0,002556237218813906;0,002044989775051125;0,002556237218813906;0,024539877300613498;0,09151329243353783;0,4013292433537832
EC170155;MASCULINO;55919,0;51738,0;3675,0;486,0;0,06572005937159105;0,008691142545467552;0,034532091060283626;0,0012339276453441584;0,0022353761691017364;0,0016810028791645058;0,0027718664496861533;0,38659489618913073;0,004721114469142867;0,0019492480194567142;0,0029328135338614783;0,0012518106546969723;0,004327688263380962;0,011749137144798727;0,05724351293835727;0,41200665247947926
EC170156;MASCULINO;32538,0;30503,0;1837,0;195,0;0,05645706558485463;0,00599299280840863;0,03439055873132952;0,0007375991148810622;0,0015366648226688795;0,0012600651545884812;0,0034728624992316675;0,5255701026492101;0,005562726658061344;0,0021205974552830536;0,0023664638269100743;0,000676132521974307;0,004702194357366771;0,01300018439977872;0,042565615587927964;0,29949597393816463
EC170157;MASCULINO;14503,0;13816,0;607,0;78,0;0,041853409639384956;0,005378197614286699;0,030545404399089843;0,0010342687719782115;0,0011032200234434254;0,0008274150175825692;0,0026201475556781356;0,6287664621112873;0,0071709301523822655;0,0010342687719782115;0,00572295387161277;0,0011032200234434254;0,002827001310073778;0,006343515134799697;0,03681996828242433;0,22671171481762395
EC170158;MASCULINO;345,0;313,0;24,0;8,0;0,06956521739130435;0,02318840579710145;0,034782608695652174;0,0;0,005797101449275362;0,002898550724637681;0,002898550724637681;0,3710144927536232;0,008695652173913044;0,002898550724637681;0,002898550724637681;0,0;0,008695652173913044;0,011594202898550725;0,10144927536231885;0,3536231884057971
EC170159;MASCULINO;3196,0;2932,0;217,0;50,0;0,0678973717146433;0,015644555694618274;0,018147684605757195;0,0015644555694618273;0,0012515644555694619;0,0012515644555694619;0,0037546933667083854;0,2543804755944931;0,00688360450563204;0,0031289111389236545;0,0018773466833541927;0,0012515644555694619;0,004067584480600751;0,0071964956195244055;0,10638297872340426;0,5062578222778473
EC170160;MASCULINO;6978,0;6404,0;474,0;98,0;0,06792777300085985;0,01404413872169676;0,018773287474921182;0,0015763829177414732;0,0011464603038119805;0,0008598452278589854;0,0031527658354829464;0,2711378618515334;0,00415591860131843;0,0015763829177414732;0,003296073373459444;0,0011464603038119805;0,00530237890513041;0,006878761822871883;0,1295500143307538;0,46918887933505304
EC170161;MASCULINO;746,0;669,0;59,0;19,0;0,07908847184986595;0,02546916890080429;0,012064343163538873;0,0013404825737265416;0,002680965147453083;0,0;0,004021447721179625;0,3324396782841823;0,004021447721179625;0,004021447721179625;0,0013404825737265416;0,0013404825737265416;0,002680965147453083;0,006702412868632708;0,06970509383378017;0,4544235924932976
EC170162;MASCULINO;1322,0;1209,0;98,0;15,0;0,07413010590015129;0,0113464447806354;0,031013615733736764;0,0015128593040847202;0,0007564296520423601;0,0015128593040847202;0,0030257186081694403;0,348714069591528;0,00680786686838124;0,0037821482602118004;0,0022692889561270802;0,0022692889561270802;0,0022692889561270802;0,009833585476550681;0,08245083207261725;0,4183055975794251
EC170163;MASCULINO;6329,0;5749,0;478,0;99,0;0,07552535945647022;0,0156422815610681;0,021804392479064624;0,0004740085321535788;0,0012640227524095434;0,0006320113762047717;0,0011060199083583505;0,3215357876441776;0,004898088165586981;0,0007900142202559646;0,0018960341286143152;0,0011060199083583505;0,00268604834887028;0,009796176331173962;0,06588718596934745;0,47448254068573237
EC170164;MASCULINO;2928,0;2682,0;210,0;34,0;0,07172131147540983;0,011612021857923498;0,0273224043715847;0,00034153005464480874;0,00273224043715847;0,0006830601092896175;0,0034153005464480873;0,29439890710382516;0,00853825136612022;0,0020491803278688526;0,0034153005464480873;0,0;0,0047814207650273225;0,01058743169398907;0,11372950819672131;0,44398907103825136
EC170165;MASCULINO;3810,0;3541,0;230,0;36,0;0,06036745406824147;0,009448818897637795;0,027821522309711286;0,0013123359580052493;0,002362204724409449;0,0005249343832020997;0,001837270341207349;0,3905511811023622;0,004724409448818898;0,003674540682414698;0,0015748031496062992;0,0013123359580052493;0,004461942257217848;0,010236220472440945;0,09291338582677165;0,38608923884514434
EC170166;MASCULINO;799,0;755,0;37,0;8,0;0,04630788485607009;0,010012515644555695;0,017521902377972465;0,0025031289111389237;0,0012515644555694619;0,0025031289111389237;0,0037546933667083854;0,36295369211514394;0,012515644555694618;0,0;0,0025031289111389237;0,0;0,0012515644555694619;0,0050062578222778474;0,13516896120150187;0,3979974968710889
EC170168;MASCULINO;1033,0;906,0;93,0;34,0;0,09002904162633107;0,03291384317521781;0,010648596321393998;0,000968054211035818;0,000968054211035818;0,001936108422071636;0,000968054211035818;0,35818005808325265;0,006776379477250726;0,002904162633107454;0,002904162633107454;0,001936108422071636;0,006776379477250726;0,008712487899322363;0,06776379477250725;0,40561471442400776
EC170169;MASCULINO;1290,0;1131,0;116,0;43,0;0,08992248062015504;0,03333333333333333;0,01627906976744186;0,0015503875968992248;0,0015503875968992248;0,0015503875968992248;0,0015503875968992248;0,37906976744186044;0,007751937984496124;0,002325581395348837;0,004651162790697674;0,0015503875968992248;0,0015503875968992248;0,010077519379844961;0,040310077519379844;0,4069767441860465
EC170170;MASCULINO;4551,0;4319,0;194,0;36,0;0,04262799384750604;0,007910349373764008;0,02966381015161503;0,0006591957811470006;0,0013183915622940012;0,001098659635245001;0,0061524939573720065;0,5491100856954515;0,0065919578114700065;0,0026367831245880024;0,0024170511975390024;0,0008789277081960009;0,004174906613931004;0,00966820479015601;0,05844869259503406;0,2762030323005933
EC170171;MASCULINO;661,0;612,0;39,0;10,0;0,059001512859304085;0,015128593040847202;0,018154311649016642;0,0015128593040847202;0,0045385779122541605;0,0030257186081694403;0,006051437216338881;0,2934947049924357;0,006051437216338881;0,0030257186081694403;0,0015128593040847202;0,0;0,0045385779122541605;0,012102874432677761;0,15128593040847202;0,4205748865355522
EC170172;MASCULINO;1679,0;1482,0;151,0;46,0;0,08993448481238833;0,0273972602739726;0,02144133412745682;0,0005955926146515784;0,00357355568790947;0,0011911852293031567;0,0005955926146515784;0,33650982727814177;0,01072066706372841;0,004169148302561048;0,004764740917212627;0,0011911852293031567;0,005360333531864205;0,011316259678379988;0,07921381774865992;0,40202501488981535
EC170174;MASCULINO;376,0;360,0;14,0;2,0;0,03723404255319149;0,005319148936170213;0,034574468085106384;0,0;0,0;0,0;0,0;0,4175531914893617;0,007978723404255319;0,0;0,0026595744680851063;0,0;0,023936170212765957;0,007978723404255319;0,06648936170212766;0,3962765957446808
EC170175;MASCULINO;6819,0;6241,0;468,0;110,0;0,0686317641882974;0,01613139756562546;0,02800997213667693;0,000586596275113653;0,0014664906877841326;0,0013198416190057193;0,002346385100454612;0,29271154128171284;0,009678838539375276;0,0026396832380114386;0,0032262795131250918;0,0017597888253409592;0,004546121132130811;0,009825487608153688;0,10412083883267341;0,45299897345651857
EC170176;MASCULINO;7498,0;7021,0;390,0;90,0;0,05201387036543078;0,01200320085356095;0,019338490264070418;0,0008002133902373967;0,001200320085356095;0,0008002133902373967;0,0032008535609495867;0,2534009069085089;0,00480128034142438;0,001200320085356095;0,0032008535609495867;0,00240064017071219;0,0040010669511869835;0,011069618564950654;0,14843958388903708;0,48252867431315016
EC170177;MASCULINO;12534,0;11699,0;721,0;104,0;0,05752353598212861;0,00829743098771342;0,02920057443752992;0,0008776128929312271;0,0015956598053295037;0,0010371788734641774;0,004547630445189086;0,5048667624062549;0,004786979415988511;0,0019147917663954045;0,0027924046593266316;0,00015956598053295037;0,0035902345619913834;0,012845061432902505;0,045556087442157334;0,3196106590074996
EC170178;MASCULINO;2605,0;2329,0;192,0;84,0;0,07370441458733205;0,032245681381957776;0,02034548944337812;0,0023032629558541267;0,0007677543186180423;0,0;0,0019193857965451055;0,27600767754318617;0,01036468330134357;0,002687140115163148;0,003071017274472169;0,0023032629558541267;0,004222648752399232;0,008829174664107486;0,10287907869481766;0,4583493282149712
EC170179;MASCULINO;5798,0;5374,0;363,0;59,0;0,0626077957916523;0,010175922731976544;0,027595722662987238;0,00017247326664367022;0,002932045532942394;0,0010348395998620215;0,002069679199724043;0,3678854777509486;0,006726457399103139;0,002414625733011383;0,0034494653328734047;0,0010348395998620215;0,005174197999310107;0,007761296998965161;0,062262849258364956;0,4363573646084857
EC170180;MASCULINO;12964,0;12012,0;827,0;119,0;0,06379203949398334;0,0091792656587473;0,026535020055538414;0,0008485035482875655;0,0011570502931194076;0,0014655970379512497;0,0029311940759024994;0,38475779080530703;0,0046282011724776305;0,0020055538414069734;0,002776920703486578;0,00046282011724776306;0,00455106448626967;0,011184819500154273;0,07937365010799136;0,4038876889848812
EC170181;MASCULINO;2653,0;2352,0;213,0;89,0;0,08028646814926499;0,03354692800603091;0,015454202789295138;0,0;0,0018846588767433095;0,0015077271013946476;0,003769317753486619;0,28043724085940447;0,005653976630229929;0,0022615906520919715;0,004523181304183943;0,0022615906520919715;0,002638522427440633;0,008669430833019224;0,12589521296645306;0,43158688277421786
EC170183;MASCULINO;1188,0;1097,0;71,0;20,0;0,05976430976430976;0,016835016835016835;0,026936026936026935;0,0008417508417508417;0,0016835016835016834;0,0025252525252525255;0,0008417508417508417;0,398989898989899;0,009259259259259259;0,0025252525252525255;0,0025252525252525255;0,0016835016835016834;0,0008417508417508417;0,011784511784511785;0,05303030303030303;0,4099326599326599
EC170184;MASCULINO;21825,0;20103,0;1506,0;207,0;0,06900343642611684;0,009484536082474227;0,031798396334478805;0,0018327605956471936;0,0021076746849942726;0,0019243986254295533;0,0032989690721649486;0,4297823596792669;0,006414662084765177;0,0019702176403207333;0,0040778923253150055;0,0005956471935853379;0,003711340206185567;0,009942726231386026;0,06529209621993128;0,35835051546391755
EC170185;MASCULINO;7796,0;7167,0;512,0;113,0;0,06567470497691123;0,014494612621857363;0,02655207798871216;0,001026167265264238;0,0019240636223704464;0,002052334530528476;0,003976398152898923;0,29117496151872757;0,007696254489481785;0,002308876346844536;0,004104669061056952;0,0012827090815802976;0,004104669061056952;0,009876859928168292;0,0883786557208825;0,47485890200102615
EC170186;MASCULINO;2068,0;1933,0;122,0;12,0;0,05899419729206963;0,005802707930367505;0,0367504835589942;0,0014506769825918763;0,0009671179883945841;0,0014506769825918763;0,005802707930367505;0,39506769825918764;0,006769825918762089;0,0029013539651837525;0,0019342359767891683;0,0024177949709864605;0,0033849129593810446;0,017408123791102514;0,12282398452611218;0,3355899419729207
EC170250;MASCULINO;2786,0;2552,0;167,0;66,0;0,05994256999282125;0,023689877961234746;0,01974156496769562;0,0;0,0014357501794687725;0,0007178750897343862;0,0021536252692031586;0,19633883704235464;0,002512562814070352;0,0014357501794687725;0,002871500358937545;0,0007178750897343862;0,003948312993539124;0,00933237616654702;0,19131371141421394;0,4834888729361091
EC170251;MASCULINO;1965,0;1824,0;107,0;32,0;0,0544529262086514;0,01628498727735369;0,024936386768447838;0,0005089058524173028;0,0010178117048346056;0,0010178117048346056;0,0030534351145038168;0,300763358778626;0,0055979643765903305;0,0015267175572519084;0,0015267175572519084;0,0005089058524173028;0,002544529262086514;0,009669211195928753;0,13027989821882952;0,44529262086513993
EC170252;MASCULINO;5427,0;4854,0;454,0;118,0;0,08365579509858116;0,02174313617099687;0,008291873963515755;0,0003685277317118113;0,0003685277317118113;0,0012898470609913396;0,0012898470609913396;0,08549843375714022;0,002763957987838585;0,0012898470609913396;0,000552791597567717;0,0012898470609913396;0,002211166390270868;0,019531969780726;0,30753639211350653;0,4621337755666114
EC170253;MASCULINO;2661,0;2442,0;178,0;41,0;0,06689214580984593;0,015407741450582487;0,007140172867343104;0,0;0,0018789928598271326;0,0018789928598271326;0,002254791431792559;0,09845922585494175;0,0033821871476888386;0,000751597143930853;0,0011273957158962795;0,000751597143930853;0,000751597143930853;0,00751597143930853;0,31078541901540774;0,48102217211574594
EC170254;MASCULINO;1068,0;979,0;70,0;18,0;0,06554307116104868;0,016853932584269662;0,011235955056179775;0,0009363295880149813;0,0009363295880149813;0,0009363295880149813;0,0009363295880149813;0,1348314606741573;0,0018726591760299626;0,0009363295880149813;0,0018726591760299626;0,0009363295880149813;0,0018726591760299626;0,0046816479400749065;0,3099250936329588;0,4447565543071161
EC170255;MASCULINO;1448,0;1329,0;98,0;21,0;0,06767955801104972;0,014502762430939226;0,013812154696132596;0,0013812154696132596;0,0020718232044198894;0,0006906077348066298;0,0006906077348066298;0,21823204419889503;0,004143646408839779;0,0006906077348066298;0,009668508287292817;0,0006906077348066298;0,0020718232044198894;0,0055248618784530384;0,19751381215469613;0,4606353591160221
EC170256;MASCULINO;3106,0;2887,0;164,0;53,0;0,05280103026400515;0,01706374758531874;0,015775917578879587;0,000643915003219575;0,0022537025112685126;0,0009658725048293626;0,0022537025112685126;0,1960721184803606;0,003219575016097875;0,0025756600128783;0,003219575016097875;0,0009658725048293626;0,0035415325177076628;0,008692852543464262;0,22537025112685125;0,4639407598197038
EC170350;MASCULINO;12722,0;11994,0;603,0;121,0;0,04739820782895771;0,009511083163024682;0,02601792171042289;0,0007074359377456375;0,0012576638893255778;0,0011004559031598806;0,002043703820154064;0,42312529476497407;0,003458575695645339;0,0021223078132369126;0,0023581197924854584;0,0007074359377456375;0,004244615626473825;0,010139915107687471;0,1539066184562176;0,3115862285804119
EC170351;MASCULINO;3347,0;3139,0;181,0;23,0;0,054078279055870926;0,0068718255153869135;0,029279952195996415;0,0014938751120406335;0,00179265013444876;0,0005975500448162533;0,002091425156856887;0,35016432626232447;0,0044816253361219;0,00089632506722438;0,00268897520167314;0,00029877502240812666;0,005079175380938153;0,0068718255153869135;0,16552136241410217;0,3665969524947714
EC170352;MASCULINO;2454,0;2267,0;164,0;20,0;0,06682966585167074;0,008149959250203748;0,021597392013039934;0,00040749796251018743;0,0016299918500407497;0,0016299918500407497;0,0008149959250203749;0,3475957620211899;0,004482477587612062;0,0012224938875305623;0,0024449877750611247;0,0012224938875305623;0,0016299918500407497;0,008149959250203748;0,1951915240423798;0,33577832110839445
EC170353;MASCULINO;5654,0;5237,0;367,0;52,0;0,0649097983728334;0,00919702865228157;0,023876901308807923;0,0008843296781039972;0,0015917934205871948;0,001238061549345596;0,0021223912274495934;0,26317651220374955;0,004952246197382384;0,0019455252918287938;0,0022992571630703926;0,0015917934205871948;0,0030067209055535905;0,012203749557835162;0,18500176865935622;0,422355854262469
EC170354;MASCULINO;574,0;533,0;36,0;5,0;0,0627177700348432;0,008710801393728223;0,012195121951219513;0,0017421602787456446;0,0;0,0;0,0;0,25435540069686413;0,006968641114982578;0,0017421602787456446;0,005226480836236934;0,005226480836236934;0,0;0,008710801393728223;0,2700348432055749;0,3623693379790941
EC170355;MASCULINO;1101,0;995,0;83,0;23,0;0,07538601271571299;0,02089009990917348;0,01907356948228883;0,0018165304268846503;0,0;0,0027247956403269754;0,0018165304268846503;0,36603088101725706;0,0009082652134423251;0,005449591280653951;0,005449591280653951;0,0009082652134423251;0,005449591280653951;0,006357856494096276;0,07175295186194369;0,4159854677565849
EC170356;MASCULINO;3686,0;3427,0;225,0;33,0;0,061041779706999456;0,008952794357026587;0,031470428648941944;0,0010851871947911015;0,0008138903960933261;0,0018990775908844276;0,0018990775908844276;0,38334237655995657;0,005968529571351058;0,0018990775908844276;0,0024416711882799783;0,00027129679869777537;0,004612045577862181;0,012750949538795442;0,12099837221920781;0,3602821486706457
EC170357;MASCULINO;1642,0;1521,0;99,0;22,0;0,06029232643118149;0,013398294762484775;0,024969549330085262;0,001218026796589525;0,0018270401948842874;0,0;0,0048721071863581;0,4902557856272838;0,00243605359317905;0,0030450669914738123;0,001218026796589525;0,0006090133982947625;0,0036540803897685747;0,011571254567600487;0,08343483556638245;0,2971985383678441
EC170450;MASCULINO;7463,0;7020,0;362,0;83,0;0,04850596274956452;0,011121532895618383;0,019027200857563983;0,0009379606056545625;0,0014739380946000268;0,0010719549778909286;0,0008039662334181965;0,24145785876993167;0,003349859305909152;0,0012059493501272946;0,0030818705614364195;0,0008039662334181965;0,003349859305909152;0,009379606056545624;0,17834650944660324;0,4763499933002814
EC170451;MASCULINO;1276,0;1195,0;58,0;23,0;0,045454545454545456;0,018025078369905956;0,018025078369905956;0,001567398119122257;0,0;0,0007836990595611285;0,0007836990595611285;0,26802507836990597;0,0054858934169279;0,0007836990595611285;0,001567398119122257;0,001567398119122257;0,0054858934169279;0,007053291536050157;0,22884012539184953;0,39655172413793105
EC170452;MASCULINO;1918,0;1760,0;123,0;33,0;0,06412930135557873;0,017205422314911366;0,01564129301355579;0,0020855057351407717;0,0026068821689259644;0,0010427528675703858;0,0015641293013555788;0,22210636079249219;0,0036496350364963502;0,0026068821689259644;0,0026068821689259644;0,0026068821689259644;0,0015641293013555788;0,013555787278415016;0,1470281543274244;0,4989572471324296
EC170453;MASCULINO;710,0;662,0;38,0;10,0;0,05352112676056338;0,014084507042253521;0,014084507042253521;0,0;0,0014084507042253522;0,0;0,0028169014084507044;0,23380281690140844;0,005633802816901409;0,004225352112676056;0,0014084507042253522;0,0014084507042253522;0,0028169014084507044;0,008450704225352112;0,19154929577464788;0,4647887323943662
EC170454;MASCULINO;1759,0;1636,0;97,0;27,0;0,05514496873223423;0,015349630471859011;0,007959067652075043;0,0017055144968732233;0,0005685048322910744;0,0005685048322910744;0,0011370096645821489;0,1313246162592382;0,003979533826037522;0,0011370096645821489;0,0034110289937464467;0,0028425241614553724;0,0028425241614553724;0,0017055144968732233;0,24843661171119955;0,5224559408754974
EC170550;MASCULINO;28174,0;26442,0;1530,0;187,0;0,0543053879463335;0,006637325193440761;0,030737559451977;0,0006033931994037055;0,0016682047277631858;0,0012777738340313764;0,00252005395045077;0,4817207354298289;0,005643501100305246;0,001881167033435082;0,003300915737914389;0,0007808617874636189;0,003762334066870164;0,01192588911762618;0,05522822460424505;0,3374742670547313
EC170551;MASCULINO;1263,0;1164,0;87,0;10,0;0,0688836104513064;0,00791765637371338;0,03246239113222486;0,000791765637371338;0,000791765637371338;0,001583531274742676;0,003167062549485352;0,4014251781472684;0,006334125098970704;0,001583531274742676;0,0055423594615993665;0,000791765637371338;0,003167062549485352;0,007125890736342043;0,08076009501187649;0,3760886777513856
EC170552;MASCULINO;263,0;254,0;7,0;2,0;0,026615969581749048;0,0076045627376425855;0,011406844106463879;0,0;0,0;0,0;0,0038022813688212928;0,28517110266159695;0,0038022813688212928;0,0;0,0038022813688212928;0,0;0,0038022813688212928;0,0038022813688212928;0,16730038022813687;0,4828897338403042
EC170750;MASCULINO;4176,0;3842,0;243,0;89,0;0,05818965517241379;0,021312260536398467;0,02346743295019157;0,0016762452107279694;0,0016762452107279694;0,0009578544061302681;0,0026340996168582377;0,43127394636015326;0,007183908045977011;0,0016762452107279694;0,0023946360153256703;0,0007183908045977011;0,005268199233716475;0,009578544061302681;0,032806513409961685;0,39870689655172414
EC170751;MASCULINO;991,0;938,0;37,0;16,0;0,03733602421796166;0,016145307769929364;0,014127144298688193;0,0020181634712411706;0,004036326942482341;0,0;0,0030272452068617556;0,49949545913218973;0,0030272452068617556;0,004036326942482341;0,0020181634712411706;0,0;0,0020181634712411706;0,009081735620585268;0,03632694248234107;0,36730575176589303
EC170850;MASCULINO;5618,0;5121,0;364,0;134,0;0,06479174083303667;0,02385190459238163;0,015129939480242079;0,001423994304022784;0,001245995016019936;0,001601993592025632;0,001601993592025632;0,3997864008543966;0,00711997152011392;0,000533997864008544;0,003025987896048416;0,000533997864008544;0,005161979352082592;0,007297970808116768;0,02741189035243859;0,4396582413670345
EC170950;MASCULINO;7782,0;7050,0;504,0;227,0;0,06476484194294525;0,02916987920842971;0,014263685427910563;0,0006425083526085839;0,001799023387304035;0,0015420200462606013;0,0012850167052171678;0,32896427653559496;0,00912361860704189;0,0026985350809560524;0,002441531739912619;0,0020560267283474686;0,003726548445129787;0,009766126959650475;0,018761243896170652;0,5088666152659984
EC180150;MASCULINO;1355,0;1271,0;73,0;11,0;0,05387453874538745;0,008118081180811807;0,021402214022140223;0,002952029520295203;0,0036900369003690036;0,0014760147601476014;0,002952029520295203;0,6051660516605166;0,006642066420664207;0,002214022140221402;0,002952029520295203;0,0007380073800738007;0,002952029520295203;0,007380073800738007;0,06346863468634686;0,2140221402214022
EC180151;MASCULINO;1448,0;1322,0;105,0;20,0;0,07251381215469613;0,013812154696132596;0,021408839779005526;0,0020718232044198894;0,0027624309392265192;0,003453038674033149;0,0055248618784530384;0,35220994475138123;0,006215469613259668;0,0055248618784530384;0,003453038674033149;0,0020718232044198894;0,004834254143646409;0,0055248618784530384;0,2078729281767956;0,2900552486187845
EC180152;MASCULINO;3421,0;3184,0;204,0;32,0;0,05963168664133294;0,00935399006138556;0,028646594562993278;0,00029231218941829873;0,0020461853259280912;0,0014615609470914938;0,003215434083601286;0,5676702718503361;0,007600116924875768;0,00233849751534639;0,00233849751534639;0,0020461853259280912;0,006138555977784273;0,010815551008477054;0,06313943291435253;0,2329728149663841
EC180153;MASCULINO;3190,0;2953,0;188,0;49,0;0,05893416927899686;0,015360501567398118;0,024764890282131663;0,0025078369905956114;0,0040752351097178684;0,0012539184952978057;0,0028213166144200625;0,5269592476489028;0,007523510971786834;0,003761755485893417;0,0034482758620689655;0,003761755485893417;0,003761755485893417;0,007836990595611285;0,1310344827586207;0,20219435736677116
EC180154;MASCULINO;952,0;853,0;85,0;13,0;0,08928571428571429;0,01365546218487395;0,014705882352941176;0,0031512605042016808;0,004201680672268907;0,0;0,004201680672268907;0,45903361344537813;0,01365546218487395;0,005252100840336135;0,0031512605042016808;0,0031512605042016808;0,0021008403361344537;0,007352941176470588;0,19852941176470587;0,17752100840336135
EC180155;MASCULINO;3344,0;3137,0;190,0;15,0;0,056818181818181816;0,004485645933014354;0,021830143540669856;0,0005980861244019139;0,0020933014354066986;0,0017942583732057417;0,005083732057416268;0,5873205741626795;0,005083732057416268;0,0020933014354066986;0,0014952153110047847;0,0011961722488038277;0,0062799043062200955;0,007177033492822967;0,08791866028708134;0,20813397129186603
EC180156;MASCULINO;6885,0;6436,0;369,0;78,0;0,05359477124183006;0,011328976034858388;0,026434277414669572;0,0011619462599854757;0,002759622367465505;0,00130718954248366;0,004212055192447349;0,5471314451706608;0,006971677559912854;0,0031953522149600583;0,0020334059549745823;0,0017429193899782135;0,00522875816993464;0,008569353667392882;0,1111111111111111;0,2129266521423384
EC180157;MASCULINO;2688,0;2450,0;184,0;54,0;0,06845238095238096;0,020089285714285716;0,01525297619047619;0,001488095238095238;0,002232142857142857;0,002232142857142857;0,002232142857142857;0,37351190476190477;0,0078125;0,0026041666666666665;0,002232142857142857;0,002976190476190476;0,003720238095238095;0,006324404761904762;0,34226190476190477;0,14657738095238096
EC180158;MASCULINO;1292,0;1174,0;104,0;13,0;0,0804953560371517;0,010061919504643963;0,02321981424148607;0,0007739938080495357;0,0015479876160990713;0,0030959752321981426;0,0;0,5433436532507739;0,0030959752321981426;0,003869969040247678;0,0030959752321981426;0,0023219814241486067;0,003869969040247678;0,007739938080495356;0,05417956656346749;0,2585139318885449
EC180159;MASCULINO;2215,0;1978,0;168,0;68,0;0,07584650112866817;0,03069977426636569;0,004966139954853273;0,0018058690744920992;0,0018058690744920992;0,0018058690744920992;0,0036117381489841984;0,3056433408577878;0,009932279909706547;0,0036117381489841984;0,002257336343115124;0,0013544018058690745;0,004063205417607223;0,008126410835214447;0,33363431151241535;0,21038374717832958
EC180160;MASCULINO;5206,0;4881,0;255,0;70,0;0,04898194391087207;0,013446023818670765;0,029581252401075682;0,0009604302727621974;0,0024971187091817133;0,001536688436419516;0,0021129466000768342;0,5714560122935075;0,006530925854782943;0,001920860545524395;0,00384172109104879;0,0017287744909719553;0,005186323472915867;0,010372646945831733;0,09661928543987706;0,20322704571648098
EC180161;MASCULINO;4091,0;3674,0;349,0;67,0;0,08530921535076998;0,016377413835248107;0,008799804448790027;0,0007333170373991689;0,0017110730872647274;0,0029332681495966755;0,0012221950623319481;0,16695184551454412;0,005622097286726962;0,0012221950623319481;0,0017110730872647274;0,004399902224395014;0,0017110730872647274;0,0029332681495966755;0,5404546565631875;0,1576631630408213
EC180162;MASCULINO;3160,0;2742,0;341,0;79,0;0,1079113924050633;0,025;0,018037974683544303;0,0015822784810126582;0,0012658227848101266;0,0009493670886075949;0,004746835443037975;0,30886075949367087;0,006012658227848101;0,00031645569620253165;0,0015822784810126582;0,002531645569620253;0,0037974683544303796;0,007911392405063292;0,31613924050632913;0,1939873417721519
EC180163;MASCULINO;3032,0;2837,0;170,0;25,0;0,056068601583113456;0,008245382585751979;0,024736147757255935;0,0013192612137203166;0,001978891820580475;0,0009894459102902375;0,002968337730870712;0,5445250659630607;0,0079155672823219;0,0036279683377308707;0,0032981530343007917;0,0009894459102902375;0,00395778364116095;0,010883905013192613;0,10686015831134564;0,22163588390501318
EC180164;MASCULINO;791,0;650,0;106,0;35,0;0,13400758533501897;0,04424778761061947;0,012642225031605562;0,0012642225031605564;0,0037926675094816687;0,0037926675094816687;0,0012642225031605564;0,3008849557522124;0,006321112515802781;0,0;0,0025284450063211127;0,0037926675094816687;0,0037926675094816687;0,006321112515802781;0,24905183312262957;0,22629582806573956
EC180165;MASCULINO;6433,0;5895,0;423,0;107,0;0,06575470231618219;0,016632986165086273;0,017410228509249184;0,001399036219493238;0,001865381625990984;0,002176278563656148;0,001709933157158402;0,4438053785170216;0,009948702005285248;0,002176278563656148;0,003419866314316804;0,00310896937665164;0,00388621172081455;0,006839732628633608;0,21203171148764186;0,20659101507850147
EC180166;MASCULINO;2353,0;2221,0;105,0;26,0;0,044623884402889925;0,011049723756906077;0,022099447513812154;0,0012749681257968552;0,0021249468763280916;0,003399915002124947;0,0021249468763280916;0,5359116022099447;0,006799830004249894;0,0008499787505312367;0,0025499362515937103;0,00042498937526561835;0,005949851253718657;0,009774755631109222;0,08924776880577985;0,26136846578835526
EC180167;MASCULINO;1395,0;1320,0;58,0;18,0;0,04157706093189964;0,012903225806451613;0,026523297491039426;0,0014336917562724014;0,0007168458781362007;0,002150537634408602;0,005734767025089606;0,5053763440860215;0,008602150537634409;0,0007168458781362007;0,002150537634408602;0,002150537634408602;0,0035842293906810036;0,007885304659498209;0,14050179211469535;0,23870967741935484
EC180168;MASCULINO;1107,0;1049,0;51,0;7,0;0,04607046070460705;0,006323396567299007;0,014453477868112014;0,0027100271002710027;0,0036133694670280035;0,0018066847335140017;0,004516711833785004;0,5031616982836495;0,016260162601626018;0,0018066847335140017;0,0018066847335140017;0,006323396567299007;0,0036133694670280035;0,004516711833785004;0,1942186088527552;0,18879855465221318
EC180250;MASCULINO;6029,0;5582,0;363,0;79,0;0,06020898988223586;0,01310333388621662;0,02587493780063029;0,000829324929507381;0,0011610549013103333;0,0019903798308177146;0,002487974788522143;0,5534914579532261;0,0053076795488472385;0,0023221098026206667;0,0021562448167191904;0,0009951899154088573;0,0029855697462265714;0,008790844252778238;0,04246143639077791;0,27500414662464756
EC180251;MASCULINO;207,0;194,0;11,0;2,0;0,05314009661835749;0,00966183574879227;0,024154589371980676;0,0;0,0;0,0;0,004830917874396135;0,5072463768115942;0,0;0,004830917874396135;0,0;0,004830917874396135;0,0;0,004830917874396135;0,07729468599033816;0,30917874396135264
EC180252;MASCULINO;439,0;400,0;31,0;8,0;0,07061503416856492;0,018223234624145785;0,00683371298405467;0,0;0,0;0,0;0,002277904328018223;0,4806378132118451;0,009111617312072893;0,002277904328018223;0,0;0,0;0,002277904328018223;0,018223234624145785;0,04555808656036447;0,3439635535307517
EC180253;MASCULINO;513,0;452,0;36,0;25,0;0,07017543859649122;0,04873294346978557;0,015594541910331383;0,0;0,0;0,0;0,001949317738791423;0,3820662768031189;0,009746588693957114;0,003898635477582846;0,001949317738791423;0,0;0,001949317738791423;0,005847953216374269;0,08576998050682261;0,3723196881091618
EC180254;MASCULINO;744,0;675,0;58,0;11,0;0,07795698924731183;0,01478494623655914;0,013440860215053764;0,0;0,0013440860215053765;0,0;0,0;0,5067204301075269;0,004032258064516129;0,004032258064516129;0,004032258064516129;0,0013440860215053765;0,0013440860215053765;0,006720430107526882;0,036290322580645164;0,3279569892473118
EC180350;MASCULINO;3418,0;3220,0;168,0;28,0;0,049151550614394385;0,008191925102399064;0,0248683440608543;0,0008777062609713282;0,0023405500292568754;0,0011702750146284377;0,001462843768285547;0,5740198946752487;0,007021650087770626;0,001462843768285547;0,0026331187829139848;0,0017554125219426564;0,003510825043885313;0,014335868929198362;0,042715038033937974;0,2638970157987127
EC180450;MASCULINO;2455,0;2313,0;112,0;29,0;0,04562118126272913;0,011812627291242363;0,017107942973523423;0,002443991853360489;0,003258655804480652;0,001629327902240326;0,004073319755600814;0,5922606924643584;0,002443991853360489;0,003258655804480652;0,004073319755600814;0,002443991853360489;0,0036659877800407333;0,007739307535641548;0,08187372708757637;0,2158859470468432
EC180451;MASCULINO;392,0;359,0;24,0;9,0;0,061224489795918366;0,02295918367346939;0,02806122448979592;0,0;0,00510204081632653;0,002551020408163265;0,002551020408163265;0,5280612244897959;0,01020408163265306;0,002551020408163265;0,002551020408163265;0,00510204081632653;0,0;0,00510204081632653;0,061224489795918366;0,2627551020408163
EC180550;MASCULINO;3229,0;3021,0;168,0;39,0;0,052028491793124805;0,012078042737689688;0,019820377825952307;0,0006193868070610096;0,0034066274388355527;0,0006193868070610096;0,0012387736141220192;0,5952307215856302;0,005884174667079591;0,0018581604211830288;0,0024775472282440383;0,0024775472282440383;0,004026014245896562;0,004335707649427067;0,07525549705791267;0,2183338494890059
EC180551;MASCULINO;402,0;358,0;29,0;15,0;0,07213930348258707;0,03731343283582089;0,009950248756218905;0,0;0,0;0,0;0,0024875621890547263;0,4577114427860697;0,0;0,0;0,004975124378109453;0,0;0,004975124378109453;0,0;0,1691542288557214;0,24129353233830847
EC180552;MASCULINO;473,0;424,0;42,0;7,0;0,08879492600422834;0,014799154334038054;0,03382663847780127;0,0;0,0;0,0021141649048625794;0,0021141649048625794;0,44820295983086683;0,012684989429175475;0,004228329809725159;0,004228329809725159;0,004228329809725159;0,008456659619450317;0,004228329809725159;0,15010570824524314;0,2219873150105708
EC180553;MASCULINO;777,0;688,0;65,0;23,0;0,08365508365508366;0,029601029601029602;0,01287001287001287;0,001287001287001287;0,001287001287001287;0,0;0,0;0,5070785070785071;0,007722007722007722;0,003861003861003861;0,001287001287001287;0,002574002574002574;0,007722007722007722;0,006435006435006435;0,18275418275418276;0,15057915057915058
EC180650;MASCULINO;6346,0;5915,0;317,0;111,0;0,04995272612669398;0,01749133312322723;0,01749133312322723;0,0028364323983611725;0,0028364323983611725;0,0012606366214938543;0,0012606366214938543;0,5937598487236054;0,006303183107469272;0,002206114087614245;0,0017333753545540499;0,0025212732429877086;0,0028364323983611725;0,006775921840529467;0,123384809328711;0,16687677277024898
EC180651;MASCULINO;564,0;500,0;41,0;23,0;0,0726950354609929;0,040780141843971635;0,012411347517730497;0,0;0,0;0,0017730496453900709;0,0035460992907801418;0,5780141843971631;0,008865248226950355;0,005319148936170213;0,0017730496453900709;0,005319148936170213;0,0017730496453900709;0,0035460992907801418;0,11702127659574468;0,14716312056737588
EC180652;MASCULINO;534,0;491,0;24,0;18,0;0,0449438202247191;0,033707865168539325;0,018726591760299626;0,0018726591760299626;0,003745318352059925;0,0;0,0;0,5898876404494382;0,009363295880149813;0,0;0,003745318352059925;0,0;0,0056179775280898875;0,0056179775280898875;0,1104868913857678;0,1704119850187266
EC180750;MASCULINO;9791,0;9232,0;449,0;108,0;0,0458584414257992;0,011030538249412726;0,02328669185987131;0,001021346134204882;0,0012256153610458584;0,0014298845878868349;0,0013277499744663466;0,6286385456031048;0,005617403738126851;0,0027576345623531815;0,002349096108671229;0,0013277499744663466;0,0033704422428761107;0,008681442140741498;0,060565825758349505;0,20130732305178226
EC180751;MASCULINO;869,0;813,0;47,0;9,0;0,05408515535097814;0,010356731875719217;0,02761795166858458;0,0;0,004602991944764097;0,0011507479861910242;0,0011507479861910242;0,6110471806674338;0,0011507479861910242;0,0034522439585730723;0,0;0,0023014959723820483;0,0011507479861910242;0,011507479861910242;0,07710011507479862;0,19332566168009205
EC180752;MASCULINO;969,0;899,0;49,0;19,0;0,05056759545923633;0,0196078431372549;0,023735810113519093;0,0020639834881320948;0,0010319917440660474;0,0010319917440660474;0,0030959752321981426;0,6068111455108359;0,0030959752321981426;0,0;0,0030959752321981426;0,0020639834881320948;0,0030959752321981426;0,008255933952528379;0,08978328173374613;0,18059855521155832
EC180753;MASCULINO;792,0;742,0;27,0;22,0;0,03409090909090909;0,027777777777777776;0,013888888888888888;0,0025252525252525255;0,0012626262626262627;0,0012626262626262627;0,0012626262626262627;0,4772727272727273;0,007575757575757576;0,0025252525252525255;0,003787878787878788;0,0025252525252525255;0,003787878787878788;0,003787878787878788;0,07702020202020202;0,3383838383838384
EC180754;MASCULINO;735,0;676,0;49,0;10,0;0,06666666666666667;0,013605442176870748;0,006802721088435374;0,0013605442176870747;0,0027210884353741495;0,0013605442176870747;0,0;0,3523809523809524;0,005442176870748299;0,0027210884353741495;0,004081632653061225;0,0013605442176870747;0,006802721088435374;0,00816326530612245;0,291156462585034;0,23537414965986395
EC180755;MASCULINO;986,0;903,0;72,0;11,0;0,07302231237322515;0,011156186612576065;0,009127789046653144;0,0010141987829614604;0,0010141987829614604;0,0010141987829614604;0,0;0,3306288032454361;0,009127789046653144;0,002028397565922921;0,0;0,002028397565922921;0,006085192697768763;0,008113590263691683;0,3306288032454361;0,2150101419878296
EC180756;MASCULINO;1222,0;1135,0;77,0;10,0;0,0630114566284779;0,008183306055646482;0,01800327332242226;0,0024549918166939444;0,0016366612111292963;0,0008183306055646482;0,0032733224222585926;0,5891980360065466;0,013911620294599018;0,004909983633387889;0,0016366612111292963;0,0016366612111292963;0,010638297872340425;0,0057283142389525366;0,07283142389525368;0,20212765957446807
EC180757;MASCULINO;2949,0;2647,0;246,0;56,0;0,08341810783316378;0,018989487962021025;0,020684977958630044;0,00169548999660902;0,0027127839945744322;0,001017293997965412;0,001017293997965412;0,5886741268226517;0,009494743981010512;0,002373685995252628;0,00169548999660902;0,001017293997965412;0,0027127839945744322;0,007460155985079688;0,07019328585961343;0,186842997626314
EC180758;MASCULINO;1923,0;1748,0;132,0;41,0;0,0686427457098284;0,021320852834113363;0,009880395215808632;0,0;0,0020800832033281333;0,004160166406656267;0,004160166406656267;0,22464898595943839;0,008320332813312533;0,0015600624024961;0,0010400416016640667;0,0026001040041601664;0,005200208008320333;0,0078003120124804995;0,5210608424336973;0,11648465938637545
EC180850;MASCULINO;5412,0;5095,0;252,0;65,0;0,04656319290465632;0,012010347376201035;0,027161862527716185;0,0012934220251293422;0,0020325203252032522;0,0012934220251293422;0,002402069475240207;0,6090169992609017;0,007760532150776054;0,0022172949002217295;0,003510716925351072;0,0033259423503325942;0,0029563932002956393;0,007206208425720621;0,09386548410938655;0,17738359201773837
EC180851;MASCULINO;138,0;134,0;2,0;2,0;0,014492753623188406;0,014492753623188406;0,043478260869565216;0,0;0,0;0,0;0,0;0,717391304347826;0,021739130434782608;0,0;0,007246376811594203;0,0;0,0;0,007246376811594203;0,014492753623188406;0,15942028985507245
EC180852;MASCULINO;509,0;428,0;41,0;41,0;0,08055009823182711;0,08055009823182711;0,023575638506876228;0,0019646365422396855;0,0019646365422396855;0,003929273084479371;0,0019646365422396855;0,46954813359528486;0,009823182711198428;0,003929273084479371;0,003929273084479371;0,005893909626719057;0,003929273084479371;0,0137524557956778;0,1237721021611002;0,17288801571709234
EC180853;MASCULINO;797,0;752,0;35,0;10,0;0,043914680050188205;0,012547051442910916;0,02258469259723965;0,0012547051442910915;0,0012547051442910915;0,002509410288582183;0,0012547051442910915;0,6637390213299874;0,013801756587202008;0,0037641154328732747;0,002509410288582183;0,0037641154328732747;0,0075282308657465494;0,0075282308657465494;0,08155583437892096;0,13048933500627352
EC180854;MASCULINO;577,0;545,0;26,0;4,0;0,045060658578856154;0,006932409012131715;0,029462738301559793;0,0017331022530329288;0,0;0,0;0,005199306759098787;0,5528596187175043;0,010398613518197574;0,0034662045060658577;0,0017331022530329288;0,005199306759098787;0,0;0,005199306759098787;0,10051993067590988;0,22876949740034663
EC180855;MASCULINO;4067,0;3701,0;300,0;65,0;0,07376444553725105;0,01598229653307106;0,01868699286943693;0,0012294074256208507;0,0029505778214900416;0,0034423407917383822;0,0024588148512417014;0,3171871158101795;0,007130563068600934;0,0024588148512417014;0,0009835259404966806;0,0012294074256208507;0,0029505778214900416;0,006638800098352594;0,27710843373493976;0,2655520039341038
EC180856;MASCULINO;841,0;736,0;74,0;30,0;0,08799048751486326;0,0356718192627824;0,028537455410225922;0,0011890606420927466;0,0047562425683709865;0,0;0,01070154577883472;0,3448275862068966;0,007134363852556481;0,0023781212841854932;0,0035671819262782403;0,0023781212841854932;0,005945303210463734;0,008323424494649227;0,23305588585017836;0,22235434007134364
EC180857;MASCULINO;1632,0;1499,0;93,0;40,0;0,05698529411764706;0,024509803921568627;0,034926470588235295;0,001838235294117647;0,006740196078431373;0,00428921568627451;0,0024509803921568627;0,5232843137254902;0,004901960784313725;0,0006127450980392157;0,00428921568627451;0,003676470588235294;0,006740196078431373;0,00980392156862745;0,1409313725490196;0,17401960784313725
EC180950;MASCULINO;3916,0;3683,0;169,0;62,0;0,04315628192032686;0,015832482124616958;0,02553626149131767;0,003830439223697651;0,004341164453524004;0,0;0,002553626149131767;0,471144024514811;0,012002042900919305;0,002553626149131767;0,0030643513789581204;0,001787538304392237;0,007660878447395302;0,008171603677221655;0,11389172625127682;0,2839632277834525
EC180951;MASCULINO;341,0;324,0;15,0;2,0;0,04398826979472141;0,005865102639296188;0,02346041055718475;0,0;0,002932551319648094;0,0;0,008797653958944282;0,6744868035190615;0,005865102639296188;0,002932551319648094;0,002932551319648094;0,0;0,0;0,005865102639296188;0,07624633431085044;0,1466275659824047
EC190150;MASCULINO;5212,0;4994,0;162,0;52,0;0,03108211818879509;0,009976976208749041;0,03415195702225633;0,0001918649270913277;0,0017267843438219493;0,0015349194167306216;0,0005755947812739831;0,6849577897160399;0,0024942440521872602;0,0011511895625479663;0,001343054489639294;0,0017267843438219493;0,0030698388334612432;0,015349194167306216;0,016308518802762854;0,19359171143514967
EC190151;MASCULINO;1324,0;1242,0;66,0;16,0;0,04984894259818731;0,012084592145015106;0,027945619335347432;0,005287009063444109;0,0;0,0015105740181268882;0,0007552870090634441;0,6049848942598187;0,0037764350453172208;0,0007552870090634441;0,0007552870090634441;0,0007552870090634441;0,0022658610271903325;0,01283987915407855;0,02945619335347432;0,24697885196374622
EC190152;MASCULINO;1070,0;996,0;52,0;23,0;0,048598130841121495;0,02149532710280374;0,020560747663551402;0,0;0,003738317757009346;0,0009345794392523365;0,002803738317757009;0,516822429906542;0,004672897196261682;0,0;0,003738317757009346;0,004672897196261682;0,004672897196261682;0,011214953271028037;0,07850467289719626;0,27850467289719627
EC190153;MASCULINO;401,0;381,0;15,0;3,0;0,03740648379052369;0,007481296758104738;0,014962593516209476;0,0;0,0024937655860349127;0,0;0,0024937655860349127;0,6758104738154613;0,007481296758104738;0,004987531172069825;0,0;0,0024937655860349127;0,0024937655860349127;0,0;0,0773067331670823;0,1596009975062344
EC190155;MASCULINO;298,0;281,0;13,0;4,0;0,0436241610738255;0,013422818791946308;0,030201342281879196;0,0;0,0;0,0;0,003355704697986577;0,5604026845637584;0,006711409395973154;0,0;0,0;0,003355704697986577;0,0;0,0;0,03691275167785235;0,30201342281879195
EC190156;MASCULINO;679,0;644,0;24,0;9,0;0,035346097201767304;0,013254786450662739;0,022091310751104567;0,0014727540500736377;0,0014727540500736377;0,0014727540500736377;0,0029455081001472753;0,6833578792341679;0,007363770250368188;0,0;0,0029455081001472753;0,0014727540500736377;0,0029455081001472753;0,007363770250368188;0,030927835051546393;0,18262150220913106
EC190158;MASCULINO;743,0;699,0;30,0;14,0;0,040376850605652756;0,018842530282637954;0,026917900403768506;0,0;0,0013458950201884253;0,0026917900403768506;0,004037685060565276;0,6137281292059219;0,008075370121130552;0,0;0,004037685060565276;0,0013458950201884253;0,0013458950201884253;0,004037685060565276;0,03095558546433378;0,24226110363391656
EC190250;MASCULINO;2311,0;2153,0;94,0;64,0;0,04067503245348334;0,027693639117265252;0,02942449156209433;0,0012981393336218088;0,0025962786672436176;0,005192557334487235;0,0012981393336218088;0,5006490696668109;0,0038944180008654264;0,0008654262224145391;0,0008654262224145391;0,00043271311120726956;0,006490696668109044;0,016010385114668974;0,02077022933794894;0,341843357853743
EC190251;MASCULINO;486,0;457,0;12,0;17,0;0,024691358024691357;0,03497942386831276;0,024691358024691357;0,0;0,00205761316872428;0,0;0,0;0,5;0,0102880658436214;0,0;0,00205761316872428;0,00205761316872428;0,00411522633744856;0,00411522633744856;0,01646090534979424;0,37448559670781895
EC190252;MASCULINO;168,0;161,0;4,0;3,0;0,023809523809523808;0,017857142857142856;0,023809523809523808;0,0;0,0;0,005952380952380952;0,0;0,6845238095238095;0,005952380952380952;0,0;0,0;0,0;0,0;0,0;0,023809523809523808;0,21428571428571427
EC190254;MASCULINO;122,0;110,0;11,0;1,0;0,09016393442622951;0,00819672131147541;0,00819672131147541;0,0;0,01639344262295082;0,0;0,0;0,48360655737704916;0,01639344262295082;0,0;0,0;0,0;0,0;0,0;0,02459016393442623;0,3524590163934426
EC190256;MASCULINO;95,0;92,0;2,0;1,0;0,021052631578947368;0,010526315789473684;0,021052631578947368;0,0;0,0;0,0;0,010526315789473684;0,4842105263157895;0,0;0,0;0,0;0,0;0,0;0,021052631578947368;0,010526315789473684;0,42105263157894735
EC190259;MASCULINO;198,0;187,0;5,0;6,0;0,025252525252525252;0,030303030303030304;0,030303030303030304;0,0;0,0;0,0;0,0;0,5505050505050505;0,0;0,005050505050505051;0,0;0,0;0,0;0,0;0,020202020202020204;0,3383838383838384
EC190350;MASCULINO;1167,0;1090,0;50,0;25,0;0,04284490145672665;0,021422450728363324;0,02570694087403599;0,001713796058269066;0,001713796058269066;0,000856898029134533;0,003427592116538132;0,506426735218509;0,000856898029134533;0,002570694087403599;0,003427592116538132;0,003427592116538132;0,005141388174807198;0,007712082262210797;0,05398457583547558;0,3170522707797772
EC190351;MASCULINO;622,0;570,0;29,0;23,0;0,04662379421221865;0,03697749196141479;0,012861736334405145;0,0;0,003215434083601286;0,001607717041800643;0,0;0,44694533762057875;0,003215434083601286;0,003215434083601286;0,00482315112540193;0,00482315112540193;0,00482315112540193;0,0;0,05466237942122187;0,3762057877813505
EC190352;MASCULINO;269,0;252,0;12,0;4,0;0,04460966542750929;0,01486988847583643;0,007434944237918215;0,0037174721189591076;0,0;0,0;0,007434944237918215;0,6096654275092936;0,0;0,0037174721189591076;0,0037174721189591076;0,0037174721189591076;0,011152416356877323;0,007434944237918215;0,10037174721189591;0,17843866171003717
EC190353;MASCULINO;186,0;158,0;5,0;23,0;0,026881720430107527;0,12365591397849462;0,021505376344086023;0,0;0,010752688172043012;0,005376344086021506;0,016129032258064516;0,5;0,0;0,0;0,0;0,005376344086021506;0,0;0,005376344086021506;0,06989247311827956;0,21505376344086022
EC190450;MASCULINO;1168,0;1071,0;59,0;37,0;0,05051369863013699;0,031678082191780824;0,011986301369863013;0,0;0,0008561643835616438;0,0025684931506849314;0,0;0,2953767123287671;0,003424657534246575;0,0;0,0008561643835616438;0,003424657534246575;0,003424657534246575;0,01797945205479452;0,3681506849315068;0,2089041095890411
EC190451;MASCULINO;597,0;544,0;35,0;18,0;0,05862646566164154;0,03015075376884422;0,01507537688442211;0,0;0,0033500837520938024;0,0;0,0033500837520938024;0,47738693467336685;0,0016750418760469012;0,006700167504187605;0,0;0,0033500837520938024;0,0016750418760469012;0,0033500837520938024;0,21608040201005024;0,17922948073701842
EC190452;MASCULINO;352,0;328,0;12,0;13,0;0,03409090909090909;0,036931818181818184;0,005681818181818182;0,0;0,0;0,0;0,008522727272727272;0,1903409090909091;0,005681818181818182;0,0;0,002840909090909091;0,005681818181818182;0,0;0,017045454545454544;0,5;0,19602272727272727
EC190550;MASCULINO;5058,0;4747,0;239,0;72,0;0,04725187821273231;0,014234875444839857;0,03776196124950573;0,0015816528272044287;0,0005931198102016608;0,0015816528272044287;0,002372479240806643;0,5593119810201661;0,005140371688414393;0,0015816528272044287;0,002372479240806643;0,0011862396204033216;0,004151838671411625;0,010280743376828785;0,03183076314748912;0,27876631079478054
EC190551;MASCULINO;797,0;726,0;49,0;22,0;0,06148055207026349;0,027603513174404015;0,020075282308657464;0,0;0,0012547051442910915;0,0;0,0;0,5056461731493099;0,002509410288582183;0,0037641154328732747;0,0037641154328732747;0,002509410288582183;0,0037641154328732747;0,005018820577164366;0,09410288582183186;0,2685069008782936
EC190553;MASCULINO;1450,0;1346,0;82,0;20,0;0,05655172413793103;0,013793103448275862;0,03103448275862069;0,0;0,0020689655172413794;0,000689655172413793;0,001379310344827586;0,45379310344827584;0,004827586206896552;0,0;0,0020689655172413794;0,001379310344827586;0,0020689655172413794;0,005517241379310344;0,04275862068965517;0,38068965517241377
EC190650;MASCULINO;2694,0;2515,0;121,0;57,0;0,04491462509279881;0,021158129175946547;0,021529324424647365;0,0003711952487008166;0,0007423904974016332;0,0011135857461024498;0,0007423904974016332;0,5805493689680772;0,004454342984409799;0,0025983667409057165;0,001855976243504083;0,0003711952487008166;0,0033407572383073497;0,007423904974016332;0,035634743875278395;0,2728285077951002
EC190651;MASCULINO;475,0;428,0;35,0;12,0;0,07368421052631578;0,02526315789473684;0,023157894736842106;0,0;0,0;0,002105263157894737;0,0;0,5031578947368421;0,00631578947368421;0,002105263157894737;0,004210526315789474;0,002105263157894737;0,004210526315789474;0,00631578947368421;0,05052631578947368;0,2968421052631579
EC190652;MASCULINO;464,0;434,0;28,0;5,0;0,0603448275862069;0,010775862068965518;0,021551724137931036;0,0021551724137931034;0,0021551724137931034;0,0;0,004310344827586207;0,5344827586206896;0,0021551724137931034;0,0021551724137931034;0,0;0,0;0,00646551724137931;0,00646551724137931;0,036637931034482756;0,3168103448275862
EC190653;MASCULINO;408,0;375,0;24,0;8,0;0,058823529411764705;0,0196078431372549;0,014705882352941176;0,0;0,0024509803921568627;0,004901960784313725;0,00980392156862745;0,4338235294117647;0,0024509803921568627;0,004901960784313725;0,0;0,0024509803921568627;0,004901960784313725;0,0024509803921568627;0,05392156862745098;0,38235294117647056
EC190750;MASCULINO;1953,0;1846,0;74,0;33,0;0,03789042498719918;0,016897081413210446;0,03481822836661547;0,0010240655401945725;0,0030721966205837174;0,0005120327700972862;0,0010240655401945725;0,6231438812083974;0,004608294930875576;0,0010240655401945725;0,0015360983102918587;0,0010240655401945725;0,0035842293906810036;0,010752688172043012;0,02713773681515617;0,23195084485407066
EC190752;MASCULINO;283,0;262,0;17,0;4,0;0,06007067137809187;0,014134275618374558;0,024734982332155476;0,0;0,0;0,0;0,0;0,5335689045936396;0,014134275618374558;0,0035335689045936395;0,0;0,0;0,0035335689045936395;0,01060070671378092;0,05653710247349823;0,2791519434628975
EC190753;MASCULINO;453,0;419,0;21,0;13,0;0,046357615894039736;0,02869757174392936;0,037527593818984545;0,0;0,0;0,002207505518763797;0,0;0,6467991169977925;0,0;0,002207505518763797;0,0;0,0;0,0;0,008830022075055188;0,03090507726269316;0,19646799116997793
EC190850;MASCULINO;1510,0;1402,0;66,0;42,0;0,04370860927152318;0,02781456953642384;0,029801324503311258;0,0;0,0026490066225165563;0,0;0,0006622516556291391;0,4410596026490066;0,005298013245033113;0,0013245033112582781;0,0013245033112582781;0,0;0,003973509933774834;0,008609271523178808;0,022516556291390728;0,4112582781456954
EC190851;MASCULINO;490,0;467,0;14,0;9,0;0,02857142857142857;0,018367346938775512;0,024489795918367346;0,0020408163265306124;0,0020408163265306124;0,0020408163265306124;0,0;0,5857142857142857;0,0020408163265306124;0,0;0,0020408163265306124;0,0;0,0020408163265306124;0,01020408163265306;0,02040816326530612;0,3
EC190852;MASCULINO;502,0;474,0;15,0;12,0;0,029880478087649404;0,02390438247011952;0,045816733067729085;0,00199203187250996;0,00398406374501992;0,00199203187250996;0,00398406374501992;0,649402390438247;0,01195219123505976;0,00199203187250996;0,0;0,0;0,01195219123505976;0,00398406374501992;0,03187250996015936;0,1752988047808765
EC190853;MASCULINO;560,0;526,0;22,0;12,0;0,039285714285714285;0,02142857142857143;0,019642857142857142;0,0;0,0;0,005357142857142857;0,0017857142857142857;0,4642857142857143;0,0035714285714285713;0,0017857142857142857;0,0035714285714285713;0,0017857142857142857;0,0017857142857142857;0,008928571428571428;0,017857142857142856;0,4089285714285714
EC190854;MASCULINO;173,0;165,0;5,0;3,0;0,028901734104046242;0,017341040462427744;0,057803468208092484;0,0;0,0;0,0;0,0;0,5953757225433526;0,005780346820809248;0,005780346820809248;0,005780346820809248;0,0;0,0;0,005780346820809248;0,005780346820809248;0,27167630057803466
EC190950;MASCULINO;911,0;872,0;32,0;7,0;0,03512623490669594;0,007683863885839737;0,03512623490669594;0,0;0,0010976948408342481;0,0021953896816684962;0,0010976948408342481;0,5422612513721186;0,003293084522502744;0,0021953896816684962;0,0;0,0021953896816684962;0,010976948408342482;0,005488474204171241;0,048298572996706916;0,3029637760702525
EC190951;MASCULINO;200,0;189,0;7,0;4,0;0,035;0,02;0,015;0,0;0,005;0,0;0,005;0,535;0,005;0,0;0,0;0,0;0,005;0,015;0,105;0,255
EC190952;MASCULINO;677,0;641,0;28,0;8,0;0,0413589364844904;0,011816838995568686;0,04579025110782865;0,0;0,0;0,0014771048744460858;0,0;0,5258493353028065;0,005908419497784343;0,0029542097488921715;0,0;0,0014771048744460858;0,0014771048744460858;0,0014771048744460858;0,050221565731166914;0,310192023633678
EC200150;MASCULINO;2290,0;2162,0;95,0;31,0;0,04148471615720524;0,013537117903930132;0,02925764192139738;0,0008733624454148472;0,0008733624454148472;0,0004366812227074236;0,0004366812227074236;0,603056768558952;0,04410480349344978;0,0013100436681222707;0,003056768558951965;0,0;0,003056768558951965;0,007860262008733625;0,04104803493449782;0,20873362445414848
EC200151;MASCULINO;280,0;272,0;4,0;4,0;0,014285714285714285;0,014285714285714285;0,02857142857142857;0,0035714285714285713;0,0;0,0;0,0035714285714285713;0,625;0,03571428571428571;0,0;0,0;0,0;0,007142857142857143;0,0;0,010714285714285714;0,2571428571428571
EC200250;MASCULINO;835,0;790,0;37,0;8,0;0,04431137724550898;0,009580838323353293;0,03592814371257485;0,0;0,0011976047904191617;0,0;0,0;0,41077844311377243;0,06227544910179641;0,0023952095808383233;0,0011976047904191617;0,0011976047904191617;0,005988023952095809;0,0011976047904191617;0,010778443113772455;0,41317365269461076
EC200251;MASCULINO;122,0;120,0;0,0;2,0;0,0;0,01639344262295082;0,02459016393442623;0,0;0,0;0,0;0,00819672131147541;0,5;0,07377049180327869;0,0;0,00819672131147541;0,0;0,00819672131147541;0,0;0,0;0,36065573770491804
EC200350;MASCULINO;4086,0;3832,0;222,0;32,0;0,05433186490455213;0,00783162016642193;0,03720019579050416;0,0;0,0014684287812041115;0,0012236906510034262;0,0014684287812041115;0,4711209006363191;0,012481644640234948;0,0012236906510034262;0,0024473813020068525;0,0017131669114047968;0,0017131669114047968;0,00930004894762604;0,04772393538913363;0,3487518355359765
EC210150;MASCULINO;22646,0;21349,0;1063,0;231,0;0,04693985692837587;0,01020047690541376;0,029011746003709264;0,001148105625717566;0,0013688951691247903;0,0019429479819835732;0,0016338426212134593;0,34911242603550297;0,004504106685507375;0,0013688951691247903;0,0022520533427536874;0,0026936324295681355;0,004150843416055815;0,010686213900909652;0,027289587565132917;0,505563896493862
EC210152;MASCULINO;1219,0;1121,0;65,0;31,0;0,05332239540607055;0,02543068088597211;0,009844134536505332;0,0016406890894175555;0,0016406890894175555;0,0016406890894175555;0,0008203445447087777;0,20344544708777687;0,009844134536505332;0,0016406890894175555;0,002461033634126333;0,002461033634126333;0,003281378178835111;0,007383100902378999;0,029532403609515995;0,6439704675963905
EC210153;MASCULINO;2018,0;1810,0;134,0;74,0;0,06640237859266601;0,036669970267591674;0,019821605550049554;0,0004955401387512388;0,003964321110009911;0,0004955401387512388;0,0009910802775024777;0,18830525272547077;0,007433102081268583;0,0019821605550049554;0,0009910802775024777;0,0019821605550049554;0,0004955401387512388;0,010901883052527254;0,01684836471754212;0,6422200198216056
EC210155;MASCULINO;2451,0;2252,0;149,0;49,0;0,06079151366789066;0,019991840065279477;0,03019175846593227;0,0012239902080783353;0,002039983680130559;0,0012239902080783353;0,0008159934720522236;0,3157894736842105;0,010199918400652794;0,0024479804161566705;0,0012239902080783353;0,005303957568339453;0,0032639738882088943;0,008159934720522236;0,07833537331701346;0,45858833129334964
EC210156;MASCULINO;3002,0;2711,0;204,0;84,0;0,06795469686875416;0,02798134576948701;0,022984676882078614;0,0013324450366422385;0,0016655562958027982;0,001998667554963358;0,0006662225183211193;0,2055296469020653;0,0069953364423717525;0,0013324450366422385;0,002664890073284477;0,0036642238507661557;0,0036642238507661557;0,014656895403064623;0,028314457028647568;0,6075949367088608
EC210157;MASCULINO;1038,0;978,0;44,0;16,0;0,04238921001926782;0,015414258188824663;0,019267822736030827;0,0009633911368015414;0,002890173410404624;0,0019267822736030828;0,0;0,28516377649325625;0,010597302504816955;0,0019267822736030828;0,0019267822736030828;0,0038535645472061657;0,0009633911368015414;0,00674373795761079;0,06647398843930635;0,5394990366088632
EC210158;MASCULINO;1995,0;1852,0;107,0;36,0;0,05363408521303258;0,01804511278195489;0,02205513784461153;0,0010025062656641604;0,0010025062656641604;0,0015037593984962407;0,0005012531328320802;0,25914786967418546;0,002506265664160401;0,0020050125313283208;0,0005012531328320802;0,006516290726817042;0,0015037593984962407;0,007017543859649123;0,11979949874686717;0,5032581453634085
EC210160;MASCULINO;916,0;825,0;64,0;27,0;0,06986899563318777;0,02947598253275109;0,02074235807860262;0,002183406113537118;0,001091703056768559;0,0;0,001091703056768559;0,23253275109170304;0,004366812227074236;0,0;0,001091703056768559;0,004366812227074236;0,004366812227074236;0,008733624454148471;0,026200873362445413;0,5938864628820961
EC210250;MASCULINO;1266,0;1183,0;66,0;14,0;0,052132701421800945;0,011058451816745656;0,03317535545023697;0,0007898894154818325;0,0007898894154818325;0,002369668246445498;0,0;0,30173775671406006;0,008688783570300158;0,0007898894154818325;0,0;0,001579778830963665;0,001579778830963665;0,00631911532385466;0,029225908372827805;0,54739336492891
EC210251;MASCULINO;547,0;518,0;21,0;8,0;0,038391224862888484;0,014625228519195612;0,021937842778793418;0,0;0,0;0,0;0,0;0,2979890310786106;0,009140767824497258;0,0;0,0;0,005484460694698354;0,003656307129798903;0,012797074954296161;0,056672760511883;0,5393053016453382
EC210252;MASCULINO;1325,0;1262,0;50,0;12,0;0,03773584905660377;0,009056603773584906;0,013584905660377358;0,0007547169811320754;0,0022641509433962265;0,0007547169811320754;0,0030188679245283017;0,17962264150943397;0,017358490566037735;0,0015094339622641509;0,0;0,0030188679245283017;0,0015094339622641509;0,0060377358490566035;0,07169811320754717;0,6513207547169811
EC210254;MASCULINO;493,0;466,0;22,0;5,0;0,04462474645030426;0,010141987829614604;0,008113590263691683;0,0;0,0;0,0;0,0;0,19675456389452334;0,010141987829614604;0,002028397565922921;0,0;0,0;0,0;0,004056795131845842;0,09127789046653144;0,6328600405679513
EC210350;MASCULINO;976,0;904,0;38,0;34,0;0,0389344262295082;0,03483606557377049;0,015368852459016393;0,0020491803278688526;0,0020491803278688526;0,0010245901639344263;0,0010245901639344263;0,24282786885245902;0,0030737704918032786;0,004098360655737705;0,0030737704918032786;0,005122950819672131;0,0020491803278688526;0,006147540983606557;0,02459016393442623;0,6137295081967213
EC210351;MASCULINO;560,0;518,0;32,0;11,0;0,05714285714285714;0,019642857142857142;0,026785714285714284;0,0017857142857142857;0,0;0,0017857142857142857;0,0;0,17857142857142858;0,0017857142857142857;0,005357142857142857;0,0017857142857142857;0,005357142857142857;0,0;0,0125;0,055357142857142855;0,6339285714285714
EC210352;MASCULINO;52,0;49,0;3,0;0,0;0,057692307692307696;0,0;0,0;0,0;0,0;0,0;0,0;0,19230769230769232;0,0;0,0;0,0;0,0;0,0;0,0;0,1346153846153846;0,6153846153846154
EC210353;MASCULINO;93,0;74,0;12,0;7,0;0,12903225806451613;0,07526881720430108;0,021505376344086023;0,010752688172043012;0,0;0,0;0,0;0,03225806451612903;0,0;0,0;0,0;0,021505376344086023;0,0;0,010752688172043012;0,03225806451612903;0,6666666666666666
EC210354;MASCULINO;461,0;420,0;25,0;15,0;0,05422993492407809;0,03253796095444685;0,015184381778741865;0,008676789587852495;0,0021691973969631237;0,004338394793926247;0,0;0,12147505422993492;0,008676789587852495;0,0021691973969631237;0,0;0,004338394793926247;0,0021691973969631237;0,008676789587852495;0,028199566160520606;0,7049891540130152
EC210355;MASCULINO;1048,0;956,0;53,0;39,0;0,05057251908396947;0,03721374045801527;0,019083969465648856;0,0009541984732824427;0,0028625954198473282;0,0019083969465648854;0,0019083969465648854;0,2099236641221374;0,0019083969465648854;0,0009541984732824427;0,0;0,0028625954198473282;0,004770992366412214;0,0057251908396946565;0,030534351145038167;0,6288167938931297
EC210450;MASCULINO;11554,0;10651,0;688,0;208,0;0,059546477410420635;0,018002423403150423;0,022935779816513763;0,0005193006750908776;0,0014713519127574866;0,001298251687727194;0,0015579020252726328;0,31097455426692056;0,003981305175696728;0,001298251687727194;0,001298251687727194;0,0045871559633027525;0,0029427038255149733;0,007529859788817725;0,025012982516877273;0,5364375973688765
EC210451;MASCULINO;1425,0;1333,0;73,0;19,0;0,051228070175438595;0,013333333333333334;0,021052631578947368;0,0014035087719298245;0,004912280701754386;0,0014035087719298245;0,0014035087719298245;0,32070175438596493;0,0035087719298245615;0,0014035087719298245;0,0014035087719298245;0,0035087719298245615;0,004210526315789474;0,00631578947368421;0,07508771929824562;0,48912280701754385
EC210452;MASCULINO;285,0;262,0;11,0;12,0;0,03859649122807018;0,042105263157894736;0,16842105263157894;0,0035087719298245615;0,0;0,0035087719298245615;0,010526315789473684;0,2807017543859649;0,014035087719298246;0,0035087719298245615;0,0;0,0035087719298245615;0,0;0,014035087719298246;0,021052631578947368;0,39649122807017545
EC210453;MASCULINO;1493,0;1394,0;74,0;25,0;0,04956463496316142;0,016744809109176157;0,012726054922973878;0,0006697923643670462;0,0013395847287340924;0,0;0,0013395847287340924;0,15539182853315472;0,008037508372404554;0,0006697923643670462;0,0006697923643670462;0,0053583389149363695;0,0053583389149363695;0,0053583389149363695;0,034829202947086406;0,7019423978566645
EC210454;MASCULINO;1195,0;1075,0;100,0;20,0;0,08368200836820083;0,016736401673640166;0,022594142259414227;0,0016736401673640166;0,0008368200836820083;0,0008368200836820083;0,0;0,4376569037656904;0,005857740585774059;0,0008368200836820083;0,0033472803347280333;0,0;0,0008368200836820083;0,00502092050209205;0,03598326359832636;0,38410041841004183
EC210455;MASCULINO;1755,0;1571,0;133,0;49,0;0,07578347578347579;0,02792022792022792;0,022792022792022793;0,0011396011396011395;0,0017094017094017094;0,0017094017094017094;0,0017094017094017094;0,4096866096866097;0,009116809116809116;0,0005698005698005698;0,0011396011396011395;0,0017094017094017094;0,002849002849002849;0,010256410256410256;0,02792022792022792;0,4028490028490028
EC210550;MASCULINO;281,0;266,0;10,0;5,0;0,03558718861209965;0,017793594306049824;0,021352313167259787;0,0;0,0035587188612099642;0,0;0,0;0,38434163701067614;0,0;0,0;0,0;0,010676156583629894;0,0;0,0;0,0071174377224199285;0,5195729537366548
EC210551;MASCULINO;721,0;670,0;37,0;13,0;0,05131761442441054;0,018030513176144243;0,023578363384188627;0,0;0,0013869625520110957;0,0013869625520110957;0,0;0,3536754507628294;0,008321775312066574;0,0027739251040221915;0,0013869625520110957;0,0027739251040221915;0,0;0,009708737864077669;0,022191400832177532;0,5020804438280166
EC210552;MASCULINO;76,0;70,0;5,0;1,0;0,06578947368421052;0,013157894736842105;0,039473684210526314;0,0;0,0;0,0;0,0;0,5;0,0;0,0;0,0;0,0;0,013157894736842105;0,0;0,0;0,3684210526315789
EC210553;MASCULINO;195,0;180,0;12,0;3,0;0,06153846153846154;0,015384615384615385;0,03076923076923077;0,0;0,0;0,005128205128205128;0,0;0,3333333333333333;0,010256410256410256;0,0;0,0;0,0;0,0;0,0;0,010256410256410256;0,5333333333333333
EC210554;MASCULINO;331,0;318,0;9,0;4,0;0,027190332326283987;0,012084592145015106;0,01812688821752266;0,006042296072507553;0,0;0,0;0,0;0,40181268882175225;0,0030211480362537764;0,0030211480362537764;0,0;0,0030211480362537764;0,0030211480362537764;0,0030211480362537764;0,030211480362537766;0,48942598187311176
EC210650;MASCULINO;1894,0;1734,0;135,0;26,0;0,07127771911298839;0,013727560718057022;0,022175290390707498;0,0010559662090813093;0,0015839493136219642;0,0015839493136219642;0,0021119324181626186;0,32840549102428723;0,0026399155227032735;0,0015839493136219642;0,0015839493136219642;0,0015839493136219642;0,005279831045406547;0,005279831045406547;0,07497360084477296;0,4656810982048574
EC210651;MASCULINO;310,0;285,0;21,0;4,0;0,06774193548387097;0,012903225806451613;0,012903225806451613;0,0;0,0;0,0;0,0;0,2;0,0032258064516129032;0,0;0,0;0,0;0,0;0,00967741935483871;0,03225806451612903;0,6612903225806451
EC210652;MASCULINO;1002,0;920,0;62,0;19,0;0,06187624750499002;0,018962075848303395;0,02594810379241517;0,003992015968063872;0,0029940119760479044;0,001996007984031936;0,0;0,34830339321357284;0,001996007984031936;0,0;0,000998003992015968;0,000998003992015968;0,0029940119760479044;0,0029940119760479044;0,05089820359281437;0,4740518962075848
EC210653;MASCULINO;938,0;878,0;46,0;13,0;0,04904051172707889;0,013859275053304905;0,015991471215351813;0,0021321961620469083;0,0042643923240938165;0,0021321961620469083;0,0010660980810234541;0,31343283582089554;0,0;0,0021321961620469083;0,0010660980810234541;0,0;0,0021321961620469083;0,010660980810234541;0,1652452025586354;0,4157782515991471
EC210750;MASCULINO;2501,0;2333,0;99,0;70,0;0,03958416633346661;0,027988804478208718;0,01719312275089964;0,001599360255897641;0,0011995201919232307;0,0011995201919232307;0,001599360255897641;0,2455017992802879;0,006397441023590564;0,0007996801279488205;0,0007996801279488205;0,003198720511795282;0,003198720511795282;0,0059976009596161535;0,03598560575769692;0,608156737305078
EC210751;MASCULINO;223,0;216,0;3,0;3,0;0,013452914798206279;0,013452914798206279;0,013452914798206279;0,0;0,008968609865470852;0,008968609865470852;0,0;0,11210762331838565;0,0;0,0;0,0;0,0;0,0;0,0;0,053811659192825115;0,7713004484304933
EC210752;MASCULINO;619,0;593,0;20,0;6,0;0,03231017770597738;0,009693053311793215;0,01615508885298869;0,0;0,0;0,0;0,0;0,24232633279483037;0,006462035541195477;0,0016155088852988692;0,0;0,004846526655896607;0,0032310177705977385;0,006462035541195477;0,035541195476575124;0,6413570274636511
EC220150;MASCULINO;17847,0;16754,0;886,0;201,0;0,04964419790440971;0,011262397041519583;0,024317812517509946;0,0008404773911581779;0,0017930184344707794;0,0007284137390037542;0,000784445565080966;0,4087521712332605;0,004314450607945313;0,0016249229562391439;0,0037541323471731946;0,0013447638258530846;0,004762705216563008;0,011262397041519583;0,03132179077716143;0,44315571244466856
EC220151;MASCULINO;4005,0;3706,0;227,0;70,0;0,056679151061173536;0,017478152309612985;0,020224719101123594;0,00149812734082397;0,003745318352059925;0,000749063670411985;0,0012484394506866417;0,3093632958801498;0,0044943820224719105;0,00149812734082397;0,0052434456928838954;0,0022471910112359553;0,0052434456928838954;0,012983770287141073;0,050686641697877656;0,5061173533083645
EC220152;MASCULINO;1403,0;1284,0;79,0;40,0;0,05630791161796151;0,02851033499643621;0,011404133998574484;0,003563791874554526;0,002851033499643621;0,002851033499643621;0,004989308624376337;0,2587312900926586;0,004989308624376337;0,002851033499643621;0,007840342124019958;0,0014255167498218105;0,0021382751247327157;0,010691375623663579;0,041339985744832504;0,5595153243050606
EC220153;MASCULINO;532,0;484,0;38,0;10,0;0,07142857142857142;0,018796992481203006;0,022556390977443608;0,007518796992481203;0,016917293233082706;0,0018796992481203006;0,0037593984962406013;0,21052631578947367;0,013157894736842105;0,0037593984962406013;0,0018796992481203006;0,0;0,0018796992481203006;0,011278195488721804;0,09774436090225563;0,5169172932330827
EC220154;MASCULINO;1546,0;1440,0;79,0;27,0;0,05109961190168176;0,017464424320827943;0,014230271668822769;0,00258732212160414;0,00258732212160414;0,000646830530401035;0,0;0,3499353169469599;0,004527813712807244;0,00258732212160414;0,0038809831824062097;0,000646830530401035;0,0038809831824062097;0,008408796895213453;0,02910737386804657;0,5084087968952135
EC220155;MASCULINO;324,0;224,0;24,0;76,0;0,07407407407407407;0,2345679012345679;0,043209876543209874;0,024691358024691357;0,006172839506172839;0,006172839506172839;0,006172839506172839;0,21296296296296297;0,012345679012345678;0,006172839506172839;0,033950617283950615;0,009259259259259259;0,0030864197530864196;0,0030864197530864196;0,08950617283950617;0,2345679012345679
EC220156;MASCULINO;692,0;646,0;26,0;19,0;0,03757225433526012;0,02745664739884393;0,014450867052023121;0,001445086705202312;0,005780346820809248;0,0;0,001445086705202312;0,45664739884393063;0,011560693641618497;0,002890173410404624;0,024566473988439308;0,001445086705202312;0,002890173410404624;0,01300578034682081;0,028901734104046242;0,3684971098265896
EC220157;MASCULINO;1490,0;1327,0;123,0;40,0;0,0825503355704698;0,026845637583892617;0,019463087248322148;0,0020134228187919465;0,0020134228187919465;0,004697986577181208;0,003355704697986577;0,3187919463087248;0,006040268456375839;0,0020134228187919465;0,004697986577181208;0,0013422818791946308;0,0026845637583892616;0,010738255033557046;0,050335570469798654;0,46241610738255035
EC220158;MASCULINO;1807,0;1643,0;107,0;56,0;0,05921416712783619;0,03099059214167128;0,01383508577753182;0,00387382401770891;0,006087437742114001;0,0011068068622025456;0,002213613724405091;0,387382401770891;0,005534034311012728;0,003320420586607637;0,004980630879911455;0,002213613724405091;0,006640841173215274;0,006640841173215274;0,08743774211400111;0,37797454344216935
EC220159;MASCULINO;1345,0;1220,0;76,0;49,0;0,05650557620817844;0,036431226765799254;0,01858736059479554;0,0037174721189591076;0,0044609665427509295;0,001486988847583643;0,002973977695167286;0,22602230483271377;0,007434944237918215;0,002973977695167286;0,0037174721189591076;0,0007434944237918215;0,0052044609665427505;0,015613382899628252;0,055762081784386616;0,558364312267658
EC220160;MASCULINO;1053,0;963,0;70,0;20,0;0,06647673314339982;0,01899335232668566;0,02184235517568851;0,007597340930674264;0,004748338081671415;0,001899335232668566;0,003798670465337132;0,2716049382716049;0,011396011396011397;0,001899335232668566;0,006647673314339981;0,003798670465337132;0,004748338081671415;0,007597340930674264;0,13200379867046533;0,4349477682811016
EC220161;MASCULINO;1042,0;982,0;31,0;29,0;0,029750479846449136;0,02783109404990403;0,022072936660268713;0,007677543186180422;0,012476007677543186;0,003838771593090211;0,0019193857965451055;0,3934740882917466;0,0028790786948176585;0,0;0,003838771593090211;0,0009596928982725527;0,007677543186180422;0,012476007677543186;0,0854126679462572;0,3877159309021113
EC220250;MASCULINO;378,0;351,0;15,0;12,0;0,03968253968253968;0,031746031746031744;0,013227513227513227;0,0026455026455026454;0,0;0,0026455026455026454;0,0;0,328042328042328;0,0026455026455026454;0,0026455026455026454;0,0;0,0;0,0026455026455026454;0,0026455026455026454;0,0582010582010582;0,5132275132275133
EC220251;MASCULINO;290,0;255,0;28,0;7,0;0,09655172413793103;0,02413793103448276;0,017241379310344827;0,006896551724137931;0,0034482758620689655;0,0;0,017241379310344827;0,1793103448275862;0,0034482758620689655;0,0034482758620689655;0,0034482758620689655;0,0;0,006896551724137931;0,02413793103448276;0,05862068965517241;0,5551724137931034
EC220252;MASCULINO;223,0;198,0;23,0;2,0;0,1031390134529148;0,008968609865470852;0,0;0,008968609865470852;0,004484304932735426;0,004484304932735426;0,004484304932735426;0,24663677130044842;0,008968609865470852;0,0;0,02242152466367713;0,008968609865470852;0,0;0,013452914798206279;0,14798206278026907;0,4170403587443946
EC220253;MASCULINO;304,0;271,0;21,0;12,0;0,06907894736842106;0,039473684210526314;0,013157894736842105;0,003289473684210526;0,003289473684210526;0,006578947368421052;0,009868421052631578;0,24342105263157895;0,006578947368421052;0,003289473684210526;0,003289473684210526;0,0;0,006578947368421052;0,006578947368421052;0,14144736842105263;0,4440789473684211
EC220255;MASCULINO;157,0;154,0;2,0;1,0;0,012738853503184714;0,006369426751592357;0,006369426751592357;0,0;0,006369426751592357;0,006369426751592357;0,0;0,10828025477707007;0,006369426751592357;0,0;0,006369426751592357;0,0;0,0;0,012738853503184714;0,10828025477707007;0,7197452229299363
EC220350;MASCULINO;8429,0;7837,0;446,0;143,0;0,052912563767944;0,016965239055641238;0,024083521176889312;0,00047455214141653814;0,0021354846363744215;0,0011863803535413454;0,0016609324949578834;0,4110807925020762;0,003796417131332305;0,0024913987424368253;0,00391505516668644;0,0011863803535413454;0,005101435520227785;0,009965594969747301;0,0295408708031795;0,4331474670779452
EC220351;MASCULINO;1183,0;1073,0;80,0;28,0;0,0676246830092984;0,023668639053254437;0,023668639053254437;0,0;0,00507185122569738;0,0008453085376162299;0,0008453085376162299;0,3609467455621302;0,00422654268808115;0,0016906170752324597;0,00507185122569738;0,00253592561284869;0,00253592561284869;0,01014370245139476;0,0507185122569738;0,43871513102282333
EC220352;MASCULINO;482,0;409,0;62,0;11,0;0,12863070539419086;0,022821576763485476;0,024896265560165973;0,0;0,03734439834024896;0,004149377593360996;0,004149377593360996;0,2572614107883817;0,01037344398340249;0,002074688796680498;0,03319502074688797;0,022821576763485476;0,004149377593360996;0,008298755186721992;0,1016597510373444;0,3381742738589212
EC220353;MASCULINO;1650,0;1515,0;84,0;50,0;0,05090909090909091;0,030303030303030304;0,019393939393939394;0,0006060606060606061;0,004242424242424243;0,0036363636363636364;0,0;0,3242424242424242;0,0024242424242424242;0,0006060606060606061;0,00787878787878788;0,004242424242424243;0,0030303030303030303;0,010303030303030303;0,040606060606060604;0,49696969696969695
EC220354;MASCULINO;1811,0;1648,0;127,0;35,0;0,07012700165654334;0,01932633903920486;0,01601325234676974;0,0022087244616234127;0,003865267807840972;0,0005521811154058532;0,003865267807840972;0,2943125345113197;0,006626173384870237;0,0011043622308117063;0,007730535615681944;0,006626173384870237;0,0027609055770292656;0,01435670900055218;0,04417448923246825;0,5057979017117614
EC220355;MASCULINO;901,0;838,0;37,0;25,0;0,041065482796892344;0,02774694783573807;0,013318534961154272;0,0022197558268590455;0,017758046614872364;0,0;0,0022197558268590455;0,3762486126526082;0,0022197558268590455;0,0;0,0022197558268590455;0,004439511653718091;0,003329633740288568;0,008879023307436182;0,05216426193118757;0,4450610432852386
EC220356;MASCULINO;575,0;517,0;41,0;17,0;0,07130434782608695;0,029565217391304348;0,022608695652173914;0,0034782608695652175;0,0034782608695652175;0,0;0,0017391304347826088;0,21913043478260869;0,01565217391304348;0,0034782608695652175;0,0052173913043478265;0,0017391304347826088;0,0034782608695652175;0,008695652173913044;0,06956521739130435;0,5408695652173913
EC220357;MASCULINO;1324,0;1182,0;91,0;51,0;0,06873111782477341;0,03851963746223565;0,014350453172205438;0,0015105740181268882;0,0015105740181268882;0,0;0,0022658610271903325;0,33610271903323263;0,0030211480362537764;0,0015105740181268882;0,005287009063444109;0,004531722054380665;0,0022658610271903325;0,01283987915407855;0,05966767371601209;0,4478851963746224
EC220358;MASCULINO;1443,0;1329,0;72,0;42,0;0,0498960498960499;0,029106029106029108;0,013167013167013167;0,002772002772002772;0,00693000693000693;0,000693000693000693;0,000693000693000693;0,3943173943173943;0,006237006237006237;0,000693000693000693;0,002772002772002772;0,002079002079002079;0,003465003465003465;0,01386001386001386;0,02772002772002772;0,4455994455994456
EC220450;MASCULINO;2653,0;2478,0;128,0;46,0;0,04824726724462872;0,017338861666038447;0,019223520542781758;0,0003769317753486619;0,0003769317753486619;0,0022615906520919715;0,0007538635506973238;0,3859781379570298;0,007161703731624576;0,0011307953260459858;0,003769317753486619;0,0003769317753486619;0,0041462495288352805;0,009046362608367886;0,056916698077647945;0,4425179042593291
EC220451;MASCULINO;1805,0;1651,0;110,0;44,0;0,060941828254847646;0,02437673130193906;0,011634349030470914;0,0033240997229916896;0,004986149584487534;0,00110803324099723;0,00110803324099723;0,3346260387811634;0,014404432132963989;0,0016620498614958448;0,009418282548476454;0,00221606648199446;0,006094182825484765;0,006648199445983379;0,07313019390581718;0,4443213296398892
EC220452;MASCULINO;1298,0;1201,0;68,0;28,0;0,05238828967642527;0,02157164869029276;0,013097072419106317;0,003852080123266564;0,006933744221879815;0,0023112480739599386;0,003852080123266564;0,44144838212634824;0,007704160246533128;0,004622496147919877;0,014637904468412942;0,0007704160246533128;0,004622496147919877;0,010015408320493066;0,0423728813559322;0,36902927580893685
EC220453;MASCULINO;1001,0;924,0;58,0;19,0;0,057942057942057944;0,01898101898101898;0,00999000999000999;0,001998001998001998;0,004995004995004995;0,001998001998001998;0,002997002997002997;0,3906093906093906;0,006993006993006993;0,001998001998001998;0,007992007992007992;0,001998001998001998;0,003996003996003996;0,007992007992007992;0,09290709290709291;0,3866133866133866
EC220454;MASCULINO;1965,0;1768,0;144,0;54,0;0,0732824427480916;0,02748091603053435;0,013231552162849873;0,002544529262086514;0,004580152671755725;0,002544529262086514;0,004071246819338422;0,40661577608142496;0,01272264631043257;0,008142493638676845;0,010687022900763359;0,002544529262086514;0,007633587786259542;0,011195928753180661;0,1078880407124682;0,3053435114503817
EC220455;MASCULINO;504,0;465,0;28,0;11,0;0,05555555555555555;0,021825396825396824;0,00992063492063492;0,001984126984126984;0,001984126984126984;0,001984126984126984;0,0;0,36706349206349204;0,005952380952380952;0,001984126984126984;0,001984126984126984;0,0;0,003968253968253968;0,011904761904761904;0,061507936507936505;0,4523809523809524
EC230150;MASCULINO;4300,0;3919,0;280,0;100,0;0,06511627906976744;0,023255813953488372;0,015581395348837209;0,0018604651162790699;0,0011627906976744186;0,0009302325581395349;0,0013953488372093023;0,42930232558139536;0,008372093023255815;0,0027906976744186047;0,0013953488372093023;0,0013953488372093023;0,004418604651162791;0,006744186046511628;0,026976744186046512;0,40906976744186047
EC230151;MASCULINO;3471,0;3158,0;237,0;76,0;0,0682800345721694;0,021895707288965716;0,018438490348602708;0,0011524056467876692;0,0025929127052722557;0,000864304235090752;0,002881014116969173;0,4479976951887064;0,004033419763756842;0,0031691155286660906;0,001728608470181504;0,0014405070584845865;0,004609622587150677;0,004609622587150677;0,05128205128205128;0,36502448861999426
EC230152;MASCULINO;4208,0;3794,0;278,0;133,0;0,06606463878326996;0,031606463878326996;0,01211977186311787;0,001188212927756654;0,0021387832699619773;0,001188212927756654;0,0014258555133079848;0,344106463878327;0,010693916349809885;0,0014258555133079848;0,0026140684410646386;0,0016634980988593155;0,0028517110266159697;0,006653992395437262;0,016634980988593156;0,4969106463878327
EC230153;MASCULINO;3164,0;2834,0;221,0;108,0;0,06984829329962074;0,03413400758533502;0,012642225031605562;0,0015802781289506952;0,0018963337547408343;0,0009481668773704172;0,0012642225031605564;0,2945638432364096;0,014854614412136535;0,0037926675094816687;0,0006321112515802782;0,0025284450063211127;0,0037926675094816687;0,007901390644753476;0,01327433628318584;0,5360303413400759
EC230154;MASCULINO;4653,0;3949,0;489,0;215,0;0,10509348807221147;0,04620674833440791;0,013109821620459918;0,0017193208682570384;0,001074575542660649;0,0019342359767891683;0,002149151085321298;0,2619815173006662;0,01182033096926714;0,0051579626047711154;0,0030088115194498175;0,002364066193853428;0,0027938964109176876;0,005587792821835375;0,016118633139909737;0,519879647539222
EC230155;MASCULINO;3249,0;2870,0;287,0;93,0;0,08833487226839028;0,028624192059095107;0,020621729763004002;0,002770083102493075;0,0024622960911049553;0,0006155740227762388;0,0030778701138811943;0,3354878424130502;0,007386888273314866;0,0030778701138811943;0,0021545090797168358;0,0021545090797168358;0,002770083102493075;0,008002462296091105;0,0221606648199446;0,4706063404124346
EC230156;MASCULINO;1984,0;1838,0;108,0;37,0;0,05443548387096774;0,018649193548387098;0,017137096774193547;0,0015120967741935483;0,0010080645161290322;0,0;0,0025201612903225806;0,4682459677419355;0,008064516129032258;0,0025201612903225806;0,0030241935483870967;0,0025201612903225806;0,0045362903225806455;0,006048387096774193;0,02066532258064516;0,38860887096774194
EC230157;MASCULINO;1826,0;1623,0;149,0;54,0;0,08159912376779847;0,029572836801752465;0,009857612267250822;0,001095290251916758;0,0032858707557502738;0,002190580503833516;0,002190580503833516;0,312157721796276;0,013143483023001095;0,0032858707557502738;0,0032858707557502738;0,0032858707557502738;0,0038335158817086527;0,00547645125958379;0,033406352683461114;0,4923329682365827
EC230250;MASCULINO;15814,0;14146,0;1150,0;514,0;0,07272037435184014;0,03250284557986594;0,014164664221575819;0,0008852915138484887;0,0009485266219805236;0,001201467054508663;0,0023396990008852916;0,3183255343366637;0,008979385354748957;0,002655874541545466;0,0018970532439610472;0,0008852915138484887;0,0024661692171493613;0,005248513974958897;0,0070823321107879094;0,5274440369293032
EC230251;MASCULINO;2270,0;1962,0;189,0;119,0;0,08325991189427313;0,052422907488986786;0,01013215859030837;0,0026431718061674008;0,0026431718061674008;0,003964757709251102;0,0030837004405286344;0,3066079295154185;0,013215859030837005;0,004405286343612335;0,0013215859030837004;0,0004405286343612335;0,003964757709251102;0,0052863436123348016;0,007488986784140969;0,49911894273127755
EC230252;MASCULINO;1235,0;1065,0;97,0;73,0;0,07854251012145749;0,05910931174089069;0,014574898785425101;0,0016194331983805667;0,0024291497975708503;0,0;0,0008097165991902834;0,2874493927125506;0,0072874493927125505;0,004048582995951417;0,0024291497975708503;0,0024291497975708503;0,0;0,0072874493927125505;0,009716599190283401;0,5222672064777328
EC230253;MASCULINO;602,0;562,0;28,0;12,0;0,046511627906976744;0,019933554817275746;0,014950166112956811;0,0049833887043189366;0,0033222591362126247;0,0016611295681063123;0,0;0,25083056478405313;0,0049833887043189366;0,0016611295681063123;0,0033222591362126247;0,0;0,0049833887043189366;0,0049833887043189366;0,013289036544850499;0,6245847176079734
EC240150;MASCULINO;23519,0;21691,0;1339,0;479,0;0,05693269271652706;0,020366512181640376;0,025426251116118882;0,001062970364386241;0,002848760576555126;0,0017007525830179855;0,0021684595433479315;0,3668523321569795;0,008588800544240827;0,002593647689102428;0,0028912793911305755;0,0019133466558952335;0,004209362642969514;0,013223351332964838;0,009609252094051618;0,4791870402653174
EC240151;MASCULINO;1354,0;1253,0;79,0;22,0;0,058345642540620385;0,01624815361890694;0,022156573116691284;0,0014771048744460858;0,0022156573116691287;0,003692762186115214;0,003692762186115214;0,3700147710487445;0,007385524372230428;0,004431314623338257;0,0022156573116691287;0,0022156573116691287;0,0007385524372230429;0,0066469719350073855;0,0029542097488921715;0,49556868537666177
EC240152;MASCULINO;12672,0;11583,0;687,0;396,0;0,05421401515151515;0,03125;0,014283459595959596;0,0014993686868686868;0,002051767676767677;0,001893939393939394;0,0018150252525252525;0,17842487373737373;0,01231060606060606;0,0023674242424242425;0,0019728535353535355;0,0012626262626262627;0,003393308080808081;0,006865530303030303;0,013020833333333334;0,6729008838383839
EC240153;MASCULINO;5870,0;5280,0;350,0;240,0;0,059625212947189095;0,04088586030664395;0,02010221465076661;0,0030664395229982964;0,003747870528109029;0,0018739352640545145;0,0030664395229982964;0,20988074957410563;0,012436115843270869;0,002385008517887564;0,002896081771720613;0,002555366269165247;0,005621805792163544;0,007325383304940375;0,015672913117546847;0,6088586030664396
EC240154;MASCULINO;12230,0;11103,0;751,0;377,0;0,06140637775960752;0,030825838103025346;0,017252657399836467;0,0014717906786590352;0,0022894521668029434;0,0017170891251022077;0,0029435813573180703;0,2652493867538839;0,010793131643499591;0,0022894521668029434;0,002534750613246116;0,0023712183156173344;0,0035977105478331973;0,01054783319705642;0,020032706459525755;0,5647587898609976
EC240155;MASCULINO;1421,0;1291,0;71,0;59,0;0,04996481351161154;0,04152005629838142;0,017593244194229415;0,0014074595355383533;0,0049261083743842365;0,0007037297677691766;0,0028149190710767065;0,21463757916959889;0,019704433497536946;0,0028149190710767065;0,003518648838845883;0,00211118930330753;0,003518648838845883;0,013370865587614356;0,007741027445460943;0,613652357494722
EC240156;MASCULINO;2166,0;2002,0;134,0;29,0;0,061865189289012;0,013388734995383195;0,027700831024930747;0,0013850415512465374;0,0023084025854108957;0,0004616805170821791;0,0013850415512465374;0,41089566020313945;0,006463527239150508;0,002770083102493075;0,004155124653739612;0,0013850415512465374;0,006925207756232687;0,016158818097876268;0,006001846722068329;0,4362880886426593
EC240250;MASCULINO;36817,0;34024,0;2096,0;688,0;0,05693022245158486;0,01868701958334465;0,027324333867506857;0,0013580682836733032;0,0049162071868973575;0,002200070619550751;0,001711166037428362;0,36328326588260856;0,009560800717060053;0,0027704592986935385;0,004047043485346443;0,002200070619550751;0,004889045821223891;0,013553521471059565;0,013118939620284108;0,4732053127631257
EC240350;MASCULINO;938,0;862,0;55,0;21,0;0,05863539445628998;0,022388059701492536;0,019189765458422176;0,0;0,0042643923240938165;0,0010660980810234541;0,0010660980810234541;0,511727078891258;0,010660980810234541;0,0042643923240938165;0,0021321961620469083;0,0010660980810234541;0,0;0,010660980810234541;0,0031982942430703624;0,34968017057569295
EC240351;MASCULINO;4426,0;3977,0;312,0;130,0;0,07049254405784004;0,02937189335743335;0,012426570266606417;0,0011296882060551287;0,004066877541798464;0,002937189335743335;0,0009037505648441031;0,22232263895164933;0,009715318572074107;0,0024853140533212833;0,0036150022593764122;0,0027112516945323093;0,004744690465431541;0,008811568007230005;0,007907817442385901;0,6147763217352011
EC240352;MASCULINO;7569,0;6918,0;471,0;174,0;0,06222750693618708;0,022988505747126436;0,029462280354075835;0,0014532963403355794;0,004227771171885322;0,002113885585942661;0,0015854141894569957;0,3771964592416435;0,010833663627956137;0,0035671819262782403;0,003038710529792575;0,002246003435064077;0,004359889021006738;0,009248249438499142;0,010437310080591887;0,45422116527942924
