ADM3_PCODE;Sufragantes;Votos_válidos;Nulos;Blancos;Nulos_pct;Blancos_pct;"DANIEL NOBOA AZIN
(Derecha liberal 
moderada)";"LUISA GONZALEZ
(Izquierda autoritaria)"
EC010150;9147,0;8542,0;572,0;33,0;0,06253416420684377;0,0036077402427025255;0,6067563135454247;0,327101782005029
EC010151;18304,0;16634,0;1553,0;114,0;0,08484484265734266;0,006228146853146853;0,566597465034965;0,3421656468531469
EC010152;4180,0;3837,0;309,0;35,0;0,07392344497607656;0,008373205741626795;0,5894736842105263;0,3284688995215311
EC010153;1024,0;912,0;88,0;24,0;0,0859375;0,0234375;0,38671875;0,50390625
EC010154;1662,0;1477,0;174,0;11,0;0,10469314079422383;0,006618531889290012;0,6070998796630566;0,2815884476534296
EC010155;2977,0;2646,0;309,0;22,0;0,10379576755122606;0,007389989922741014;0,579106483036614;0,30970775948941887
EC010156;3225,0;2900,0;304,0;22,0;0,09426356589147286;0,006821705426356589;0,546046511627907;0,3531782945736434
EC010157;4594,0;4168,0;385,0;40,0;0,08380496299521115;0,0087070091423596;0,4053112755768394;0,5019590770570309
EC010158;4364,0;4001,0;326,0;38,0;0,07470210815765353;0,008707607699358386;0,581576535288726;0,33524289642529786
EC010159;1273,0;1117,0;137,0;19,0;0,10761979575805185;0,014925373134328358;0,46897093479968577;0,408483896307934
EC010160;3694,0;3370,0;298,0;26,0;0,08067135896047645;0,007038440714672442;0,5793178126691932;0,33297238765565784
EC010161;4589,0;4105,0;427,0;57,0;0,09304859446502506;0,012421006755284375;0,51165831335803;0,3828720854216605
EC010162;14979,0;13677,0;1235,0;65,0;0,08244876159957273;0,00433940850524067;0,5719340409907203;0,34114426864276653
EC010163;7147,0;6537,0;558,0;52,0;0,07807471666433469;0,007275780047572408;0,5728277598992584;0,3418217433888345
EC010164;4336,0;3828,0;471,0;35,0;0,10862546125461255;0,008071955719557196;0,5345940959409594;0,3482472324723247
EC010165;9288,0;8376,0;814,0;97,0;0,0876399655469423;0,010443583118001722;0,5534022394487511;0,34840654608096466
EC010166;2612,0;2338,0;259,0;16,0;0,09915773353751914;0,006125574272588055;0,3824655436447167;0,5126339969372129
EC010167;7954,0;7081,0;807,0;67,0;0,1014583857178778;0,008423434749811415;0,553557958259995;0,3366859441790294
EC010168;7218,0;6257,0;884,0;73,0;0,12247159878082571;0,010113604876697145;0,5254918259905791;0,34136880022166805
EC010169;5390,0;4776,0;579,0;35,0;0,10742115027829313;0,006493506493506494;0,5161410018552876;0,3699443413729128
EC010170;13650,0;12317,0;1261,0;74,0;0,09238095238095238;0,005421245421245421;0,5295970695970696;0,37274725274725273
EC010171;3325,0;2953,0;345,0;26,0;0,1037593984962406;0,007819548872180452;0,5215037593984962;0,36661654135338345
EC010250;6233,0;5735,0;452,0;46,0;0,07251724691159955;0,007380073800738007;0,7076849029359858;0,21241777635167655
EC010251;1617,0;1527,0;80,0;10,0;0,049474335188620905;0,006184291898577613;0,6542980828695114;0,29004329004329005
EC010252;384,0;357,0;19,0;8,0;0,049479166666666664;0,020833333333333332;0,4479166666666667;0,4817708333333333
EC010350;16321,0;14500,0;1682,0;138,0;0,1030574106978739;0,00845536425464126;0,5499663010844924;0,338459653207524
EC010352;975,0;856,0;107,0;12,0;0,10974358974358975;0,012307692307692308;0,5271794871794871;0,3507692307692308
EC010353;2806,0;2513,0;259,0;34,0;0,09230220955096223;0,012116892373485389;0,5178189593727727;0,37776193870277974
EC010354;1133,0;1014,0;114,0;6,0;0,10061782877316858;0,00529567519858782;0,5428067078552515;0,35216240070609
EC010356;522,0;476,0;34,0;12,0;0,06513409961685823;0,022988505747126436;0,5651340996168582;0,34674329501915707
EC010357;2725,0;2345,0;337,0;41,0;0,1236697247706422;0,015045871559633028;0,42935779816513764;0,43119266055045874
EC010358;1802,0;1609,0;174,0;19,0;0,09655937846836848;0,010543840177580466;0,4916759156492786;0,4012208657047725
EC010359;442,0;378,0;56,0;8,0;0,12669683257918551;0,01809954751131222;0,5452488687782805;0,30995475113122173
EC010360;443,0;401,0;40,0;2,0;0,09029345372460497;0,004514672686230248;0,5124153498871332;0,3927765237020316
EC010450;7119,0;6291,0;764,0;64,0;0,10731844360162944;0,008990026689141733;0,43714004775951676;0,44655148194971206
EC010451;1692,0;1510,0;169,0;13,0;0,09988179669030733;0,0076832151300236405;0,4710401891252955;0,42139479905437355
EC010452;1116,0;1008,0;98,0;10,0;0,08781362007168458;0,008960573476702509;0,496415770609319;0,4068100358422939
EC010453;943,0;856,0;74,0;12,0;0,0784729586426299;0,012725344644750796;0,37857900318133614;0,5291622481442205
EC010550;10991,0;9828,0;1060,0;101,0;0,09644254389955419;0,00918933673005186;0,5085069602401965;0,385679192066236
EC010552;906,0;826,0;66,0;14,0;0,0728476821192053;0,01545253863134658;0,4216335540838852;0,4900662251655629
EC010553;1343,0;1197,0;137,0;9,0;0,10201042442293373;0,006701414743112435;0,5234549516008935;0,3678332092330603
EC010554;1180,0;998,0;171,0;11,0;0,14491525423728813;0,009322033898305085;0,48050847457627116;0,3652542372881356
EC010556;670,0;623,0;45,0;2,0;0,06716417910447761;0,0029850746268656717;0,5194029850746269;0,41044776119402987
EC010559;1348,0;1214,0;117,0;17,0;0,08679525222551929;0,012611275964391691;0,49258160237388726;0,40801186943620177
EC010561;776,0;701,0;68,0;7,0;0,08762886597938144;0,00902061855670103;0,30670103092783507;0,5966494845360825
EC010562;808,0;725,0;75,0;8,0;0,09282178217821782;0,009900990099009901;0,45173267326732675;0,44554455445544555
EC010650;5010,0;4723,0;247,0;40,0;0,04930139720558882;0,007984031936127744;0,3724550898203593;0,5702594810379241
EC010652;944,0;888,0;51,0;5,0;0,05402542372881356;0,005296610169491525;0,4194915254237288;0,5211864406779662
EC010750;2588,0;2450,0;114,0;24,0;0,04404945904173107;0,00927357032457496;0,6723338485316847;0,2743431221020093
EC010751;405,0;389,0;13,0;3,0;0,03209876543209877;0,007407407407407408;0,6518518518518519;0,30864197530864196
EC010850;9800,0;9182,0;561,0;57,0;0,05724489795918367;0,005816326530612245;0,6255102040816326;0,31142857142857144
EC010851;2070,0;1951,0;114,0;5,0;0,05507246376811594;0,0024154589371980675;0,5937198067632851;0,34879227053140094
EC010852;941,0;883,0;47,0;11,0;0,04994686503719448;0,011689691817215728;0,5398512221041445;0,3985122210414453
EC010853;1232,0;1154,0;66,0;12,0;0,05357142857142857;0,00974025974025974;0,547077922077922;0,38961038961038963
EC010854;458,0;425,0;27,0;6,0;0,05895196506550218;0,013100436681222707;0,7205240174672489;0,2074235807860262
EC010950;8278,0;7354,0;821,0;100,0;0,09917854554240155;0,012080212611741966;0,48610775549649676;0,4022710799710075
EC010951;910,0;817,0;85,0;8,0;0,09340659340659341;0,008791208791208791;0,5934065934065934;0,30439560439560437
EC010952;2122,0;1929,0;186,0;7,0;0,08765315739868049;0,003298774740810556;0,4514608859566447;0,45758718190386427
EC010953;743,0;701,0;38,0;4,0;0,05114401076716016;0,005383580080753701;0,43203230148048455;0,5114401076716016
EC010954;2100,0;1930,0;147,0;22,0;0,07;0,010476190476190476;0,49714285714285716;0,4219047619047619
EC010955;2215,0;1942,0;256,0;16,0;0,11557562076749435;0,007223476297968397;0,4600451467268623;0,4167042889390519
EC010956;1184,0;1093,0;84,0;7,0;0,07094594594594594;0,0059121621621621625;0,7609797297297297;0,16216216216216217
EC011050;2154,0;1941,0;193,0;20,0;0,08960074280408542;0,009285051067780872;0,5162488393686165;0,38486536675951716
EC011051;693,0;656,0;36,0;1,0;0,05194805194805195;0,001443001443001443;0,4906204906204906;0,455988455988456
EC011150;5198,0;4720,0;432,0;46,0;0,08310888803385917;0,008849557522123894;0,5600230858022316;0,3480184686417853
EC011151;815,0;728,0;79,0;8,0;0,09693251533742331;0,0098159509202454;0,3337423312883436;0,5595092024539877
EC011152;706,0;633,0;59,0;14,0;0,08356940509915015;0,019830028328611898;0,5212464589235127;0,37535410764872523
EC011153;659,0;590,0;64,0;5,0;0,09711684370257967;0,007587253414264037;0,4279210925644917;0,4673748103186646
EC011154;484,0;448,0;32,0;4,0;0,06611570247933884;0,008264462809917356;0,6694214876033058;0,256198347107438
EC011250;1220,0;1140,0;70,0;10,0;0,05737704918032787;0,00819672131147541;0,42868852459016393;0,5057377049180328
EC011253;914,0;868,0;41,0;5,0;0,044857768052516414;0,005470459518599562;0,3435448577680525;0,6061269146608315
EC011350;1807,0;1704,0;91,0;12,0;0,050359712230215826;0,006640841173215274;0,2905368013281682;0,6524626452684007
EC011351;642,0;618,0;19,0;5,0;0,029595015576323987;0,00778816199376947;0,3037383177570093;0,6588785046728972
EC011352;1590,0;1501,0;79,0;10,0;0,04968553459119497;0,006289308176100629;0,30440251572327043;0,6396226415094339
EC011450;2465,0;2263,0;186,0;16,0;0,07545638945233266;0,006490872210953347;0,445841784989858;0,472210953346856
EC011550;14195,0;13316,0;779,0;100,0;0,05487847833744276;0,007044734061289186;0,37076435364564986;0,5673124339556181
EC020150;18682,0;16599,0;1971,0;112,0;0,10550262284551976;0,005995075473718017;0,5911037362166791;0,29739856546408305
EC020151;1829,0;1550,0;257,0;21,0;0,14051394204483325;0,011481683980317113;0,5319846910880263;0,3154729360306178
EC020153;1726,0;1491,0;224,0;11,0;0,12977983777520277;0,006373117033603708;0,5689455388180765;0,294901506373117
EC020155;3253,0;2973,0;245,0;32,0;0,07531509375960652;0,009837073470642483;0,4128496772210267;0,5010759299108515
EC020156;1392,0;1297,0;84,0;11,0;0,0603448275862069;0,007902298850574713;0,7033045977011494;0,22844827586206898
EC020157;2796,0;2457,0;316,0;23,0;0,11301859799713877;0,008226037195994278;0,5218168812589413;0,3569384835479256
EC020158;1466,0;1375,0;86,0;5,0;0,058663028649386086;0,0034106412005457027;0,6609822646657572;0,27694406548431105
EC020159;8001,0;6684,0;1246,0;71,0;0,1557305336832896;0,008873890763654543;0,3459567554055743;0,4894388201474816
EC020160;4630,0;4316,0;284,0;30,0;0,061339092872570194;0,0064794816414686825;0,6021598272138229;0,33002159827213823
EC020250;9563,0;8821,0;685,0;57,0;0,07163024155599708;0,005960472655024574;0,607131653246889;0,3152776325420893
EC020251;4572,0;4247,0;290,0;35,0;0,06342957130358705;0,007655293088363955;0,5881452318460193;0,34076990376202976
EC020350;5203,0;4989,0;202,0;12,0;0,038823755525658275;0,0023063617143955412;0,7743609456083029;0,1845089371516433
EC020351;1965,0;1768,0;179,0;17,0;0,0910941475826972;0,008651399491094147;0,6162849872773537;0,28346055979643764
EC020353;2179,0;1986,0;184,0;9,0;0,08444240477283158;0,004130335016062414;0,5713630105553006;0,3400642496558054
EC020354;739,0;683,0;54,0;2,0;0,07307171853856563;0,0027063599458728013;0,7158322056833559;0,2083897158322057
EC020355;1423,0;1311,0;90,0;22,0;0,06324666198172874;0,015460295151089248;0,6978215038650738;0,22347153900210823
EC020450;12991,0;12128,0;781,0;81,0;0,060118543607112614;0,006235085828650604;0,6298976214302209;0,3036717727657609
EC020550;10961,0;10389,0;532,0;40,0;0,0485357175440197;0,003649302070978925;0,7292217863333638;0,21859319405163763
EC020551;2568,0;2432,0;123,0;10,0;0,04789719626168224;0,003894080996884735;0,6651090342679128;0,2819314641744548
EC020552;1843,0;1709,0;115,0;19,0;0,062398263700488336;0,010309278350515464;0,6158437330439501;0,3114487249050461
EC020553;857,0;807,0;48,0;2,0;0,056009334889148193;0,002333722287047841;0,7187864644107351;0,22287047841306884
EC020554;4161,0;3889,0;254,0;18,0;0,061043018505167024;0,004325883201153569;0,593607305936073;0,3410237923576063
EC020555;1269,0;1165,0;98,0;6,0;0,07722616233254531;0,004728132387706856;0,6052009456264775;0,3128447596532703
EC020556;741,0;689,0;48,0;4,0;0,06477732793522267;0,005398110661268556;0,6720647773279352;0,25775978407557354
EC020650;13089,0;12417,0;617,0;53,0;0,047138818855527544;0,004049201619680648;0,7199938879975551;0,22866529146611658
EC020750;5214,0;4775,0;402,0;37,0;0,07710011507479862;0,007096279248177982;0,5310701956271576;0,3847334100498657
EC030150;2557,0;2364,0;176,0;16,0;0,06883066093077826;0,006257332811888932;0,6992569417285882;0,22526398122800156
EC030151;2145,0;1979,0;150,0;16,0;0,06993006993006994;0,007459207459207459;0,6335664335664336;0,289044289044289
EC030153;4781,0;4514,0;235,0;31,0;0,04915289688349718;0,006483999163354947;0,8002509935160008;0,14390294917381302
EC030154;4255,0;3898,0;326,0;31,0;0,07661574618096358;0,007285546415981199;0,5316098707403055;0,3844888366627497
EC030155;1974,0;1786,0;170,0;20,0;0,08611955420466058;0,010131712259371834;0,6838905775075987;0,22087132725430597
EC030156;1089,0;960,0;121,0;8,0;0,1111111111111111;0,0073461891643709825;0,588613406795225;0,29292929292929293
EC030157;1133,0;1004,0;117,0;12,0;0,10326566637246248;0,01059135039717564;0,5789938217122683;0,30714916151809357
EC030158;2085,0;1895,0;170,0;20,0;0,0815347721822542;0,009592326139088728;0,626378896882494;0,28249400479616305
EC030160;980,0;894,0;76,0;10,0;0,07755102040816327;0,01020408163265306;0,6122448979591837;0,3
EC030250;8642,0;8027,0;573,0;42,0;0,06630409627401064;0,004859986114325388;0,6894237445035871;0,23941217310807683
EC030251;1798,0;1653,0;125,0;20,0;0,06952169076751946;0,011123470522803115;0,7102335928809789;0,20912124582869857
EC030252;722,0;671,0;48,0;2,0;0,0664819944598338;0,002770083102493075;0,721606648199446;0,2077562326869806
EC030253;362,0;331,0;29,0;2,0;0,08011049723756906;0,0055248618784530384;0,6464088397790055;0,26795580110497236
EC030254;468,0;428,0;26,0;14,0;0,05555555555555555;0,029914529914529916;0,5491452991452992;0,36538461538461536
EC030350;15030,0;13810,0;1132,0;88,0;0,07531603459747173;0,005854956753160346;0,6092481703260146;0,3095808383233533
EC030351;1932,0;1737,0;150,0;44,0;0,07763975155279502;0,022774327122153208;0,6407867494824017;0,2582815734989648
EC030352;1532,0;1406,0;113,0;13,0;0,0737597911227154;0,008485639686684074;0,5398172323759791;0,3779373368146214
EC030353;1259,0;1016,0;224,0;19,0;0,17791898332009531;0,015091342335186657;0,48848292295472595;0,31850675138999207
EC030354;1705,0;1515,0;172,0;16,0;0,10087976539589442;0,0093841642228739;0,509090909090909;0,37947214076246333
EC030355;2943,0;2692,0;223,0;28,0;0,07577302072714917;0,009514101257220523;0,5239551478083588;0,3907577302072715
EC030356;4452,0;3809,0;594,0;50,0;0,1334231805929919;0,011230907457322551;0,4442946990116801;0,4112758310871518
EC030357;952,0;838,0;106,0;8,0;0,11134453781512606;0,008403361344537815;0,48214285714285715;0,39810924369747897
EC030358;1125,0;1047,0;68,0;9,0;0,060444444444444446;0,008;0,5386666666666666;0,392
EC030361;1026,0;872,0;141,0;13,0;0,13742690058479531;0,012670565302144249;0,4551656920077973;0,39473684210526316
EC030362;662,0;601,0;49,0;12,0;0,07401812688821752;0,01812688821752266;0,5226586102719033;0,3851963746223565
EC030363;1914,0;1732,0;160,0;22,0;0,08359456635318704;0,011494252873563218;0,5141065830721003;0,39080459770114945
EC030450;28498,0;26372,0;1929,0;196,0;0,06768896062881606;0,006877675626359744;0,47477015930942523;0,4506281142536318
EC030451;2973,0;2764,0;193,0;17,0;0,06491759165825765;0,005718129835183316;0,3599058190380087;0,5697948200470905
EC030452;3867,0;3593,0;227,0;46,0;0,0587018360486165;0,011895526247737265;0,28756141711921385;0,6415826221877424
EC030550;6324,0;5713,0;556,0;54,0;0,08791903858317521;0,008538899430740038;0,4663187855787476;0,4370651486401012
EC030650;2484,0;2292,0;168,0;24,0;0,06763285024154589;0,00966183574879227;0,5309983896940419;0,39170692431562
EC030651;839,0;780,0;46,0;13,0;0,054827175208581644;0,015494636471990465;0,5148986889153755;0,41477949940405245
EC030750;3331,0;2979,0;301,0;51,0;0,09036325427799459;0,015310717502251577;0,5196637646352447;0,37466226358450916
EC040150;27375,0;25687,0;1597,0;92,0;0,05833789954337899;0,003360730593607306;0,6803287671232877;0,2580091324200913
EC040151;1785,0;1633,0;139,0;13,0;0,07787114845938375;0,007282913165266107;0,434733893557423;0,4801120448179272
EC040153;7041,0;6579,0;417,0;45,0;0,059224541968470386;0,006391137622496805;0,641954267859679;0,2924300525493538
EC040154;1246,0;1156,0;80,0;10,0;0,06420545746388442;0,008025682182985553;0,35313001605136435;0,5746388443017657
EC040155;601,0;575,0;25,0;1,0;0,04159733777038269;0,0016638935108153079;0,589018302828619;0,36772046589018303
EC040156;741,0;645,0;69,0;27,0;0,0931174089068826;0,03643724696356275;0,1592442645074224;0,7112010796221323
EC040157;2045,0;1922,0;112,0;11,0;0,05476772616136919;0,0053789731051344745;0,5320293398533007;0,4078239608801956
EC040158;1012,0;967,0;42,0;2,0;0,041501976284584984;0,001976284584980237;0,6393280632411067;0,31620553359683795
EC040159;2445,0;2106,0;315,0;24,0;0,12883435582822086;0,0098159509202454;0,2822085889570552;0,5791411042944785
EC040161;1726,0;1616,0;95,0;15,0;0,05504055619930475;0,00869061413673233;0,45770567786790267;0,47856315179606024
EC040250;4376,0;4033,0;322,0;21,0;0,07358318098720293;0,0047989031078610606;0,5029707495429616;0,4186471663619744
EC040251;1263,0;1157,0;101,0;5,0;0,07996832937450514;0,00395882818685669;0,4948535233570863;0,42121931908155186
EC040252;1744,0;1594,0;108,0;42,0;0,06192660550458716;0,02408256880733945;0,3079128440366973;0,6060779816513762
EC040253;1406,0;1301,0;98,0;7,0;0,06970128022759602;0,004978662873399715;0,457325746799431;0,46799431009957326
EC040254;1694,0;1516,0;147,0;31,0;0,08677685950413223;0,01829988193624557;0,22668240850059032;0,6682408500590319
EC040255;1384,0;1261,0;104,0;18,0;0,07514450867052024;0,01300578034682081;0,3598265895953757;0,5513005780346821
EC040350;4110,0;3821,0;273,0;16,0;0,06642335766423357;0,0038929440389294406;0,6009732360097324;0,3287104622871046
EC040351;757,0;708,0;44,0;5,0;0,05812417437252312;0,0066050198150594455;0,4821664464993395;0,45310435931307796
EC040352;3081,0;2859,0;211,0;12,0;0,06848425835767608;0,0038948393378773127;0,4349237260629666;0,4930217461863031
EC040353;2554,0;2335,0;203,0;16,0;0,07948316366483947;0,006264682850430697;0,43696162881754114;0,47729052466718874
EC040450;5378,0;4993,0;354,0;31,0;0,06582372629230197;0,0057642246188174045;0,5087393082930457;0,4196727407958349
EC040451;2449,0;2268,0;159,0;21,0;0,06492445896284198;0,008574928542262147;0,20171498570845242;0,7243772968558595
EC040452;1624,0;1449,0;156,0;18,0;0,0960591133004926;0,011083743842364532;0,31896551724137934;0,5732758620689655
EC040453;1134,0;1068,0;64,0;2,0;0,0564373897707231;0,001763668430335097;0,22134038800705466;0,7204585537918872
EC040550;8279,0;7630,0;610,0;39,0;0,07368039618311391;0,004710713854330233;0,5571928976929581;0,36441599226959775
EC040551;2228,0;2035,0;180,0;13,0;0,0807899461400359;0,0058348294434470375;0,5745062836624776;0,3388689407540395
EC040552;553,0;534,0;19,0;0,0;0,034358047016274866;0,0;0,538878842676311;0,4267631103074141
EC040553;778,0;728,0;45,0;5,0;0,05784061696658098;0,006426735218508998;0,45758354755784064;0,4781491002570694
EC040554;2470,0;2215,0;237,0;18,0;0,09595141700404858;0,0072874493927125505;0,5295546558704454;0,3672064777327935
EC040555;861,0;789,0;67,0;5,0;0,07781649245063879;0,005807200929152149;0,4912891986062718;0,4250871080139373
EC040650;5381,0;5063,0;293,0;25,0;0,05445084556773834;0,004645976584278015;0,624047574800223;0,3168556030477606
EC040651;1103,0;1025,0;69,0;8,0;0,06255666364460562;0,007252946509519492;0,45330915684496825;0,4759746146872167
EC050150;16086,0;14928,0;1074,0;84,0;0,06676613204028348;0,005221932114882507;0,7350491110282233;0,19296282481661073
EC050151;5426,0;4995,0;407,0;22,0;0,07500921489126429;0,004054552156284556;0,6533357906376704;0,26723184666420935
EC050152;4264,0;3857,0;386,0;21,0;0,09052532833020638;0,004924953095684803;0,6428236397748592;0,26172607879924953
EC050153;7396,0;6897,0;475,0;24,0;0,06422390481341266;0,003244997295835587;0,5565170362358032;0,3760140616549486
EC050154;1495,0;1418,0;74,0;3,0;0,049498327759197325;0,002006688963210702;0,6561872909698997;0,2923076923076923
EC050156;6909,0;6313,0;574,0;22,0;0,08308004052684904;0,003184252424374005;0,5500072369373281;0,3637284701114488
EC050157;1831,0;1705,0;121,0;5,0;0,06608410704533042;0,002730748225013654;0,636810486073184;0,2943746586564719
EC050158;4324,0;3895,0;407,0;22,0;0,09412580943570768;0,005087881591119334;0,6112395929694727;0,2895467160037003
EC050159;8145,0;7262,0;825,0;55,0;0,10128913443830571;0,006752608962553714;0,5432780847145487;0,3483118477593616
EC050161;10331,0;9403,0;897,0;31,0;0,08682605749685413;0,003000677572355048;0,5554157390378472;0,35475752589294357
EC050162;8885,0;7766,0;1067,0;51,0;0,1200900393922341;0,0057400112549240295;0,5203151378728194;0,3537422622397299
EC050250;3496,0;3262,0;212,0;22,0;0,06064073226544622;0,006292906178489702;0,2943363844393593;0,6387299771167048
EC050251;2459,0;2310,0;132,0;17,0;0,05368035786905246;0,0069133794225294835;0,5099633997559984;0,4294428629524197
EC050252;1996,0;1882,0;90,0;22,0;0,045090180360721446;0,011022044088176353;0,5966933867735471;0,34619238476953906
EC050350;5488,0;4978,0;457,0;51,0;0,08327259475218658;0,009293002915451895;0,529701166180758;0,37736880466472306
EC050351;9106,0;8444,0;599,0;63,0;0,06578080386558313;0,006918515264660663;0,5254777070063694;0,4018229738633868
EC050352;728,0;652,0;60,0;16,0;0,08241758241758242;0,02197802197802198;0,47802197802197804;0,4175824175824176
EC050353;1238,0;1135,0;95,0;8,0;0,07673667205169628;0,006462035541195477;0,5751211631663974;0,34168012924071084
EC050450;29790,0;27139,0;2476,0;168,0;0,08311513930849278;0,005639476334340383;0,576737160120846;0,3342732460557234
EC050451;3644,0;3002,0;602,0;40,0;0,16520307354555433;0,010976948408342482;0,3512623490669594;0,4725576289791438
EC050453;6597,0;5649,0;867,0;81,0;0,13142337426102774;0,01227830832196453;0,33772927088070337;0,5185690465363044
EC050455;2093,0;1930,0;158,0;5,0;0,0754897276636407;0,0023889154323936935;0,6536072623029144;0,26851409460105113
EC050456;1502,0;1285,0;206,0;10,0;0,13715046604527298;0,006657789613848202;0,2822902796271638;0,5732356857523302
EC050457;2552,0;2363,0;170,0;19,0;0,06661442006269593;0,007445141065830721;0,4964733542319749;0,42946708463949845
EC050458;10473,0;9157,0;1237,0;79,0;0,11811324357872625;0,007543206340112671;0,3239759381266113;0,5503676119545498
EC050550;28240,0;25833,0;2280,0;125,0;0,08073654390934844;0,004426345609065156;0,6164305949008498;0,29833569405099153
EC050551;2034,0;1902,0;126,0;6,0;0,061946902654867256;0,0029498525073746312;0,7064896755162242;0,22861356932153393
EC050552;5183,0;4448,0;686,0;49,0;0,13235577850665636;0,009453984179046884;0,4510901022573799;0,40710013505691683
EC050553;5307,0;4692,0;575,0;40,0;0,10834746561145657;0,007537214999057848;0,6012813265498398;0,2828339928396458
EC050554;5001,0;4602,0;374,0;24,0;0,07478504299140172;0,004799040191961607;0,6582683463307338;0,26194761047790444
EC050555;2464,0;2261,0;188,0;15,0;0,0762987012987013;0,006087662337662338;0,6258116883116883;0,29180194805194803
EC050650;14128,0;12853,0;1188,0;86,0;0,08408833522083806;0,006087202718006795;0,6304501698754247;0,2793035107587769
EC050651;1735,0;1518,0;202,0;15,0;0,11642651296829971;0,008645533141210375;0,4847262247838617;0,39020172910662826
EC050652;956,0;883,0;67,0;6,0;0,0700836820083682;0,006276150627615063;0,6255230125523012;0,29811715481171547
EC050750;6324,0;5811,0;482,0;30,0;0,07621758380771664;0,004743833017077799;0,4351676154332701;0,48371283997469955
EC050751;5248,0;4649,0;571,0;31,0;0,10880335365853659;0,005907012195121951;0,24275914634146342;0,6431021341463414
EC050752;2079,0;1872,0;202,0;5,0;0,09716209716209716;0,002405002405002405;0,3415103415103415;0,5589225589225589
EC050753;1523,0;1434,0;81,0;8,0;0,05318450426789232;0,005252790544977019;0,2705187130663165;0,6710439921208142
EC050754;642,0;607,0;32,0;3,0;0,04984423676012461;0,004672897196261682;0,602803738317757;0,3426791277258567
EC060150;43752,0;41593,0;2090,0;66,0;0,04776924483452185;0,0015085024684585847;0,757542512342293;0,1931111720607058
EC060151;2620,0;2369,0;228,0;22,0;0,08702290076335878;0,008396946564885497;0,5698473282442749;0,33435114503816793
EC060152;4888,0;4480,0;387,0;21,0;0,07917348608837971;0,004296235679214402;0,7227905073649754;0,19373977086743044
EC060153;1806,0;1652,0;147,0;7,0;0,08139534883720931;0,003875968992248062;0,7397563676633444;0,17497231450719822
EC060154;3514,0;3154,0;324,0;36,0;0,09220261809903244;0,010244735344336939;0,4151963574274331;0,4823562891291975
EC060155;5045,0;4701,0;327,0;17,0;0,06481665014866204;0,0033696729435084244;0,7450941526263627;0,1867195242814668
EC060156;6457,0;5886,0;520,0;49,0;0,08053275514945021;0,007588663466005885;0,47173610035620256;0,4398327396623819
EC060157;4189,0;3732,0;418,0;39,0;0,09978515158749104;0,00931009787538792;0,6010981141083791;0,28980663642874194
EC060158;4871,0;4402,0;438,0;31,0;0,08991993430507082;0,006364196263600903;0,5686717306507904;0,3350441387805379
EC060159;3850,0;3621,0;217,0;9,0;0,056363636363636366;0,0023376623376623377;0,7444155844155844;0,1961038961038961
EC060160;6017,0;5467,0;515,0;34,0;0,08559082599301977;0,005650656473325578;0,6727605118829981;0,23583180987202926
EC060161;5506,0;5109,0;350,0;47,0;0,06356701779876499;0,008536142390119869;0,661460225208863;0,2664366146022521
EC060250;7846,0;7172,0;621,0;52,0;0,07914861075707366;0,00662758093295947;0,5763446342085139;0,337751720621973
EC060251;5979,0;5246,0;659,0;73,0;0,11021910018397725;0,012209399565144673;0,31108881083793277;0,5663154373641077
EC060253;1223,0;1054,0;140,0;28,0;0,11447260834014718;0,022894521668029435;0,43417825020441536;0,4276369582992641
EC060254;1110,0;989,0;113,0;8,0;0,1018018018018018;0,007207207207207207;0,4207207207207207;0,4702702702702703
EC060255;1011,0;910,0;89,0;12,0;0,08803165182987141;0,011869436201780416;0,4421364985163205;0,4579624134520277
EC060256;207,0;190,0;17,0;0,0;0,0821256038647343;0,0;0,47342995169082125;0,4444444444444444
EC060257;405,0;354,0;46,0;5,0;0,11358024691358025;0,012345679012345678;0,38765432098765434;0,48641975308641977
EC060258;436,0;388,0;42,0;6,0;0,0963302752293578;0,013761467889908258;0,3119266055045872;0,5779816513761468
EC060259;1755,0;1591,0;157,0;7,0;0,08945868945868946;0,003988603988603989;0,6205128205128205;0,28603988603988606
EC060260;6101,0;5503,0;547,0;50,0;0,08965743320767088;0,008195377806916898;0,5146697262743812;0,38731355515489263
EC060350;8480,0;7699,0;738,0;43,0;0,08702830188679245;0,005070754716981132;0,5694575471698113;0,3384433962264151
EC060351;703,0;668,0;32,0;3,0;0,04551920341394026;0,004267425320056899;0,7027027027027027;0,24751066856330015
EC060352;11669,0;10643,0;948,0;74,0;0,08124089467820722;0,006341588825092124;0,47184848744536806;0,44022624046619246
EC060353;2211,0;1989,0;204,0;17,0;0,09226594301221167;0,007688828584350972;0,45092718227046585;0,44866576209859793
EC060354;1647,0;1470,0;170,0;7,0;0,10321797207043108;0,004250151791135397;0,35154826958105645;0,5409836065573771
EC060450;10042,0;9386,0;619,0;37,0;0,06164110734913364;0,0036845249950209122;0,7466640111531567;0,1880103565026887
EC060550;4745,0;4248,0;449,0;46,0;0,09462592202318229;0,00969441517386723;0,5536354056902002;0,341622760800843
EC060551;531,0;489,0;37,0;6,0;0,0696798493408663;0,011299435028248588;0,5574387947269304;0,3634651600753296
EC060552;422,0;384,0;33,0;5,0;0,07819905213270142;0,011848341232227487;0,5450236966824644;0,36492890995260663
EC060553;617,0;556,0;58,0;3,0;0,0940032414910859;0,004862236628849271;0,3354943273905997;0,5656401944894651
EC060554;670,0;597,0;57,0;15,0;0,08507462686567165;0,022388059701492536;0,6014925373134329;0,28955223880597014
EC060650;17150,0;15217,0;1757,0;175,0;0,10244897959183673;0,01020408163265306;0,4763848396501458;0,4109037900874636
EC060651;5831,0;5137,0;652,0;42,0;0,11181615503344194;0,007202881152460984;0,5693706053850112;0,3116103584290859
EC060652;8071,0;7323,0;685,0;62,0;0,08487176310246562;0,007681823813653822;0,4998141494238632;0,40750836327592616
EC060750;11458,0;10872,0;558,0;26,0;0,04869959853377553;0,002269156920928609;0,7624367254320126;0,18641996858090418
EC060751;430,0;406,0;22,0;1,0;0,05116279069767442;0,002325581395348837;0,7209302325581395;0,22325581395348837
EC060752;1652,0;1575,0;67,0;8,0;0,04055690072639225;0,004842615012106538;0,7687651331719129;0,18462469733656175
EC060753;502,0;483,0;18,0;1,0;0,035856573705179286;0,00199203187250996;0,7749003984063745;0,18725099601593626
EC060754;9144,0;8456,0;647,0;40,0;0,07075678040244969;0,004374453193350831;0,752405949256343;0,17235345581802275
EC060755;1521,0;1431,0;84,0;6,0;0,055226824457593686;0,0039447731755424065;0,7501643655489809;0,19066403681788296
EC060756;3104,0;2934,0;158,0;11,0;0,0509020618556701;0,0035438144329896907;0,78125;0,1639819587628866
EC060757;935,0;904,0;29,0;2,0;0,031016042780748664;0,0021390374331550803;0,8149732620320855;0,1518716577540107
EC060758;877,0;849,0;27,0;1,0;0,03078677309007982;0,0011402508551881414;0,8118586088939567;0,15621436716077536
EC060759;402,0;381,0;19,0;2,0;0,0472636815920398;0,004975124378109453;0,6741293532338308;0,2736318407960199
EC060850;8361,0;7703,0;601,0;55,0;0,07188135390503528;0,006578160507116374;0,5617749073077383;0,3595263724434876
EC060950;2267,0;2180,0;83,0;4,0;0,036612262902514334;0,00176444640494045;0,7534186149095721;0,20820467578297308
EC060951;1105,0;1056,0;41,0;8,0;0,037104072398190045;0,007239819004524887;0,6841628959276018;0,27149321266968324
EC060952;830,0;801,0;28,0;1,0;0,033734939759036145;0,0012048192771084338;0,7746987951807229;0,19036144578313252
EC060953;679,0;624,0;51,0;4,0;0,07511045655375552;0,005891016200294551;0,7378497790868925;0,18114874815905743
EC060954;1296,0;1257,0;38,0;1,0;0,029320987654320986;0,0007716049382716049;0,8109567901234568;0,15895061728395063
EC060955;377,0;346,0;14,0;17,0;0,03713527851458886;0,04509283819628647;0,7718832891246684;0,14588859416445624
EC060956;229,0;221,0;8,0;0,0;0,034934497816593885;0,0;0,6157205240174672;0,34934497816593885
EC061050;11318,0;10370,0;889,0;57,0;0,07854744654532603;0,00503622548153384;0,39954055486835127;0,5166990634387701
EC070150;5597,0;5227,0;331,0;35,0;0,05913882437019832;0,006253350008933357;0,43130248347328926;0,5025906735751295
EC070152;2769,0;2624,0;124,0;21,0;0,04478150957024196;0,007583965330444204;0,3167208378475984;0,6309136872517154
EC070250;16487,0;15598,0;796,0;93,0;0,048280463395402436;0,005640807909261842;0,538606174561776;0,40747255413355976
EC070251;1061,0;1019,0;38,0;4,0;0,03581526861451461;0,003770028275212064;0,37794533459000945;0,5824693685202639
EC070254;2158,0;1999,0;138,0;21,0;0,0639481000926784;0,009731232622798888;0,3683966635773865;0,5579240037071362
EC070255;526,0;502,0;19,0;5,0;0,03612167300380228;0,009505703422053232;0,46387832699619774;0,49049429657794674
EC070256;1275,0;1234,0;35,0;6,0;0,027450980392156862;0,004705882352941176;0,3843137254901961;0,5835294117647059
EC070350;2056,0;1899,0;135,0;22,0;0,06566147859922179;0,010700389105058366;0,6741245136186771;0,2495136186770428
EC070351;1174,0;1115,0;51,0;8,0;0,0434412265758092;0,0068143100511073255;0,7325383304940375;0,217206132879046
EC070352;726,0;671,0;44,0;11,0;0,06060606060606061;0,015151515151515152;0,6391184573002755;0,28512396694214875
EC070353;361,0;346,0;14,0;1,0;0,038781163434903045;0,002770083102493075;0,6869806094182825;0,27146814404432135
EC070354;375,0;358,0;14,0;3,0;0,037333333333333336;0,008;0,6426666666666667;0,312
EC070355;407,0;390,0;12,0;5,0;0,029484029484029485;0,012285012285012284;0,3906633906633907;0,5675675675675675
EC070450;5369,0;5116,0;231,0;21,0;0,04302477183833116;0,003911342894393742;0,5084745762711864;0,4444030545725461
EC070451;818,0;763,0;47,0;8,0;0,05745721271393643;0,009779951100244499;0,3765281173594132;0,5562347188264058
EC070550;2817,0;2608,0;193,0;16,0;0,06851260205892794;0,0056798012069577564;0,48242811501597443;0,44337948171813985
EC070650;26206,0;24508,0;1592,0;104,0;0,06074944669159735;0,003968556819049072;0,3453026024574525;0,5899030756315348
EC070651;4606,0;4328,0;259,0;19,0;0,05623100303951368;0,004125054277029961;0,21102909248805907;0,7286148501953973
EC070652;2387,0;2222,0;153,0;14,0;0,0640971931294512;0,005865102639296188;0,3627984918307499;0,5680770842061165
EC070653;2488,0;2363,0;109,0;15,0;0,043810289389067524;0,006028938906752411;0,21744372990353697;0,7323151125401929
EC070654;3050,0;2877,0;157,0;15,0;0,05147540983606557;0,004918032786885246;0,26491803278688525;0,6783606557377049
EC070750;2546,0;2375,0;150,0;21,0;0,0589159465828751;0,008248232521602514;0,4670070699135899;0,46582875098193244
EC070850;4406,0;4188,0;177,0;41,0;0,04017249205628688;0,009305492510213346;0,5009078529278257;0,4496141625056741
EC070851;461,0;432,0;22,0;7,0;0,04772234273318872;0,015184381778741865;0,5140997830802603;0,4229934924078091
EC070950;40186,0;37070,0;2938,0;178,0;0,07311003832180361;0,004429403274772308;0,48399940277708653;0,43846115562633753
EC070951;4700,0;4324,0;357,0;19,0;0,07595744680851065;0,004042553191489362;0,3008510638297872;0,6191489361702127
EC070952;1594,0;1489,0;96,0;9,0;0,060225846925972396;0,0056461731493099125;0,3456712672521957;0,588456712672522
EC070953;2651,0;2457,0;179,0;15,0;0,06752168992832894;0,005658242172764994;0,34628442097321765;0,5805356469256884
EC070954;2546,0;2305,0;220,0;21,0;0,08641005498821681;0,008248232521602514;0,37549096622152395;0,5298507462686567
EC070955;876,0;818,0;50,0;8,0;0,05707762557077625;0,0091324200913242;0,3721461187214612;0,5616438356164384
EC070956;895,0;854,0;38,0;3,0;0,042458100558659215;0,0033519553072625698;0,25027932960893856;0,7039106145251397
EC071050;14140,0;13371,0;727,0;41,0;0,05141442715700142;0,0028995756718528994;0,6984441301272984;0,24717114568599718
EC071051;1042,0;943,0;88,0;11,0;0,08445297504798464;0,01055662188099808;0,3781190019193858;0,5268714011516314
EC071052;946,0;886,0;47,0;13,0;0,049682875264270614;0,013742071881606765;0,4883720930232558;0,44820295983086683
EC071053;1061,0;1005,0;47,0;9,0;0,04429783223374175;0,008482563619227144;0,6682375117813384;0,27898209236569277
EC071054;549,0;527,0;19,0;3,0;0,03460837887067395;0,00546448087431694;0,5446265938069217;0,41530054644808745
EC071055;618,0;587,0;29,0;2,0;0,04692556634304207;0,003236245954692557;0,7297734627831716;0,22006472491909385
EC071056;1336,0;1259,0;66,0;11,0;0,04940119760479042;0,008233532934131737;0,5074850299401198;0,43488023952095806
EC071150;7797,0;7366,0;380,0;51,0;0,048736693600102604;0,006540977298961139;0,6573040913171733;0,28741823778376296
EC071151;426,0;401,0;20,0;5,0;0,046948356807511735;0,011737089201877934;0,6220657276995305;0,3192488262910798
EC071152;541,0;511,0;25,0;5,0;0,04621072088724584;0,009242144177449169;0,634011090573013;0,31053604436229204
EC071153;700,0;643,0;40,0;17,0;0,05714285714285714;0,024285714285714285;0,6257142857142857;0,29285714285714287
EC071250;1081,0;996,0;76,0;9,0;0,07030527289546716;0,008325624421831638;0,35430157261794637;0,5670675300647549
EC071251;2060,0;1941,0;111,0;8,0;0,053883495145631066;0,003883495145631068;0,5082524271844661;0,43398058252427185
EC071252;545,0;520,0;14,0;11,0;0,025688073394495414;0,02018348623853211;0,22385321100917432;0,7302752293577982
EC071253;1491,0;1392,0;88,0;13,0;0,05902079141515761;0,008718980549966466;0,5291750503018109;0,4044265593561368
EC071254;1004,0;952,0;47,0;5,0;0,046812749003984064;0,0049800796812749;0,42330677290836655;0,5249003984063745
EC071255;1434,0;1354,0;69,0;11,0;0,04811715481171548;0,007670850767085077;0,5962343096234309;0,34797768479776847
EC071256;1784,0;1623,0;148,0;13,0;0,08295964125560538;0,0072869955156950675;0,20011210762331838;0,7096412556053812
EC071257;1377,0;1295,0;71,0;10,0;0,05156136528685548;0,007262164124909223;0,4596949891067538;0,4807552650689906
EC071350;9304,0;8868,0;412,0;26,0;0,04428202923473775;0,0027944969905417025;0,7492476354256233;0,2038907996560619
EC071351;1148,0;1073,0;66,0;9,0;0,05749128919860627;0,0078397212543554;0,34146341463414637;0,5932055749128919
EC071352;782,0;759,0;18,0;5,0;0,023017902813299233;0,00639386189258312;0,8056265984654731;0,1649616368286445
EC071353;2112,0;1844,0;234,0;33,0;0,11079545454545454;0,015625;0,3873106060606061;0,48579545454545453
EC071354;1035,0;975,0;52,0;8,0;0,050241545893719805;0,007729468599033816;0,6705314009661836;0,2714975845410628
EC071355;1520,0;1444,0;55,0;21,0;0,03618421052631579;0,01381578947368421;0,6217105263157895;0,3282894736842105
EC071356;658,0;623,0;23,0;12,0;0,034954407294832825;0,0182370820668693;0,7021276595744681;0,24468085106382978
EC071357;573,0;553,0;19,0;1,0;0,03315881326352531;0,0017452006980802793;0,7137870855148342;0,2513089005235602
EC071358;884,0;838,0;38,0;8,0;0,042986425339366516;0,00904977375565611;0,7748868778280543;0,17307692307692307
EC071359;667,0;626,0;35,0;5,0;0,05247376311844078;0,0074962518740629685;0,775112443778111;0,1634182908545727
EC071450;2202,0;2087,0;92,0;23,0;0,04178019981834696;0,01044504995458674;0,5454132606721163;0,40236148955495005
EC071451;709,0;681,0;23,0;5,0;0,03244005641748942;0,007052186177715092;0,4386459802538787;0,5218617771509168
EC071452;700,0;665,0;32,0;3,0;0,045714285714285714;0,004285714285714286;0,5157142857142857;0,4342857142857143
EC071453;502,0;469,0;28,0;5,0;0,055776892430278883;0,0099601593625498;0,5617529880478087;0,37250996015936255
EC080150;35095,0;32692,0;2136,0;264,0;0,060863370850548514;0,007522439093888019;0,5890012822339364;0,34252742555919646
EC080152;2174,0;1969,0;169,0;37,0;0,07773689052437903;0,01701931922723091;0,4139834406623735;0,4917203311867525
EC080153;1423,0;1242,0;141,0;39,0;0,09908643710470837;0,027406886858749122;0,4026704146170063;0,4701335207308503
EC080154;2617,0;2360,0;202,0;55,0;0,07718761941153993;0,021016431027894536;0,47802827665265574;0,42376767290790984
EC080159;1813,0;1616,0;160,0;37,0;0,0882515168229454;0,02040816326530612;0,5179260893546608;0,3734142305570877
EC080163;4307,0;3894,0;326,0;87,0;0,07569073601114465;0,020199674947759462;0,4290689575110286;0,4750406315300673
EC080165;2201,0;1905,0;274,0;22,0;0,12448886869604725;0,009995456610631531;0,3771013175829169;0,4884143571104044
EC080166;3355,0;3107,0;212,0;36,0;0,06318926974664679;0,010730253353204173;0,42921013412816694;0,4968703427719821
EC080168;8538,0;7828,0;633,0;77,0;0,0741391426563598;0,00901850550480206;0,49133286483954086;0,42550948699929725
EC080250;4823,0;4221,0;255,0;347,0;0,05287165664524155;0,07194692100352477;0,2886170433340245;0,5865643790172093
EC080251;1011,0;898,0;88,0;25,0;0,08704253214638971;0,024727992087042534;0,2532146389713155;0,6350148367952523
EC080252;1096,0;976,0;98,0;22,0;0,08941605839416059;0,020072992700729927;0,3448905109489051;0,5456204379562044
EC080253;7208,0;6599,0;498,0;111,0;0,0690899001109878;0,015399556048834629;0,302857935627081;0,6126526082130965
EC080254;1959,0;1813,0;111,0;36,0;0,05666156202143951;0,018376722817764167;0,3016845329249617;0,6237876467585503
EC080255;349,0;318,0;21,0;10,0;0,06017191977077364;0,02865329512893983;0,16905444126074498;0,7421203438395415
EC080256;1421,0;1296,0;93,0;32,0;0,06544686840253343;0,022519352568613652;0,25052779732582686;0,661505981703026
EC080257;548,0;480,0;36,0;32,0;0,06569343065693431;0,058394160583941604;0,2956204379562044;0,5802919708029197
EC080258;1369,0;1217,0;103,0;49,0;0,07523739956172389;0,03579254930606282;0,4601899196493791;0,42878013148283417
EC080259;1779,0;1629,0;122,0;28,0;0,06857785272625071;0,015739179314221474;0,36200112422709385;0,5536818437324339
EC080260;968,0;865,0;43,0;60,0;0,04442148760330578;0,06198347107438017;0,1322314049586777;0,7613636363636364
EC080261;3832,0;3382,0;355,0;96,0;0,09264091858037578;0,025052192066805846;0,418580375782881;0,4639874739039666
EC080262;951,0;839,0;73,0;39,0;0,07676130389064142;0,04100946372239748;0,1587802313354364;0,7234490010515248
EC080263;1308,0;1172,0;78,0;58,0;0,05963302752293578;0,04434250764525994;0,38073394495412843;0,5152905198776758
EC080264;697,0;618,0;56,0;23,0;0,08034433285509325;0,03299856527977044;0,1908177905308465;0,6958393113342898
EC080265;1043,0;970,0;59,0;12,0;0,05656759348034516;0,011505273250239693;0,22722914669223393;0,7027804410354745
EC080350;7846,0;7306,0;465,0;76,0;0,05926586795819526;0,009686464440479225;0,3081825133826153;0,6229926076981902
EC080351;981,0;935,0;36,0;10,0;0,03669724770642202;0,010193679918450561;0,2415902140672783;0,7115188583078491
EC080352;1266,0;1177,0;76,0;13,0;0,06003159557661927;0,010268562401263823;0,13428120063191154;0,7954186413902053
EC080353;1076,0;1004,0;58,0;14,0;0,05390334572490706;0,013011152416356878;0,2862453531598513;0,6468401486988847
EC080354;652,0;620,0;24,0;8,0;0,03680981595092025;0,012269938650306749;0,34662576687116564;0,6042944785276073
EC080355;925,0;876,0;35,0;14,0;0,03783783783783784;0,015135135135135135;0,16108108108108107;0,7859459459459459
EC080356;1863,0;1752,0;90,0;20,0;0,04830917874396135;0,010735373054213635;0,22114868491680087;0,7192699946323134
EC080357;3905,0;3612,0;240,0;54,0;0,06145966709346991;0,01382842509603073;0,2504481434058899;0,6745198463508323
EC080358;3361,0;3153,0;167,0;41,0;0,04968759297828027;0,012198750371913121;0,2207676286819399;0,7173460279678667
EC080450;47826,0;43891,0;3401,0;528,0;0,07111194747626814;0,011040020072763768;0,5073391042529168;0,41038347342449716
EC080451;3654,0;3186,0;410,0;57,0;0,11220580186097427;0,015599343185550082;0,46113847837985766;0,4107827038861522
EC080452;1501,0;1351,0;138,0;12,0;0,09193870752831446;0,007994670219853431;0,42504996668887407;0,475016655562958
EC080453;11284,0;10300,0;870,0;114,0;0,0771003190358029;0,010102800425381071;0,3554590570719603;0,5573378234668557
EC080454;6034,0;5434,0;499,0;103,0;0,08269804441498177;0,01706993702353331;0,4988399071925754;0,4017235664567451
EC080455;16271,0;14787,0;1327,0;155,0;0,08155614283080327;0,009526150820478151;0,422715260279024;0,4860795279945916
EC080550;16620,0;14892,0;1340,0;388,0;0,08062575210589651;0,023345367027677498;0,315884476534296;0,58014440433213
EC080551;1146,0;987,0;130,0;29,0;0,11343804537521815;0,02530541012216405;0,23734729493891799;0,6239092495636999
EC080552;1205,0;1129,0;51,0;25,0;0,04232365145228216;0,02074688796680498;0,23485477178423236;0,7020746887966804
EC080553;527,0;487,0;29,0;11,0;0,05502846299810247;0,020872865275142316;0,3377609108159393;0,5863377609108159
EC080554;981,0;914,0;48,0;19,0;0,04892966360856269;0,019367991845056064;0,23343527013251783;0,6982670744138634
EC080555;205,0;192,0;7,0;6,0;0,03414634146341464;0,02926829268292683;0,25365853658536586;0,6829268292682927
EC080556;1188,0;1047,0;75,0;66,0;0,06313131313131314;0,05555555555555555;0,2727272727272727;0,6085858585858586
EC080557;849,0;765,0;67,0;17,0;0,07891637220259129;0,020023557126030624;0,12014134275618374;0,7809187279151943
EC080558;592,0;525,0;36,0;31,0;0,060810810810810814;0,052364864864864864;0,2635135135135135;0,6233108108108109
EC080559;1266,0;1115,0;85,0;67,0;0,06714060031595577;0,05292259083728278;0,18167456556082148;0,6990521327014217
EC080560;1078,0;973,0;71,0;34,0;0,06586270871985157;0,03153988868274583;0,3339517625231911;0,5686456400742115
EC080561;1775,0;1624,0;125,0;26,0;0,07042253521126761;0,014647887323943662;0,25746478873239437;0,6574647887323943
EC080650;13394,0;12337,0;957,0;98,0;0,07144990294161564;0,007316708974167537;0,3839779005524862;0,5371061669404211
EC080651;2128,0;1955,0;158,0;15,0;0,07424812030075188;0,007048872180451127;0,3580827067669173;0,5606203007518797
EC080652;2815,0;2549,0;228,0;38,0;0,08099467140319716;0,01349911190053286;0,2877442273534636;0,6177619893428064
EC080653;6225,0;5719,0;421,0;82,0;0,06763052208835342;0,013172690763052209;0,3103614457831325;0,6083534136546185
EC080654;7632,0;7011,0;560,0;60,0;0,07337526205450734;0,007861635220125786;0,3436844863731656;0,5749475890985325
EC080750;4965,0;4507,0;370,0;89,0;0,07452165156092648;0,017925478348439074;0,3486404833836858;0,5591137965760322
EC080751;2612,0;2316,0;234,0;62,0;0,08958652373660031;0,023736600306278714;0,31776416539050534;0,5689127105666156
EC080752;2837,0;2547,0;233,0;56,0;0,08212900951709552;0,01973916108565386;0,43954881917518507;0,4582305252026789
EC080753;3466,0;3145,0;246,0;75,0;0,07097518753606463;0,02163877668782458;0,2567801500288517;0,6506058857472591
EC080754;3449,0;3067,0;325,0;57,0;0,09423021165555233;0,016526529428819946;0,2629747752971876;0,6262684836184401
EC080755;3884,0;3558,0;270,0;55,0;0,06951596292481978;0,01416065911431514;0,2466529351184346;0,6694129763130793
EC090150;282925,5;527267,0;17815,0;1456,5;0,06296710618166267;0,005147998324647301;0,5594829734329355;0,3723294648237787
EC090152;8476,0;7845,0;526,0;105,0;0,06205757432751298;0,012387918829636621;0,41540821142048134;0,510146295422369
EC090153;3088,0;2858,0;176,0;54,0;0,05699481865284974;0,017487046632124352;0,4685880829015544;0,4569300518134715
EC090156;19377,0;17885,0;1286,0;204,0;0,06636734272591216;0,010527945502399752;0,31103886050472207;0,6119626361149817
EC090157;8006,0;7063,0;627,0;313,0;0,07831626280289783;0,03909567824131901;0,2936547589308019;0,5885585810642019
EC090158;8344,0;7647,0;621,0;76,0;0,07442473633748801;0,009108341323106424;0,3168744007670182;0,5995925215723873
EC090250;18234,0;16652,0;1344,0;236,0;0,07370845672918723;0,012942854008994188;0,3467149281561917;0,5665240759021608
EC090350;14754,0;13491,0;1101,0;162,0;0,07462383082553883;0,010980073200488003;0,27538294699742444;0,6390131489765487
EC090450;42519,0;39024,0;3046,0;447,0;0,07163856158423293;0,010512947153037466;0,33415649474352643;0,583644958724335
EC090550;16041,0;14575,0;1240,0;225,0;0,07730191384577022;0,014026556947821208;0,24798952683747896;0,6606196621158282
EC090551;2802,0;2592,0;180,0;30,0;0,06423982869379015;0,010706638115631691;0,22983583154889364;0,6952177016416845
EC090650;65067,0;58173,0;6118,0;763,0;0,09402615765288087;0,011726374352590406;0,40945486959595495;0,4845928043401417
EC090652;4270,0;3698,0;499,0;73,0;0,11686182669789227;0,017096018735362997;0,3578454332552693;0,5081967213114754
EC090653;6522,0;5786,0;589,0;144,0;0,09030972094449555;0,02207911683532659;0,4264029438822447;0,46074823673719717
EC090654;3462,0;3149,0;281,0;32,0;0,08116695551704217;0,00924321201617562;0,37203928365106875;0,5375505488157135
EC090656;5242,0;4631,0;509,0;101,0;0,09710034338038917;0,019267455169782524;0,36589088134299885;0,5175505532239604
EC090750;115952,0;107264,0;7936,0;739,0;0,06844211397819787;0,006373326893887126;0,46590830688560786;0,45916413688422797
EC090850;52195,0;47792,0;3803,0;601,0;0,07286138519015231;0,011514512884375898;0,310470351566242;0,6051729092824983
EC090851;5466,0;4895,0;470,0;101,0;0,08598609586534943;0,018477863154043175;0,29674350530552507;0,5987925356750823
EC090852;4414,0;4154,0;229,0;31,0;0,05188038060715904;0,007023108291798822;0,1862256456728591;0,754870865428183
EC090950;38580,0;35261,0;2914,0;401,0;0,07553136340072576;0,010393986521513738;0,3769569725246242;0,5370139968895801
EC091050;121483,0;111391,0;8958,0;1127,0;0,0737387124124363;0,009277018183614169;0,44352707786274626;0,47339957031024915
EC091051;1280,0;1200,0;68,0;12,0;0,053125;0,009375;0,19375;0,74375
EC091053;4348,0;3936,0;360,0;52,0;0,0827966881324747;0,011959521619135235;0,37419503219871203;0,531048758049678
EC091054;5289,0;4869,0;375,0;46,0;0,07090187180941576;0,008697296275288334;0,41728114955568163;0,5033087540177728
EC091150;36010,0;33075,0;2612,0;319,0;0,07253540683143571;0,008858650374895862;0,3314912524298806;0,5870036101083033
EC091151;2546,0;2348,0;176,0;22,0;0,06912804399057344;0,00864100549882168;0,24587588373919875;0,6763550667714061
EC091152;3275,0;2986,0;249,0;40,0;0,07603053435114504;0,012213740458015267;0,26076335877862594;0,6509923664122137
EC091153;1902,0;1782,0;108,0;12,0;0,056782334384858045;0,006309148264984227;0,2171398527865405;0,7197686645636172
EC091154;6102,0;5494,0;511,0;97,0;0,0837430350704687;0,01589642740085218;0,2605703048180924;0,6397902327105867
EC091250;29537,0;27167,0;2113,0;259,0;0,07153739377729627;0,008768663032806311;0,3381521481531638;0,5816095067203846
EC091350;13575,0;12506,0;826,0;238,0;0,06084714548802947;0,017532228360957643;0,32427255985267034;0,5969797421731123
EC091450;32118,0;29081,0;2716,0;318,0;0,08456317329846193;0,009900990099009901;0,3774830313220001;0,5279593997135562
EC091451;2602,0;2412,0;165,0;25,0;0,06341275941583398;0,009607993850883935;0,31898539584934665;0,6079938508839354
EC091452;4085,0;3737,0;315,0;33,0;0,07711138310893513;0,008078335373317013;0,34075887392900855;0,5740514075887393
EC091650;27803,0;25501,0;1981,0;319,0;0,07125130381613495;0,0114735819875553;0,35726360464698054;0,5599395748660216
EC091651;7169,0;6419,0;674,0;72,0;0,09401590179941414;0,010043241735248988;0,29446226809875853;0,6009206304923979
EC091850;31548,0;28469,0;2666,0;406,0;0,08450614935970585;0,01286927855965513;0,3305439330543933;0,5718587549131482
EC091950;29500,0;26441,0;2683,0;368,0;0,09094915254237289;0,01247457627118644;0,3498983050847458;0,5464067796610169
EC091951;6031,0;5500,0;440,0;91,0;0,07295639197479688;0,015088708340242082;0,34488476206267615;0,5670701376222849
EC091952;3497,0;3069,0;311,0;116,0;0,0889333714612525;0,03317128967686588;0,3211323991993137;0,5564769802688019
EC091953;7587,0;6841,0;603,0;143,0;0,07947805456702253;0,018848029524186106;0,31013575853433506;0,5915381573744563
EC092050;22641,0;20662,0;1725,0;252,0;0,0761892142573208;0,011130250430634689;0,3522812596616757;0,5603109403294907
EC092053;6339,0;5812,0;464,0;63,0;0,07319766524688437;0,009938476100331283;0,276226534153652;0,6406373244991324
EC092055;6478,0;5980,0;448,0;50,0;0,0691571472676752;0,007718431614695894;0,23819079962951528;0,6849336214881137
EC092056;10008,0;9153,0;763,0;92,0;0,07623900879296562;0,009192645883293365;0,27567945643485214;0,6388888888888888
EC092150;40092,0;36951,0;2758,0;384,0;0,06879177890851043;0,009577970667464832;0,433802254813928;0,4878529382420433
EC092250;12792,0;11797,0;862,0;133,0;0,06738586616635397;0,01039712320200125;0,4567698561601001;0,4654471544715447
EC092251;5831,0;5309,0;451,0;71,0;0,07734522380380723;0,012176299091064997;0,3225861773280741;0,5878922997770537
EC092350;9245,0;8571,0;629,0;44,0;0,06803677663601947;0,004759329367225527;0,3326122228231477;0,5944835045970795
EC092450;15456,0;13887,0;1278,0;287,0;0,0826863354037267;0,018568840579710144;0,40870859213250516;0,4897774327122153
EC092550;17926,0;16389,0;1348,0;183,0;0,07519803637175053;0,010208635501506191;0,3732567220796608;0,5410018966863773
EC092750;10241,0;9288,0;775,0;179,0;0,07567620349575237;0,017478761839664094;0,43667610584903815;0,47026657552973344
EC092850;10550,0;9686,0;756,0;107,0;0,07165876777251184;0,01014218009478673;0,2671090047393365;0,6509952606635071
EC100150;2905,0;2673,0;218,0;14,0;0,07504302925989673;0,004819277108433735;0,5290877796901893;0,3910499139414802
EC100151;4398,0;3950,0;397,0;46,0;0,09026830377444293;0,010459299681673489;0,3221919054115507;0,575943610732151
EC100152;3164,0;2818,0;319,0;26,0;0,10082174462705436;0,008217446270543615;0,3173198482932996;0,5733249051833123
EC100153;2201,0;1987,0;179,0;33,0;0,0813266696955929;0,014993184915947297;0,3171285779191277;0,5856428895956384
EC100154;6769,0;6004,0;730,0;32,0;0,1078445856108731;0,004727433889791697;0,3329886246122027;0,5539961589599646
EC100155;3066,0;2726,0;319,0;21,0;0,104044357469015;0,00684931506849315;0,31898238747553814;0,5701239399869537
EC100156;1598,0;1464,0;118,0;16,0;0,07384230287859825;0,010012515644555695;0,26220275344180227;0,6539424280350438
EC100157;13860,0;12698,0;1085,0;75,0;0,07828282828282829;0,005411255411255411;0,5406204906204907;0,37554112554112556
EC100250;15963,0;14738,0;1155,0;68,0;0,07235482052245819;0,004259850905218318;0,5844139572762013;0,33884608156361584
EC100251;1192,0;1099,0;86,0;7,0;0,07214765100671142;0,00587248322147651;0,4463087248322148;0,47567114093959734
EC100252;4566,0;4172,0;367,0;27,0;0,08037669732807709;0,005913272010512484;0,5418309242225142;0,3718791064388962
EC100253;2661,0;2411,0;237,0;13,0;0,08906426155580609;0,004885381435550545;0,5035700864336715;0,4024802705749718
EC100254;8057,0;7175,0;829,0;50,0;0,10289189524636962;0,006205783790492739;0,3989077820528733;0,4916221918828348
EC100350;5151,0;4603,0;517,0;31,0;0,10036886041545331;0,006018248883711901;0,45331003688604155;0,4403028538147932
EC100351;1553,0;1386,0;149,0;18,0;0,09594333547971667;0,01159047005795235;0,3277527366387637;0,5647134578235673
EC100352;6490,0;5965,0;467,0;58,0;0,07195685670261942;0,008936825885978428;0,3268104776579353;0,5922958397534669
EC100353;4568,0;3861,0;658,0;49,0;0,14404553415061297;0,010726795096322241;0,2381786339754816;0,6070490367775832
EC100354;1341,0;1211,0;89,0;41,0;0,06636838180462341;0,030574198359433258;0,4004474272930649;0,5026099925428784
EC100355;485,0;451,0;31,0;3,0;0,06391752577319587;0,006185567010309278;0,3979381443298969;0,5319587628865979
EC100356;6010,0;5365,0;610,0;35,0;0,10149750415973377;0,005823627287853577;0,42895174708818634;0,4637271214642263
EC100357;1581,0;1380,0;177,0;24,0;0,11195445920303605;0,015180265654648957;0,338393421884883;0,534471853257432
EC100358;525,0;488,0;31,0;6,0;0,05904761904761905;0,011428571428571429;0,379047619047619;0,5504761904761905
EC100450;15949,0;14509,0;1346,0;91,0;0,08439400589378644;0,005705686876920183;0,43745689384914416;0,47225531381277824
EC100451;4916,0;4370,0;508,0;36,0;0,10333604556550041;0,007323026851098454;0,23169243287225386;0,6572416598860863
EC100452;5448,0;4914,0;503,0;28,0;0,09232745961820851;0,005139500734214391;0,2698237885462555;0,6321585903083701
EC100453;4981,0;4494,0;460,0;25,0;0,09235093354748043;0,005019072475406545;0,30094358562537643;0,601284882553704
EC100454;327,0;297,0;27,0;3,0;0,08256880733944955;0,009174311926605505;0,44648318042813456;0,4617737003058104
EC100455;6797,0;6004,0;754,0;38,0;0,110931293217596;0,005590701780197146;0,30425187582757096;0,579079005443578
EC100456;6138,0;5463,0;630,0;44,0;0,10263929618768329;0,007168458781362007;0,30808080808080807;0,5819485174323884
EC100457;8414,0;7580,0;787,0;47,0;0,09353458521511766;0,005585928214879962;0,4106251485619206;0,49025433800808177
EC100458;3897,0;3525,0;332,0;39,0;0,08519373877341545;0,010007698229407237;0,1829612522453169;0,7215807031049525
EC100459;1430,0;1312,0;93,0;25,0;0,06503496503496503;0,017482517482517484;0,43006993006993005;0,4874125874125874
EC100550;8653,0;7788,0;807,0;56,0;0,09326245232867214;0,006471743903848377;0,41107130474979775;0,48896336530683
EC100551;962,0;892,0;66,0;4,0;0,06860706860706861;0,004158004158004158;0,3180873180873181;0,6091476091476091
EC100552;1328,0;1176,0;144,0;8,0;0,10843373493975904;0,006024096385542169;0,2740963855421687;0,6114457831325302
EC100553;821,0;764,0;52,0;5,0;0,06333739342265529;0,0060901339829476245;0,3081607795371498;0,6224116930572473
EC100650;5863,0;5360,0;471,0;31,0;0,08033429984649497;0,00528739553129797;0,3977485928705441;0,5164591506054921
EC100651;1627,0;1428,0;176,0;23,0;0,10817455439459127;0,014136447449293177;0,4222495390288875;0,45543945912722805
EC100652;1539,0;1362,0;164,0;13,0;0,10656270305393112;0,008447043534762833;0,5880441845354126;0,2969460688758934
EC100653;1737,0;1553,0;169,0;15,0;0,09729418537708694;0,008635578583765112;0,3638457109959701;0,5302245250431779
EC100654;2308,0;2052,0;236,0;20,0;0,1022530329289428;0,008665511265164644;0,3431542461005199;0,5459272097053726
EC100655;1300,0;1177,0;115,0;6,0;0,08846153846153847;0,004615384615384616;0,3853846153846154;0,52
EC110150;24384,0;23360,0;967,0;57,0;0,039657152230971125;0,0023375984251968506;0,7358513779527559;0,22215387139107612
EC110151;918,0;867,0;42,0;9,0;0,0457516339869281;0,00980392156862745;0,6775599128540305;0,2668845315904139
EC110152;1734,0;1597,0;121,0;16,0;0,06978085351787774;0,00922722029988466;0,7612456747404844;0,15974625144175317
EC110153;1059,0;1007,0;51,0;1,0;0,04815864022662889;0,0009442870632672333;0,5335221907459868;0,4173748819641171
EC110154;1420,0;1305,0;96,0;19,0;0,0676056338028169;0,013380281690140845;0,5535211267605634;0,3654929577464789
EC110155;975,0;936,0;36,0;3,0;0,036923076923076927;0,003076923076923077;0,8235897435897436;0,13641025641025642
EC110156;5652,0;5262,0;346,0;44,0;0,06121726822363765;0,00778485491861288;0,6691436659589526;0,2618542108987969
EC110157;3139,0;2818,0;290,0;31,0;0,09238611022618669;0,009875756610385472;0,6960815546352341;0,2016565785281937
EC110158;923,0;868,0;52,0;3,0;0,056338028169014086;0,0032502708559046588;0,7009750812567714;0,23943661971830985
EC110159;1000,0;947,0;45,0;8,0;0,045;0,008;0,673;0,274
EC110160;2137,0;2013,0;106,0;18,0;0,049602246139447824;0,008423022929340197;0,6181562938699111;0,32381843706130087
EC110161;3706,0;3470,0;207,0;29,0;0,0558553696708041;0,007825148407987047;0,6198057204533189;0,3165137614678899
EC110162;988,0;953,0;22,0;13,0;0,022267206477732792;0,013157894736842105;0,7530364372469636;0,21153846153846154
EC110163;1045,0;1005,0;36,0;5,0;0,03444976076555024;0,004784688995215311;0,6727272727272727;0,2889952153110048
EC110250;10833,0;10337,0;443,0;53,0;0,040893565955875566;0,0048924582294839845;0,6882673313025016;0,26594664451213884
EC110251;1154,0;1082,0;52,0;20,0;0,045060658578856154;0,01733102253032929;0,4826689774696707;0,45493934142114384
EC110252;1450,0;1379,0;54,0;15,0;0,037241379310344824;0,010344827586206896;0,44;0,5110344827586207
EC110253;601,0;567,0;32,0;2,0;0,05324459234608985;0,0033277870216306157;0,5923460898502496;0,35108153078202997
EC110254;687,0;653,0;24,0;10,0;0,034934497816593885;0,01455604075691412;0,43231441048034935;0,5181950509461426
EC110350;17537,0;16574,0;875,0;89,0;0,049894508752922395;0,005074984318868677;0,5990192165136569;0,3460683127102697
EC110351;2185,0;2086,0;73,0;26,0;0,033409610983981694;0,011899313501144164;0,6082379862700229;0,34645308924485124
EC110352;318,0;308,0;10,0;0,0;0,031446540880503145;0,0;0,5911949685534591;0,37735849056603776
EC110353;1241,0;1183,0;49,0;9,0;0,0394842868654311;0,007252215954875101;0,6349717969379532;0,3182917002417405
EC110354;348,0;333,0;12,0;3,0;0,034482758620689655;0,008620689655172414;0,6235632183908046;0,3333333333333333
EC110450;4734,0;4568,0;145,0;21,0;0,030629488804393746;0,004435994930291508;0,6206168145331643;0,3443177017321504
EC110451;806,0;778,0;23,0;5,0;0,028535980148883373;0,00620347394540943;0,4119106699751861;0,5533498759305211
EC110455;1834,0;1730,0;84,0;20,0;0,04580152671755725;0,010905125408942203;0,3914940021810251;0,5517993456924755
EC110456;1631,0;1556,0;50,0;25,0;0,030656039239730228;0,015328019619865114;0,43408951563458004;0,5199264255058247
EC110457;440,0;427,0;9,0;4,0;0,020454545454545454;0,00909090909090909;0,425;0,5454545454545454
EC110550;2860,0;2748,0;95,0;17,0;0,033216783216783216;0,005944055944055944;0,5909090909090909;0,36993006993006994
EC110551;863,0;822,0;34,0;7,0;0,039397450753186555;0,008111239860950173;0,49942062572421786;0,45307068366164543
EC110552;445,0;425,0;19,0;1,0;0,04269662921348315;0,0022471910112359553;0,5910112359550562;0,36404494382022473
EC110553;821,0;773,0;39,0;9,0;0,047503045066991476;0,010962241169305725;0,3763702801461632;0,5651644336175395
EC110554;411,0;381,0;14,0;16,0;0,0340632603406326;0,038929440389294405;0,6009732360097324;0,3260340632603406
EC110650;3230,0;3039,0;157,0;33,0;0,04860681114551084;0,01021671826625387;0,4247678018575851;0,5160990712074304
EC110651;1294,0;1230,0;56,0;8,0;0,04327666151468315;0,0061823802163833074;0,3454404945904173;0,6051004636785162
EC110652;1299,0;1190,0;87,0;22,0;0,06697459584295612;0,016936104695919937;0,4241724403387221;0,49191685912240185
EC110653;1161,0;1069,0;80,0;12,0;0,06890611541774333;0,0103359173126615;0,25839793281653745;0,6623600344530577
EC110654;1226,0;1126,0;57,0;43,0;0,0464926590538336;0,03507340946166395;0,5432300163132137;0,37520391517128876
EC110655;1131,0;1080,0;39,0;12,0;0,034482758620689655;0,010610079575596816;0,28558797524314766;0,6693191865605659
EC110656;607,0;570,0;33,0;4,0;0,054365733113673806;0,006589785831960461;0,400329489291598;0,5387149917627677
EC110750;2628,0;2538,0;85,0;5,0;0,032343987823439876;0,001902587519025875;0,6898782343987824;0,2758751902587519
EC110751;1621,0;1540,0;72,0;8,0;0,04441702652683529;0,004935225169648365;0,5694016039481802;0,38062924120913016
EC110753;2679,0;2542,0;127,0;10,0;0,04740574841358716;0,003732736095558044;0,5304217991787981;0,41843971631205673
EC110754;746,0;722,0;20,0;4,0;0,02680965147453083;0,005361930294906166;0,7278820375335121;0,23994638069705093
EC110756;1219,0;1155,0;50,0;14,0;0,04101722723543889;0,011484823625922888;0,616078753076292;0,3314191960623462
EC110850;9232,0;8872,0;312,0;48,0;0,033795493934142114;0,005199306759098787;0,6169844020797227;0,3440207972270364
EC110851;574,0;531,0;41,0;2,0;0,07142857142857142;0,003484320557491289;0,48606271777003485;0,43902439024390244
EC110852;720,0;708,0;6,0;6,0;0,008333333333333333;0,008333333333333333;0,7861111111111111;0,19722222222222222
EC110853;475,0;455,0;12,0;7,0;0,02526315789473684;0,014736842105263158;0,5957894736842105;0,36210526315789476
EC110950;8975,0;8449,0;470,0;52,0;0,05236768802228412;0,005793871866295265;0,6166016713091922;0,3247910863509749
EC110951;694,0;642,0;45,0;7,0;0,06484149855907781;0,010086455331412104;0,5734870317002881;0,3515850144092219
EC110952;1088,0;1044,0;30,0;14,0;0,027573529411764705;0,012867647058823529;0,5128676470588235;0,44669117647058826
EC110954;1059,0;928,0;56,0;73,0;0,05288007554296506;0,06893295561850803;0,42776203966005666;0,4485363550519358
EC110956;1090,0;1018,0;46,0;25,0;0,04220183486238532;0,022935779816513763;0,3385321100917431;0,5954128440366973
EC110957;537,0;515,0;16,0;6,0;0,0297951582867784;0,0111731843575419;0,547486033519553;0,41154562383612664
EC110958;820,0;758,0;52,0;10,0;0,06341463414634146;0,012195121951219513;0,4585365853658537;0,4658536585365854
EC110959;743,0;699,0;33,0;11,0;0,04441453566621804;0,014804845222072678;0,506056527590848;0,4347240915208614
EC111050;6881,0;6498,0;314,0;66,0;0,04563290219444848;0,009591629123673884;0,45792762679843046;0,486411858741462
EC111051;863,0;795,0;43,0;23,0;0,04982618771726535;0,026651216685979143;0,3626882966396292;0,5585168018539977
EC111052;609,0;573,0;21,0;15,0;0,034482758620689655;0,024630541871921183;0,4548440065681445;0,4860426929392447
EC111053;1563,0;1487,0;67,0;9,0;0,04286628278950736;0,005758157389635317;0,22136916186820219;0,7300063979526551
EC111054;998,0;946,0;36,0;16,0;0,036072144288577156;0,01603206412825651;0,5120240480961924;0,43587174348697394
EC111055;789,0;721,0;35,0;33,0;0,044359949302915085;0,04182509505703422;0,4752851711026616;0,4385297845373891
EC111150;7005,0;6306,0;634,0;65,0;0,09050678087080656;0,009279086366880799;0,6466809421841542;0,2535331905781585
EC111151;1801,0;1576,0;170,0;54,0;0,09439200444197668;0,029983342587451417;0,5852304275402554;0,2898389783453637
EC111152;601,0;541,0;55,0;5,0;0,09151414309484193;0,008319467554076539;0,5457570715474209;0,3544093178036606
EC111153;944,0;863,0;69,0;12,0;0,07309322033898305;0,012711864406779662;0,5699152542372882;0,3442796610169492
EC111154;1870,0;1751,0;102,0;16,0;0,05454545454545454;0,008556149732620321;0,6042780748663101;0,3320855614973262
EC111155;858,0;786,0;56,0;16,0;0,06526806526806526;0,018648018648018648;0,5932400932400932;0,32284382284382285
EC111156;2039,0;1863,0;154,0;22,0;0,07552721922511035;0,010789602746444336;0,7229033840117705;0,19077979401667483
EC111157;718,0;681,0;33,0;4,0;0,04596100278551532;0,005571030640668524;0,4331476323119777;0,5153203342618384
EC111158;1291,0;1201,0;76,0;14,0;0,05886909372579396;0,010844306738962044;0,5770720371804803;0,35321456235476373
EC111159;2716,0;2487,0;206,0;23,0;0,07584683357879234;0,008468335787923416;0,4841678939617084;0,43151693667157587
EC111160;800,0;734,0;62,0;4,0;0,0775;0,005;0,51125;0,40625
EC111250;1977,0;1896,0;64,0;17,0;0,03237228123419322;0,008598887202832575;0,5842185128983308;0,37481031866464337
EC111251;611,0;581,0;27,0;5,0;0,044189852700491;0,008183306055646482;0,5695581014729951;0,381342062193126
EC111252;1541,0;1473,0;62,0;6,0;0,04023361453601557;0,003893575600259572;0,6463335496430889;0,30953926022063594
EC111350;3693,0;3568,0;92,0;30,0;0,024911995667479016;0,008123476848090982;0,5748713782832385;0,39128080151638234
EC111351;569,0;555,0;9,0;5,0;0,015817223198594025;0,008787346221441126;0,3444639718804921;0,6309314586994728
EC111352;1080,0;1053,0;16,0;11,0;0,014814814814814815;0,010185185185185186;0,41759259259259257;0,5574074074074075
EC111353;961,0;913,0;31,0;17,0;0,03225806451612903;0,01768990634755463;0,5608740894901144;0,3891779396462019
EC111354;1944,0;1860,0;66,0;18,0;0,033950617283950615;0,009259259259259259;0,4094650205761317;0,5473251028806584
EC111355;601,0;565,0;31,0;5,0;0,051580698835274545;0,008319467554076539;0,31114808652246256;0,6289517470881864
EC111356;336,0;321,0;5,0;10,0;0,01488095238095238;0,02976190476190476;0,4375;0,5178571428571429
EC111450;3571,0;3433,0;108,0;29,0;0,03024362923550826;0,008120974516942034;0,43881265751890225;0,522542705124615
EC111451;868,0;819,0;37,0;12,0;0,04262672811059908;0,013824884792626729;0,4596774193548387;0,4838709677419355
EC111452;1254,0;1207,0;36,0;11,0;0,028708133971291867;0,008771929824561403;0,3484848484848485;0,6140350877192983
EC111453;1424,0;1374,0;29,0;21,0;0,020365168539325844;0,014747191011235955;0,29213483146067415;0,672752808988764
EC111550;2154,0;2064,0;80,0;10,0;0,03714020427112349;0,004642525533890436;0,6392757660167131;0,318941504178273
EC111551;342,0;339,0;3,0;0,0;0,008771929824561403;0,0;0,7456140350877193;0,24561403508771928
EC111552;765,0;734,0;29,0;2,0;0,03790849673202614;0,00261437908496732;0,4875816993464052;0,4718954248366013
EC111650;3074,0;2892,0;139,0;42,0;0,04521795705920625;0,013662979830839297;0,6320754716981132;0,30871828236824983
EC111651;566,0;541,0;20,0;5,0;0,0353356890459364;0,0088339222614841;0,5971731448763251;0,3586572438162544
EC120150;50080,0;45697,0;4039,0;332,0;0,08065095846645368;0,006629392971246007;0,5429313099041534;0,36954872204472844
EC120152;4431,0;3989,0;378,0;63,0;0,08530805687203792;0,014218009478672985;0,2744301512074024;0,6258180997517491
EC120153;12570,0;11194,0;1212,0;159,0;0,0964200477326969;0,012649164677804296;0,3501988862370724;0,5403341288782816
EC120154;11454,0;10369,0;923,0;159,0;0,08058320237471625;0,01388161341016239;0,22236773179675223;0,6829055351842152
EC120155;9741,0;8872,0;767,0;100,0;0,07873934914279848;0,01026588645929576;0,4581665126783698;0,4526229339903501
EC120250;19206,0;17462,0;1484,0;256,0;0,07726752056648964;0,013329167968343226;0,2549724044569405;0,6542226387587212
EC120251;5979,0;5312,0;573,0;89,0;0,0958354239839438;0,014885432346546245;0,2789764174611139;0,6094664659642081
EC120252;6184,0;5337,0;737,0;108,0;0,11917852522639069;0,017464424320827943;0,35058214747736094;0,51245148771022
EC120350;18398,0;17166,0;1108,0;119,0;0,06022393738449831;0,0064680943580824;0,5525600608761821;0,38047613871072944
EC120351;1131,0;1072,0;51,0;8,0;0,04509283819628647;0,007073386383731211;0,7091069849690539;0,23872679045092837
EC120450;11589,0;10437,0;983,0;165,0;0,08482181378893779;0,014237639140564327;0,4454223832945034;0,4551730088877384
EC120451;4319,0;3849,0;367,0;99,0;0,08497337346608011;0,02292197267886085;0,37809678166242183;0,5130817318823802
EC120452;14616,0;12884,0;1466,0;263,0;0,10030103995621237;0,017993979200875754;0,40058839627805143;0,48091133004926107
EC120550;12271,0;11112,0;1065,0;92,0;0,08678999266563442;0,007497351479097058;0,31831146605818594;0,5872382038953631
EC120553;9647,0;8728,0;821,0;98,0;0,08510417746449674;0,010158598528039806;0,3141909401886597;0,5905462838188038
EC120555;3982,0;3547,0;390,0;45,0;0,09794073329984933;0,011300853842290307;0,27724761426418887;0,6135107985936715
EC120650;9533,0;8643,0;767,0;119,0;0,08045735864890381;0,012482953949438791;0,41340606314906114;0,4932340291618588
EC120651;14633,0;13166,0;1286,0;179,0;0,08788355087815213;0,012232624888949634;0,40887036151165174;0,49087678534818563
EC120750;41193,0;37012,0;3722,0;451,0;0,09035515742966038;0,010948462117350035;0,44619231422814554;0,45230985847109945
EC120752;6473,0;5831,0;586,0;58,0;0,09052989340336784;0,008960296616715588;0,3596477676502395;0,5411710180750811
EC120753;1374,0;1236,0;115,0;23,0;0,08369723435225619;0,016739446870451237;0,5021834061135371;0,39737991266375544
EC120754;1418,0;1284,0;110,0;24,0;0,07757404795486601;0,01692524682651622;0,4026798307475317;0,502820874471086
EC120850;51418,0;46495,0;4295,0;619,0;0,08353105916216111;0,012038585709284686;0,3797697304445914;0,5244855887043448
EC120851;6938,0;6196,0;610,0;131,0;0,08792159123666762;0,018881522052464687;0,3245892187950418;0,5684635341597002
EC120950;16599,0;15120,0;1276,0;203,0;0,07687210072895957;0,012229652388698114;0,22567624555696125;0,685222001325381
EC121050;44429,0;40287,0;3659,0;478,0;0,08235611875126607;0,010758738661684936;0,308109568074906;0,5986630354048031
EC121051;9757,0;8996,0;660,0;100,0;0,06764374295377677;0,010249051962693451;0,25817361894024804;0,6638310956236548
EC121150;32595,0;29949,0;2332,0;314,0;0,07154471544715447;0,009633379352661451;0,3090351280871299;0,6097867771130542
EC121250;27835,0;25447,0;2091,0;294,0;0,07512125022453746;0,010562241781929226;0,2825938566552901;0,6316148733608766
EC121350;12241,0;11302,0;804,0;136,0;0,0656809084225145;0,011110203414753697;0,4779838248509109;0,4453067559839882
EC130150;16376,0;15020,0;1245,0;113,0;0,07602589154860771;0,006900341963849536;0,2638617489008305;0,6533341475329751
EC130151;11764,0;10768,0;889,0;104,0;0,07556953417205033;0,00884053043182591;0,301003060183611;0,6143318599115947
EC130152;4179,0;3797,0;300,0;80,0;0,07178750897343862;0,0191433357262503;0,24599186408231635;0,6625987078248384
EC130153;10467,0;9474,0;881,0;109,0;0,08416929397152957;0,010413681092958822;0,2591955670201586;0,6459348428394001
EC130154;3082,0;2754,0;289,0;39,0;0,09377027903958468;0,012654120700843608;0,22225827384815056;0,6713173264114212
EC130155;9789,0;8950,0;751,0;85,0;0,07671876596179385;0,008683215854530595;0,28429870262539586;0,6299928491163551
EC130156;7388,0;6661,0;578,0;148,0;0,07823497563616676;0,020032485110990796;0,22685435841905793;0,6747428262046562
EC130157;2039,0;1870,0;133,0;36,0;0,06522805296714075;0,01765571358509073;0,17459538989700835;0,7425208435507602
EC130250;27260,0;25427,0;1584,0;248,0;0,05810711665443874;0,009097578870139398;0,4647101980924431;0,468048422597212
EC130350;14640,0;13098,0;1296,0;245,0;0,08852459016393442;0,01673497267759563;0,35580601092896175;0,5388661202185793
EC130351;3221,0;2857,0;305,0;57,0;0,0946910897236883;0,01769636758770568;0,31325675256131635;0,5737348649487737
EC130352;8662,0;7515,0;1043,0;104,0;0,12041099053336411;0,012006465019625953;0,3411452320480259;0,5264373123989841
EC130353;5299,0;4356,0;874,0;68,0;0,1649367805246273;0,012832609926401208;0,3034534817890168;0,5185884129080959
EC130354;4602,0;4067,0;331,0;204,0;0,07192524989135159;0,04432855280312908;0,30356366797044765;0,5801825293350718
EC130355;4369,0;3786,0;418,0;164,0;0,09567406729228656;0,037537193865873196;0,3254749370565347;0,5410849164568551
EC130356;5680,0;5069,0;524,0;87,0;0,09225352112676057;0,015316901408450705;0,36338028169014086;0,5290492957746479
EC130357;6498,0;6039,0;411,0;51,0;0,06325023084025855;0,007848568790397045;0,25346260387811637;0,6759002770083102
EC130450;61427,0;56400,0;4476,0;539,0;0,07286698031810115;0,008774643072264639;0,4659514545720937;0,45221156820290753
EC130451;2287,0;2047,0;184,0;57,0;0,0804547442063839;0,024923480542195016;0,4980323567993004;0,3970266724967206
EC130452;3428,0;3128,0;262,0;37,0;0,0764294049008168;0,010793465577596266;0,49329054842473746;0,4191948658109685
EC130453;8032,0;7247,0;638,0;147,0;0,07943227091633466;0,01830179282868526;0,27241035856573703;0,629855577689243
EC130454;8704,0;7951,0;628,0;126,0;0,07215073529411764;0,014476102941176471;0,3127297794117647;0,6007582720588235
EC130550;17719,0;15819,0;1561,0;338,0;0,0880975224335459;0,019075568598679385;0,3865906653874372;0,5061798069868503
EC130551;1913,0;1632,0;222,0;59,0;0,11604809200209096;0,030841610036591742;0,3314166231050706;0,5216936748562467
EC130552;2459,0;2160,0;202,0;94,0;0,0821472143147621;0,03822692151281008;0,3883692557950386;0,49003660024400164
EC130650;28909,0;26687,0;2040,0;178,0;0,07056625964232592;0,006157252066830399;0,4752845134733128;0,44785360960254594
EC130651;2337,0;2045,0;260,0;31,0;0,11125374411638853;0,013264869490800172;0,32349165596919127;0,5515618314077878
EC130652;4367,0;3877,0;447,0;42,0;0,10235859858026104;0,009617586443782918;0,31463247080375545;0,5731623540187772
EC130654;1413,0;1262,0;133,0;18,0;0,09412597310686482;0,012738853503184714;0,3099787685774947;0,5831564048124558
EC130656;1001,0;916,0;75,0;10,0;0,07492507492507493;0,00999000999000999;0,29270729270729273;0,6223776223776224
EC130657;3403,0;2999,0;367,0;36,0;0,10784601821921834;0,010578900969732588;0,30120481927710846;0,5800764031736703
EC130658;2853,0;2549,0;246,0;58,0;0,08622502628811778;0,020329477742726955;0,23834560112162637;0,655099894847529
EC130750;16468,0;15190,0;1050,0;225,0;0,06376001943162497;0,01366286130677678;0,35893854748603354;0,5634564002914744
EC130850;58448,0;54770,0;3407,0;262,0;0,058291130577607445;0,004482617027101013;0,39802901724609907;0,5390432521215439
EC130851;3021,0;2811,0;192,0;18,0;0,06355511420059583;0,005958291956305859;0,15028136378682555;0,7802052300562727
EC130852;2410,0;2260,0;117,0;31,0;0,04854771784232365;0,012863070539419087;0,12904564315352698;0,8087136929460581
EC130950;34895,0;32462,0;2238,0;190,0;0,0641352629316521;0,005444906147012466;0,24570855423413096;0,6845679896833358
EC130952;2739,0;2562,0;148,0;29,0;0,05403431909456006;0,01058780576852866;0,24644030668127054;0,6889375684556407
EC131050;15471,0;14033,0;1296,0;139,0;0,08376963350785341;0,008984551741968844;0,4410833171740676;0,46596858638743455
EC131051;5001,0;4560,0;390,0;53,0;0,07798440311937613;0,010597880423915218;0,3709258148370326;0,5408918216356728
EC131052;6786,0;6049,0;658,0;73,0;0,09696433834364869;0,01075744179192455;0,30562923666371944;0,5857648099027409
EC131053;4202,0;3638,0;438,0;126,0;0,10423607805806759;0,029985721085197526;0,26415992384578774;0,6016182770109472
EC131054;3297,0;2874,0;329,0;92,0;0,09978768577494693;0,027904155292690323;0,2529572338489536;0,618744313011829
EC131150;18080,0;16226,0;1238,0;616,0;0,06847345132743363;0,034070796460176994;0,20459070796460177;0,6928650442477876
EC131151;4868,0;4153,0;608,0;109,0;0,12489728841413311;0,0223911257189811;0,2074774034511093;0,645645028759244
EC131152;4727,0;4106,0;466,0;154,0;0,09858261053522319;0,032578802623228265;0,19568436640575418;0,6729426697694098
EC131250;26648,0;24682,0;1772,0;190,0;0,06649654758330832;0,007129990993695587;0,26456019213449417;0,6616631642149504
EC131350;18885,0;17381,0;1380,0;124,0;0,07307386814932486;0,006566057717765422;0,3350277998411438;0,5853322742917659
EC131351;5834,0;5358,0;405,0;70,0;0,06942063764141242;0,011998628728145356;0,28625299965718204;0,6321563249914296
EC131352;4112,0;3762,0;282,0;67,0;0,06857976653696499;0,01629377431906615;0,23467898832684825;0,680204280155642
EC131353;4981,0;4481,0;423,0;78,0;0,08492270628387874;0,01565950612326842;0,13551495683597672;0,7641035936558924
EC131355;3394,0;3099,0;204,0;91,0;0,060106069534472596;0,026812021213906894;0,16352386564525634;0,7495580436063641
EC131450;5955,0;5536,0;374,0;46,0;0,06280436607892527;0,007724601175482787;0,3533165407220823;0,5763224181360201
EC131453;16866,0;15585,0;1133,0;149,0;0,06717656824380411;0,008834341278311396;0,2735681252223408;0,6504802561366062
EC131457;9534,0;8455,0;876,0;200,0;0,09188168659534299;0,020977554017201593;0,23966855464652823;0,6471575414306692
EC131550;24761,0;23366,0;1210,0;178,0;0,04886717014660151;0,007188724203384354;0,2739388554581802;0,6697225475546222
EC131551;2956,0;2611,0;309,0;36,0;0,10453315290933694;0,012178619756427604;0,3183355886332882;0,5649526387009473
EC131552;3955,0;3549,0;381,0;25,0;0,09633375474083439;0,006321112515802781;0,35575221238938054;0,5415929203539823
EC131650;12600,0;11642,0;846,0;112,0;0,06714285714285714;0,008888888888888889;0,3022222222222222;0,6217460317460317
EC131651;4135,0;3828,0;258,0;49,0;0,062394195888754535;0,01185006045949214;0,23143893591293832;0,694316807738815
EC131652;5249,0;4523,0;516,0;208,0;0,09830443894075062;0,039626595542008;0,30805867784339874;0,553629262716708
EC131653;2451,0;2144,0;225,0;82,0;0,09179926560587515;0,03345573235414117;0,22807017543859648;0,6466748266013872
EC131750;31420,0;28864,0;2208,0;341,0;0,0702737110120942;0,010852959898154041;0,2684277530235519;0,6502227880331
EC131751;7620,0;6793,0;629,0;196,0;0,08254593175853019;0,025721784776902887;0,19921259842519684;0,6922572178477691
EC131752;3510,0;3234,0;220,0;57,0;0,06267806267806268;0,01623931623931624;0,2518518518518518;0,6695156695156695
EC131753;2266,0;2089,0;131,0;46,0;0,057811120917917035;0,02030008826125331;0,3067078552515446;0,6151809355692851
EC131850;9610,0;8824,0;676,0;107,0;0,07034339229968782;0,01113423517169615;0,2;0,718210197710718
EC131950;10889,0;10063,0;742,0;86,0;0,06814216181467536;0,00789787859307558;0,2792726604830563;0,6448709707043806
EC131951;4234,0;3704,0;440,0;90,0;0,10392064241851677;0,021256495040151157;0,26428908833254605;0,6105337742087861
EC131952;2786,0;2584,0;172,0;30,0;0,06173725771715721;0,010768126346015794;0,3341708542713568;0,5933237616654702
EC132050;11735,0;10848,0;746,0;136,0;0,06357051555176821;0,011589262888794206;0,21286749041329356;0,7115466553046442
EC132150;16433,0;15633,0;688,0;106,0;0,0418669749893507;0,006450435100103451;0,14756891620519685;0,8037485547374186
EC132250;13421,0;12541,0;748,0;132,0;0,055733551896281944;0,009835332687579168;0,23254600998435287;0,7018851054317861
EC132251;3597,0;3364,0;187,0;42,0;0,05198776758409786;0,011676396997497914;0,23102585487906588;0,7041979427300529
EC140150;14594,0;13613,0;919,0;61,0;0,06297108400712621;0,004179799917774428;0,6351240235713307;0,2976565711936412
EC140151;397,0;379,0;17,0;1,0;0,042821158690176324;0,0025188916876574307;0,6045340050377834;0,3501259445843829
EC140153;1888,0;1790,0;83,0;15,0;0,04396186440677966;0,007944915254237288;0,5794491525423728;0,3686440677966102
EC140156;707,0;664,0;37,0;6,0;0,05233380480905234;0,008486562942008486;0,6237623762376238;0,31541725601131543
EC140157;8891,0;8441,0;381,0;68,0;0,04285232257338882;0,0076481835564053535;0,7167922618378135;0,2325947587447981
EC140158;771,0;722,0;47,0;2,0;0,0609597924773022;0,0025940337224383916;0,5577172503242542;0,3787289234760052
EC140160;189,0;180,0;9,0;0,0;0,047619047619047616;0,0;0,7566137566137566;0,19576719576719576
EC140162;1448,0;1376,0;57,0;15,0;0,0393646408839779;0,010359116022099447;0,6968232044198895;0,2534530386740331
EC140164;1468,0;1389,0;68,0;11,0;0,04632152588555858;0,007493188010899182;0,6110354223433242;0,335149863760218
EC140250;6374,0;6038,0;297,0;38,0;0,04659554439912143;0,005961719485409476;0,7023846877941637;0,2449011609664261
EC140251;189,0;175,0;13,0;1,0;0,06878306878306878;0,005291005291005291;0,6190476190476191;0,30687830687830686
EC140252;198,0;192,0;3,0;3,0;0,015151515151515152;0,015151515151515152;0,5707070707070707;0,398989898989899
EC140253;3295,0;3127,0;141,0;27,0;0,04279210925644916;0,00819423368740516;0,7660091047040971;0,18300455235204857
EC140254;377,0;369,0;5,0;3,0;0,013262599469496022;0,007957559681697613;0,7904509283819628;0,1883289124668435
EC140255;431,0;403,0;27,0;1,0;0,06264501160092807;0,002320185614849188;0,691415313225058;0,24361948955916474
EC140256;533,0;506,0;23,0;4,0;0,043151969981238276;0,0075046904315197;0,6716697936210131;0,2776735459662289
EC140257;140,0;135,0;4,0;1,0;0,02857142857142857;0,007142857142857143;0,6;0,36428571428571427
EC140258;576,0;544,0;30,0;2,0;0,052083333333333336;0,003472222222222222;0,640625;0,3038194444444444
EC140350;3048,0;2933,0;102,0;13,0;0,03346456692913386;0,00426509186351706;0,7345800524934383;0,22769028871391075
EC140351;656,0;625,0;27,0;4,0;0,041158536585365856;0,006097560975609756;0,6341463414634146;0,31859756097560976
EC140353;1101,0;1050,0;45,0;6,0;0,04087193460490463;0,005449591280653951;0,8074477747502271;0,14623069936421434
EC140356;345,0;311,0;34,0;0,0;0,09855072463768116;0,0;0,4492753623188406;0,45217391304347826
EC140357;588,0;567,0;14,0;7,0;0,023809523809523808;0,011904761904761904;0,6870748299319728;0,27721088435374147
EC140358;752,0;718,0;31,0;3,0;0,041223404255319146;0,003989361702127659;0,6023936170212766;0,3523936170212766
EC140450;3377,0;3162,0;187,0;28,0;0,05537459283387622;0,00829138288421676;0,6505774355937223;0,28575658868818476
EC140451;511,0;495,0;12,0;4,0;0,023483365949119372;0,007827788649706457;0,5655577299412916;0,40313111545988256
EC140452;423,0;400,0;19,0;4,0;0,04491725768321513;0,009456264775413711;0,6643026004728132;0,28132387706855794
EC140454;1351,0;1301,0;41,0;9,0;0,030347890451517395;0,006661732050333087;0,6358253145817913;0,3271650629163583
EC140455;899,0;849,0;39,0;10,0;0,04338153503893215;0,011123470522803115;0,6362625139043382;0,3081201334816463
EC140550;2386,0;2260,0;109,0;17,0;0,04568315171835708;0,007124895222129086;0,6504610226320201;0,2967309304274937
EC140551;299,0;288,0;11,0;0,0;0,03678929765886288;0,0;0,48494983277591974;0,4782608695652174
EC140552;410,0;393,0;12,0;5,0;0,02926829268292683;0,012195121951219513;0,5341463414634147;0,424390243902439
EC140553;1128,0;1065,0;41,0;22,0;0,03634751773049645;0,01950354609929078;0,62677304964539;0,3173758865248227
EC140554;480,0;465,0;13,0;2,0;0,027083333333333334;0,004166666666666667;0,5666666666666667;0,40208333333333335
EC140556;1093,0;1056,0;33,0;4,0;0,03019213174748399;0,0036596523330283625;0,6724611161939615;0,2936870997255261
EC140557;895,0;851,0;41,0;3,0;0,04581005586592179;0,0033519553072625698;0,6435754189944134;0,30726256983240224
EC140650;9306,0;8746,0;509,0;50,0;0,054695895121427036;0,005372877713303245;0,6049860305179454;0,33483773909305825
EC140651;1341,0;1295,0;37,0;9,0;0,027591349739000747;0,006711409395973154;0,6249067859806114;0,3407904548844146
EC140652;2069,0;1983,0;77,0;9,0;0,03721604639922668;0,0043499275012083135;0,6012566457225713;0,3571773803769937
EC140655;590,0;550,0;33,0;7,0;0,05593220338983051;0,011864406779661017;0,49830508474576274;0,43389830508474575
EC140750;2539,0;2390,0;129,0;21,0;0,05080740448995667;0,008270972823946435;0,6120519889720363;0,32926348956282003
EC140751;3454,0;3213,0;216,0;24,0;0,06253618992472496;0,006948465547191662;0,7061378112333526;0,2240880138969311
EC140850;1531,0;1468,0;48,0;14,0;0,031352057478772045;0,009144350097975179;0,5754408883082952;0,3834095362508165
EC140851;219,0;209,0;10,0;0,0;0,045662100456621;0,0;0,4383561643835616;0,5159817351598174
EC140852;626,0;608,0;13,0;4,0;0,020766773162939296;0,006389776357827476;0,8067092651757188;0,1645367412140575
EC140853;196,0;191,0;3,0;2,0;0,015306122448979591;0,01020408163265306;0,6020408163265306;0,37244897959183676
EC140854;301,0;291,0;8,0;2,0;0,026578073089700997;0,006644518272425249;0,6212624584717608;0,34551495016611294
EC140950;4355,0;4089,0;233,0;33,0;0,053501722158438576;0,007577497129735935;0,7747416762342135;0,16417910447761194
EC140951;1288,0;1219,0;55,0;14,0;0,042701863354037264;0,010869565217391304;0,49301242236024845;0,453416149068323
EC140952;3756,0;3546,0;179,0;31,0;0,047657082002129925;0,00825346112886049;0,8487752928647497;0,09531416400425985
EC140953;3168,0;3052,0;103,0;13,0;0,032512626262626264;0,004103535353535354;0,8244949494949495;0,1388888888888889
EC140954;1575,0;1521,0;44,0;10,0;0,027936507936507936;0,006349206349206349;0,8742857142857143;0,09142857142857143
EC141050;1874,0;1745,0;116,0;13,0;0,061899679829242264;0,006937033084311633;0,5923159018143009;0,33884738527214514
EC141051;1291,0;1222,0;57,0;12,0;0,044151820294345466;0,009295120061967466;0,774593338497289;0,17195972114639815
EC141052;1632,0;1511,0;42,0;79,0;0,025735294117647058;0,04840686274509804;0,7169117647058824;0,20894607843137256
EC141150;1412,0;1355,0;51,0;6,0;0,03611898016997167;0,00424929178470255;0,7046742209631728;0,254957507082153
EC141250;3194,0;3062,0;108,0;23,0;0,033813400125234816;0,007201001878522229;0,687226048841578;0,2714464621164684
EC141251;2290,0;2155,0;112,0;23,0;0,04890829694323144;0,010043668122270743;0,6410480349344978;0,3
EC150150;25497,0;24351,0;1042,0;104,0;0,04086755304545633;0,004078911244460133;0,752912107306742;0,20214142840334157
EC150151;4844,0;4656,0;170,0;18,0;0,03509496284062758;0,0037159372419488025;0,7615606936416185;0,1996284062758051
EC150153;5103,0;4933,0;156,0;14,0;0,030570252792475015;0,0027434842249657062;0,7462277091906722;0,2204585537918871
EC150154;1477,0;1439,0;37,0;1,0;0,025050778605280974;0,0006770480704129993;0,8354773188896412;0,13879485443466485
EC150155;3795,0;3677,0;111,0;7,0;0,02924901185770751;0,001844532279314888;0,7586297760210804;0,21027667984189724
EC150156;4401,0;4233,0;155,0;13,0;0,035219268348102704;0,002953874119518291;0,7589184276300841;0,20290842990229493
EC150157;2592,0;2548,0;35,0;9,0;0,013503086419753086;0,003472222222222222;0,7727623456790124;0,21026234567901234
EC150158;3188,0;3090,0;84,0;14,0;0,026348808030112924;0,00439146800501882;0,7672521957340025;0,20200752823086573
EC150350;11843,0;11262,0;539,0;40,0;0,045512116862281515;0,003377522587182302;0,6722114329139576;0,27873005150721947
EC150352;4857,0;4595,0;241,0;21,0;0,049619106444307184;0,004323656578134651;0,6518427012559193;0,29421453572163886
EC150354;2728,0;2609,0;107,0;12,0;0,039222873900293255;0,004398826979472141;0,6414956011730205;0,3148826979472141
EC150356;1890,0;1811,0;67,0;12,0;0,035449735449735446;0,006349206349206349;0,4947089947089947;0,4634920634920635
EC150450;3926,0;3683,0;228,0;15,0;0,058074375955170655;0,0038206826286296485;0,5142638818135506;0,423841059602649
EC150451;623,0;584,0;25,0;14,0;0,04012841091492777;0,02247191011235955;0,5024077046548957;0,434991974317817
EC150452;300,0;287,0;11,0;2,0;0,03666666666666667;0,006666666666666667;0,37666666666666665;0,58
EC150453;537,0;522,0;13,0;2,0;0,024208566108007448;0,0037243947858473;0,1452513966480447;0,8268156424581006
EC150454;1128,0;1079,0;46,0;3,0;0,040780141843971635;0,0026595744680851063;0,475177304964539;0,48138297872340424
EC150455;461,0;436,0;24,0;1,0;0,052060737527114966;0,0021691973969631237;0,5292841648590022;0,4164859002169197
EC150750;1735,0;1635,0;99,0;1,0;0,057060518731988474;0,0005763688760806917;0,6270893371757925;0,3152737752161383
EC150751;464,0;438,0;25,0;1,0;0,05387931034482758;0,0021551724137931034;0,5581896551724138;0,3857758620689655
EC150752;487,0;454,0;30,0;3,0;0,061601642710472276;0,006160164271047228;0,45585215605749485;0,47638603696098564
EC150753;604,0;560,0;41,0;3,0;0,06788079470198675;0,004966887417218543;0,4519867549668874;0,47516556291390727
EC150754;1730,0;1654,0;67,0;9,0;0,03872832369942197;0,005202312138728324;0,6641618497109827;0,29190751445086704
EC150756;240,0;232,0;8,0;0,0;0,03333333333333333;0,0;0,5833333333333334;0,38333333333333336
EC150950;3349,0;3239,0;100,0;10,0;0,029859659599880562;0,002985965959988056;0,7587339504329651;0,20842042400716632
EC160150;29005,0;27611,0;1319,0;73,0;0,04547491811756594;0,0025168074469918977;0,7453542492673677;0,20658507153938976
EC160152;1493,0;1374,0;109,0;10,0;0,07300736771600803;0,006697923643670462;0,695244474212994;0,22505023442732752
EC160154;1436,0;1361,0;68,0;7,0;0,04735376044568245;0,004874651810584958;0,7472144846796658;0,20055710306406685
EC160155;1324,0;1265,0;49,0;10,0;0,03700906344410876;0,0075528700906344415;0,7424471299093656;0,21299093655589124
EC160156;2140,0;1973,0;137,0;30,0;0,06401869158878505;0,014018691588785047;0,7191588785046729;0,202803738317757
EC160157;339,0;328,0;10,0;1,0;0,029498525073746312;0,0029498525073746312;0,7492625368731564;0,2182890855457227
EC160158;221,0;200,0;16,0;5,0;0,07239819004524888;0,02262443438914027;0,5067873303167421;0,39819004524886875
EC160159;428,0;402,0;25,0;1,0;0,05841121495327103;0,002336448598130841;0,5934579439252337;0,34579439252336447
EC160161;2202,0;1471,0;705,0;25,0;0,3201634877384196;0,011353315168029064;0,43778383287920075;0,23024523160762944
EC160162;4316,0;4115,0;185,0;15,0;0,04286376274328082;0,003475440222428174;0,7613531047265987;0,19207599629286376
EC160163;3044,0;2881,0;148,0;15,0;0,04862023653088042;0,00492772667542707;0,6971090670170828;0,24934296977660972
EC160164;911,0;860,0;47,0;3,0;0,05159165751920966;0,003293084522502744;0,6959385290889133;0,24807903402854006
EC160165;1879,0;1808,0;64,0;7,0;0,034060670569451834;0,0037253858435337944;0,7450771687067589;0,21713677488025546
EC160166;1310,0;1253,0;52,0;5,0;0,03969465648854962;0,003816793893129771;0,6206106870229008;0,33587786259541985
EC160250;1355,0;1305,0;46,0;4,0;0,03394833948339483;0,002952029520295203;0,7284132841328413;0,23468634686346865
EC160251;1614,0;1543,0;60,0;11,0;0,03717472118959108;0,006815365551425031;0,6022304832713755;0,3537794299876084
EC160252;5395,0;5176,0;202,0;15,0;0,037442075996292866;0,0027803521779425394;0,7499536607970343;0,20945319740500462
EC160350;3137,0;3007,0;115,0;16,0;0,036659228562320685;0,005100414408670704;0,6330889384762513;0,32547019445329933
EC160351;802,0;766,0;33,0;3,0;0,04114713216957606;0,003740648379052369;0,7182044887780549;0,23690773067331672
EC160450;3540,0;3429,0;105,0;6,0;0,029661016949152543;0,001694915254237288;0,6943502824858757;0,27429378531073445
EC160451;1924,0;1820,0;90,0;14,0;0,04677754677754678;0,007276507276507277;0,5727650727650727;0,3731808731808732
EC170151;16240,0;15198,0;981,0;59,0;0,0604064039408867;0,0036330049261083745;0,5846674876847291;0,35116995073891627
EC170152;23501,0;21605,0;1794,0;96,0;0,07633717714139823;0,004084932556061445;0,4768733245393813;0,4424492574784052
EC170153;1492,0;1326,0;158,0;8,0;0,10589812332439678;0,005361930294906166;0,5274798927613941;0,36126005361930297
EC170154;4011,0;3671,0;314,0;27,0;0,07828471702817252;0,006731488406881077;0,5041136873597607;0,41111942159062576
EC170155;121281,0;112176,0;8697,0;386,0;0,07170950107601355;0,003182691435591725;0,525778976096833;0,3991474344703622
EC170156;70780,0;66550,0;4062,0;162,0;0,05738909296411416;0,0022887821418479796;0,6483046058208534;0,2919327493642272
EC170157;30874,0;29494,0;1315,0;54,0;0,04259247263069249;0,0017490445034656992;0,7319427349873681;0,22335946103517523
EC170158;664,0;607,0;52,0;4,0;0,0783132530120482;0,006024096385542169;0,5451807228915663;0,3689759036144578
EC170159;6475,0;5878,0;562,0;29,0;0,0867953667953668;0,004478764478764479;0,39305019305019306;0,5147490347490348
EC170160;14519,0;13325,0;1098,0;92,0;0,0756250430470418;0,006336524554032647;0,42282526344789584;0,49493766788346305
EC170161;1463,0;1348,0;105,0;10,0;0,07177033492822966;0,00683526999316473;0,48462064251537934;0,43677375256322626
EC170162;2809,0;2592,0;210,0;9,0;0,07475970096119615;0,003203987184051264;0,48273406906372374;0,44001423994304023
EC170163;13164,0;12087,0;968,0;104,0;0,0735338802795503;0,007900334244910361;0,4481920388939532;0,4699939228198116
EC170164;6167,0;5652,0;456,0;56,0;0,07394194908383331;0,009080590238365494;0,4308415761310199;0,48564942435544023
EC170165;8278,0;7653,0;594,0;30,0;0,07175646291374728;0,00362406378352259;0,5311669485382943;0,39333172263831845
EC170166;1625,0;1516,0;102,0;7,0;0,06276923076923077;0,0043076923076923075;0,512;0,4209230769230769
EC170168;1957,0;1766,0;173,0;18,0;0,08840061318344404;0,009197751660705161;0,5038323965252938;0,398569238630557
EC170169;2591,0;2313,0;256,0;22,0;0,09880355075260518;0,008490930142802007;0,5156310304901582;0,3770744886144346
EC170170;9635,0;9083,0;489,0;63,0;0,050752464971458223;0,006538661131292164;0,6805396990140115;0,2621691748832382
EC170171;1266,0;1158,0;98,0;10,0;0,07740916271721959;0,007898894154818325;0,48657187993680884;0,42812006319115326
EC170172;3254,0;2916,0;320,0;18,0;0,09834050399508297;0,005531653349723417;0,5119852489244008;0,38414259373079285
EC170174;753,0;702,0;47,0;4,0;0,06241699867197875;0,005312084993359893;0,5843293492695883;0,34794156706507307
EC170175;14257,0;12986,0;1181,0;86,0;0,08283650136774917;0,006032124570386477;0,45086624114470086;0,45998456898365714
EC170176;15542,0;14482,0;980,0;78,0;0,06305494788315533;0,005018659117230729;0,42426972075665936;0,5075279886758461
EC170177;26721,0;25098,0;1538,0;82,0;0,05755772613300401;0,0030687474271172484;0,6259496276336963;0,31331162755884884
EC170178;5087,0;4574,0;468,0;45,0;0,09199921368193434;0,008846078238647533;0,4454491841950069;0,45370552388441127
EC170179;11965,0;11128,0;788,0;49,0;0,06585875470121187;0,0040952778938570834;0,4967822816548266;0,4332636857501045
EC170180;27535,0;25389,0;2031,0;114,0;0,07376066824042128;0,004140185218812421;0,5149809333575449;0,40708189576902126
EC170181;5145,0;4602,0;501,0;42,0;0,09737609329446065;0,00816326530612245;0,4445092322643343;0,4499514091350826
EC170183;2430,0;2241,0;179,0;10,0;0,07366255144032922;0,00411522633744856;0,5160493827160494;0,40617283950617283
EC170184;46141,0;42610,0;3349,0;178,0;0,07258186862009926;0,0038577404044125613;0,5732212132376845;0,3502524869421989
EC170185;16149,0;14792,0;1260,0;95,0;0,07802340702210664;0,005882717196111214;0,4434330299089727;0,4725369991949966
EC170186;4460,0;4137,0;311,0;12,0;0,06973094170403588;0,0026905829596412557;0,5596412556053811;0,3679372197309417
EC170250;5743,0;5190,0;526,0;27,0;0,09158976144872018;0,004701375587671948;0,32892216611527075;0,574786696848337
EC170251;4174,0;3858,0;300,0;16,0;0,07187350263536177;0,003833253473885961;0,45208433157642547;0,47220891231432677
EC170252;11681,0;10341,0;1236,0;104,0;0,10581285848814313;0,008903347316154438;0,213423508261279;0,6718602859344234
EC170253;5662,0;5102,0;518,0;41,0;0,09148710702931827;0,007241257506181561;0,2151183327446132;0,6859766866831508
EC170254;2272,0;2063,0;197,0;12,0;0,08670774647887323;0,00528169014084507;0,2794894366197183;0,6285211267605634
EC170255;3160,0;2883,0;263,0;14,0;0,08322784810126582;0,004430379746835443;0,4041139240506329;0,5082278481012659
EC170256;6619,0;6108,0;465,0;46,0;0,07025230397340988;0,006949690285541623;0,33524701616558394;0,5875509895754646
EC170350;27288,0;25341,0;1843,0;100,0;0,0675388449135151;0,003664614482556435;0,6108545880973322;0,31779536792729407
EC170351;7130,0;6543,0;564,0;23,0;0,0791023842917251;0,0032258064516129032;0,5569424964936887;0,3607293127629734
EC170352;5271,0;4878,0;376,0;16,0;0,07133371276797572;0,0030354771390627964;0,544868146461772;0,3805729463099981
EC170353;12507,0;11483,0;965,0;58,0;0,07715679219637003;0,004637403054289598;0,43327736467578154;0,48484848484848486
EC170354;1187,0;1115,0;68,0;4,0;0,05728727885425442;0,003369839932603201;0,4945240101095198;0,44481887110362256
EC170355;2166,0;1942,0;206,0;18,0;0,0951061865189289;0,008310249307479225;0,5143120960295475;0,38227146814404434
EC170356;7972,0;7295,0;607,0;66,0;0,0761414952333166;0,008278976417461115;0,543527345709985;0,3715504264927245
EC170357;3382,0;3151,0;223,0;8,0;0,06593731519810762;0,002365464222353637;0,6218214074512123;0,30987581312832646
EC170450;15461,0;14238,0;1132,0;91,0;0,07321648017592652;0,005885777116616002;0,3682168035702736;0,5526809391371839
EC170451;2747,0;2484,0;238,0;25,0;0,08663997087732071;0,009100837277029487;0,41427011285038223;0,48998907899526756
EC170452;3988,0;3631,0;321,0;35,0;0,08049147442326982;0,008776328986960883;0,3595787362086259;0,5509027081243731
EC170453;1450,0;1336,0;104,0;10,0;0,07172413793103448;0,006896551724137931;0,3689655172413793;0,5524137931034483
EC170454;3796,0;3510,0;273,0;14,0;0,07191780821917808;0,0036880927291886197;0,2584299262381454;0,66622760800843
EC170550;58904,0;55222,0;3517,0;155,0;0,059707320385712345;0,002631400244465571;0,6051371723482276;0,332354339263887
EC170551;2550,0;2357,0;189,0;4,0;0,07411764705882352;0,001568627450980392;0,5270588235294118;0,39725490196078433
EC170552;525,0;485,0;35,0;5,0;0,06666666666666667;0,009523809523809525;0,42857142857142855;0,49523809523809526
EC170750;8365,0;7868,0;450,0;47,0;0,05379557680812911;0,005618649133293485;0,559593544530783;0,3809922295277944
EC170751;2021,0;1914,0;96,0;11,0;0,0475012370113805;0,0054428500742206825;0,5893122216724394;0,3577436912419594
EC170850;11246,0;10514,0;680,0;52,0;0,06046594344655878;0,004623866263560377;0,5089809710119153;0,4259292192779655
EC170950;15662,0;14523,0;914,0;225,0;0,058357808708977145;0,01436598135614864;0,425871536202273;0,5014046737326012
EC180150;2898,0;2733,0;159,0;6,0;0,054865424430641824;0,002070393374741201;0,746031746031746;0,19703243616287094
EC180151;3129,0;2840,0;267,0;21,0;0,08533077660594439;0,006711409395973154;0,6097794822627037;0,29785874081176095
EC180152;7240,0;6811,0;408,0;21,0;0,056353591160221;0,0029005524861878454;0,7283149171270719;0,21243093922651934
EC180153;6710,0;6247,0;432,0;31,0;0,06438152011922504;0,004619970193740686;0,7366616989567809;0,19433681073025336
EC180154;2024,0;1845,0;169,0;10,0;0,08349802371541502;0,004940711462450593;0,741106719367589;0,17045454545454544
EC180155;7198,0;6889,0;288,0;21,0;0,04001111419838844;0,002917477076965824;0,752570158377327;0,2045012503473187
EC180156;14922,0;14084,0;781,0;56,0;0,052338828575258005;0,0037528481436804716;0,7476879774829112;0,19615333065272753
EC180157;5695,0;5207,0;460,0;28,0;0,08077260755048288;0,004916593503072871;0,723441615452151;0,19086918349429324
EC180158;2665,0;2513,0;147,0;5,0;0,055159474671669796;0,001876172607879925;0,7212007504690432;0,22176360225140712
EC180159;4600,0;4100,0;457,0;39,0;0,09934782608695653;0,008478260869565218;0,6052173913043478;0,28608695652173916
EC180160;10866,0;10298,0;523,0;44,0;0,0481317872262102;0,0040493281796429225;0,7716731087796798;0,17605374562856618
EC180161;8881,0;7983,0;809,0;87,0;0,0910933453439928;0,009796194122283526;0,6275194234883459;0,27136583718049767
EC180162;7084,0;6146,0;864,0;74,0;0,12196499153020893;0,010446075663466968;0,6376341050254094;0,22995482778091475
EC180163;6475,0;6089,0;364,0;22,0;0,05621621621621622;0,003397683397683398;0,7445559845559846;0,19583011583011584
EC180164;1759,0;1531,0;199,0;29,0;0,11313246162592382;0,01648664013644116;0,5827174530983513;0,28766344513928366
EC180165;13810,0;12733,0;1003,0;76,0;0,07262853005068791;0,005503258508327299;0,7013034033309197;0,22070963070238958
EC180166;4987,0;4733,0;240,0;13,0;0,0481251253258472;0,0026067776218167233;0,7072388209344295;0,2418287547623822
EC180167;3126,0;2983,0;129,0;13,0;0,04126679462571977;0,004158669225847729;0,7303262955854126;0,22392834293026231
EC180168;2422,0;2292,0;117,0;13,0;0,048307184145334435;0,0053674649050371595;0,7700247729149463;0,17630057803468208
EC180250;12779,0;12006,0;743,0;28,0;0,05814226465294624;0,0021910947648485796;0,6799436575631896;0,2595664762500978
EC180251;385,0;346,0;34,0;5,0;0,08831168831168831;0,012987012987012988;0,6285714285714286;0,2701298701298701
EC180252;866,0;798,0;66,0;2,0;0,07621247113163972;0,0023094688221709007;0,5381062355658198;0,3833718244803695
EC180253;1025,0;934,0;67,0;24,0;0,06536585365853659;0,023414634146341463;0,5580487804878049;0,35317073170731705
EC180254;1545,0;1429,0;109,0;7,0;0,07055016181229773;0,004530744336569579;0,6077669902912621;0,31715210355987056
EC180350;7093,0;6743,0;332,0;20,0;0,04680671084167489;0,0028196813760045115;0,7073170731707317;0,24333850274918933
EC180450;4997,0;4791,0;196,0;9,0;0,03922353412047228;0,0018010806483890335;0,7652591554932959;0,1935161096657995
EC180451;814,0;761,0;49,0;4,0;0,060196560196560195;0,004914004914004914;0,6891891891891891;0,2457002457002457
EC180550;6721,0;6337,0;367,0;17,0;0,05460496949858652;0,0025293855081089125;0,7428954024698705;0,199970242523434
EC180551;883,0;806,0;69,0;8,0;0,07814269535673839;0,009060022650056626;0,6806342015855039;0,232163080407701
EC180552;882,0;824,0;50,0;8,0;0,05668934240362812;0,009070294784580499;0,7097505668934241;0,22448979591836735
EC180553;1729,0;1632,0;86,0;11,0;0,04973973395026027;0,006362058993637941;0,7692307692307693;0,17466743782533256
EC180650;13100,0;12518,0;516,0;66,0;0,03938931297709924;0,005038167938931298;0,8016030534351145;0,15396946564885497
EC180651;1226,0;1157,0;63,0;6,0;0,05138662316476346;0,004893964110929853;0,7773246329526917;0,16639477977161501
EC180652;1061,0;1013,0;42,0;6,0;0,03958529688972667;0,005655042412818096;0,7700282752120641;0,18473138548539114
EC180750;21446,0;20421,0;936,0;91,0;0,04364450247132332;0,0042432155180453235;0,7764618110603376;0,17574372843420685
EC180751;1782,0;1689,0;83,0;10,0;0,04657687991021325;0,005611672278338945;0,7699214365881033;0,17789001122334455
EC180752;1998,0;1899,0;96,0;3,0;0,04804804804804805;0,0015015015015015015;0,8123123123123123;0,13813813813813813
EC180753;1603,0;1504,0;85,0;14,0;0,053025577043044295;0,008733624454148471;0,6375545851528385;0,3006862133499688
EC180754;1634,0;1498,0;124,0;12,0;0,07588739290085679;0,0073439412484700125;0,6731946144430845;0,24357405140758873
EC180755;2073,0;1903,0;165,0;5,0;0,07959479015918958;0,00241196333815726;0,6743849493487699;0,24360829715388327
EC180756;2569,0;2348,0;213,0;8,0;0,08291163876994939;0,003114052160373686;0,7337485402880498;0,1802257687816271
EC180757;6112,0;5601,0;484,0;25,0;0,07918848167539266;0,004090314136125654;0,7604712041884817;0,15592277486910994
EC180758;4175,0;3654,0;415,0;106,0;0,09940119760479042;0,025389221556886228;0,6617964071856287;0,2134131736526946
EC180850;12011,0;11506,0;468,0;36,0;0,038964282740820914;0,0029972525185246856;0,7961868287403213;0,16176837898592958
EC180851;295,0;287,0;5,0;3,0;0,01694915254237288;0,010169491525423728;0,8711864406779661;0,1016949152542373
EC180852;1129,0;1027,0;60,0;41,0;0,053144375553587246;0,03631532329495128;0,7387068201948627;0,17094774136403898
EC180853;1678,0;1625,0;48,0;5,0;0,028605482717520857;0,0029797377830750892;0,83492252681764;0,133492252681764
EC180854;1261,0;1207,0;51,0;3,0;0,040444091990483745;0,0023790642347343376;0,7779540047581285;0,17922283901665345
EC180855;8899,0;8137,0;710,0;50,0;0,0797842454208338;0,0056186088324530845;0,6410832677828969;0,27328913361051804
EC180856;1682,0;1541,0;128,0;13,0;0,07609988109393578;0,0077288941736028535;0,6718192627824019;0,24435196195005945
EC180857;3648,0;3457,0;171,0;19,0;0,046875;0,005208333333333333;0,7700109649122807;0,17763157894736842
EC180950;8135,0;7670,0;429,0;36,0;0,052735095267363245;0,004425322679778734;0,6805162876459742;0,26232329440688384
EC180951;723,0;702,0;21,0;0,0;0,029045643153526972;0,0;0,8326417704011065;0,13831258644536654
EC190150;10987,0;10598,0;347,0;39,0;0,03158277964867571;0,003549649585874215;0,7688176936379357;0,19577682715937017
EC190151;2745,0;2642,0;94,0;8,0;0,03424408014571949;0,0029143897996357013;0,7304189435336976;0,23205828779599272
EC190152;2261,0;2158,0;86,0;17,0;0,03803626713843432;0,007518796992481203;0,6859796550199027;0,26846528084918175
EC190153;834,0;804,0;27,0;3,0;0,03237410071942446;0,0035971223021582736;0,7721822541966427;0,19184652278177458
EC190155;601,0;583,0;16,0;2,0;0,026622296173044926;0,0033277870216306157;0,6838602329450915;0,28618968386023297
EC190156;1439,0;1409,0;27,0;3,0;0,018763029881862403;0,0020847810979847115;0,8082001389854065;0,17095205003474634
EC190158;1375,0;1319,0;45,0;11,0;0,03272727272727273;0,008;0,704;0,25527272727272726
EC190250;4519,0;4356,0;137,0;26,0;0,03031644169063952;0,005753485284354946;0,6149590617393229;0,3489710112856827
EC190251;925,0;900,0;22,0;3,0;0,023783783783783784;0,003243243243243243;0,5837837837837838;0,3891891891891892
EC190252;322,0;311,0;9,0;2,0;0,027950310559006212;0,006211180124223602;0,7608695652173914;0,20496894409937888
EC190254;242,0;230,0;9,0;3,0;0,0371900826446281;0,012396694214876033;0,6033057851239669;0,34710743801652894
EC190256;168,0;162,0;5,0;1,0;0,02976190476190476;0,005952380952380952;0,5714285714285714;0,39285714285714285
EC190259;378,0;361,0;12,0;5,0;0,031746031746031744;0,013227513227513227;0,6084656084656085;0,34656084656084657
EC190350;2462,0;2351,0;95,0;16,0;0,03858651502843217;0,006498781478472786;0,602761982128351;0,3521527213647441
EC190351;1271,0;1202,0;60,0;9,0;0,04720692368214005;0,007081038552321007;0,5696302124311565;0,3760818253343824
EC190352;550,0;524,0;21,0;5,0;0,038181818181818185;0,00909090909090909;0,7618181818181818;0,19090909090909092
EC190353;413,0;396,0;15,0;2,0;0,03631961259079903;0,004842615012106538;0,6949152542372882;0,2639225181598063
EC190450;2500,0;2315,0;144,0;41,0;0,0576;0,0164;0,6692;0,2568
EC190451;1317,0;1234,0;75,0;8,0;0,05694760820045558;0,006074411541381929;0,7304479878511769;0,20652999240698558
EC190452;720,0;647,0;64,0;9,0;0,08888888888888889;0,0125;0,5708333333333333;0,3277777777777778
EC190550;10503,0;9965,0;483,0;55,0;0,045986860896886604;0,005236599066933257;0,6755212796343901;0,27325526040179
EC190551;1709,0;1597,0;89,0;23,0;0,052077238150965474;0,013458162668227034;0,6553540081919251;0,2791105909888824
EC190553;2942,0;2775,0;149,0;18,0;0,050645819170632225;0,006118286879673691;0,5601631543167913;0,3830727396329028
EC190650;5414,0;5134,0;230,0;49,0;0,042482452899889174;0,009050609530845955;0,6819357222016993;0,2663465090506095
EC190651;999,0;929,0;62,0;7,0;0,062062062062062065;0,007007007007007007;0,6356356356356356;0,29429429429429427
EC190652;985,0;939,0;40,0;6,0;0,04060913705583756;0,006091370558375634;0,6101522842639594;0,3431472081218274
EC190653;761,0;724,0;33,0;4,0;0,04336399474375821;0,005256241787122208;0,6057818659658344;0,3455978975032852
EC190750;3961,0;3826,0;115,0;20,0;0,02903307245645039;0,005049229992426155;0,7434991163847513;0,22241858116637211
EC190752;572,0;542,0;28,0;2,0;0,04895104895104895;0,0034965034965034965;0,6783216783216783;0,2692307692307692
EC190753;932,0;891,0;33,0;8,0;0,03540772532188841;0,008583690987124463;0,7542918454935622;0,2017167381974249
EC190850;2999,0;2858,0;128,0;13,0;0,0426808936312104;0,004334778259419807;0,5505168389463154;0,40246748916305436
EC190851;915,0;890,0;15,0;10,0;0,01639344262295082;0,01092896174863388;0,6743169398907104;0,2983606557377049
EC190852;1000,0;975,0;19,0;6,0;0,019;0,006;0,783;0,192
EC190853;1055,0;1009,0;42,0;4,0;0,03981042654028436;0,0037914691943127963;0,5421800947867299;0,414218009478673
EC190854;344,0;324,0;12,0;8,0;0,03488372093023256;0,023255813953488372;0,6569767441860465;0,28488372093023256
EC190950;1847,0;1767,0;70,0;10,0;0,03789929615592853;0,005414185165132647;0,6751488900920412;0,2815376285868977
EC190951;435,0;412,0;18,0;5,0;0,041379310344827586;0,011494252873563218;0,6505747126436782;0,296551724137931
EC190952;1290,0;1242,0;41,0;7,0;0,03178294573643411;0,005426356589147287;0,6883720930232559;0,2744186046511628
EC200150;4384,0;4168,0;203,0;13,0;0,04630474452554745;0,0029653284671532845;0,7043795620437956;0,24635036496350365
EC200151;494,0;477,0;16,0;1,0;0,032388663967611336;0,0020242914979757085;0,6882591093117408;0,2773279352226721
EC200250;1535,0;1442,0;81,0;12,0;0,05276872964169381;0,007817589576547232;0,5094462540716612;0,42996742671009774
EC200251;194,0;186,0;5,0;3,0;0,02577319587628866;0,015463917525773196;0,5618556701030928;0,39690721649484534
EC200350;7872,0;7365,0;483,0;24,0;0,06135670731707317;0,003048780487804878;0,5865091463414634;0,3490853658536585
EC210150;46365,0;43566,0;2601,0;193,0;0,056098350048527985;0,004162622667960746;0,429116790682627;0,5105143966353931
EC210152;2394,0;2234,0;145,0;14,0;0,060568086883876354;0,005847953216374269;0,2832080200501253;0,6499582289055973
EC210153;3895,0;3592,0;255,0;48,0;0,06546854942233633;0,012323491655969191;0,2362002567394095;0,686007702182285
EC210155;4918,0;4617,0;266,0;34,0;0,054087027246848315;0,0069133794225294835;0,4261895079300529;0,5126067507116714
EC210156;5586,0;5224,0;325,0;36,0;0,05818116720372359;0,00644468313641246;0,284640171858217;0,6505549588256355
EC210157;2031,0;1923,0;106,0;2,0;0,052191038897095025;0,0009847365829640572;0,38158542589857214;0,5652387986213688
EC210158;4096,0;3828,0;241,0;26,0;0,058837890625;0,00634765625;0,3720703125;0,5625
EC210160;1747,0;1618,0;118,0;11,0;0,06754436176302232;0,006296508299942759;0,3239839725243274;0,6021751574127076
EC210250;2621,0;2448,0;165,0;7,0;0,06295307134681419;0,002670736360167875;0,39450591377336897;0,5394887447539107
EC210251;1046,0;984,0;56,0;6,0;0,05353728489483748;0,0057361376673040155;0,3881453154875717;0,5525812619502868
EC210252;2621,0;2527,0;88,0;6,0;0,03357497138496757;0,002289202594429607;0,2617321632964517;0,7024036627241511
EC210254;960,0;897,0;56,0;7,0;0,058333333333333334;0,007291666666666667;0,234375;0,7
EC210350;1935,0;1868,0;60,0;7,0;0,031007751937984496;0,0036175710594315244;0,2718346253229974;0,6935400516795865
EC210351;1127,0;1072,0;45,0;10,0;0,03992901508429459;0,008873114463176575;0,259094942324756;0,6921029281277729
EC210352;90,0;85,0;2,0;3,0;0,022222222222222223;0,03333333333333333;0,16666666666666666;0,7777777777777778
EC210353;161,0;145,0;14,0;2,0;0,08695652173913043;0,012422360248447204;0,037267080745341616;0,8633540372670807
EC210354;872,0;818,0;45,0;9,0;0,051605504587155966;0,010321100917431193;0,1536697247706422;0,7844036697247706
EC210355;1924,0;1793,0;111,0;16,0;0,057692307692307696;0,008316008316008316;0,2687110187110187;0,6632016632016632
EC210450;22094,0;20600,0;1351,0;141,0;0,0611478229383543;0,006381823119398932;0,40979451434778674;0,5225853172807097
EC210451;2908,0;2815,0;80,0;13,0;0,027510316368638238;0,004470426409903714;0,42606602475928473;0,5419532324621733
EC210452;549,0;503,0;28,0;18,0;0,051001821493624776;0,03278688524590164;0,3788706739526412;0,5373406193078324
EC210453;2862,0;2694,0;151,0;17,0;0,05276030747728861;0,005939902166317261;0,2379454926624738;0,7033542976939203
EC210454;2374,0;2157,0;194,0;22,0;0,08171861836562763;0,009267059814658803;0,5328559393428812;0,37573715248525696
EC210455;3378,0;3082,0;270,0;25,0;0,07992895204262877;0,007400828892835998;0,5207223208999407;0,391651865008881
EC210550;573,0;561,0;11,0;1,0;0,019197207678883072;0,0017452006980802793;0,4572425828970332;0,5218150087260035
EC210551;1448,0;1370,0;74,0;4,0;0,05110497237569061;0,0027624309392265192;0,4530386740331492;0,4930939226519337
EC210552;135,0;132,0;3,0;0,0;0,022222222222222223;0,0;0,6074074074074074;0,37037037037037035
EC210553;399,0;380,0;17,0;2,0;0,042606516290726815;0,005012531328320802;0,3684210526315789;0,5839598997493735
EC210554;626,0;613,0;13,0;0,0;0,020766773162939296;0,0;0,48562300319488816;0,4936102236421725
EC210650;3801,0;3559,0;228,0;13,0;0,05998421468034728;0,0034201525914233097;0,4530386740331492;0,48329387003420154
EC210651;571,0;547,0;18,0;6,0;0,03152364273204904;0,010507880910683012;0,25569176882662;0,702276707530648
EC210652;2025,0;1902,0;113,0;10,0;0,05580246913580247;0,0049382716049382715;0,4419753086419753;0,497283950617284
EC210653;1905,0;1812,0;88,0;4,0;0,046194225721784776;0,002099737532808399;0,4440944881889764;0,5070866141732283
EC210750;4629,0;4378,0;212,0;38,0;0,04579822855908403;0,008209116439835818;0,31950745301360983;0,6262691726074746
EC210751;394,0;382,0;7,0;5,0;0,017766497461928935;0,012690355329949238;0,20304568527918782;0,766497461928934
EC210752;1213,0;1159,0;49,0;5,0;0,0403957131079967;0,004122011541632316;0,29925803792250616;0,6562242374278648
EC220150;35450,0;33348,0;1955,0;148,0;0,05514809590973202;0,004174894217207334;0,5092242595204514;0,43148095909732015
EC220151;7068,0;6652,0;364,0;52,0;0,05149971703452179;0,007357102433503113;0,42869269949066213;0,512450481041313
EC220152;2542,0;2383,0;125,0;34,0;0,04917387883556255;0,013375295043273014;0,38552321007081036;0,551927616050354
EC220153;1027,0;973,0;48,0;6,0;0,04673807205452775;0,005842259006815969;0,34469328140214217;0,6027263875365141
EC220154;2797,0;2647,0;144,0;7,0;0,05148373257061137;0,0025026814444047193;0,427958526993207;0,5184125849124062
EC220155;628,0;561,0;61,0;6,0;0,09713375796178345;0,009554140127388535;0,6146496815286624;0,2786624203821656
EC220156;1322,0;1262,0;51,0;9,0;0,038577912254160365;0,00680786686838124;0,594553706505295;0,3600605143721634
EC220157;2736,0;2559,0;149,0;28,0;0,05445906432748538;0,01023391812865497;0,4550438596491228;0,48026315789473684
EC220158;3483,0;3261,0;190,0;32,0;0,05455067470571347;0,00918748205569911;0,5297157622739018;0,40654608096468564
EC220159;2591,0;2450,0;132,0;9,0;0,05094558085681204;0,0034735623311462757;0,3265148591277499;0,6190659976842918
EC220160;2018,0;1910,0;102,0;6,0;0,05054509415262636;0,002973240832507433;0,45639246778989095;0,49008919722497524
EC220161;2106,0;2012,0;80,0;13,0;0,03798670465337132;0,006172839506172839;0,5470085470085471;0,4083570750237417
EC220250;745,0;726,0;14,0;5,0;0,01879194630872483;0,006711409395973154;0,40671140939597317;0,5677852348993289
EC220251;589,0;556,0;30,0;2,0;0,050933786078098474;0,003395585738539898;0,3174872665534805;0,6264855687606112
EC220252;452,0;410,0;33,0;9,0;0,07300884955752213;0,01991150442477876;0,3805309734513274;0,5265486725663717
EC220253;597,0;566,0;24,0;7,0;0,04020100502512563;0,011725293132328308;0,33835845896147404;0,609715242881072
EC220255;294,0;290,0;3,0;1,0;0,01020408163265306;0,003401360544217687;0,17687074829931973;0,8095238095238095
EC220350;16485,0;15394,0;996,0;93,0;0,06041856232939036;0,005641492265696087;0,5197452229299363;0,41407340006066123
EC220351;2319,0;2186,0;127,0;5,0;0,05476498490728762;0,0021561017680034496;0,48124191461837;0,46140577835273827
EC220352;980,0;922,0;53,0;5,0;0,05408163265306123;0,00510204081632653;0,4897959183673469;0,45102040816326533
EC220353;3178,0;2970,0;184,0;22,0;0,0578980490874764;0,006922592825676526;0,44776589049716803;0,486784140969163
EC220354;3573,0;3332,0;219,0;21,0;0,061293031066330814;0,005877413937867338;0,4363280156731038;0,49622166246851385
EC220355;1816,0;1702,0;97,0;17,0;0,05341409691629956;0,009361233480176211;0,480726872246696;0,4564977973568282
EC220356;1149,0;1093,0;48,0;8,0;0,04177545691906005;0,006962576153176675;0,3368146214099217;0,6144473455178416
EC220357;2685,0;2528,0;135,0;22,0;0,05027932960893855;0,00819366852886406;0,46629422718808194;0,47523277467411545
EC220358;2755,0;2602,0;135,0;17,0;0,04900181488203267;0,006170598911070781;0,5096188747731397;0,43484573502722323
EC220450;5414,0;5128,0;272,0;14,0;0,05024011821204285;0,0025858884373845584;0,5083117842630218;0,4388622090875508
EC220451;3629,0;3436,0;176,0;16,0;0,04849820887296776;0,004408928079360706;0,46955084045191514;0,47726646459079636
EC220452;2586,0;2475,0;100,0;11,0;0,038669760247486466;0,004253673627223511;0,588553750966744;0,368522815158546
EC220453;1997,0;1882,0;98,0;17,0;0,049073610415623435;0,008512769153730596;0,5338007010515774;0,40861291937906863
EC220454;3871,0;3602,0;258,0;11,0;0,06664944458796176;0,0028416429863084474;0,6011366571945234;0,3293722552312064
EC220455;950,0;906,0;33,0;11,0;0,034736842105263156;0,011578947368421053;0,47368421052631576;0,48
EC230150;9196,0;8492,0;655,0;49,0;0,07122662026968248;0,005328403653762506;0,5390387124836885;0,38440626359286645
EC230151;7045,0;6551,0;458,0;35,0;0,06501064584811923;0,0049680624556423;0,5755855216465579;0,35429382540809085
EC230152;8149,0;7613,0;456,0;79,0;0,05595778623143944;0,009694441035709904;0,4515891520431955;0,48263590624616515
EC230153;6349,0;5880,0;429,0;40,0;0,06756969601512049;0,006300204756654592;0,39392030240982834;0,5322097968183966
EC230154;9350,0;8386,0;868,0;94,0;0,09283422459893048;0,010053475935828877;0,3744385026737968;0,5224598930481283
EC230155;6455,0;5855,0;543,0;56,0;0,08412083656080557;0,008675445391169635;0,4627420604182804;0,4443067389620449
EC230156;3947,0;3745,0;174,0;28,0;0,04408411451735495;0,00709399543957436;0,5832277679250063;0,36559412211806436
EC230157;3547,0;3326,0;196,0;25,0;0,05525796447702284;0,007048209754722301;0,42091908655201576;0,5167747392162391
EC230250;32823,0;30290,0;2258,0;273,0;0,06879322426347378;0,008317338451695458;0,40611766139597233;0,5167108430064284
EC230251;4567,0;4208,0;311,0;50,0;0,06809721918108168;0,010948105977665865;0,39216115611999125;0,5292314429603678
EC230252;2501,0;2286,0;182,0;33,0;0,07277089164334266;0,013194722111155539;0,36985205917632946;0,5441823270691724
EC230253;1208,0;1127,0;70,0;11,0;0,057947019867549666;0,009105960264900662;0,33278145695364236;0,6001655629139073
EC240150;47782,0;44495,0;2929,0;356,0;0,061299234021179524;0,007450504374032062;0,4721861788958185;0,45902222594282366
EC240151;2747,0;2577,0;156,0;14,0;0,056789224608664;0,005096468875136513;0,47069530396796505;0,46741900254823443
EC240152;25272,0;23555,0;1396,0;319,0;0,055238999683444125;0,012622665400443179;0,2563706869262425;0,6756885090218424
EC240153;12112,0;11004,0;927,0;180,0;0,07653566710700133;0,014861294583883751;0,3087021136063408;0,5998183619550859
EC240154;24417,0;22251,0;1788,0;377,0;0,07322766924683623;0,015440062251709874;0,370561494041037;0,5407298193881312
EC240155;2690,0;2526,0;115,0;49,0;0,04275092936802974;0,018215613382899627;0,3237918215613383;0,6152416356877324
EC240156;4604,0;4268,0;317,0;19,0;0,06885317115551694;0,0041268462206776714;0,5171589921807124;0,409860990443093
EC240250;77052,0;71339,0;5089,0;620,0;0,06604630639048954;0,00804651404246483;0,46381664330581945;0,46203862326740386
EC240350;2144,0;2022,0;108,0;14,0;0,05037313432835821;0,0065298507462686565;0,6226679104477612;0,3204291044776119
EC240351;9057,0;8291,0;661,0;105,0;0,07298222369438004;0,01159324279562769;0,28883736336535276;0,6265871701446395
EC240352;16203,0;14883,0;1167,0;149,0;0,07202369931494168;0,009195827933098808;0,4763315435413195;0,4422020613466642
