ADM3_PCODE;JUNTA_SEXO;Sufragantes;Votos_válidos;Nulos;Blancos;Nulos_pct;Blancos_pct;"DANIEL NOBOA AZIN
(Derecha liberal 
moderada)";"LUISA GONZALEZ
(Izquierda autoritaria)"
EC010150;FEMENINO;4924,0;4618,0;288,0;18,0;0,05848903330625508;0,0036555645816409425;0,619821283509342;0,318034118602762
EC010151;FEMENINO;9888,0;8909,0;907,0;70,0;0,09172734627831715;0,007079288025889968;0,5626011326860841;0,3383899676375405
EC010152;FEMENINO;2402,0;2182,0;202,0;19,0;0,08409658617818484;0,00791007493755204;0,5974188176519567;0,31099084096586177
EC010153;FEMENINO;524,0;472,0;40,0;12,0;0,07633587786259542;0,022900763358778626;0,37786259541984735;0,5229007633587787
EC010154;FEMENINO;966,0;860,0;102,0;4,0;0,10559006211180125;0,004140786749482402;0,6200828157349897;0,2701863354037267
EC010155;FEMENINO;1659,0;1460,0;187,0;12,0;0,11271850512356842;0,007233273056057866;0,568414707655214;0,3116335141651597
EC010156;FEMENINO;1728,0;1549,0;170,0;10,0;0,09837962962962964;0,005787037037037037;0,5451388888888888;0,35127314814814814
EC010157;FEMENINO;2448,0;2223,0;202,0;23,0;0,08251633986928104;0,009395424836601307;0,4027777777777778;0,5053104575163399
EC010158;FEMENINO;2281,0;2075,0;186,0;20,0;0,08154318281455503;0,008768084173608066;0,5655414291977203;0,3441473038141166
EC010159;FEMENINO;728,0;637,0;81,0;10,0;0,11126373626373626;0,013736263736263736;0,4766483516483517;0,3983516483516483
EC010160;FEMENINO;2049,0;1868,0;165,0;16,0;0,08052708638360176;0,007808687164470474;0,5861395802830649;0,32552464616886284
EC010161;FEMENINO;2650,0;2375,0;235,0;40,0;0,08867924528301886;0,01509433962264151;0,5162264150943396;0,38
EC010162;FEMENINO;7979,0;7272,0;667,0;39,0;0,08359443539290638;0,004887830555207419;0,577766637423236;0,33362576764005514
EC010163;FEMENINO;3835,0;3523,0;280,0;32,0;0,07301173402868318;0,008344198174706649;0,5710560625814863;0,34758800521512384
EC010164;FEMENINO;2419,0;2130,0;267,0;21,0;0,11037618850764778;0,0086812732534105;0,5394791236047953;0,3410500206696982
EC010165;FEMENINO;5018,0;4502,0;472,0;44,0;0,0940613790354723;0,00876843363889996;0,5506177760063771;0,3465524113192507
EC010166;FEMENINO;1457,0;1291,0;156,0;10,0;0,10706932052161977;0,0068634179821551134;0,363761153054221;0,5223061084420041
EC010167;FEMENINO;4533,0;4003,0;489,0;42,0;0,10787557908669755;0,009265387160820648;0,5541583939995588;0,32892124420913305
EC010168;FEMENINO;4037,0;3487,0;510,0;39,0;0,1263314342333416;0,009660639088432003;0,5219222194699034;0,34183799851374785
EC010169;FEMENINO;2985,0;2592,0;371,0;22,0;0,12428810720268006;0,007370184254606365;0,5072026800670016;0,3611390284757119
EC010170;FEMENINO;7352,0;6616,0;698,0;40,0;0,09494015233949946;0,00544069640914037;0,5265233949945594;0,37336779107725787
EC010171;FEMENINO;1904,0;1692,0;195,0;16,0;0,10241596638655462;0,008403361344537815;0,5330882352941176;0,3555672268907563
EC010250;FEMENINO;3460,0;3186,0;245,0;29,0;0,0708092485549133;0,00838150289017341;0,723121387283237;0,1976878612716763
EC010251;FEMENINO;870,0;826,0;36,0;8,0;0,041379310344827586;0,009195402298850575;0,6540229885057471;0,29540229885057473
EC010252;FEMENINO;218,0;202,0;9,0;7,0;0,04128440366972477;0,03211009174311927;0,44954128440366975;0,47706422018348627
EC010350;FEMENINO;9064,0;8009,0;973,0;81,0;0,1073477493380406;0,008936451897616946;0,5464474845542807;0,33715798764342453
EC010352;FEMENINO;584,0;508,0;68,0;8,0;0,11643835616438356;0,0136986301369863;0,547945205479452;0,3219178082191781
EC010353;FEMENINO;1578,0;1409,0;151,0;18,0;0,09569074778200254;0,011406844106463879;0,5164765525982256;0,376425855513308
EC010354;FEMENINO;664,0;584,0;75,0;5,0;0,11295180722891567;0,007530120481927711;0,536144578313253;0,3433734939759036
EC010356;FEMENINO;299,0;265,0;24,0;10,0;0,0802675585284281;0,033444816053511704;0,5451505016722408;0,3411371237458194
EC010357;FEMENINO;1686,0;1429,0;227,0;29,0;0,134638196915777;0,01720047449584816;0,43119810201660735;0,41637010676156583
EC010358;FEMENINO;1026,0;920,0;94,0;12,0;0,09161793372319688;0,011695906432748537;0,4844054580896686;0,41228070175438597
EC010359;FEMENINO;261,0;223,0;33,0;5,0;0,12643678160919541;0,019157088122605363;0,5325670498084292;0,3218390804597701
EC010360;FEMENINO;254,0;231,0;22,0;1,0;0,08661417322834646;0,003937007874015748;0,5236220472440944;0,3858267716535433
EC010450;FEMENINO;3971,0;3491,0;441,0;39,0;0,11105514983631327;0,009821203727020902;0,43742130445731553;0,44170234197935027
EC010451;FEMENINO;877,0;766,0;103,0;8,0;0,11744583808437856;0,009122006841505131;0,45952109464082097;0,41391106043329534
EC010452;FEMENINO;552,0;498,0;47,0;7,0;0,08514492753623189;0,012681159420289856;0,5018115942028986;0,4003623188405797
EC010453;FEMENINO;500,0;458,0;32,0;10,0;0,064;0,02;0,394;0,522
EC010550;FEMENINO;6010,0;5326,0;625,0;59,0;0,10399334442595674;0,009816971713810315;0,5063227953410981;0,37986688851913475
EC010552;FEMENINO;472,0;419,0;42,0;11,0;0,08898305084745763;0,023305084745762712;0,4025423728813559;0,4851694915254237
EC010553;FEMENINO;746,0;650,0;89,0;7,0;0,1193029490616622;0,00938337801608579;0,5160857908847185;0,3552278820375335
EC010554;FEMENINO;666,0;552,0;106,0;8,0;0,15915915915915915;0,012012012012012012;0,4774774774774775;0,35135135135135137
EC010556;FEMENINO;331,0;303,0;26,0;2,0;0,07854984894259819;0,006042296072507553;0,4954682779456193;0,4199395770392749
EC010559;FEMENINO;748,0;675,0;63,0;10,0;0,08422459893048129;0,013368983957219251;0,46524064171123;0,43716577540106955
EC010561;FEMENINO;451,0;410,0;36,0;5,0;0,07982261640798226;0,011086474501108648;0,29490022172949004;0,614190687361419
EC010562;FEMENINO;470,0;413,0;51,0;6,0;0,10851063829787234;0,01276595744680851;0,4553191489361702;0,42340425531914894
EC010650;FEMENINO;2661,0;2515,0;127,0;19,0;0,04772641863960917;0,007140172867343104;0,3652762119503946;0,5798571965426531
EC010652;FEMENINO;503,0;475,0;24,0;4,0;0,04771371769383698;0,007952286282306162;0,4115308151093439;0,532803180914513
EC010750;FEMENINO;1463,0;1392,0;57,0;14,0;0,03896103896103896;0,009569377990430622;0,6766917293233082;0,2747778537252221
EC010751;FEMENINO;245,0;235,0;9,0;1,0;0,036734693877551024;0,004081632653061225;0,6530612244897959;0,30612244897959184
EC010850;FEMENINO;5249,0;4911,0;311,0;27,0;0,059249380834444657;0,005143836921318346;0,6344065536292627;0,3012002286149743
EC010851;FEMENINO;1082,0;1020,0;59,0;3,0;0,054528650646950096;0,0027726432532347504;0,6090573012939002;0,333641404805915
EC010852;FEMENINO;486,0;457,0;22,0;7,0;0,04526748971193416;0,01440329218106996;0,5288065843621399;0,411522633744856
EC010853;FEMENINO;642,0;595,0;42,0;5,0;0,06542056074766354;0,00778816199376947;0,5514018691588785;0,37538940809968846
EC010854;FEMENINO;250,0;231,0;15,0;4,0;0,06;0,016;0,732;0,192
EC010950;FEMENINO;4850,0;4292,0;508,0;48,0;0,10474226804123711;0,009896907216494845;0,48701030927835054;0,3979381443298969
EC010951;FEMENINO;543,0;483,0;56,0;4,0;0,10313075506445672;0,007366482504604052;0,6132596685082873;0,27624309392265195
EC010952;FEMENINO;1231,0;1109,0;116,0;6,0;0,09423233143785541;0,00487408610885459;0,44922826969943136;0,4516653127538586
EC010953;FEMENINO;460,0;428,0;29,0;3,0;0,06304347826086956;0,006521739130434782;0,44782608695652176;0,4826086956521739
EC010954;FEMENINO;1227,0;1128,0;89,0;9,0;0,07253463732681337;0,007334963325183374;0,5118174409127955;0,40749796251018744
EC010955;FEMENINO;1302,0;1146,0;146,0;10,0;0,11213517665130568;0,007680491551459293;0,4646697388632873;0,41551459293394777
EC010956;FEMENINO;733,0;678,0;53,0;2,0;0,0723055934515689;0,002728512960436562;0,757162346521146;0,16780354706684858
EC011050;FEMENINO;1121,0;999,0;108,0;14,0;0,09634255129348795;0,012488849241748439;0,5147190008920607;0,37644959857270294
EC011051;FEMENINO;375,0;354,0;20,0;1,0;0,05333333333333334;0,0026666666666666666;0,4666666666666667;0,47733333333333333
EC011150;FEMENINO;2886,0;2610,0;246,0;30,0;0,08523908523908524;0,010395010395010396;0,5606375606375607;0,3437283437283437
EC011151;FEMENINO;487,0;429,0;53,0;5,0;0,10882956878850103;0,01026694045174538;0,32854209445585214;0,5523613963039015
EC011152;FEMENINO;408,0;359,0;41,0;8,0;0,10049019607843138;0,0196078431372549;0,5563725490196079;0,3235294117647059
EC011153;FEMENINO;417,0;378,0;36,0;3,0;0,08633093525179857;0,007194244604316547;0,4676258992805755;0,43884892086330934
EC011154;FEMENINO;290,0;268,0;19,0;3,0;0,06551724137931035;0,010344827586206896;0,6862068965517242;0,23793103448275862
EC011250;FEMENINO;661,0;610,0;48,0;3,0;0,07261724659606657;0,0045385779122541605;0,4130105900151286;0,5098335854765507
EC011253;FEMENINO;519,0;492,0;24,0;3,0;0,046242774566473986;0,005780346820809248;0,3448940269749518;0,603082851637765
EC011350;FEMENINO;958,0;905,0;48,0;5,0;0,05010438413361169;0,005219206680584551;0,27244258872651356;0,6722338204592901
EC011351;FEMENINO;335,0;323,0;9,0;3,0;0,026865671641791045;0,008955223880597015;0,29850746268656714;0,6656716417910448
EC011352;FEMENINO;798,0;752,0;41,0;5,0;0,05137844611528822;0,006265664160401002;0,2744360902255639;0,6679197994987469
EC011450;FEMENINO;1324,0;1207,0;106,0;11,0;0,08006042296072508;0,008308157099697885;0,44033232628398794;0,47129909365558914
EC011550;FEMENINO;7175,0;6699,0;421,0;55,0;0,05867595818815331;0,007665505226480836;0,36808362369337977;0,565574912891986
EC020150;FEMENINO;10005,0;8826,0;1107,0;71,0;0,11064467766116942;0,007096451774112943;0,5943028485757121;0,28785607196401797
EC020151;FEMENINO;889,0;748,0;131,0;9,0;0,14735658042744657;0,010123734533183352;0,5376827896512936;0,30371203599550056
EC020153;FEMENINO;859,0;716,0;137,0;6,0;0,15948777648428406;0,006984866123399301;0,5587892898719441;0,27473806752037255
EC020155;FEMENINO;1619,0;1475,0;125,0;19,0;0,07720815318097592;0,01173563928350834;0,40580605311920936;0,5052501544163064
EC020156;FEMENINO;703,0;650,0;44,0;9,0;0,06258890469416785;0,012802275960170697;0,7211948790896159;0,2034139402560455
EC020157;FEMENINO;1452,0;1265,0;171,0;16,0;0,11776859504132231;0,011019283746556474;0,5289256198347108;0,34228650137741046
EC020158;FEMENINO;740,0;697,0;40,0;3,0;0,05405405405405406;0,004054054054054054;0,668918918918919;0,27297297297297296
EC020159;FEMENINO;4156,0;3437,0;673,0;46,0;0,16193455245428295;0,011068334937439845;0,3402309913378248;0,4867661212704524
EC020160;FEMENINO;2333,0;2151,0;160,0;22,0;0,06858122588941278;0,009429918559794257;0,609515645092156;0,31247321045863696
EC020250;FEMENINO;4762,0;4377,0;354,0;31,0;0,0743385132297354;0,006509869802603948;0,6016379672406552;0,31751364972700546
EC020251;FEMENINO;2213,0;2038,0;154,0;21,0;0,06958879349299593;0,009489380930863081;0,5910528694080434;0,3298689561680976
EC020350;FEMENINO;2707,0;2603,0;99,0;5,0;0,0365718507572959;0,001847063169560399;0,7905430365718508;0,17103804950129295
EC020351;FEMENINO;1039,0;931,0;92,0;15,0;0,08854667949951876;0,014436958614051972;0,6265640038498557;0,2694898941289702
EC020353;FEMENINO;1118,0;1026,0;87,0;5,0;0,0778175313059034;0,004472271914132379;0,590339892665474;0,32737030411449014
EC020354;FEMENINO;356,0;321,0;34,0;1,0;0,09550561797752809;0,0028089887640449437;0,7247191011235955;0,17696629213483145
EC020355;FEMENINO;663,0;605,0;54,0;4,0;0,08144796380090498;0,006033182503770739;0,7209653092006033;0,19155354449472098
EC020450;FEMENINO;6552,0;6111,0;398,0;43,0;0,060744810744810744;0,006562881562881563;0,6353785103785103;0,2973137973137973
EC020550;FEMENINO;5787,0;5467,0;297,0;24,0;0,05132192846034215;0,00414722654224987;0,7440815621219976;0,2006220839813375
EC020551;FEMENINO;1318,0;1239,0;70,0;7,0;0,05311077389984825;0,005311077389984826;0,6805766312594841;0,25948406676783003
EC020552;FEMENINO;918,0;853,0;57,0;8,0;0,06209150326797386;0,008714596949891068;0,6220043572984749;0,30718954248366015
EC020553;FEMENINO;424,0;395,0;27,0;2,0;0,06367924528301887;0,0047169811320754715;0,7169811320754716;0,21462264150943397
EC020554;FEMENINO;2163,0;2026,0;127,0;10,0;0,058714748035136384;0,004623208506703652;0,6014794267221452;0,3351826167360148
EC020555;FEMENINO;649,0;593,0;54,0;2,0;0,08320493066255778;0,0030816640986132513;0,6286594761171033;0,2850539291217257
EC020556;FEMENINO;355,0;328,0;23,0;4,0;0,0647887323943662;0,011267605633802818;0,6788732394366197;0,24507042253521127
EC020650;FEMENINO;6706,0;6328,0;346,0;32,0;0,051595586042350136;0,0047718461079630185;0,7277065314643603;0,21592603638532656
EC020750;FEMENINO;2600,0;2335,0;241,0;24,0;0,0926923076923077;0,009230769230769232;0,5180769230769231;0,38
EC030150;FEMENINO;1455,0;1346,0;96,0;13,0;0,06597938144329897;0,008934707903780068;0,7120274914089347;0,21305841924398625
EC030151;FEMENINO;1258,0;1161,0;84,0;13,0;0,06677265500794913;0,010333863275039745;0,6558028616852146;0,2670906200317965
EC030153;FEMENINO;2819,0;2657,0;143,0;18,0;0,050727208229868745;0,006385242993969493;0,8119900673997872;0,1305427456544874
EC030154;FEMENINO;2422,0;2200,0;198,0;24,0;0,08175061932287365;0,00990916597853014;0,5289017341040463;0,37943848059454993
EC030155;FEMENINO;1188,0;1063,0;110,0;15,0;0,09259259259259259;0,012626262626262626;0,6776094276094277;0,21717171717171718
EC030156;FEMENINO;641,0;568,0;67,0;6,0;0,10452418096723869;0,0093603744149766;0,5897035881435257;0,296411856474259
EC030157;FEMENINO;612,0;541,0;65,0;6,0;0,10620915032679738;0,00980392156862745;0,5702614379084967;0,3137254901960784
EC030158;FEMENINO;1142,0;1029,0;99,0;14,0;0,08669001751313485;0,012259194395796848;0,6260945709281961;0,27495621716287216
EC030160;FEMENINO;523,0;469,0;47,0;7,0;0,08986615678776291;0,01338432122370937;0,6309751434034416;0,26577437858508607
EC030250;FEMENINO;4943,0;4561,0;353,0;29,0;0,07141412097916246;0,005866882460044507;0,6951244183694113;0,22759457819138176
EC030251;FEMENINO;1074,0;974,0;87,0;13,0;0,08100558659217877;0,012104283054003724;0,707635009310987;0,19925512104283055
EC030252;FEMENINO;434,0;402,0;32,0;0,0;0,07373271889400922;0,0;0,7211981566820277;0,20506912442396313
EC030253;FEMENINO;223,0;202,0;21,0;0,0;0,09417040358744394;0,0;0,6547085201793722;0,25112107623318386
EC030254;FEMENINO;279,0;254,0;16,0;9,0;0,05734767025089606;0,03225806451612903;0,5448028673835126;0,3655913978494624
EC030350;FEMENINO;8309,0;7591,0;669,0;50,0;0,08051510410398363;0,006017571308220003;0,6124684077506318;0,3011192682633289
EC030351;FEMENINO;1105,0;985,0;87,0;33,0;0,07873303167420814;0,02986425339366516;0,6280542986425339;0,26334841628959277
EC030352;FEMENINO;888,0;807,0;70,0;11,0;0,07882882882882883;0,012387387387387387;0,5337837837837838;0,375
EC030353;FEMENINO;724,0;556,0;153,0;15,0;0,21132596685082872;0,020718232044198894;0,4599447513812155;0,3080110497237569
EC030354;FEMENINO;972,0;858,0;100,0;13,0;0,102880658436214;0,013374485596707819;0,5113168724279835;0,3713991769547325
EC030355;FEMENINO;1756,0;1580,0;156,0;20,0;0,0888382687927107;0,011389521640091117;0,5244874715261959;0,37528473804100226
EC030356;FEMENINO;2677,0;2272,0;370,0;36,0;0,1382144191258872;0,013447889428464699;0,45461337317893163;0,3940978707508405
EC030357;FEMENINO;531,0;464,0;61,0;6,0;0,11487758945386065;0,011299435028248588;0,4915254237288136;0,3822975517890772
EC030358;FEMENINO;604,0;565,0;34,0;5,0;0,056291390728476824;0,008278145695364239;0,5380794701986755;0,3973509933774834
EC030361;FEMENINO;613,0;519,0;86,0;8,0;0,1402936378466558;0,013050570962479609;0,4698205546492659;0,3768352365415987
EC030362;FEMENINO;356,0;324,0;25,0;7,0;0,0702247191011236;0,019662921348314606;0,5449438202247191;0,3651685393258427
EC030363;FEMENINO;1097,0;978,0;103,0;16,0;0,09389243391066546;0,014585232452142206;0,5177757520510483;0,37374658158614404
EC030450;FEMENINO;15029,0;13819,0;1114,0;96,0;0,07412336150109788;0,006387650542284916;0,47973917093619;0,43974981702042715
EC030451;FEMENINO;1486,0;1377,0;100,0;9,0;0,06729475100942127;0,006056527590847914;0,3822341857335128;0,544414535666218
EC030452;FEMENINO;1985,0;1850,0;109,0;26,0;0,05491183879093199;0,01309823677581864;0,29924433249370275;0,6327455919395466
EC030550;FEMENINO;3464,0;3091,0;341,0;31,0;0,09844110854503464;0,00894919168591224;0,4523672055427252;0,4399538106235566
EC030650;FEMENINO;1394,0;1289,0;89,0;16,0;0,06384505021520803;0,011477761836441894;0,5308464849354376;0,3938307030129125
EC030651;FEMENINO;453,0;424,0;21,0;8,0;0,046357615894039736;0,017660044150110375;0,5386313465783664;0,3973509933774834
EC030750;FEMENINO;1936,0;1712,0;185,0;39,0;0,09555785123966942;0,020144628099173553;0,503099173553719;0,381198347107438
EC040150;FEMENINO;14080,0;13188,0;845,0;48,0;0,060014204545454544;0,003409090909090909;0,6903409090909091;0,24630681818181818
EC040151;FEMENINO;866,0;771,0;84,0;11,0;0,09699769053117784;0,012702078521939953;0,42725173210161665;0,4630484988452656
EC040153;FEMENINO;3481,0;3234,0;229,0;18,0;0,06578569376615916;0,005170927894283252;0,6501005458201666;0,278942832519391
EC040154;FEMENINO;632,0;582,0;45,0;5,0;0,07120253164556962;0,007911392405063292;0,36550632911392406;0,555379746835443
EC040155;FEMENINO;272,0;264,0;7,0;1,0;0,025735294117647058;0,003676470588235294;0,6323529411764706;0,3382352941176471
EC040156;FEMENINO;359,0;298,0;44,0;17,0;0,12256267409470752;0,04735376044568245;0,14484679665738162;0,6852367688022284
EC040157;FEMENINO;980,0;920,0;55,0;5,0;0,05612244897959184;0,00510204081632653;0,5102040816326531;0,42857142857142855
EC040158;FEMENINO;458,0;435,0;22,0;0,0;0,048034934497816595;0,0;0,6397379912663755;0,31004366812227074
EC040159;FEMENINO;1243,0;1051,0;175,0;17,0;0,1407884151246983;0,013676588897827836;0,2839903459372486;0,5615446500402252
EC040161;FEMENINO;875,0;810,0;59,0;6,0;0,06742857142857143;0,006857142857142857;0,44114285714285717;0,4845714285714286
EC040250;FEMENINO;2176,0;1986,0;175,0;15,0;0,08042279411764706;0,006893382352941176;0,5055147058823529;0,4071691176470588
EC040251;FEMENINO;626,0;568,0;56,0;2,0;0,08945686900958466;0,003194888178913738;0,48722044728434505;0,42012779552715657
EC040252;FEMENINO;900,0;818,0;79,0;3,0;0,08777777777777777;0,0033333333333333335;0,2877777777777778;0,6211111111111111
EC040253;FEMENINO;663,0;601,0;59,0;3,0;0,0889894419306184;0,004524886877828055;0,45701357466063347;0,4494720965309201
EC040254;FEMENINO;849,0;762,0;76,0;11,0;0,0895170789163722;0,012956419316843345;0,24028268551236748;0,657243816254417
EC040255;FEMENINO;729,0;660,0;62,0;7,0;0,0850480109739369;0,009602194787379973;0,3662551440329218;0,5390946502057613
EC040350;FEMENINO;2091,0;1931,0;150,0;10,0;0,07173601147776183;0,004782400765184123;0,5925394548063128;0,33094213295074126
EC040351;FEMENINO;349,0;325,0;23,0;1,0;0,0659025787965616;0,0028653295128939827;0,47277936962750716;0,4584527220630373
EC040352;FEMENINO;1531,0;1400,0;124,0;8,0;0,08099281515349445;0,005225342913128674;0,42978445460483344;0,4846505551926845
EC040353;FEMENINO;1325,0;1200,0;115,0;10,0;0,08679245283018867;0,007547169811320755;0,4279245283018868;0,47773584905660377
EC040450;FEMENINO;2759,0;2548,0;192,0;19,0;0,06959043131569409;0,006886553098948894;0,53098948894527;0,392533526640087
EC040451;FEMENINO;1221,0;1122,0;85,0;14,0;0,06961506961506962;0,011466011466011465;0,20966420966420968;0,7092547092547092
EC040452;FEMENINO;766,0;677,0;81,0;8,0;0,10574412532637076;0,010443864229765013;0,293733681462141;0,5900783289817232
EC040453;FEMENINO;559,0;526,0;31,0;2,0;0,055456171735241505;0,0035778175313059034;0,2182468694096601;0,7227191413237924
EC040550;FEMENINO;4241,0;3897,0;324,0;20,0;0,07639707616128272;0,004715868898844612;0,559302051402971;0,35958500353690165
EC040551;FEMENINO;1159,0;1051,0;99,0;9,0;0,08541846419327007;0,007765314926660914;0,5729076790336497;0,3339085418464193
EC040552;FEMENINO;272,0;263,0;9,0;0,0;0,03308823529411765;0,0;0,5625;0,40441176470588236
EC040553;FEMENINO;362,0;335,0;23,0;4,0;0,06353591160220995;0,011049723756906077;0,4723756906077348;0,4530386740331492
EC040554;FEMENINO;1282,0;1143,0;128,0;11,0;0,0998439937597504;0,00858034321372855;0,5405616224648986;0,35101404056162244
EC040555;FEMENINO;420,0;385,0;34,0;1,0;0,08095238095238096;0,002380952380952381;0,5166666666666667;0,4
EC040650;FEMENINO;2718,0;2556,0;156,0;6,0;0,05739514348785872;0,002207505518763797;0,6409124356144223;0,2994849153789551
EC040651;FEMENINO;550,0;507,0;41,0;1,0;0,07454545454545454;0,0018181818181818182;0,44727272727272727;0,47454545454545455
EC050150;FEMENINO;8654,0;8054,0;578,0;22,0;0,06678992373468916;0,002542177027963947;0,7443956551883522;0,18627224404899467
EC050151;FEMENINO;2889,0;2666,0;207,0;14,0;0,07165109034267912;0,004845967462789893;0,669435790931118;0,2533748701973001
EC050152;FEMENINO;2263,0;2042,0;210,0;11,0;0,09279717189571365;0,004860804242156429;0,6584180291648255;0,24392399469730447
EC050153;FEMENINO;3834,0;3563,0;258,0;13,0;0,06729264475743349;0,003390714658320292;0,5704225352112676;0,3588941053729786
EC050154;FEMENINO;782,0;738,0;41,0;3,0;0,052429667519181586;0,0038363171355498722;0,6841432225063938;0,2595907928388747
EC050156;FEMENINO;3593,0;3304,0;279,0;10,0;0,077650988032285;0,0027831895352073478;0,5622042861118842;0,35736153632062345
EC050157;FEMENINO;933,0;863,0;68,0;2,0;0,07288317256162916;0,0021436227224008574;0,6463022508038585;0,27867095391211144
EC050158;FEMENINO;2262,0;2012,0;238,0;12,0;0,10521662245800177;0,005305039787798408;0,6251105216622458;0,26436781609195403
EC050159;FEMENINO;4511,0;3993,0;484,0;34,0;0,1072932830857903;0,007537131456439814;0,5566393260917757;0,3285302593659942
EC050161;FEMENINO;5410,0;4828,0;561,0;21,0;0,10369685767097966;0,0038817005545286505;0,5597042513863216;0,33271719038817005
EC050162;FEMENINO;4734,0;4114,0;586,0;33,0;0,12378538234051542;0,00697084917617237;0,524503591043515;0,3445289395859738
EC050250;FEMENINO;1833,0;1699,0;120,0;14,0;0,06546644844517185;0,007637752318603383;0,2924168030551009;0,6344789961811238
EC050251;FEMENINO;1279,0;1200,0;70,0;9,0;0,054730258014073496;0,007036747458952306;0,5324472243940579;0,40578577013291633
EC050252;FEMENINO;991,0;945,0;40,0;6,0;0,04036326942482341;0,006054490413723511;0,5973763874873865;0,3562058526740666
EC050350;FEMENINO;2746,0;2483,0;237,0;26,0;0,0863073561544064;0,009468317552804079;0,5400582665695557;0,3641660597232338
EC050351;FEMENINO;4414,0;4060,0;322,0;32,0;0,0729497054825555;0,007249660172179429;0,5206162211146352;0,3991844132306298
EC050352;FEMENINO;340,0;304,0;27,0;9,0;0,07941176470588235;0,026470588235294117;0,49411764705882355;0,4
EC050353;FEMENINO;592,0;535,0;53,0;4,0;0,08952702702702703;0,006756756756756757;0,5658783783783784;0,33783783783783783
EC050450;FEMENINO;16153,0;14618,0;1426,0;108,0;0,08828081470934192;0,006686064508140903;0,5865164365752492;0,318454776202563
EC050451;FEMENINO;1880,0;1545,0;316,0;19,0;0,16808510638297872;0,010106382978723405;0,36861702127659574;0,4531914893617021
EC050453;FEMENINO;3502,0;2938,0;531,0;33,0;0,15162764134780127;0,009423186750428327;0,3366647629925757;0,5022844089091948
EC050455;FEMENINO;1099,0;1009,0;86,0;4,0;0,07825295723384895;0,003639672429481347;0,654231119199272;0,26387625113739765
EC050456;FEMENINO;792,0;676,0;112,0;4,0;0,1414141414141414;0,005050505050505051;0,273989898989899;0,5795454545454546
EC050457;FEMENINO;1252,0;1161,0;83,0;8,0;0,06629392971246006;0,006389776357827476;0,5079872204472844;0,4193290734824281
EC050458;FEMENINO;5680,0;4882,0;747,0;51,0;0,13151408450704224;0,00897887323943662;0,3286971830985915;0,5308098591549296
EC050550;FEMENINO;14979,0;13630,0;1277,0;72,0;0,0852526870952667;0,004806729421189666;0,6262767875025035;0,28366379598104013
EC050551;FEMENINO;1118,0;1034,0;80,0;4,0;0,07155635062611806;0,0035778175313059034;0,7128801431127012;0,21198568872987478
EC050552;FEMENINO;2763,0;2320,0;411,0;32,0;0,1487513572204126;0,01158161418747738;0,46000723850886716;0,37965979008324285
EC050553;FEMENINO;2901,0;2540,0;335,0;26,0;0,11547742157876595;0,008962426749396759;0,6111685625646329;0,2643915891072044
EC050554;FEMENINO;2637,0;2410,0;210,0;16,0;0,07963594994311718;0,006067500948047023;0,6602199469093667;0,25369738339021614
EC050555;FEMENINO;1370,0;1263,0;97,0;10,0;0,0708029197080292;0,0072992700729927005;0,6554744525547446;0,2664233576642336
EC050650;FEMENINO;7675,0;6932,0;694,0;49,0;0,09042345276872964;0,006384364820846905;0,6397394136807818;0,2634527687296417
EC050651;FEMENINO;929,0;796,0;120,0;13,0;0,12917115177610333;0,013993541442411194;0,4790096878363832;0,37782561894510225
EC050652;FEMENINO;529,0;477,0;46,0;6,0;0,08695652173913043;0,011342155009451797;0,6294896030245747;0,2722117202268431
EC050750;FEMENINO;3207,0;2895,0;294,0;18,0;0,09167446211412535;0,005612722170252572;0,42968506392266914;0,4730277517929529
EC050751;FEMENINO;2736,0;2408,0;311,0;20,0;0,11366959064327485;0,007309941520467836;0,23501461988304093;0,6451023391812866
EC050752;FEMENINO;1045,0;943,0;100,0;2,0;0,09569377990430622;0,0019138755980861245;0,35406698564593303;0,5483253588516747
EC050753;FEMENINO;722,0;681,0;39,0;2,0;0,054016620498614956;0,002770083102493075;0,2742382271468144;0,6689750692520776
EC050754;FEMENINO;322,0;302,0;18,0;2,0;0,055900621118012424;0,006211180124223602;0,5900621118012422;0,34782608695652173
EC060150;FEMENINO;23456,0;22314,0;1108,0;33,0;0,04723738062755798;0,0014068894952251024;0,7689716916780355;0,18234140518417463
EC060151;FEMENINO;1397,0;1245,0;138,0;13,0;0,09878310665712241;0,009305654974946313;0,5783822476735863;0,31281317108088763
EC060152;FEMENINO;2692,0;2455,0;222,0;15,0;0,0824665676077266;0,005572065378900446;0,7355126300148589;0,17644873699851413
EC060153;FEMENINO;993,0;908,0;81,0;4,0;0,08157099697885196;0,004028197381671702;0,7452165156092648;0,1691842900302115
EC060154;FEMENINO;1885,0;1669,0;194,0;22,0;0,10291777188328913;0,011671087533156498;0,4153846153846154;0,470026525198939
EC060155;FEMENINO;2688,0;2515,0;161,0;12,0;0,059895833333333336;0,004464285714285714;0,7563244047619048;0,1793154761904762
EC060156;FEMENINO;3536,0;3193,0;304,0;37,0;0,08597285067873303;0,010463800904977375;0,47341628959276016;0,4295814479638009
EC060157;FEMENINO;2210,0;1925,0;263,0;22,0;0,11900452488687782;0,009954751131221719;0,5981900452488688;0,27285067873303165
EC060158;FEMENINO;2675,0;2384,0;268,0;23,0;0,10018691588785046;0,008598130841121496;0,5603738317757009;0,33084112149532713
EC060159;FEMENINO;2086,0;1946,0;129,0;8,0;0,06184084372003835;0,003835091083413231;0,7425695110258869;0,19031639501438158
EC060160;FEMENINO;3289,0;2985,0;287,0;16,0;0,08726056552143509;0,00486470051687443;0,6913955609607784;0,2161751292186075
EC060161;FEMENINO;2924,0;2694,0;195,0;35,0;0,06668946648426813;0,011969904240766074;0,6668946648426812;0,25444596443228457
EC060250;FEMENINO;4243,0;3861,0;346,0;36,0;0,08154607588970068;0,008484562809333018;0,5689370728258307;0,3410322884751355
EC060251;FEMENINO;3262,0;2831,0;383,0;47,0;0,11741263028816677;0,014408338442673207;0,30410790925812387;0,5637645616186389
EC060253;FEMENINO;700,0;594,0;83,0;22,0;0,11857142857142858;0,03142857142857143;0,4357142857142857;0,41285714285714287
EC060254;FEMENINO;598,0;535,0;57,0;6,0;0,09531772575250837;0,010033444816053512;0,411371237458194;0,48327759197324416
EC060255;FEMENINO;513,0;458,0;47,0;8,0;0,09161793372319688;0,015594541910331383;0,42300194931773877;0,4697855750487329
EC060256;FEMENINO;121,0;109,0;12,0;0,0;0,09917355371900827;0,0;0,48760330578512395;0,4132231404958678
EC060257;FEMENINO;235,0;209,0;22,0;4,0;0,09361702127659574;0,01702127659574468;0,4;0,48936170212765956
EC060258;FEMENINO;245,0;226,0;18,0;1,0;0,07346938775510205;0,004081632653061225;0,3224489795918367;0,6
EC060259;FEMENINO;879,0;798,0;76,0;5,0;0,08646188850967008;0,005688282138794084;0,6177474402730375;0,2901023890784983
EC060260;FEMENINO;3382,0;3024,0;325,0;33,0;0,0960969840331165;0,009757539917208752;0,5183323477232407;0,37581312832643404
EC060350;FEMENINO;4489,0;3992,0;473,0;24,0;0,10536867899309423;0,005346402316774337;0,5776342169748273;0,31165070171530407
EC060351;FEMENINO;358,0;343,0;14,0;1,0;0,03910614525139665;0,002793296089385475;0,7094972067039106;0,24860335195530725
EC060352;FEMENINO;5991,0;5384,0;558,0;46,0;0,09313970956434652;0,007678183942580538;0,4742113169754632;0,42447003839091973
EC060353;FEMENINO;1124,0;1004,0;110,0;10,0;0,09786476868327403;0,008896797153024912;0,4653024911032028;0,4279359430604982
EC060354;FEMENINO;898,0;777,0;116,0;5,0;0,1291759465478842;0,005567928730512249;0,344097995545657;0,5211581291759465
EC060450;FEMENINO;5388,0;5030,0;336,0;22,0;0,062360801781737196;0,004083147735708983;0,7557535263548627;0,17780252412769115
EC060550;FEMENINO;2562,0;2291,0;249,0;22,0;0,09718969555035128;0,00858704137392662;0,5604996096799375;0,3337236533957845
EC060551;FEMENINO;300,0;278,0;16,0;6,0;0,05333333333333334;0,02;0,5833333333333334;0,3433333333333333
EC060552;FEMENINO;223,0;202,0;17,0;4,0;0,07623318385650224;0,017937219730941704;0,5246636771300448;0,3811659192825112
EC060553;FEMENINO;346,0;310,0;35,0;1,0;0,10115606936416185;0,002890173410404624;0,3179190751445087;0,5780346820809249
EC060554;FEMENINO;390,0;350,0;28,0;11,0;0,07179487179487179;0,028205128205128206;0,6333333333333333;0,2641025641025641
EC060650;FEMENINO;9077,0;7941,0;999,0;138,0;0,1100583893356836;0,01520326098931365;0,4762586757739341;0,39858984245896223
EC060651;FEMENINO;3050,0;2657,0;363,0;30,0;0,11901639344262295;0,009836065573770493;0,5731147540983607;0,2980327868852459
EC060652;FEMENINO;4412,0;3992,0;389,0;31,0;0,08816863100634632;0,007026291931097008;0,5111060743427017;0,3936990027198549
EC060750;FEMENINO;6191,0;5872,0;305,0;14,0;0,04926506218704571;0,002261347116782426;0,7761266354385398;0,17234695525763205
EC060751;FEMENINO;215,0;206,0;8,0;1,0;0,037209302325581395;0,004651162790697674;0,7488372093023256;0,20930232558139536
EC060752;FEMENINO;873,0;834,0;33,0;5,0;0,037800687285223365;0,0057273768613974796;0,7651775486827033;0,19014891179839633
EC060753;FEMENINO;276,0;265,0;11,0;0,0;0,03985507246376811;0,0;0,7717391304347826;0,18840579710144928
EC060754;FEMENINO;4931,0;4532,0;371,0;27,0;0,07523828837963902;0,00547556276617319;0,7531940782802677;0,16588927195295072
EC060755;FEMENINO;848,0;797,0;49,0;2,0;0,05778301886792453;0,0023584905660377358;0,7582547169811321;0,18160377358490565
EC060756;FEMENINO;1635,0;1547,0;79,0;8,0;0,048318042813455656;0,004892966360856269;0,7877675840978593;0,1584097859327217
EC060757;FEMENINO;499,0;481,0;16,0;2,0;0,03206412825651302;0,004008016032064128;0,8036072144288577;0,16032064128256512
EC060758;FEMENINO;476,0;459,0;16,0;1,0;0,03361344537815126;0,0021008403361344537;0,8298319327731093;0,13445378151260504
EC060759;FEMENINO;202,0;193,0;8,0;1,0;0,039603960396039604;0,0049504950495049506;0,6683168316831684;0,2871287128712871
EC060850;FEMENINO;4404,0;4032,0;332,0;38,0;0,07538601271571299;0,00862851952770209;0,5524523160762943;0,3630790190735695
EC060950;FEMENINO;1161,0;1116,0;43,0;2,0;0,037037037037037035;0,0017226528854435831;0,7579672695951766;0,20327304048234282
EC060951;FEMENINO;575,0;553,0;19,0;3,0;0,03304347826086956;0,0052173913043478265;0,7060869565217391;0,25565217391304346
EC060952;FEMENINO;463,0;444,0;18,0;1,0;0,038876889848812095;0,0021598272138228943;0,7580993520518359;0,20086393088552915
EC060953;FEMENINO;359,0;326,0;31,0;2,0;0,08635097493036212;0,005571030640668524;0,7604456824512534;0,14763231197771587
EC060954;FEMENINO;703,0;674,0;29,0;0,0;0,041251778093883355;0,0;0,8207681365576103;0,1379800853485064
EC060955;FEMENINO;208,0;186,0;6,0;16,0;0,028846153846153848;0,07692307692307693;0,7644230769230769;0,12980769230769232
EC060956;FEMENINO;107,0;101,0;6,0;0,0;0,056074766355140186;0,0;0,6074766355140186;0,3364485981308411
EC061050;FEMENINO;5924,0;5370,0;521,0;33,0;0,08794733288318704;0,005570560432140445;0,40175557056043215;0,5047265361242403
EC070150;FEMENINO;3086,0;2862,0;195,0;25,0;0,06318859364873623;0,008101101749837978;0,43778353856124436;0,4896305897602074
EC070152;FEMENINO;1384,0;1297,0;79,0;8,0;0,05708092485549133;0,005780346820809248;0,3338150289017341;0,6033236994219653
EC070250;FEMENINO;8448,0;7958,0;443,0;47,0;0,05243844696969697;0,00556344696969697;0,5445075757575758;0,3974905303030303
EC070251;FEMENINO;531,0;502,0;26,0;3,0;0,04896421845574388;0,005649717514124294;0,3766478342749529;0,568738229755179
EC070254;FEMENINO;1056,0;961,0;84,0;11,0;0,07954545454545454;0,010416666666666666;0,3806818181818182;0,5293560606060606
EC070255;FEMENINO;260,0;245,0;11,0;4,0;0,04230769230769231;0,015384615384615385;0,4461538461538462;0,49615384615384617
EC070256;FEMENINO;618,0;594,0;22,0;2,0;0,03559870550161812;0,003236245954692557;0,37216828478964403;0,5889967637540453
EC070350;FEMENINO;971,0;886,0;77,0;8,0;0,07929969104016478;0,008238928939237899;0,6622039134912462;0,25025746652935116
EC070351;FEMENINO;543,0;511,0;26,0;6,0;0,04788213627992634;0,011049723756906077;0,7016574585635359;0,23941068139963168
EC070352;FEMENINO;365,0;341,0;20,0;4,0;0,0547945205479452;0,010958904109589041;0,6027397260273972;0,3315068493150685
EC070353;FEMENINO;174,0;167,0;6,0;1,0;0,034482758620689655;0,005747126436781609;0,6954022988505747;0,26436781609195403
EC070354;FEMENINO;173,0;168,0;3,0;2,0;0,017341040462427744;0,011560693641618497;0,6647398843930635;0,3063583815028902
EC070355;FEMENINO;195,0;189,0;5,0;1,0;0,02564102564102564;0,005128205128205128;0,37948717948717947;0,5897435897435898
EC070450;FEMENINO;2601,0;2472,0;120,0;9,0;0,0461361014994233;0,0034602076124567475;0,5198000768935025;0,43060361399461744
EC070451;FEMENINO;400,0;374,0;24,0;2,0;0,06;0,005;0,3875;0,5475
EC070550;FEMENINO;1402,0;1328,0;66,0;8,0;0,047075606276747506;0,005706134094151213;0,5021398002853067;0,4450784593437946
EC070650;FEMENINO;13020,0;12056,0;911,0;53,0;0,06996927803379416;0,004070660522273425;0,3595238095238095;0,5664362519201229
EC070651;FEMENINO;2228,0;2076,0;142,0;10,0;0,06373429084380611;0,004488330341113106;0,22127468581687612;0,7105026929982047
EC070652;FEMENINO;1238,0;1140,0;92,0;8,0;0,07431340872374798;0,006462035541195477;0,36995153473344106;0,5508885298869144
EC070653;FEMENINO;1165,0;1108,0;48,0;9,0;0,041201716738197426;0,007725321888412017;0,23004291845493563;0,721030042918455
EC070654;FEMENINO;1534,0;1418,0;108,0;8,0;0,07040417209908735;0,005215123859191656;0,2607561929595828;0,6636245110821382
EC070750;FEMENINO;1394,0;1302,0;79,0;13,0;0,05667144906743185;0,009325681492109038;0,47919655667144906;0,45480631276901007
EC070850;FEMENINO;2143,0;2029,0;93,0;21,0;0,0433971068595427;0,00979934671021932;0,4923005132991134;0,4545030331311246
EC070851;FEMENINO;205,0;191,0;12,0;2,0;0,05853658536585366;0,00975609756097561;0,4926829268292683;0,43902439024390244
EC070950;FEMENINO;20603,0;18917,0;1605,0;80,0;0,07790127651312916;0,0038829296704363443;0,4957045090520798;0,42246274814347423
EC070951;FEMENINO;2348,0;2161,0;180,0;7,0;0,07666098807495741;0,002981260647359455;0,32453151618398635;0,5958262350936968
EC070952;FEMENINO;840,0;783,0;52,0;5,0;0,06190476190476191;0,005952380952380952;0,36666666666666664;0,5654761904761905
EC070953;FEMENINO;1323,0;1209,0;104,0;10,0;0,07860922146636433;0,007558578987150416;0,36205593348450493;0,5517762660619804
EC070954;FEMENINO;1314,0;1178,0;126,0;10,0;0,0958904109589041;0,0076103500761035;0,3812785388127854;0,515220700152207
EC070955;FEMENINO;391,0;364,0;22,0;5,0;0,056265984654731455;0,01278772378516624;0,36828644501278773;0,5626598465473146
EC070956;FEMENINO;445,0;425,0;18,0;2,0;0,04044943820224719;0,0044943820224719105;0,24719101123595505;0,7078651685393258
EC071050;FEMENINO;7147,0;6746,0;381,0;20,0;0,05330908073317476;0,002798376941374003;0,7152651462151952;0,22862739611025606
EC071051;FEMENINO;490,0;442,0;43,0;5,0;0,08775510204081632;0,01020408163265306;0,39591836734693875;0,5061224489795918
EC071052;FEMENINO;455,0;422,0;26,0;7,0;0,05714285714285714;0,015384615384615385;0,4901098901098901;0,43736263736263736
EC071053;FEMENINO;481,0;455,0;22,0;4,0;0,04573804573804574;0,008316008316008316;0,6652806652806653;0,2806652806652807
EC071054;FEMENINO;269,0;256,0;12,0;1,0;0,04460966542750929;0,0037174721189591076;0,5464684014869888;0,4052044609665427
EC071055;FEMENINO;284,0;270,0;13,0;1,0;0,045774647887323945;0,0035211267605633804;0,7535211267605634;0,19718309859154928
EC071056;FEMENINO;671,0;624,0;41,0;6,0;0,06110283159463487;0,00894187779433681;0,526080476900149;0,4038748137108793
EC071150;FEMENINO;3910,0;3675,0;214,0;21,0;0,05473145780051151;0,005370843989769821;0,6641943734015345;0,27570332480818416
EC071151;FEMENINO;195,0;181,0;13,0;1,0;0,06666666666666667;0,005128205128205128;0,5487179487179488;0,37948717948717947
EC071152;FEMENINO;268,0;251,0;15,0;2,0;0,055970149253731345;0,007462686567164179;0,6119402985074627;0,3246268656716418
EC071153;FEMENINO;327,0;296,0;22,0;9,0;0,0672782874617737;0,027522935779816515;0,6055045871559633;0,2996941896024465
EC071250;FEMENINO;565,0;515,0;46,0;4,0;0,08141592920353982;0,007079646017699115;0,3415929203539823;0,5699115044247788
EC071251;FEMENINO;1049,0;983,0;63,0;3,0;0,06005719733079123;0,002859866539561487;0,5376549094375596;0,3994280266920877
EC071252;FEMENINO;278,0;264,0;7,0;7,0;0,025179856115107913;0,025179856115107913;0,22661870503597123;0,7230215827338129
EC071253;FEMENINO;756,0;706,0;46,0;4,0;0,06084656084656084;0,005291005291005291;0,5343915343915344;0,3994708994708995
EC071254;FEMENINO;507,0;481,0;24,0;2,0;0,047337278106508875;0,0039447731755424065;0,4516765285996055;0,4970414201183432
EC071255;FEMENINO;709,0;665,0;38,0;6,0;0,0535966149506347;0,00846262341325811;0,5952045133991537;0,3427362482369535
EC071256;FEMENINO;865,0;795,0;67,0;3,0;0,07745664739884393;0,003468208092485549;0,2184971098265896;0,7005780346820809
EC071257;FEMENINO;710,0;672,0;33,0;4,0;0,04647887323943662;0,005633802816901409;0,45774647887323944;0,4887323943661972
EC071350;FEMENINO;4562,0;4350,0;197,0;15,0;0,04318281455501973;0,003288031565103025;0,7615081104778606;0,19202104340201667
EC071351;FEMENINO;545,0;506,0;37,0;2,0;0,06788990825688074;0,003669724770642202;0,3541284403669725;0,5743119266055046
EC071352;FEMENINO;338,0;327,0;9,0;2,0;0,026627218934911243;0,005917159763313609;0,7958579881656804;0,17159763313609466
EC071353;FEMENINO;1057,0;915,0;126,0;15,0;0,11920529801324503;0,014191106906338695;0,38789025543992434;0,47776726584673607
EC071354;FEMENINO;491,0;459,0;30,0;2,0;0,06109979633401222;0,004073319755600814;0,670061099796334;0,26476578411405294
EC071355;FEMENINO;716,0;686,0;25,0;5,0;0,034916201117318434;0,006983240223463687;0,6284916201117319;0,329608938547486
EC071356;FEMENINO;297,0;284,0;12,0;1,0;0,04040404040404041;0,003367003367003367;0,734006734006734;0,2222222222222222
EC071357;FEMENINO;253,0;242,0;10,0;1,0;0,039525691699604744;0,003952569169960474;0,7075098814229249;0,2490118577075099
EC071358;FEMENINO;452,0;429,0;23,0;0,0;0,05088495575221239;0,0;0,8008849557522124;0,14823008849557523
EC071359;FEMENINO;322,0;302,0;17,0;2,0;0,052795031055900624;0,006211180124223602;0,782608695652174;0,15527950310559005
EC071450;FEMENINO;1074,0;1012,0;51,0;11,0;0,04748603351955307;0,010242085661080074;0,5558659217877095;0,38640595903165736
EC071451;FEMENINO;355,0;342,0;11,0;2,0;0,030985915492957747;0,005633802816901409;0,476056338028169;0,48732394366197185
EC071452;FEMENINO;333,0;311,0;19,0;3,0;0,057057057057057055;0,009009009009009009;0,4984984984984985;0,43543543543543545
EC071453;FEMENINO;259,0;237,0;19,0;3,0;0,07335907335907337;0,011583011583011582;0,5366795366795367;0,3783783783783784
EC080150;FEMENINO;19130,0;17735,0;1267,0;125,0;0,06623105070569786;0,006534239414532148;0,5948248823836906;0,33225300575013067
EC080152;FEMENINO;1109,0;1013,0;81,0;16,0;0,07303877366997295;0,014427412082957619;0,4003606853020739;0,5130748422001803
EC080153;FEMENINO;660,0;577,0;73,0;10,0;0,11060606060606061;0,015151515151515152;0,396969696969697;0,4772727272727273
EC080154;FEMENINO;1343,0;1196,0;116,0;31,0;0,08637379002233805;0,02308265078183172;0,4810126582278481;0,4095309009679821
EC080159;FEMENINO;870,0;772,0;76,0;22,0;0,08735632183908046;0,02528735632183908;0,5172413793103449;0,3701149425287356
EC080163;FEMENINO;2173,0;1970,0;171,0;32,0;0,0786930510814542;0,014726184997699034;0,441785549930971;0,4647952139898757
EC080165;FEMENINO;1092,0;983,0;97,0;12,0;0,08882783882783883;0,01098901098901099;0,38186813186813184;0,5183150183150184
EC080166;FEMENINO;1762,0;1611,0;134,0;17,0;0,07604994324631101;0,009648127128263337;0,4301929625425653;0,4841089670828604
EC080168;FEMENINO;4464,0;4062,0;363,0;39,0;0,08131720430107527;0,008736559139784945;0,4923835125448029;0,4175627240143369
EC080250;FEMENINO;2525,0;2233,0;162,0;130,0;0,06415841584158416;0,05148514851485148;0,25663366336633664;0,6277227722772277
EC080251;FEMENINO;483,0;440,0;34,0;9,0;0,07039337474120083;0,018633540372670808;0,2194616977225673;0,6915113871635611
EC080252;FEMENINO;542,0;468,0;64,0;10,0;0,11808118081180811;0,01845018450184502;0,3376383763837638;0,525830258302583
EC080253;FEMENINO;3725,0;3406,0;257,0;62,0;0,06899328859060402;0,01664429530201342;0,2751677852348993;0,6391946308724832
EC080254;FEMENINO;946,0;862,0;60,0;25,0;0,06342494714587738;0,026427061310782242;0,29069767441860467;0,620507399577167
EC080255;FEMENINO;159,0;137,0;15,0;7,0;0,09433962264150944;0,0440251572327044;0,1509433962264151;0,710691823899371
EC080256;FEMENINO;742,0;672,0;54,0;16,0;0,07277628032345014;0,0215633423180593;0,22371967654986524;0,6819407008086253
EC080257;FEMENINO;287,0;251,0;21,0;15,0;0,07317073170731707;0,05226480836236934;0,25435540069686413;0,6202090592334495
EC080258;FEMENINO;659,0;582,0;51,0;26,0;0,07738998482549317;0,03945371775417299;0,3990895295902883;0,48406676783004554
EC080259;FEMENINO;839,0;784,0;48,0;7,0;0,057210965435041714;0,00834326579261025;0,36829558998808104;0,566150178784267
EC080260;FEMENINO;517,0;470,0;25,0;22,0;0,048355899419729204;0,0425531914893617;0,11605415860735009;0,793036750483559
EC080261;FEMENINO;1915,0;1661,0;201,0;54,0;0,10496083550913839;0,028198433420365536;0,39530026109660577;0,4720626631853786
EC080262;FEMENINO;507,0;457,0;41,0;9,0;0,08086785009861933;0,01775147928994083;0,13806706114398423;0,7633136094674556
EC080263;FEMENINO;634,0;574,0;28,0;32,0;0,04416403785488959;0,050473186119873815;0,37066246056782337;0,5347003154574133
EC080264;FEMENINO;355,0;308,0;32,0;15,0;0,09014084507042254;0,04225352112676056;0,17183098591549295;0,6957746478873239
EC080265;FEMENINO;529,0;490,0;29,0;8,0;0,054820415879017016;0,015122873345935728;0,21739130434782608;0,7088846880907372
EC080350;FEMENINO;3838,0;3567,0;237,0;35,0;0,06175091193329859;0,009119332985930172;0,3084940072954664;0,6208963001563315
EC080351;FEMENINO;488,0;463,0;21,0;4,0;0,0430327868852459;0,00819672131147541;0,23975409836065573;0,7090163934426229
EC080352;FEMENINO;637,0;596,0;30,0;11,0;0,04709576138147567;0,01726844583987441;0,14599686028257458;0,7896389324960753
EC080353;FEMENINO;509,0;467,0;29,0;13,0;0,05697445972495088;0,025540275049115914;0,29862475442043224;0,618860510805501
EC080354;FEMENINO;348,0;332,0;16,0;0,0;0,04597701149425287;0,0;0,40804597701149425;0,5459770114942529
EC080355;FEMENINO;430,0;414,0;14,0;2,0;0,03255813953488372;0,004651162790697674;0,1697674418604651;0,7930232558139535
EC080356;FEMENINO;896,0;825,0;55,0;15,0;0,06138392857142857;0,016741071428571428;0,21428571428571427;0,7064732142857143
EC080357;FEMENINO;1921,0;1769,0;112,0;41,0;0,05830296720458095;0,021343050494534097;0,24726704841228528;0,6736074960957834
EC080358;FEMENINO;1684,0;1573,0;92,0;19,0;0,05463182897862233;0,011282660332541567;0,2209026128266033;0,7131828978622328
EC080450;FEMENINO;23590,0;21519,0;1860,0;207,0;0,07884696905468419;0,00877490462060195;0,5150487494701145;0,3971598134802883
EC080451;FEMENINO;1683,0;1468,0;193,0;22,0;0,11467617349970291;0,013071895424836602;0,47593582887700536;0,39631610219845514
EC080452;FEMENINO;695,0;619,0;72,0;4,0;0,10359712230215827;0,0057553956834532375;0,4115107913669065;0,479136690647482
EC080453;FEMENINO;5480,0;4970,0;442,0;68,0;0,08065693430656934;0,012408759124087591;0,3563868613138686;0,5505474452554745
EC080454;FEMENINO;2996,0;2718,0;227,0;51,0;0,07576769025367157;0,017022696929238985;0,49966622162883845;0,407543391188251
EC080455;FEMENINO;8335,0;7524,0;708,0;101,0;0,08494301139772045;0,012117576484703059;0,420755848830234;0,48194361127774443
EC080550;FEMENINO;9095,0;8143,0;789,0;160,0;0,08675096206706982;0,017592083562396922;0,32710280373831774;0,5682242990654206
EC080551;FEMENINO;595,0;503,0;78,0;14,0;0,13109243697478992;0,023529411764705882;0,21008403361344538;0,6352941176470588
EC080552;FEMENINO;665,0;624,0;29,0;12,0;0,04360902255639098;0,01804511278195489;0,22706766917293233;0,7112781954887218
EC080553;FEMENINO;263,0;247,0;13,0;3,0;0,049429657794676805;0,011406844106463879;0,3726235741444867;0,5665399239543726
EC080554;FEMENINO;483,0;450,0;27,0;6,0;0,055900621118012424;0,012422360248447204;0,2401656314699793;0,6915113871635611
EC080555;FEMENINO;100,0;93,0;5,0;2,0;0,05;0,02;0,26;0,67
EC080556;FEMENINO;566,0;513,0;30,0;23,0;0,053003533568904596;0,04063604240282685;0,24558303886925795;0,6607773851590106
EC080557;FEMENINO;412,0;368,0;32,0;12,0;0,07766990291262135;0,02912621359223301;0,11165048543689321;0,7815533980582524
EC080558;FEMENINO;304,0;287,0;16,0;1,0;0,05263157894736842;0,003289473684210526;0,28618421052631576;0,6578947368421053
EC080559;FEMENINO;675,0;593,0;35,0;47,0;0,05185185185185185;0,06962962962962962;0,17925925925925926;0,6992592592592592
EC080560;FEMENINO;555,0;491,0;42,0;22,0;0,07567567567567568;0,03963963963963964;0,3279279279279279;0,5567567567567567
EC080561;FEMENINO;885,0;808,0;63,0;14,0;0,0711864406779661;0,015819209039548022;0,24067796610169492;0,672316384180791
EC080650;FEMENINO;6822,0;6244,0;535,0;42,0;0,07842274992670771;0,006156552330694811;0,3843447669305189;0,5309293462327763
EC080651;FEMENINO;1070,0;973,0;88,0;9,0;0,08224299065420561;0,008411214953271028;0,35700934579439253;0,5523364485981308
EC080652;FEMENINO;1451,0;1305,0;133,0;13,0;0,09166092350103378;0,00895933838731909;0,2894555478980014;0,6099241902136457
EC080653;FEMENINO;3094,0;2828,0;224,0;42,0;0,07239819004524888;0,013574660633484163;0,31997414350355524;0,5940530058177117
EC080654;FEMENINO;4038,0;3690,0;311,0;38,0;0,07701832590391283;0,009410599306587419;0,3434868746904408;0,5703318474492323
EC080750;FEMENINO;2504,0;2241,0;212,0;52,0;0,08466453674121406;0,020766773162939296;0,35982428115015974;0,5351437699680511
EC080751;FEMENINO;1262,0;1121,0;115,0;26,0;0,09112519809825674;0,020602218700475437;0,31695721077654515;0,5713153724247226
EC080752;FEMENINO;1293,0;1167,0;97,0;29,0;0,07501933488012374;0,02242846094354215;0,419953596287703;0,48259860788863107
EC080753;FEMENINO;1691,0;1559,0;107,0;25,0;0,06327616794795979;0,01478415138971023;0,2613837965700769;0,6605558840922531
EC080754;FEMENINO;1745,0;1558,0;162,0;25,0;0,09283667621776505;0,014326647564469915;0,25787965616045844;0,6349570200573066
EC080755;FEMENINO;2017,0;1834,0;147,0;35,0;0,07288051561725335;0,017352503718393655;0,23847297967278136;0,6707982151710461
EC090152;FEMENINO;4173,0;3843,0;273,0;57,0;0,06542056074766354;0,013659237958303379;0,44716031631919484;0,47375988497483823
EC090153;FEMENINO;1556,0;1421,0;105,0;30,0;0,06748071979434447;0,019280205655526992;0,4820051413881748;0,43123393316195374
EC090156;FEMENINO;9813,0;8998,0;722,0;91,0;0,07357586874554163;0,00927341281972893;0,31774177111994295;0,5992051360440233
EC090157;FEMENINO;3848,0;3363,0;314,0;169,0;0,0816008316008316;0,04391891891891892;0,2944386694386694;0,5795218295218295
EC090158;FEMENINO;4197,0;3844,0;316,0;37,0;0,07529187514891589;0,00881582082439838;0,31331903740767214;0,6025732666190136
EC090250;FEMENINO;9036,0;8163,0;752,0;120,0;0,08322266489597167;0,013280212483399735;0,35756972111553786;0,545816733067729
EC090350;FEMENINO;7350,0;6651,0;601,0;98,0;0,0817687074829932;0,013333333333333334;0,2870748299319728;0,6178231292517007
EC090450;FEMENINO;20898,0;18911,0;1777,0;209,0;0,08503206048425686;0,010000957029380801;0,3425686668580725;0,5623504641592497
EC090550;FEMENINO;7630,0;6873,0;623,0;133,0;0,081651376146789;0,01743119266055046;0,25884665792922673;0,6419397116644823
EC090551;FEMENINO;1331,0;1220,0;97,0;14,0;0,07287753568745305;0,010518407212622089;0,2336589030803907;0,6829451540195342
EC090650;FEMENINO;31999,0;28370,0;3275,0;349,0;0,10234694834213569;0,010906590830963467;0,43795118597456173;0,44863901996937405
EC090652;FEMENINO;2124,0;1808,0;277,0;39,0;0,13041431261770245;0,018361581920903956;0,3681732580037665;0,4830508474576271
EC090653;FEMENINO;3247,0;2883,0;285,0;79,0;0,08777332922697875;0,02433015090853095;0,4690483523252233;0,418848167539267
EC090654;FEMENINO;1761,0;1601,0;144,0;16,0;0,0817717206132879;0,009085746734809767;0,39522998296422485;0,5139125496876774
EC090656;FEMENINO;2633,0;2310,0;265,0;58,0;0,10064565134827193;0,022028104823395366;0,4048613748575769;0,4724648689707558
EC090750;FEMENINO;58773,0;54020,0;4438,0;307,0;0,07551086383203172;0,0052234869753117925;0,48277270175080395;0,4363568305174145
EC090850;FEMENINO;25837,0;23422,0;2151,0;266,0;0,08325269961682857;0,010295312923327011;0,31919340480705966;0,5873359910206293
EC090851;FEMENINO;2616,0;2303,0;272,0;41,0;0,10397553516819572;0,015672782874617736;0,27446483180428133;0,6058868501529052
EC090852;FEMENINO;2217,0;2059,0;139,0;19,0;0,06269733874605322;0,008570139828597204;0,18989625620207487;0,7388362652232747
EC090950;FEMENINO;19736,0;17916,0;1603,0;214,0;0,08122213214430482;0,010843129306850425;0,3891366031617349;0,5186461289014997
EC091050;FEMENINO;62316,0;56658,0;5103,0;551,0;0,0818890814558059;0,008842030939084665;0,46031516785416265;0,4488895307786122
EC091051;FEMENINO;629,0;585,0;38,0;6,0;0,06041335453100159;0,009538950715421303;0,21621621621621623;0,7138314785373608
EC091053;FEMENINO;2192,0;1964,0;193,0;35,0;0,08804744525547445;0,015967153284671534;0,38321167883211676;0,5127737226277372
EC091054;FEMENINO;2730,0;2491,0;216,0;24,0;0,07912087912087912;0,008791208791208791;0,441025641025641;0,4714285714285714
EC091150;FEMENINO;18318,0;16713,0;1387,0;214,0;0,0757178731302544;0,01168249808931106;0,34468828474724317;0,5676929795829239
EC091151;FEMENINO;1259,0;1146,0;98,0;15,0;0,0778395552025417;0,011914217633042097;0,25178713264495634;0,6584590945194599
EC091152;FEMENINO;1604,0;1447,0;137,0;20,0;0,08541147132169576;0,012468827930174564;0,27805486284289277;0,6240648379052369
EC091153;FEMENINO;979,0;907,0;67,0;5,0;0,06843718079673136;0,005107252298263534;0,21450459652706844;0,7119509703779366
EC091154;FEMENINO;2968,0;2641,0;287,0;40,0;0,09669811320754718;0,013477088948787063;0,26752021563342315;0,6223045822102425
EC091250;FEMENINO;15077,0;13748,0;1170,0;160,0;0,07760164488956689;0,010612190754128805;0,3516614711149433;0,5601910194335743
EC091350;FEMENINO;6654,0;6030,0;462,0;159,0;0,06943192064923355;0,023895401262398558;0,337541328524196;0,5686804929365795
EC091450;FEMENINO;15621,0;14025,0;1447,0;149,0;0,092631713718712;0,009538441841111325;0,39536521349465464;0,5024646309455221
EC091451;FEMENINO;1312,0;1199,0;98,0;15,0;0,07469512195121951;0,011432926829268292;0,3445121951219512;0,569359756097561
EC091452;FEMENINO;2047,0;1855,0;174,0;18,0;0,08500244259892525;0,008793356130923302;0,3512457254518808;0,5549584758182706
EC091650;FEMENINO;13880,0;12635,0;1082,0;165,0;0,07795389048991354;0,011887608069164265;0,37788184438040345;0,5324207492795389
EC091651;FEMENINO;3546,0;3148,0;350,0;44,0;0,09870276367738297;0,012408347433728144;0,3189509306260575;0,5688099266779469
EC091850;FEMENINO;15340,0;13713,0;1410,0;216,0;0,09191655801825294;0,014080834419817471;0,3546284224250326;0,5393089960886571
EC091950;FEMENINO;14461,0;12903,0;1366,0;186,0;0,09446096397206279;0,012862181038655695;0,38109397690339536;0,5111679690201231
EC091951;FEMENINO;2757,0;2497,0;218,0;42,0;0,07907145447950671;0,015233949945593036;0,37323177366702937;0,5324628219078709
EC091952;FEMENINO;1682,0;1483,0;146,0;52,0;0,08680142687277051;0,030915576694411414;0,34661117717003564;0,535077288941736
EC091953;FEMENINO;3765,0;3351,0;334,0;80,0;0,08871181938911023;0,021248339973439574;0,3253652058432935;0,5646746347941567
EC092050;FEMENINO;11535,0;10449,0;953,0;132,0;0,08261811876896402;0,011443433029908972;0,3733853489380147;0,5324664065886433
EC092053;FEMENINO;3087,0;2838,0;218,0;31,0;0,07061872367994818;0,01004211208292841;0,2928409459021704;0,626498218334953
EC092055;FEMENINO;3323,0;3049,0;248,0;26,0;0,07463135720734276;0,007824255191092387;0,24405657538368944;0,6734878122178755
EC092056;FEMENINO;5216,0;4712,0;455,0;49,0;0,08723159509202454;0,009394171779141104;0,2847009202453988;0,6186733128834356
EC092150;FEMENINO;20471,0;18737,0;1510,0;228,0;0,07376288407991793;0,01113770700014655;0,44238190611108397;0,4729129011772752
EC092250;FEMENINO;6319,0;5807,0;460,0;52,0;0,07279632853299572;0,008229150181990821;0,4758664345624308;0,4431080867225827
EC092251;FEMENINO;2879,0;2635,0;216,0;28,0;0,0750260507120528;0,009725599166377214;0,33240708579367834;0,5828412643278916
EC092350;FEMENINO;4440,0;4073,0;339,0;28,0;0,07635135135135135;0,006306306306306306;0,35405405405405405;0,5632882882882883
EC092450;FEMENINO;7648,0;6767,0;724,0;155,0;0,0946652719665272;0,02026673640167364;0,4249476987447699;0,45985878661087864
EC092550;FEMENINO;9270,0;8399,0;765,0;106,0;0,0825242718446602;0,011434735706580367;0,392017259978425;0,5140237324703344
EC092750;FEMENINO;5252,0;4747,0;421,0;86,0;0,08015993907083016;0,016374714394516376;0,4459253617669459;0,45792079207920794
EC092850;FEMENINO;5228,0;4763,0;409,0;56,0;0,07823259372609029;0,010711553175210406;0,27601377199693955;0,6350420811017597
EC100150;FEMENINO;1534,0;1415,0;110,0;9,0;0,07170795306388526;0,005867014341590613;0,5423728813559322;0,38005215123859193
EC100151;FEMENINO;2288,0;2034,0;228,0;22,0;0,09965034965034965;0,009615384615384616;0,32604895104895104;0,5629370629370629
EC100152;FEMENINO;1637,0;1471,0;152,0;13,0;0,09285277947464875;0,00794135613927917;0,3280390959071472;0,5705558949297496
EC100153;FEMENINO;1025,0;927,0;82,0;14,0;0,08;0,013658536585365854;0,3278048780487805;0,5765853658536585
EC100154;FEMENINO;3510,0;3110,0;380,0;19,0;0,10826210826210826;0,005413105413105413;0,3336182336182336;0,5524216524216524
EC100155;FEMENINO;1464,0;1276,0;178,0;10,0;0,12158469945355191;0,006830601092896175;0,3244535519125683;0,5471311475409836
EC100156;FEMENINO;803,0;743,0;55,0;5,0;0,0684931506849315;0,0062266500622665;0,25653798256537985;0,6687422166874222
EC100157;FEMENINO;7209,0;6562,0;615,0;32,0;0,08531002913025384;0,004438895824663615;0,5482036343459564;0,3620474406991261
EC100250;FEMENINO;8335,0;7676,0;626,0;31,0;0,07510497900419916;0,003719256148770246;0,5868026394721055;0,33413317336532694
EC100251;FEMENINO;615,0;566,0;46,0;3,0;0,07479674796747968;0,004878048780487805;0,46016260162601624;0,46016260162601624
EC100252;FEMENINO;2414,0;2197,0;203,0;14,0;0,08409279204639603;0,00579950289975145;0,548053024026512;0,3620546810273405
EC100253;FEMENINO;1367,0;1203,0;158,0;6,0;0,11558156547183614;0,0043891733723482075;0,49890270665691294;0,3811265544989027
EC100254;FEMENINO;4173,0;3704,0;446,0;21,0;0,10687754612988258;0,0050323508267433505;0,40067098011023244;0,48693985142583274
EC100350;FEMENINO;2766,0;2473,0;276,0;17,0;0,09978308026030369;0,006146059291395517;0,4584237165582068;0,435647143890094
EC100351;FEMENINO;718,0;639,0;70,0;9,0;0,09749303621169916;0,012534818941504178;0,3342618384401114;0,5557103064066853
EC100352;FEMENINO;3167,0;2900,0;243,0;24,0;0,07672876539311652;0,007578149668455952;0,32838648563309125;0,5873065993053362
EC100353;FEMENINO;2304,0;1968,0;310,0;26,0;0,1345486111111111;0,011284722222222222;0,2365451388888889;0,6176215277777778
EC100354;FEMENINO;629,0;540,0;51,0;38,0;0,08108108108108109;0,06041335453100159;0,3767885532591415;0,48171701112877585
EC100355;FEMENINO;216,0;197,0;18,0;1,0;0,08333333333333333;0,004629629629629629;0,4212962962962963;0,49074074074074076
EC100356;FEMENINO;3081,0;2757,0;310,0;14,0;0,10061668289516391;0,004543979227523531;0,4462836741317754;0,4485556637455372
EC100357;FEMENINO;743,0;642,0;88,0;13,0;0,11843876177658143;0,017496635262449527;0,34993270524899056;0,5141318977119784
EC100358;FEMENINO;217,0;197,0;15,0;5,0;0,06912442396313365;0,02304147465437788;0,37327188940092165;0,5345622119815668
EC100450;FEMENINO;8342,0;7574,0;719,0;48,0;0,08619036202349556;0,005754015823543515;0,44078158714936466;0,4671541596739391
EC100451;FEMENINO;2592,0;2278,0;290,0;22,0;0,11188271604938271;0,008487654320987654;0,23765432098765432;0,6412037037037037
EC100452;FEMENINO;2912,0;2613,0;282,0;15,0;0,09684065934065934;0,005151098901098901;0,27163461538461536;0,6256868131868132
EC100453;FEMENINO;2643,0;2372,0;259,0;11,0;0,09799470298902763;0,004161937192584185;0,30533484676503975;0,5921301551267499
EC100454;FEMENINO;155,0;142,0;12,0;1,0;0,07741935483870968;0,0064516129032258064;0,47096774193548385;0,44516129032258067
EC100455;FEMENINO;3453,0;3045,0;389,0;19,0;0,11265566174341153;0,005502461627570229;0,3014769765421373;0,580364900086881
EC100456;FEMENINO;3208,0;2829,0;355,0;22,0;0,11066084788029926;0,00685785536159601;0,31359102244389025;0,5682668329177057
EC100457;FEMENINO;4503,0;4066,0;410,0;27,0;0,09105041083721963;0,005996002664890073;0,4212747057517211;0,4816788807461692
EC100458;FEMENINO;2083,0;1859,0;200,0;23,0;0,09601536245799328;0,011041766682669226;0,1699471915506481;0,7225156024963995
EC100459;FEMENINO;645,0;592,0;45,0;8,0;0,06976744186046512;0,012403100775193798;0,44031007751937984;0,47751937984496123
EC100550;FEMENINO;4437,0;3975,0;442,0;19,0;0,09961685823754789;0,00428217263917061;0,42461122379986477;0,47126436781609193
EC100551;FEMENINO;442,0;406,0;35,0;1,0;0,07918552036199095;0,0022624434389140274;0,3031674208144796;0,6153846153846154
EC100552;FEMENINO;659,0;572,0;80,0;7,0;0,12139605462822459;0,010622154779969651;0,26707132018209406;0,6009104704097117
EC100553;FEMENINO;371,0;351,0;17,0;3,0;0,04582210242587601;0,008086253369272238;0,29649595687331537;0,6495956873315364
EC100650;FEMENINO;2938,0;2660,0;266,0;12,0;0,09053778080326753;0,0040844111640571815;0,40061266167460857;0,5047651463580667
EC100651;FEMENINO;759,0;678,0;73,0;8,0;0,09617918313570488;0,010540184453227932;0,4624505928853755;0,4308300395256917
EC100652;FEMENINO;718,0;634,0;78,0;6,0;0,10863509749303621;0,008356545961002786;0,5905292479108635;0,2924791086350975
EC100653;FEMENINO;869,0;766,0;96,0;7,0;0,11047180667433831;0,00805523590333717;0,35443037974683544;0,5270425776754891
EC100654;FEMENINO;1191,0;1043,0;139,0;9,0;0,11670864819479429;0,007556675062972292;0,3425692695214106;0,5331654072208228
EC100655;FEMENINO;643,0;576,0;64,0;2,0;0,09953343701399689;0,003110419906687403;0,3810264385692068;0,5147744945567652
EC110150;FEMENINO;13066,0;12550,0;489,0;27,0;0,03742537884585948;0,002066431960814327;0,7508036124292056;0,20970457676412063
EC110151;FEMENINO;469,0;441,0;24,0;4,0;0,0511727078891258;0,008528784648187633;0,6844349680170576;0,255863539445629
EC110152;FEMENINO;894,0;808,0;76,0;10,0;0,08501118568232663;0,011185682326621925;0,7628635346756152;0,14093959731543623
EC110153;FEMENINO;548,0;516,0;31,0;1,0;0,05656934306569343;0,0018248175182481751;0,5328467153284672;0,40875912408759124
EC110154;FEMENINO;760,0;697,0;51,0;12,0;0,06710526315789474;0,015789473684210527;0,5421052631578948;0,375
EC110155;FEMENINO;484,0;466,0;16,0;2,0;0,03305785123966942;0,004132231404958678;0,8409090909090909;0,12190082644628099
EC110156;FEMENINO;2851,0;2665,0;166,0;20,0;0,05822518414591372;0,00701508242721852;0,6759031918625044;0,2588565415643634
EC110157;FEMENINO;1702,0;1529,0;153,0;20,0;0,0898942420681551;0,011750881316098707;0,7074030552291422;0,190951821386604
EC110158;FEMENINO;462,0;438,0;23,0;1,0;0,049783549783549784;0,0021645021645021645;0,7229437229437229;0,22510822510822512
EC110159;FEMENINO;528,0;501,0;23,0;4,0;0,043560606060606064;0,007575757575757576;0,6704545454545454;0,2784090909090909
EC110160;FEMENINO;1166,0;1103,0;57,0;6,0;0,04888507718696398;0,005145797598627788;0,62778730703259;0,3181818181818182
EC110161;FEMENINO;1894,0;1761,0;112,0;21,0;0,059134107708553325;0,011087645195353749;0,6182682154171066;0,3115100316789863
EC110162;FEMENINO;482,0;465,0;10,0;7,0;0,02074688796680498;0,014522821576763486;0,7676348547717843;0,1970954356846473
EC110163;FEMENINO;520,0;504,0;14,0;3,0;0,026923076923076925;0,0057692307692307696;0,6961538461538461;0,27307692307692305
EC110250;FEMENINO;5667,0;5407,0;229,0;32,0;0,04040938768307747;0,005646726663137463;0,7053114522675137;0,24880889359449443
EC110251;FEMENINO;568,0;533,0;25,0;10,0;0,04401408450704225;0,017605633802816902;0,5070422535211268;0,43133802816901406
EC110252;FEMENINO;698,0;659,0;26,0;12,0;0,03724928366762178;0,017191977077363897;0,45558739255014324;0,4885386819484241
EC110253;FEMENINO;301,0;282,0;19,0;0,0;0,06312292358803986;0,0;0,6112956810631229;0,32558139534883723
EC110254;FEMENINO;328,0;311,0;12,0;5,0;0,036585365853658534;0,01524390243902439;0,43902439024390244;0,5091463414634146
EC110350;FEMENINO;9304,0;8778,0;485,0;42,0;0,05212811693895099;0,0045141874462596735;0,6065133276010318;0,3369518486672399
EC110351;FEMENINO;1102,0;1057,0;38,0;7,0;0,034482758620689655;0,006352087114337568;0,6134301270417423;0,3457350272232305
EC110352;FEMENINO;146,0;142,0;4,0;0,0;0,0273972602739726;0,0;0,636986301369863;0,3356164383561644
EC110353;FEMENINO;631,0;609,0;18,0;4,0;0,028526148969889066;0,006339144215530904;0,6703645007923931;0,294770206022187
EC110354;FEMENINO;170,0;163,0;6,0;1,0;0,03529411764705882;0,0058823529411764705;0,6;0,3588235294117647
EC110450;FEMENINO;2440,0;2357,0;73,0;10,0;0,029918032786885245;0,004098360655737705;0,6274590163934426;0,33852459016393444
EC110451;FEMENINO;370,0;357,0;10,0;3,0;0,02702702702702703;0,008108108108108109;0,3810810810810811;0,5837837837837838
EC110455;FEMENINO;926,0;879,0;37,0;10,0;0,03995680345572354;0,01079913606911447;0,4427645788336933;0,5064794816414687
EC110456;FEMENINO;784,0;744,0;23,0;17,0;0,029336734693877552;0,021683673469387755;0,44387755102040816;0,5051020408163265
EC110457;FEMENINO;207,0;199,0;4,0;4,0;0,01932367149758454;0,01932367149758454;0,42028985507246375;0,5410628019323671
EC110550;FEMENINO;1368,0;1316,0;46,0;6,0;0,033625730994152045;0,0043859649122807015;0,5957602339181286;0,36622807017543857
EC110551;FEMENINO;404,0;386,0;14,0;4,0;0,034653465346534656;0,009900990099009901;0,5495049504950495;0,40594059405940597
EC110552;FEMENINO;214,0;202,0;12,0;0,0;0,056074766355140186;0,0;0,5887850467289719;0,35514018691588783
EC110553;FEMENINO;393,0;379,0;13,0;1,0;0,03307888040712468;0,002544529262086514;0,3816793893129771;0,5826972010178118
EC110554;FEMENINO;185,0;179,0;5,0;1,0;0,02702702702702703;0,005405405405405406;0,6216216216216216;0,34594594594594597
EC110650;FEMENINO;1561,0;1455,0;83,0;22,0;0,053171044202434334;0,014093529788597053;0,438821268417681;0,49327354260089684
EC110651;FEMENINO;607,0;582,0;21,0;4,0;0,03459637561779242;0,006589785831960461;0,3525535420098847;0,6062602965403624
EC110652;FEMENINO;626,0;577,0;40,0;9,0;0,06389776357827476;0,01437699680511182;0,4169329073482428;0,5047923322683706
EC110653;FEMENINO;551,0;499,0;49,0;3,0;0,08892921960072596;0,0054446460980036296;0,24863883847549909;0,6569872958257713
EC110654;FEMENINO;621,0;579,0;25,0;17,0;0,040257648953301126;0,027375201288244767;0,5394524959742351;0,392914653784219
EC110655;FEMENINO;550,0;525,0;21,0;4,0;0,038181818181818185;0,007272727272727273;0,27454545454545454;0,68
EC110656;FEMENINO;296,0;279,0;13,0;4,0;0,04391891891891892;0,013513513513513514;0,3918918918918919;0,5506756756756757
EC110750;FEMENINO;1295,0;1253,0;39,0;3,0;0,030115830115830116;0,0023166023166023165;0,7011583011583011;0,26640926640926643
EC110751;FEMENINO;809,0;766,0;39,0;4,0;0,048207663782447466;0,004944375772558714;0,5822002472187886;0,3646477132262052
EC110753;FEMENINO;1358,0;1285,0;65,0;8,0;0,04786450662739323;0,005891016200294551;0,5213549337260678;0,42488954344624447
EC110754;FEMENINO;356,0;342,0;12,0;2,0;0,033707865168539325;0,0056179775280898875;0,7471910112359551;0,21348314606741572
EC110756;FEMENINO;597,0;568,0;23,0;6,0;0,038525963149078725;0,010050251256281407;0,6432160804020101;0,3082077051926298
EC110850;FEMENINO;4688,0;4515,0;150,0;23,0;0,03199658703071672;0,004906143344709898;0,6188139931740614;0,34428327645051193
EC110851;FEMENINO;274,0;259,0;14,0;1,0;0,051094890510948905;0,0036496350364963502;0,48905109489051096;0,4562043795620438
EC110852;FEMENINO;345,0;340,0;3,0;2,0;0,008695652173913044;0,005797101449275362;0,7971014492753623;0,18840579710144928
EC110853;FEMENINO;242,0;229,0;8,0;4,0;0,03305785123966942;0,01652892561983471;0,6074380165289256;0,33884297520661155
EC110950;FEMENINO;4521,0;4243,0;251,0;26,0;0,055518690555186906;0,0057509400575094;0,6323822163238222;0,30612696306126963
EC110951;FEMENINO;344,0;321,0;19,0;4,0;0,055232558139534885;0,011627906976744186;0,6104651162790697;0,3226744186046512
EC110952;FEMENINO;504,0;492,0;7,0;5,0;0,013888888888888888;0,00992063492063492;0,5257936507936508;0,4503968253968254
EC110954;FEMENINO;497,0;431,0;38,0;26,0;0,07645875251509054;0,052313883299798795;0,44064386317907445;0,42655935613682094
EC110956;FEMENINO;512,0;478,0;26,0;8,0;0,05078125;0,015625;0,333984375;0,599609375
EC110957;FEMENINO;272,0;260,0;9,0;3,0;0,03308823529411765;0,011029411764705883;0,5551470588235294;0,4007352941176471
EC110958;FEMENINO;408,0;374,0;29,0;5,0;0,07107843137254902;0,012254901960784314;0,43137254901960786;0,4852941176470588
EC110959;FEMENINO;353,0;340,0;10,0;3,0;0,028328611898016998;0,0084985835694051;0,5297450424929179;0,43342776203966005
EC111050;FEMENINO;3456,0;3256,0;163,0;36,0;0,04716435185185185;0,010416666666666666;0,46875;0,47337962962962965
EC111051;FEMENINO;416,0;385,0;24,0;6,0;0,057692307692307696;0,014423076923076924;0,3629807692307692;0,5625
EC111052;FEMENINO;285,0;271,0;11,0;3,0;0,03859649122807018;0,010526315789473684;0,47017543859649125;0,4807017543859649
EC111053;FEMENINO;733,0;688,0;38,0;6,0;0,05184174624829468;0,008185538881309686;0,22237380627557982;0,7162346521145976
EC111054;FEMENINO;508,0;477,0;19,0;12,0;0,03740157480314961;0,023622047244094488;0,5019685039370079;0,43700787401574803
EC111055;FEMENINO;397,0;371,0;18,0;8,0;0,04534005037783375;0,020151133501259445;0,5062972292191436;0,4282115869017632
EC111150;FEMENINO;3819,0;3429,0;345,0;46,0;0,09033778476040849;0,012045037968054464;0,6582875098193244;0,23959151610369206
EC111151;FEMENINO;985,0;858,0;102,0;25,0;0,10355329949238579;0,025380710659898477;0,6121827411167513;0,25888324873096447
EC111152;FEMENINO;313,0;284,0;25,0;4,0;0,07987220447284345;0,012779552715654952;0,5335463258785943;0,3738019169329074
EC111153;FEMENINO;476,0;424,0;40,0;12,0;0,08403361344537816;0,025210084033613446;0,5672268907563025;0,3235294117647059
EC111154;FEMENINO;972,0;898,0;61,0;12,0;0,06275720164609054;0,012345679012345678;0,6049382716049383;0,31893004115226337
EC111155;FEMENINO;465,0;426,0;28,0;11,0;0,060215053763440864;0,023655913978494623;0,5849462365591398;0,3311827956989247
EC111156;FEMENINO;1091,0;998,0;79,0;14,0;0,07241063244729606;0,012832263978001834;0,7461044912923923;0,1686526122823098
EC111157;FEMENINO;381,0;359,0;19,0;3,0;0,049868766404199474;0,007874015748031496;0,4645669291338583;0,4776902887139108
EC111158;FEMENINO;701,0;658,0;36,0;7,0;0,05135520684736091;0,009985734664764621;0,5805991440798859;0,35805991440798857
EC111159;FEMENINO;1490,0;1364,0;113,0;13,0;0,07583892617449664;0,0087248322147651;0,4885906040268456;0,4268456375838926
EC111160;FEMENINO;450,0;403,0;44,0;3,0;0,09777777777777778;0,006666666666666667;0,5133333333333333;0,38222222222222224
EC111250;FEMENINO;930,0;899,0;23,0;8,0;0,024731182795698924;0,008602150537634409;0,589247311827957;0,3774193548387097
EC111251;FEMENINO;293,0;283,0;8,0;2,0;0,027303754266211604;0,006825938566552901;0,5767918088737202;0,3890784982935154
EC111252;FEMENINO;871,0;839,0;30,0;2,0;0,03444316877152698;0,002296211251435132;0,6624569460390356;0,3008036739380023
EC111350;FEMENINO;1825,0;1765,0;44,0;15,0;0,02410958904109589;0,00821917808219178;0,583013698630137;0,3841095890410959
EC111351;FEMENINO;257,0;249,0;4,0;4,0;0,01556420233463035;0,01556420233463035;0,3735408560311284;0,5953307392996109
EC111352;FEMENINO;518,0;502,0;8,0;8,0;0,015444015444015444;0,015444015444015444;0,41505791505791506;0,5540540540540541
EC111353;FEMENINO;457,0;436,0;11,0;10,0;0,024070021881838075;0,02188183807439825;0,5579868708971554;0,39606126914660833
EC111354;FEMENINO;892,0;853,0;35,0;4,0;0,03923766816143498;0,004484304932735426;0,41143497757847536;0,5448430493273543
EC111355;FEMENINO;273,0;254,0;16,0;3,0;0,05860805860805861;0,01098901098901099;0,3076923076923077;0,6227106227106227
EC111356;FEMENINO;147,0;144,0;3,0;0,0;0,02040816326530612;0,0;0,5034013605442177;0,47619047619047616
EC111450;FEMENINO;1764,0;1695,0;57,0;12,0;0,03231292517006803;0,006802721088435374;0,4444444444444444;0,5164399092970522
EC111451;FEMENINO;398,0;371,0;21,0;6,0;0,052763819095477386;0,01507537688442211;0,4798994974874372;0,45226130653266333
EC111452;FEMENINO;594,0;574,0;17,0;3,0;0,02861952861952862;0,005050505050505051;0,36195286195286197;0,6043771043771043
EC111453;FEMENINO;661,0;633,0;18,0;10,0;0,02723146747352496;0,015128593040847202;0,2844175491679274;0,6732223903177005
EC111550;FEMENINO;1068,0;1028,0;34,0;6,0;0,031835205992509365;0,0056179775280898875;0,649812734082397;0,31273408239700373
EC111551;FEMENINO;164,0;162,0;2,0;0,0;0,012195121951219513;0,0;0,7195121951219512;0,2682926829268293
EC111552;FEMENINO;387,0;375,0;10,0;2,0;0,025839793281653745;0,00516795865633075;0,4909560723514212;0,4780361757105943
EC111650;FEMENINO;1491,0;1413,0;65,0;13,0;0,043594902749832326;0,008718980549966466;0,6398390342052314;0,30784708249496984
EC111651;FEMENINO;264,0;251,0;9,0;4,0;0,03409090909090909;0,015151515151515152;0,5871212121212122;0,36363636363636365
EC120150;FEMENINO;25862,0;23320,0;2359,0;179,0;0,09121490990642642;0,00692135179027144;0,5524321398190395;0,3492769314051504
EC120152;FEMENINO;2159,0;1899,0;224,0;36,0;0,10375173691523853;0,01667438628994905;0,28392774432607687;0,5956461324687355
EC120153;FEMENINO;6128,0;5405,0;643,0;79,0;0,10492819843342037;0,012891644908616188;0,3531331592689295;0,5288838120104439
EC120154;FEMENINO;5442,0;4836,0;539,0;67,0;0,09904446894524072;0,01231165012862918;0,23759647188533628;0,6510474090407938
EC120155;FEMENINO;4922,0;4396,0;475,0;50,0;0,09650548557496952;0,010158472165786265;0,4758228362454287;0,4173100365704998
EC120250;FEMENINO;9182,0;8286,0;766,0;128,0;0,08342409061206708;0,013940318013504684;0,27009366151165326;0,632324112393814
EC120251;FEMENINO;2863,0;2538,0;278,0;44,0;0,09710094306671324;0,015368494586098498;0,2874607055536151;0,5990220048899756
EC120252;FEMENINO;3098,0;2613,0;425,0;60,0;0,13718528082633957;0,019367333763718526;0,3644286636539703;0,4790187217559716
EC120350;FEMENINO;9528,0;8833,0;630,0;62,0;0,06612090680100756;0,006507136859781696;0,5700041981528128;0,3570528967254408
EC120351;FEMENINO;559,0;519,0;35,0;5,0;0,0626118067978533;0,008944543828264758;0,6708407871198568;0,25760286225402507
EC120450;FEMENINO;5794,0;5136,0;575,0;81,0;0,09924059371763894;0,013979979288919572;0,4497756299620297;0,43665861235761133
EC120451;FEMENINO;2123,0;1876,0;188,0;58,0;0,08855393311351861;0,027319830428638718;0,37352802637776733;0,5101271785209609
EC120452;FEMENINO;7476,0;6458,0;873,0;144,0;0,11677367576243981;0,019261637239165328;0,40302300695559123;0,46080791867308724
EC120550;FEMENINO;6635,0;5983,0;596,0;56,0;0,08982667671439337;0,008440090429540317;0,3180105501130369;0,5837226827430294
EC120553;FEMENINO;4865,0;4353,0;461,0;52,0;0,0947584789311408;0,010688591983556012;0,323535457348407;0,5712230215827339
EC120555;FEMENINO;2013,0;1774,0;220,0;20,0;0,1092896174863388;0,009935419771485345;0,28812717337307503;0,5931445603576752
EC120650;FEMENINO;4701,0;4179,0;452,0;67,0;0,09614975537119762;0,014252286747500531;0,42373962986598596;0,4652201659221442
EC120651;FEMENINO;7284,0;6488,0;706,0;90,0;0,09692476661175178;0,012355848434925865;0,407331136738056;0,4833882482152663
EC120750;FEMENINO;20997,0;18661,0;2081,0;248,0;0,09910939658046387;0,011811211125398867;0,4585416964328237;0,43020431490212885
EC120752;FEMENINO;3085,0;2735,0;326,0;26,0;0,10567260940032415;0,008427876823338737;0,35235008103727716;0,5341977309562399
EC120753;FEMENINO;673,0;602,0;57,0;14,0;0,08469539375928678;0,020802377414561663;0,4962852897473997;0,39821693907875183
EC120754;FEMENINO;725,0;650,0;61,0;14,0;0,08413793103448276;0,019310344827586208;0,4317241379310345;0,46482758620689657
EC120850;FEMENINO;25498,0;22805,0;2337,0;349,0;0,09165424739195231;0,01368734802729626;0,39410934190916935;0,500274531335791
EC120851;FEMENINO;3241,0;2829,0;347,0;64,0;0,10706572045664918;0,01974699166923789;0,3316877506942302;0,5411909904350509
EC120950;FEMENINO;7990,0;7205,0;671,0;114,0;0,08397997496871089;0,014267834793491864;0,23429286608260325;0,667459324155194
EC121050;FEMENINO;22592,0;20235,0;2083,0;273,0;0,09220077903682719;0,012083923512747875;0,320246104815864;0,5754249291784702
EC121051;FEMENINO;4832,0;4403,0;378,0;51,0;0,07822847682119205;0,010554635761589404;0,25496688741721857;0,65625
EC121150;FEMENINO;16165,0;14733,0;1259,0;172,0;0,07788431797092484;0,010640272193009588;0,31759975255180944;0,5938137952366224
EC121250;FEMENINO;13671,0;12427,0;1089,0;154,0;0,07965766951942067;0,011264720942140297;0,28703094140882157;0,6219735205910321
EC121350;FEMENINO;6059,0;5543,0;437,0;81,0;0,07212411288991583;0,013368542663805908;0,47136491170160094;0,4434725202178577
EC130150;FEMENINO;8237,0;7464,0;726,0;48,0;0,08813888551657156;0,005827364331674153;0,28189874954473715;0,6242564040305937
EC130151;FEMENINO;5861,0;5331,0;485,0;45,0;0,08275038389353352;0,007677870670534039;0,32042313598362054;0,5891486094523118
EC130152;FEMENINO;2040,0;1852,0;172,0;15,0;0,08431372549019608;0,007352941176470588;0,2627450980392157;0,6450980392156863
EC130153;FEMENINO;5269,0;4675,0;522,0;70,0;0,09907003226418676;0,013285253368760675;0,26741317137976844;0,6198519643196052
EC130154;FEMENINO;1511,0;1363,0;139,0;9,0;0,09199205823957644;0,005956320317670417;0,2514890800794176;0,6505625413633356
EC130155;FEMENINO;4855,0;4344,0;459,0;49,0;0,09454170957775489;0,010092687950566427;0,2928939237899073;0,6018537590113285
EC130156;FEMENINO;3636,0;3251,0;336,0;48,0;0,0924092409240924;0,013201320132013201;0,23927392739273928;0,6548404840484049
EC130157;FEMENINO;1022,0;920,0;80,0;22,0;0,07827788649706457;0,021526418786692758;0,16731898238747553;0,7328767123287672
EC130250;FEMENINO;13603,0;12545,0;913,0;145,0;0,06711754759979416;0,010659413364698963;0,48298169521429096;0,43924134382121593
EC130350;FEMENINO;7254,0;6423,0;686,0;145,0;0,09456851392335264;0,01998897160187483;0,3687620623104494;0,5166804521643231
EC130351;FEMENINO;1498,0;1326,0;143,0;29,0;0,09546061415220294;0,019359145527369826;0,30574098798397864;0,5794392523364486
EC130352;FEMENINO;4211,0;3618,0;553,0;40,0;0,13132272619330326;0,009498931370220851;0,3538351935407267;0,5053431488957493
EC130353;FEMENINO;2541,0;2105,0;399,0;37,0;0,15702479338842976;0,014561196379378197;0,29319165682802045;0,5352223534041716
EC130354;FEMENINO;2203,0;1890,0;199,0;114,0;0,09033136631865638;0,051747616886064454;0,28960508397639584;0,5683159328188834
EC130355;FEMENINO;2017,0;1709,0;216,0;92,0;0,10708973723351513;0,04561229548834903;0,3262270699058007;0,5210708973723351
EC130356;FEMENINO;2756,0;2444,0;274,0;38,0;0,09941944847605225;0,013788098693759071;0,37844702467343977;0,5083454281567489
EC130357;FEMENINO;3280,0;3035,0;229,0;19,0;0,06981707317073171;0,005792682926829268;0,26707317073170733;0,6582317073170731
EC130450;FEMENINO;30710,0;27978,0;2436,0;290,0;0,07932269619016608;0,009443178117876913;0,47622924128948224;0,4348095083034842
EC130451;FEMENINO;1129,0;1001,0;98,0;30,0;0,08680248007085917;0,026572187776793623;0,48361381753764393;0,4030115146147033
EC130452;FEMENINO;1716,0;1545,0;147,0;24,0;0,08566433566433566;0,013986013986013986;0,48892773892773894;0,4114219114219114
EC130453;FEMENINO;3940,0;3553,0;316,0;71,0;0,08020304568527918;0,01802030456852792;0,283248730964467;0,6185279187817259
EC130454;FEMENINO;4317,0;3887,0;367,0;64,0;0,08501274032893213;0,014825110030113504;0,30020847810979845;0,6001853138753764
EC130550;FEMENINO;8692,0;7649,0;863,0;180,0;0,09928670041417395;0,020708697653014266;0,38978370915784627;0,4902208927749655
EC130551;FEMENINO;883,0;739,0;107,0;37,0;0,12117780294450736;0,04190260475651189;0,3272933182332956;0,5096262740656852
EC130552;FEMENINO;1150,0;992,0;113,0;45,0;0,09826086956521739;0,0391304347826087;0,39217391304347826;0,47043478260869565
EC130650;FEMENINO;14017,0;12850,0;1067,0;100,0;0,07612185203681245;0,007134194192765927;0,501462509809517;0,4152814439609046
EC130651;FEMENINO;1012,0;849,0;141,0;21,0;0,13932806324110672;0,020750988142292492;0,3241106719367589;0,5148221343873518
EC130652;FEMENINO;1989,0;1742,0;220,0;26,0;0,11060834590246355;0,013071895424836602;0,334841628959276;0,5409753645047762
EC130654;FEMENINO;641,0;561,0;69,0;11,0;0,10764430577223089;0,0171606864274571;0,29797191887675506;0,5772230889235569
EC130656;FEMENINO;435,0;387,0;42,0;6,0;0,09655172413793103;0,013793103448275862;0,3080459770114943;0,5816091954022988
EC130657;FEMENINO;1495,0;1322,0;165,0;8,0;0,11036789297658862;0,005351170568561873;0,29698996655518395;0,5872909698996656
EC130658;FEMENINO;1333,0;1176,0;141,0;16,0;0,10577644411102775;0,012003000750187547;0,2483120780195049;0,6339084771192798
EC130750;FEMENINO;8011,0;7332,0;572,0;104,0;0,07140182249407065;0,012982149544376482;0,3786044189239795;0,5366371239545624
EC130850;FEMENINO;29659,0;27600,0;1946,0;110,0;0,06561246164739203;0,0037088236285781717;0,4211537813142722;0,5094237836744328
EC130851;FEMENINO;1518,0;1409,0;101,0;8,0;0,06653491436100131;0,005270092226613966;0,15085638998682477;0,7773386034255599
EC130852;FEMENINO;1236,0;1148,0;79,0;9,0;0,063915857605178;0,007281553398058253;0,13673139158576053;0,7920711974110033
EC130950;FEMENINO;17310,0;15941,0;1262,0;104,0;0,07290583477758521;0,006008087810514154;0,25805892547660314;0,6628538417099942
EC130952;FEMENINO;1335,0;1251,0;70,0;14,0;0,052434456928838954;0,010486891385767791;0,2644194756554307;0,6726591760299625
EC131050;FEMENINO;7370,0;6590,0;704,0;73,0;0,0955223880597015;0,009905020352781548;0,45563093622795114;0,43853459972862957
EC131051;FEMENINO;2357,0;2150,0;182,0;27,0;0,07721680101824353;0,011455239711497667;0,37378022910479425;0,5383962664403903
EC131052;FEMENINO;3141,0;2777,0;319,0;43,0;0,10156001273479784;0,013689907672715695;0,3212352753900032;0,5628780643107291
EC131053;FEMENINO;1945,0;1670,0;218,0;57,0;0,11208226221079691;0,02930591259640103;0,2750642673521851;0,583547557840617
EC131054;FEMENINO;1499,0;1304,0;152,0;41,0;0,10140093395597065;0,027351567711807873;0,2621747831887925;0,6077384923282189
EC131150;FEMENINO;8440,0;7496,0;667,0;278,0;0,07902843601895734;0,03293838862559242;0,20722748815165876;0,6809241706161138
EC131151;FEMENINO;2306,0;1925,0;334,0;47,0;0,1448395490026019;0,020381613183000868;0,204683434518647;0,6300954032957502
EC131152;FEMENINO;2321,0;2048,0;204,0;68,0;0,08789314950452391;0,029297716501507972;0,20637656182679878;0,6760017233950883
EC131250;FEMENINO;13216,0;12121,0;997,0;96,0;0,07543886198547216;0,007263922518159807;0,28132566585956414;0,6358202179176755
EC131350;FEMENINO;9249,0;8460,0;723,0;66,0;0,07817061303924748;0,007135906584495621;0,358309006379068;0,5563844739971889
EC131351;FEMENINO;2919,0;2663,0;221,0;34,0;0,07571085988352175;0,011647824597464886;0,3114080164439877;0,6008907159986296
EC131352;FEMENINO;1941,0;1755,0;164,0;22,0;0,0844925296239052;0,011334363730036065;0,24420401854714066;0,6599690880989181
EC131353;FEMENINO;2283,0;2042,0;207,0;35,0;0,09067017082785808;0,015330705212439772;0,14410862899693386;0,7503285151116952
EC131355;FEMENINO;1659,0;1494,0;113,0;52,0;0,06811332127787824;0,03134418324291742;0,15430982519590114;0,7462326702833032
EC131450;FEMENINO;3077,0;2841,0;209,0;27,0;0,06792330191745206;0,008774780630484237;0,37276568085797857;0,5505362365940851
EC131453;FEMENINO;8316,0;7607,0;632,0;78,0;0,075998075998076;0,00937950937950938;0,2902837902837903;0,6244588744588745
EC131457;FEMENINO;4641,0;4136,0;404,0;99,0;0,08705020469726352;0,021331609566903685;0,24132730015082957;0,6498599439775911
EC131550;FEMENINO;12177,0;11367,0;704,0;101,0;0,057813911472448055;0,0082943253674961;0,28594892009526157;0,6475322328980866
EC131551;FEMENINO;1495,0;1312,0;166,0;17,0;0,11103678929765887;0,01137123745819398;0,33979933110367894;0,5377926421404682
EC131552;FEMENINO;1921,0;1748,0;164,0;9,0;0,08537220197813639;0,004685059864653826;0,3742842269651223;0,5356585111920874
EC131650;FEMENINO;6116,0;5595,0;459,0;62,0;0,0750490516677567;0,010137344669718771;0,3116415958142577;0,6031720078482669
EC131651;FEMENINO;1932,0;1782,0;135,0;15,0;0,06987577639751552;0,007763975155279503;0,2546583850931677;0,6677018633540373
EC131652;FEMENINO;2359,0;1986,0;275,0;96,0;0,1165748198389148;0,040695209834675714;0,314540059347181;0,5273420941076727
EC131653;FEMENINO;1156,0;993,0;117,0;46,0;0,10121107266435986;0,039792387543252594;0,21972318339100347;0,639273356401384
EC131750;FEMENINO;15737,0;14294,0;1226,0;216,0;0,07790557285378408;0,01372561479316261;0,26714113236322046;0,6411641354769015
EC131751;FEMENINO;3712,0;3299,0;338,0;73,0;0,09105603448275862;0,01966594827586207;0,19692887931034483;0,6918103448275862
EC131752;FEMENINO;1715,0;1563,0;121,0;31,0;0,07055393586005831;0,018075801749271137;0,2542274052478134;0,6571428571428571
EC131753;FEMENINO;1118,0;1018,0;71,0;29,0;0,06350626118067978;0,0259391771019678;0,29964221824686943;0,610912343470483
EC131850;FEMENINO;4590,0;4185,0;350,0;54,0;0,07625272331154684;0,011764705882352941;0,1991285403050109;0,712636165577342
EC131950;FEMENINO;5359,0;4919,0;398,0;42,0;0,07426758723642471;0,007837283075200598;0,27859675312558313;0,6392983765627915
EC131951;FEMENINO;2055,0;1785,0;247,0;23,0;0,12019464720194648;0,01119221411192214;0,2661800486618005;0,6024330900243309
EC131952;FEMENINO;1395,0;1274,0;104,0;17,0;0,07455197132616488;0,012186379928315413;0,33548387096774196;0,5777777777777777
EC132050;FEMENINO;5805,0;5304,0;424,0;77,0;0,07304048234280792;0,01326442721791559;0,21498708010335918;0,6987080103359173
EC132150;FEMENINO;8488,0;8056,0;389,0;40,0;0,045829406220546653;0,00471253534401508;0,1450282752120641;0,804076343072573
EC132250;FEMENINO;6811,0;6327,0;411,0;73,0;0,06034356188518573;0,0107179562472471;0,2409337835853766;0,6880046982821906
EC132251;FEMENINO;1754,0;1635,0;102,0;17,0;0,05815279361459521;0,009692132269099202;0,2331812998859749;0,6989737742303307
EC140150;FEMENINO;7654,0;7094,0;530,0;30,0;0,06924483929971256;0,003919519205644107;0,6379670760386726;0,2888685654559707
EC140151;FEMENINO;202,0;191,0;10,0;1,0;0,04950495049504951;0,0049504950495049506;0,6336633663366337;0,3118811881188119
EC140153;FEMENINO;1022,0;966,0;44,0;12,0;0,043052837573385516;0,011741682974559686;0,5841487279843445;0,3610567514677104
EC140156;FEMENINO;390,0;362,0;25,0;3,0;0,0641025641025641;0,007692307692307693;0,6025641025641025;0,32564102564102565
EC140157;FEMENINO;4756,0;4505,0;197,0;54,0;0,04142136248948696;0,011354079058031959;0,7005887300252313;0,2466358284272498
EC140158;FEMENINO;412,0;381,0;30,0;1,0;0,07281553398058252;0,0024271844660194173;0,5485436893203883;0,3762135922330097
EC140160;FEMENINO;100,0;96,0;4,0;0,0;0,04;0,0;0,82;0,14
EC140162;FEMENINO;765,0;714,0;40,0;11,0;0,05228758169934641;0,01437908496732026;0,6928104575163399;0,24052287581699347
EC140164;FEMENINO;811,0;769,0;38,0;4,0;0,0468557336621455;0,004932182490752158;0,6091245376078915;0,33908754623921084
EC140250;FEMENINO;3357,0;3188,0;148,0;20,0;0,04408698242478403;0,005957700327673518;0,711349419124218;0,23830801310694072
EC140251;FEMENINO;100,0;93,0;7,0;0,0;0,07;0,0;0,61;0,32
EC140252;FEMENINO;98,0;96,0;1,0;1,0;0,01020408163265306;0,01020408163265306;0,6122448979591837;0,3673469387755102
EC140253;FEMENINO;1746,0;1659,0;72,0;15,0;0,041237113402061855;0,00859106529209622;0,761168384879725;0,18900343642611683
EC140254;FEMENINO;205,0;201,0;3,0;1,0;0,014634146341463415;0,004878048780487805;0,7853658536585366;0,1951219512195122
EC140255;FEMENINO;234,0;214,0;19,0;1,0;0,0811965811965812;0,004273504273504274;0,7094017094017094;0,20512820512820512
EC140256;FEMENINO;276,0;263,0;12,0;1,0;0,043478260869565216;0,0036231884057971015;0,6811594202898551;0,2717391304347826
EC140257;FEMENINO;76,0;74,0;1,0;1,0;0,013157894736842105;0,013157894736842105;0,5657894736842105;0,40789473684210525
EC140258;FEMENINO;304,0;286,0;17,0;1,0;0,05592105263157895;0,003289473684210526;0,6381578947368421;0,3026315789473684
EC140350;FEMENINO;1590,0;1528,0;53,0;9,0;0,03333333333333333;0,005660377358490566;0,7572327044025158;0,2037735849056604
EC140351;FEMENINO;344,0;327,0;14,0;3,0;0,040697674418604654;0,00872093023255814;0,627906976744186;0,3226744186046512
EC140353;FEMENINO;564,0;531,0;30,0;3,0;0,05319148936170213;0,005319148936170213;0,8120567375886525;0,12943262411347517
EC140356;FEMENINO;176,0;153,0;23,0;0,0;0,13068181818181818;0,0;0,4318181818181818;0,4375
EC140357;FEMENINO;298,0;288,0;6,0;4,0;0,020134228187919462;0,013422818791946308;0,6845637583892618;0,28187919463087246
EC140358;FEMENINO;397,0;381,0;16,0;0,0;0,04030226700251889;0,0;0,6171284634760705;0,3425692695214106
EC140450;FEMENINO;1756,0;1650,0;99,0;7,0;0,056378132118451024;0,003986332574031891;0,6605922551252847;0,27904328018223234
EC140451;FEMENINO;266,0;256,0;8,0;2,0;0,03007518796992481;0,007518796992481203;0,5488721804511278;0,41353383458646614
EC140452;FEMENINO;191,0;182,0;7,0;2,0;0,03664921465968586;0,010471204188481676;0,643979057591623;0,3089005235602094
EC140454;FEMENINO;725,0;703,0;18,0;4,0;0,02482758620689655;0,005517241379310344;0,6303448275862069;0,3393103448275862
EC140455;FEMENINO;470,0;445,0;20,0;5,0;0,0425531914893617;0,010638297872340425;0,625531914893617;0,32127659574468087
EC140550;FEMENINO;1203,0;1135,0;56,0;12,0;0,046550290939318374;0,00997506234413965;0,656691604322527;0,286783042394015
EC140551;FEMENINO;143,0;136,0;7,0;0,0;0,04895104895104895;0,0;0,48951048951048953;0,46153846153846156
EC140552;FEMENINO;217,0;207,0;8,0;2,0;0,03686635944700461;0,009216589861751152;0,5483870967741935;0,4055299539170507
EC140553;FEMENINO;608,0;573,0;22,0;13,0;0,03618421052631579;0,02138157894736842;0,6233552631578947;0,3190789473684211
EC140554;FEMENINO;243,0;232,0;11,0;0,0;0,04526748971193416;0,0;0,551440329218107;0,40329218106995884
EC140556;FEMENINO;574,0;556,0;18,0;0,0;0,0313588850174216;0,0;0,6898954703832753;0,2787456445993031
EC140557;FEMENINO;514,0;490,0;21,0;3,0;0,04085603112840467;0,005836575875486381;0,6498054474708171;0,3035019455252918
EC140650;FEMENINO;5024,0;4723,0;270,0;30,0;0,05374203821656051;0,005971337579617835;0,6035031847133758;0,3365843949044586
EC140651;FEMENINO;745,0;719,0;21,0;5,0;0,028187919463087248;0,006711409395973154;0,6080536912751678;0,35704697986577183
EC140652;FEMENINO;1125,0;1080,0;42,0;3,0;0,037333333333333336;0,0026666666666666666;0,5813333333333334;0,37866666666666665
EC140655;FEMENINO;313,0;293,0;18,0;2,0;0,05750798722044728;0,006389776357827476;0,48881789137380194;0,4472843450479233
EC140750;FEMENINO;1333,0;1245,0;74,0;14,0;0,0555138784696174;0,010502625656414103;0,609152288072018;0,32483120780195046
EC140751;FEMENINO;1861,0;1704,0;141,0;16,0;0,07576571735626007;0,008597528210639442;0,6996238581407845;0,21601289629231596
EC140850;FEMENINO;820,0;783,0;32,0;5,0;0,03902439024390244;0,006097560975609756;0,574390243902439;0,3804878048780488
EC140851;FEMENINO;114,0;109,0;5,0;0,0;0,043859649122807015;0,0;0,4473684210526316;0,5087719298245614
EC140852;FEMENINO;312,0;303,0;6,0;3,0;0,019230769230769232;0,009615384615384616;0,8108974358974359;0,16025641025641027
EC140853;FEMENINO;97,0;94,0;2,0;1,0;0,020618556701030927;0,010309278350515464;0,5463917525773195;0,422680412371134
EC140854;FEMENINO;153,0;149,0;4,0;0,0;0,026143790849673203;0,0;0,6470588235294118;0,32679738562091504
EC140950;FEMENINO;2276,0;2121,0;131,0;23,0;0,05755711775043937;0,010105448154657293;0,7666959578207382;0,16520210896309315
EC140951;FEMENINO;680,0;638,0;38,0;4,0;0,05588235294117647;0,0058823529411764705;0,47205882352941175;0,4661764705882353
EC140952;FEMENINO;1938,0;1798,0;116,0;24,0;0,05985552115583075;0,01238390092879257;0,8312693498452013;0,09649122807017543
EC140953;FEMENINO;1606,0;1546,0;55,0;5,0;0,03424657534246575;0,00311332503113325;0,813200498132005;0,149439601494396
EC140954;FEMENINO;812,0;783,0;25,0;4,0;0,03078817733990148;0,0049261083743842365;0,8669950738916257;0,09729064039408868
EC141050;FEMENINO;943,0;880,0;58,0;5,0;0,061505832449628844;0,005302226935312832;0,591728525980912;0,34146341463414637
EC141051;FEMENINO;668,0;633,0;27,0;8,0;0,040419161676646706;0,011976047904191617;0,7574850299401198;0,19011976047904192
EC141052;FEMENINO;896,0;805,0;26,0;65,0;0,029017857142857144;0,07254464285714286;0,6897321428571429;0,20870535714285715
EC141150;FEMENINO;764,0;731,0;29,0;4,0;0,03795811518324607;0,005235602094240838;0,6963350785340314;0,2604712041884817
EC141250;FEMENINO;1662,0;1583,0;66,0;12,0;0,039711191335740074;0,007220216606498195;0,6684717208182912;0,28399518652226236
EC141251;FEMENINO;1108,0;1037,0;56,0;15,0;0,05054151624548736;0,013537906137184115;0,6254512635379061;0,3104693140794224
EC150150;FEMENINO;13419,0;12800,0;554,0;65,0;0,04128474551009762;0,004843878083314703;0,7549742901855578;0,1988970862210299
EC150151;FEMENINO;2412,0;2328,0;76,0;8,0;0,03150912106135987;0,003316749585406302;0,7661691542288557;0,19900497512437812
EC150153;FEMENINO;2431,0;2334,0;87,0;10,0;0,03578774167009461;0,004113533525298231;0,7540106951871658;0,20608802961744138
EC150154;FEMENINO;796,0;774,0;21,0;1,0;0,026381909547738693;0,001256281407035176;0,8530150753768844;0,11934673366834171
EC150155;FEMENINO;1878,0;1821,0;55,0;2,0;0,029286474973375932;0,0010649627263045794;0,7678381256656017;0,2018104366347178
EC150156;FEMENINO;2250,0;2157,0;81,0;12,0;0,036;0,005333333333333333;0,7551111111111111;0,20355555555555555
EC150157;FEMENINO;1335,0;1319,0;14,0;2,0;0,010486891385767791;0,00149812734082397;0,7790262172284644;0,20898876404494382
EC150158;FEMENINO;1704,0;1661,0;41,0;2,0;0,024061032863849766;0,0011737089201877935;0,784037558685446;0,19072769953051644
EC150350;FEMENINO;6144,0;5845,0;276,0;23,0;0,044921875;0,0037434895833333335;0,6809895833333334;0,2703450520833333
EC150352;FEMENINO;2419,0;2289,0;118,0;12,0;0,04878048780487805;0,004960727573377429;0,6688714344770567;0,2773873501446879
EC150354;FEMENINO;1386,0;1315,0;63,0;8,0;0,045454545454545456;0,005772005772005772;0,6313131313131313;0,31746031746031744
EC150356;FEMENINO;958,0;912,0;40,0;6,0;0,04175365344467641;0,006263048016701462;0,48434237995824636;0,46764091858037576
EC150450;FEMENINO;2010,0;1871,0;131,0;8,0;0,06517412935323383;0,003980099502487562;0,5019900497512437;0,42885572139303485
EC150451;FEMENINO;287,0;261,0;13,0;13,0;0,04529616724738676;0,04529616724738676;0,49477351916376305;0,4146341463414634
EC150452;FEMENINO;146,0;138,0;7,0;1,0;0,04794520547945205;0,00684931506849315;0,363013698630137;0,5821917808219178
EC150453;FEMENINO;269,0;262,0;6,0;1,0;0,022304832713754646;0,0037174721189591076;0,12267657992565056;0,8513011152416357
EC150454;FEMENINO;565,0;543,0;21,0;1,0;0,03716814159292035;0,0017699115044247787;0,4814159292035398;0,479646017699115
EC150455;FEMENINO;231,0;216,0;15,0;0,0;0,06493506493506493;0,0;0,5670995670995671;0,36796536796536794
EC150750;FEMENINO;898,0;849,0;49,0;0,0;0,05456570155902005;0,0;0,6414253897550112;0,3040089086859688
EC150751;FEMENINO;203,0;187,0;16,0;0,0;0,07881773399014778;0,0;0,5714285714285714;0,3497536945812808
EC150752;FEMENINO;245,0;230,0;15,0;0,0;0,061224489795918366;0,0;0,46530612244897956;0,47346938775510206
EC150753;FEMENINO;292,0;276,0;15,0;1,0;0,05136986301369863;0,003424657534246575;0,4589041095890411;0,4863013698630137
EC150754;FEMENINO;934,0;888,0;43,0;3,0;0,046038543897216275;0,0032119914346895075;0,6552462526766595;0,2955032119914347
EC150756;FEMENINO;124,0;118,0;6,0;0,0;0,04838709677419355;0,0;0,5887096774193549;0,3629032258064516
EC150950;FEMENINO;1667,0;1613,0;51,0;3,0;0,03059388122375525;0,001799640071985603;0,7498500299940012;0,21775644871025795
EC160150;FEMENINO;15257,0;14550,0;680,0;25,0;0,044569705708854955;0,0016385921216490792;0,7538179196434424;0,1998426951563217
EC160152;FEMENINO;798,0;725,0;69,0;4,0;0,08646616541353383;0,005012531328320802;0,6954887218045113;0,21303258145363407
EC160154;FEMENINO;738,0;695,0;38,0;5,0;0,051490514905149054;0,006775067750677507;0,7493224932249323;0,19241192411924118
EC160155;FEMENINO;686,0;653,0;27,0;6,0;0,03935860058309038;0,008746355685131196;0,7667638483965015;0,18513119533527697
EC160156;FEMENINO;1065,0;979,0;69,0;17,0;0,0647887323943662;0,01596244131455399;0,7126760563380282;0,20657276995305165
EC160157;FEMENINO;170,0;166,0;4,0;0,0;0,023529411764705882;0,0;0,7411764705882353;0,23529411764705882
EC160158;FEMENINO;105,0;96,0;8,0;1,0;0,0761904761904762;0,009523809523809525;0,5333333333333333;0,38095238095238093
EC160159;FEMENINO;206,0;190,0;16,0;0,0;0,07766990291262135;0,0;0,5728155339805825;0,34951456310679613
EC160161;FEMENINO;1086,0;747,0;334,0;5,0;0,30755064456721914;0,004604051565377533;0,4438305709023941;0,2440147329650092
EC160162;FEMENINO;2323,0;2218,0;99,0;5,0;0,04261730520878175;0,002152389151958674;0,7649591046061128;0,18984072320275505
EC160163;FEMENINO;1689,0;1615,0;65,0;9,0;0,03848431024274719;0,0053285968028419185;0,69449378330373;0,2616933096506809
EC160164;FEMENINO;454,0;427,0;26,0;1,0;0,05726872246696035;0,0022026431718061676;0,698237885462555;0,2422907488986784
EC160165;FEMENINO;957,0;914,0;38,0;5,0;0,03970741901776385;0,00522466039707419;0,7523510971786834;0,2027168234064786
EC160166;FEMENINO;649,0;620,0;26,0;3,0;0,040061633281972264;0,004622496147919877;0,6317411402157165;0,3235747303543914
EC160250;FEMENINO;695,0;666,0;27,0;2,0;0,03884892086330935;0,0028776978417266188;0,7482014388489209;0,21007194244604316
EC160251;FEMENINO;868,0;824,0;39,0;5,0;0,044930875576036866;0,00576036866359447;0,6094470046082949;0,33986175115207373
EC160252;FEMENINO;3041,0;2916,0;112,0;11,0;0,03682999013482407;0,0036172311739559354;0,7517264057875699;0,2071686945083854
EC160350;FEMENINO;1511,0;1445,0;60,0;6,0;0,03970880211780278;0,003970880211780278;0,6300463269358041;0,32627399073461283
EC160351;FEMENINO;415,0;399,0;15,0;1,0;0,03614457831325301;0,0024096385542168677;0,7325301204819277;0,2289156626506024
EC160450;FEMENINO;1753,0;1699,0;49,0;5,0;0,027952082144894468;0,002852253280091272;0,7016543069024529;0,2675413576725613
EC160451;FEMENINO;936,0;874,0;53,0;9,0;0,056623931623931624;0,009615384615384616;0,5779914529914529;0,3557692307692308
EC170151;FEMENINO;8458,0;7909,0;518,0;30,0;0,06124379285883187;0,0035469378103570584;0,5906833766847954;0,34440766138567036
EC170152;FEMENINO;12195,0;11149,0;984,0;60,0;0,08068880688806888;0,004920049200492005;0,48560885608856086;0,42861828618286185
EC170153;FEMENINO;750,0;668,0;79,0;3,0;0,10533333333333333;0,004;0,5466666666666666;0,344
EC170154;FEMENINO;2017,0;1849,0;164,0;5,0;0,0813088745661874;0,002478929102627665;0,5176003966286564;0,39910758552305403
EC170155;FEMENINO;64610,0;59580,0;4809,0;207,0;0,07443120260021668;0,003203838415106021;0,5332146726512924;0,38893360160965795
EC170156;FEMENINO;37785,0;35505,0;2207,0;70,0;0,05840942172819902;0,0018525870054254335;0,6587005425433373;0,28095805213709146
EC170157;FEMENINO;16299,0;15598,0;671,0;24,0;0,04116816982636971;0,0014724829744156083;0,745505859255169;0,21148536720044175
EC170158;FEMENINO;316,0;279,0;32,0;4,0;0,10126582278481013;0,012658227848101266;0,5253164556962026;0,3575949367088608
EC170159;FEMENINO;3239,0;2927,0;291,0;17,0;0,0898425439950602;0,005248533497993208;0,38808274158690953;0,5155912318616857
EC170160;FEMENINO;7459,0;6821,0;585,0;50,0;0,07842874379943693;0,00670331143584931;0,43276578629843143;0,48169995978013136
EC170161;FEMENINO;705,0;650,0;51,0;4,0;0,07234042553191489;0,005673758865248227;0,5134751773049645;0,4085106382978723
EC170162;FEMENINO;1471,0;1353,0;114,0;4,0;0,07749830047586675;0,002719238613188307;0,47586675730795375;0,44391570360299115
EC170163;FEMENINO;6748,0;6186,0;520,0;38,0;0,07705986959098993;0,005631298162418494;0,460284528749259;0,45643153526970953
EC170164;FEMENINO;3201,0;2951,0;236,0;13,0;0,07372696032489846;0,004061230865354577;0,44392377382068104;0,47797563261480785
EC170165;FEMENINO;4424,0;4058,0;347,0;19,0;0,07843580470162749;0,004294755877034358;0,527124773960217;0,39014466546112114
EC170166;FEMENINO;825,0;759,0;63,0;3,0;0,07636363636363637;0,0036363636363636364;0,5296969696969697;0,3903030303030303
EC170168;FEMENINO;918,0;819,0;95,0;4,0;0,10348583877995643;0,004357298474945534;0,5087145969498911;0,38344226579520696
EC170169;FEMENINO;1273,0;1129,0;135,0;9,0;0,10604870384917518;0,007069913589945012;0,5113904163393559;0,37549096622152395
EC170170;FEMENINO;5021,0;4688,0;281,0;52,0;0,05596494722166899;0,010356502688707428;0,6783509261103365;0,255327623979287
EC170171;FEMENINO;607,0;552,0;49,0;6,0;0,08072487644151564;0,009884678747940691;0,4925864909390445;0,41680395387149916
EC170172;FEMENINO;1548,0;1388,0;152,0;8,0;0,09819121447028424;0,00516795865633075;0,522609819121447;0,374031007751938
EC170174;FEMENINO;363,0;341,0;22,0;0,0;0,06060606060606061;0,0;0,6033057851239669;0,33608815426997246
EC170175;FEMENINO;7388,0;6732,0;608,0;48,0;0,08229561451001624;0,006497022198159177;0,4510016242555495;0,46020573903627504
EC170176;FEMENINO;7962,0;7421,0;499,0;40,0;0,06267269530268776;0,005023863350916855;0,43556895252449135;0,4964832956543582
EC170177;FEMENINO;14055,0;13222,0;771,0;60,0;0,05485592315901814;0,004268943436499467;0,6332977588046959;0,30743507648523655
EC170178;FEMENINO;2433,0;2164,0;240,0;29,0;0,09864364981504316;0,011919441019317715;0,468557336621455;0,4208795725441841
EC170179;FEMENINO;6077,0;5642,0;409,0;26,0;0,06730294553233504;0,004278426855356262;0,5053480335691953;0,42307059404311337
EC170180;FEMENINO;14372,0;13260,0;1064,0;47,0;0,07403284163651545;0,0032702477038686335;0,5223350960200389;0,40029223490119675
EC170181;FEMENINO;2448,0;2164,0;263,0;21,0;0,10743464052287582;0,00857843137254902;0,44281045751633985;0,4411764705882353
EC170183;FEMENINO;1238,0;1124,0;105,0;9,0;0,08481421647819062;0,007269789983844911;0,5153473344103393;0,3925686591276252
EC170184;FEMENINO;24095,0;22211,0;1784,0;100,0;0,0740402573147956;0,004150238638721726;0,5775057065781283;0,34430379746835443
EC170185;FEMENINO;8282,0;7566,0;669,0;47,0;0,08077758995411737;0,0056749577396764065;0,4492876116879981;0,4642598406182082
EC170186;FEMENINO;2379,0;2216,0;158,0;5,0;0,0664144598570828;0,002101723413198823;0,5670449768810425;0,3644388398486759
EC170250;FEMENINO;2933,0;2630,0;286,0;17,0;0,09751108080463688;0,005796113194681214;0,32526423457211046;0,5714285714285714
EC170251;FEMENINO;2181,0;2008,0;166,0;7,0;0,0761118752865658;0,0032095369096744614;0,4676753782668501;0,4530032095369097
EC170252;FEMENINO;6160,0;5405,0;688,0;67,0;0,11168831168831168;0,010876623376623377;0,20746753246753247;0,6699675324675325
EC170253;FEMENINO;2965,0;2646,0;292,0;27,0;0,0984822934232715;0,009106239460370995;0,2114671163575042;0,6809443507588533
EC170254;FEMENINO;1182,0;1060,0;114,0;8,0;0,09644670050761421;0,00676818950930626;0,2715736040609137;0,6252115059221658
EC170255;FEMENINO;1714,0;1557,0;150,0;7,0;0,08751458576429405;0,004084014002333722;0,41831971995332556;0,49008168028004667
EC170256;FEMENINO;3497,0;3208,0;259,0;30,0;0,07406348298541607;0,008578781812982557;0,3248498713182728;0,5925078638833285
EC170350;FEMENINO;14394,0;13295,0;1047,0;50,0;0,07273864110045852;0,003473669584549118;0,6185910796165068;0,3050576629151035
EC170351;FEMENINO;3764,0;3440,0;315,0;9,0;0,08368756641870351;0,002391073326248672;0,5722635494155154;0,3416578108395324
EC170352;FEMENINO;2805,0;2610,0;183,0;12,0;0,06524064171122995;0,0042780748663101605;0,5550802139037433;0,3754010695187166
EC170353;FEMENINO;6808,0;6217,0;564,0;27,0;0,08284371327849589;0,003965922444183314;0,4403642773207991;0,47282608695652173
EC170354;FEMENINO;602,0;567,0;32,0;3,0;0,053156146179401995;0,0049833887043189366;0,5066445182724253;0,43521594684385384
EC170355;FEMENINO;1070,0;953,0;110,0;7,0;0,102803738317757;0,0065420560747663555;0,5336448598130841;0,35700934579439253
EC170356;FEMENINO;4233,0;3810,0;363,0;57,0;0,08575478384124734;0,013465627214741318;0,5485471296952515;0,35152374202693126
EC170357;FEMENINO;1722,0;1602,0;119,0;1,0;0,06910569105691057;0,0005807200929152149;0,6300813008130082;0,30023228803716606
EC170450;FEMENINO;7910,0;7271,0;595,0;44,0;0,0752212389380531;0,005562579013906448;0,36573957016434894;0,5534766118836916
EC170451;FEMENINO;1478,0;1338,0;125,0;15,0;0,08457374830852503;0,010148849797023005;0,40054127198917455;0,5047361299052774
EC170452;FEMENINO;2039,0;1856,0;161,0;22,0;0,07896027464443355;0,010789602746444336;0,3658656204021579;0,5443845022069642
EC170453;FEMENINO;722,0;665,0;53,0;4,0;0,07340720221606649;0,00554016620498615;0,36149584487534625;0,5595567867036011
EC170454;FEMENINO;2030,0;1864,0;159,0;8,0;0,07832512315270936;0,003940886699507389;0,2512315270935961;0,6669950738916256
EC170550;FEMENINO;30469,0;28538,0;1842,0;80,0;0,06045488857527323;0,002625619482096557;0,6134431717483344;0,32318093800256
EC170551;FEMENINO;1290,0;1195,0;92,0;3,0;0,07131782945736434;0,002325581395348837;0,5209302325581395;0,4054263565891473
EC170552;FEMENINO;254,0;228,0;24,0;2,0;0,09448818897637795;0,007874015748031496;0,4094488188976378;0,4881889763779528
EC170750;FEMENINO;4154,0;3911,0;218,0;25,0;0,05247953779489649;0,00601829561868079;0,5630717380837746;0,3784304285026481
EC170751;FEMENINO;1021,0;968,0;45,0;8,0;0,04407443682664055;0,007835455435847209;0,604309500489716;0,3437806072477963
EC170850;FEMENINO;5551,0;5170,0;355,0;26,0;0,06395244100162133;0,00468384074941452;0,5098180508016573;0,4215456674473068
EC170950;FEMENINO;7765,0;7105,0;498,0;162,0;0,06413393432066967;0,02086284610431423;0,42459755312298775;0,4904056664520283
EC180150;FEMENINO;1530,0;1435,0;94,0;1,0;0,06143790849673202;0,00065359477124183;0,7627450980392156;0,17516339869281045
EC180151;FEMENINO;1667,0;1496,0;160,0;11,0;0,09598080383923216;0,0065986802639472104;0,6010797840431914;0,29634073185362925
EC180152;FEMENINO;3784,0;3542,0;231,0;10,0;0,061046511627906974;0,002642706131078224;0,732293868921776;0,20375264270613108
EC180153;FEMENINO;3508,0;3253,0;242,0;13,0;0,06898517673888255;0,0037058152793614596;0,7371721778791334;0,19013683010262258
EC180154;FEMENINO;1059,0;963,0;93,0;3,0;0,08781869688385269;0,0028328611898017;0,7554296506137866;0,153918791312559
EC180155;FEMENINO;3806,0;3645,0;150,0;11,0;0,0394114555964267;0,002890173410404624;0,7514450867052023;0,20625328428796638
EC180156;FEMENINO;7938,0;7459,0;449,0;30,0;0,05656336608717561;0,003779289493575208;0,7533383723859914;0,18631897203325776
EC180157;FEMENINO;2991,0;2708,0;262,0;21,0;0,08759612169842862;0,007021063189568706;0,7265128719491809;0,1788699431628218
EC180158;FEMENINO;1349,0;1286,0;61,0;2,0;0,0452186805040771;0,0014825796886582653;0,7435137138621201;0,20978502594514456
EC180159;FEMENINO;2311,0;2042,0;247,0;22,0;0,10688013846819559;0,009519688446559932;0,6170488965815665;0,26655127650367805
EC180160;FEMENINO;5609,0;5280,0;305,0;24,0;0,054376894277054735;0,004278837582456766;0,7846318416830095;0,15671242645747904
EC180161;FEMENINO;4730,0;4231,0;434,0;64,0;0,09175475687103594;0,013530655391120507;0,6355179704016913;0,25898520084566595
EC180162;FEMENINO;3913,0;3331,0;536,0;46,0;0,13697929976999745;0,011755686174290826;0,6307181190902121;0,22054689496549962
EC180163;FEMENINO;3364,0;3153,0;197,0;14,0;0,058561236623067774;0,004161712247324614;0,7571343638525565;0,18014268727705113
EC180164;FEMENINO;941,0;824,0;105,0;12,0;0,11158342189160468;0,012752391073326248;0,5866099893730075;0,28905419766206164
EC180165;FEMENINO;7275,0;6678,0;557,0;39,0;0,07656357388316151;0,0053608247422680414;0,6989690721649484;0,21896907216494846
EC180166;FEMENINO;2582,0;2430,0;142,0;9,0;0,054996127033307515;0,0034856700232378003;0,710302091402014;0,2308288148721921
EC180167;FEMENINO;1698,0;1612,0;77,0;9,0;0,04534746760895171;0,00530035335689046;0,7326266195524146;0,21672555948174324
EC180168;FEMENINO;1300,0;1228,0;62,0;10,0;0,047692307692307694;0,007692307692307693;0,7661538461538462;0,17846153846153845
EC180250;FEMENINO;6686,0;6299,0;371,0;15,0;0,05548908166317679;0,002243493867783428;0,6915943763087048;0,2505234819024828
EC180251;FEMENINO;173,0;151,0;19,0;3,0;0,10982658959537572;0,017341040462427744;0,6011560693641619;0,27167630057803466
EC180252;FEMENINO;417,0;376,0;40,0;1,0;0,09592326139088729;0,002398081534772182;0,5107913669064749;0,3908872901678657
EC180253;FEMENINO;501,0;463,0;37,0;1,0;0,07385229540918163;0,001996007984031936;0,5728542914171657;0,35129740518962077
EC180254;FEMENINO;795,0;735,0;56,0;4,0;0,07044025157232704;0,005031446540880503;0,6264150943396226;0,2981132075471698
EC180350;FEMENINO;3647,0;3459,0;182,0;9,0;0,04990403071017274;0,0024677817384151355;0,7153825061694543;0,23306827529476282
EC180450;FEMENINO;2541,0;2424,0;114,0;2,0;0,0448642266824085;0,0007870916961826052;0,7709563164108618;0,18299881936245574
EC180451;FEMENINO;419,0;385,0;31,0;3,0;0,07398568019093078;0,007159904534606206;0,6706443914081146;0,24821002386634844
EC180550;FEMENINO;3422,0;3226,0;190,0;6,0;0,055523085914669784;0,0017533606078316774;0,7521917007597896;0,19053185271770895
EC180551;FEMENINO;493,0;441,0;49,0;3,0;0,09939148073022312;0,006085192697768763;0,6815415821501014;0,2129817444219067
EC180552;FEMENINO;407,0;383,0;19,0;5,0;0,04668304668304668;0,012285012285012284;0,7641277641277642;0,1769041769041769
EC180553;FEMENINO;931,0;891,0;33,0;7,0;0,03544575725026853;0,007518796992481203;0,7776584317937701;0,17937701396348013
EC180650;FEMENINO;6696,0;6385,0;271,0;40,0;0,04047192353643966;0,005973715651135006;0,8107825567502986;0,14277180406212664
EC180651;FEMENINO;658,0;611,0;44,0;3,0;0,0668693009118541;0,004559270516717325;0,7507598784194529;0,1778115501519757
EC180652;FEMENINO;522,0;500,0;21,0;1,0;0,040229885057471264;0,0019157088122605363;0,7662835249042146;0,19157088122605365
EC180750;FEMENINO;11501,0;10928,0;505,0;69,0;0,043909225284757845;0,00599947830623424;0,7849752195461265;0,16520302582384142
EC180751;FEMENINO;917,0;863,0;52,0;2,0;0,05670665212649945;0,0021810250817884407;0,7546346782988005;0,18647764449291168
EC180752;FEMENINO;1012,0;950,0;61,0;1,0;0,06027667984189723;0,0009881422924901185;0,8241106719367589;0,11462450592885376
EC180753;FEMENINO;796,0;749,0;40,0;7,0;0,05025125628140704;0,008793969849246231;0,6482412060301508;0,292713567839196
EC180754;FEMENINO;888,0;817,0;64,0;7,0;0,07207207207207207;0,007882882882882882;0,6880630630630631;0,23198198198198197
EC180755;FEMENINO;1084,0;995,0;87,0;2,0;0,08025830258302583;0,0018450184501845018;0,6845018450184502;0,2333948339483395
EC180756;FEMENINO;1339,0;1254,0;77,0;8,0;0,05750560119492158;0,00597460791635549;0,7640029873039582;0,17251680358476476
EC180757;FEMENINO;3132,0;2855,0;269,0;6,0;0,08588761174968071;0,0019157088122605363;0,7608556832694764;0,15070242656449553
EC180758;FEMENINO;2192,0;1940,0;225,0;27,0;0,10264598540145986;0,012317518248175183;0,6779197080291971;0,2071167883211679
EC180850;FEMENINO;6503,0;6236,0;246,0;21,0;0,03782869444871598;0,0032292787944025836;0,8087036752268184;0,15023835153006304
EC180851;FEMENINO;151,0;148,0;2,0;1,0;0,013245033112582781;0,006622516556291391;0,9006622516556292;0,07947019867549669
EC180852;FEMENINO;610,0;573,0;35,0;2,0;0,05737704918032787;0,003278688524590164;0,7721311475409836;0,16721311475409836
EC180853;FEMENINO;874,0;844,0;27,0;3,0;0,030892448512585814;0,003432494279176201;0,8352402745995423;0,13043478260869565
EC180854;FEMENINO;664,0;629,0;33,0;2,0;0,04969879518072289;0,0030120481927710845;0,7921686746987951;0,15512048192771086
EC180855;FEMENINO;4815,0;4360,0;420,0;34,0;0,08722741433021806;0,007061266874350987;0,6479750778816199;0,25752855659397716
EC180856;FEMENINO;835,0;765,0;64,0;6,0;0,07664670658682635;0,00718562874251497;0,688622754491018;0,2275449101796407
EC180857;FEMENINO;1990,0;1882,0;96,0;11,0;0,04824120603015075;0,005527638190954774;0,7864321608040201;0,1592964824120603
EC180950;FEMENINO;4179,0;3924,0;232,0;23,0;0,055515673606125866;0,005503709021296961;0,6872457525723857;0,2517348648001914
EC180951;FEMENINO;377,0;365,0;12,0;0,0;0,03183023872679045;0,0;0,830238726790451;0,13793103448275862
EC190150;FEMENINO;5707,0;5501,0;188,0;17,0;0,03294200105134046;0,002978797967408446;0,7737865778868057;0,19011739968459787
EC190151;FEMENINO;1393,0;1340,0;46,0;7,0;0,033022254127781765;0,005025125628140704;0,7343862167982771;0,22756640344580042
EC190152;FEMENINO;1182,0;1128,0;45,0;9,0;0,03807106598984772;0,007614213197969543;0,7013536379018612;0,2529610829103215
EC190153;FEMENINO;414,0;400,0;13,0;1,0;0,03140096618357488;0,0024154589371980675;0,7753623188405797;0,19082125603864733
EC190155;FEMENINO;307,0;293,0;12,0;2,0;0,03908794788273615;0,006514657980456026;0,6644951140065146;0,2899022801302932
EC190156;FEMENINO;747,0;737,0;8,0;2,0;0,0107095046854083;0,002677376171352075;0,8313253012048193;0,15528781793842034
EC190158;FEMENINO;619,0;594,0;20,0;5,0;0,03231017770597738;0,008077544426494346;0,7043618739903069;0,2552504038772213
EC190250;FEMENINO;2229,0;2143,0;73,0;13,0;0,03275011215791835;0,005832211754149843;0,6200089726334679;0,3414087034544639
EC190251;FEMENINO;434,0;423,0;9,0;2,0;0,020737327188940093;0,004608294930875576;0,5829493087557603;0,391705069124424
EC190252;FEMENINO;149,0;145,0;4,0;0,0;0,026845637583892617;0,0;0,7651006711409396;0,2080536912751678
EC190254;FEMENINO;118,0;112,0;3,0;3,0;0,025423728813559324;0,025423728813559324;0,5677966101694916;0,3813559322033898
EC190256;FEMENINO;73,0;71,0;2,0;0,0;0,0273972602739726;0,0;0,6027397260273972;0,3698630136986301
EC190259;FEMENINO;164,0;154,0;7,0;3,0;0,042682926829268296;0,018292682926829267;0,5853658536585366;0,35365853658536583
EC190350;FEMENINO;1255,0;1199,0;45,0;11,0;0,035856573705179286;0,008764940239043825;0,601593625498008;0,3537848605577689
EC190351;FEMENINO;634,0;600,0;31,0;3,0;0,04889589905362776;0,00473186119873817;0,5678233438485805;0,3785488958990536
EC190352;FEMENINO;288,0;275,0;11,0;2,0;0,03819444444444445;0,006944444444444444;0,75;0,2048611111111111
EC190353;FEMENINO;215,0;206,0;9,0;0,0;0,04186046511627907;0,0;0,6465116279069767;0,3116279069767442
EC190450;FEMENINO;1271,0;1187,0;60,0;24,0;0,04720692368214005;0,01888276947285602;0,6860739575137687;0,24783634933123525
EC190451;FEMENINO;701,0;656,0;43,0;2,0;0,06134094151212553;0,0028530670470756064;0,7303851640513552;0,20542082738944364
EC190452;FEMENINO;356,0;326,0;27,0;3,0;0,07584269662921349;0,008426966292134831;0,5674157303370787;0,34831460674157305
EC190550;FEMENINO;5374,0;5089,0;255,0;30,0;0,04745068850018608;0,005582433941198363;0,6745441012281355;0,27242277633048007
EC190551;FEMENINO;893,0;839,0;48,0;6,0;0,05375139977603583;0,006718924972004479;0,6606942889137738;0,2788353863381859
EC190553;FEMENINO;1475,0;1401,0;65,0;9,0;0,04406779661016949;0,006101694915254237;0,5755932203389831;0,3742372881355932
EC190650;FEMENINO;2705,0;2569,0;113,0;23,0;0,04177449168207024;0,008502772643253234;0,6872458410351201;0,26247689463955637
EC190651;FEMENINO;520,0;488,0;29,0;3,0;0,05576923076923077;0,0057692307692307696;0,6480769230769231;0,2903846153846154
EC190652;FEMENINO;523,0;492,0;29,0;2,0;0,055449330783938815;0,0038240917782026767;0,5946462715105163;0,34608030592734224
EC190653;FEMENINO;362,0;343,0;16,0;3,0;0,04419889502762431;0,008287292817679558;0,6353591160220995;0,31215469613259667
EC190750;FEMENINO;1958,0;1881,0;65,0;12,0;0,03319713993871297;0,006128702757916241;0,7477017364657814;0,21297242083758938
EC190752;FEMENINO;287,0;270,0;16,0;1,0;0,05574912891986063;0,003484320557491289;0,6933797909407665;0,24738675958188153
EC190753;FEMENINO;474,0;454,0;17,0;3,0;0,035864978902953586;0,006329113924050633;0,759493670886076;0,19831223628691982
EC190850;FEMENINO;1502,0;1434,0;62,0;6,0;0,041278295605858856;0,0039946737683089215;0,5599201065246339;0,3948069241011984
EC190851;FEMENINO;426,0;411,0;7,0;8,0;0,01643192488262911;0,018779342723004695;0,6901408450704225;0,2746478873239437
EC190852;FEMENINO;484,0;476,0;7,0;1,0;0,014462809917355372;0,002066115702479339;0,7871900826446281;0,1962809917355372
EC190853;FEMENINO;510,0;487,0;22,0;1,0;0,043137254901960784;0,00196078431372549;0,5333333333333333;0,4215686274509804
EC190854;FEMENINO;167,0;152,0;7,0;8,0;0,041916167664670656;0,04790419161676647;0,6347305389221557;0,2754491017964072
EC190950;FEMENINO;902,0;862,0;36,0;4,0;0,03991130820399113;0,004434589800443459;0,6873614190687362;0,2682926829268293
EC190951;FEMENINO;237,0;228,0;8,0;1,0;0,03375527426160337;0,004219409282700422;0,6160337552742616;0,3459915611814346
EC190952;FEMENINO;594,0;571,0;18,0;5,0;0,030303030303030304;0,008417508417508417;0,6868686868686869;0,27441077441077444
EC200150;FEMENINO;2175,0;2070,0;101,0;4,0;0,0464367816091954;0,0018390804597701149;0,7204597701149426;0,23126436781609194
EC200151;FEMENINO;225,0;216,0;9,0;0,0;0,04;0,0;0,68;0,28
EC200250;FEMENINO;728,0;674,0;51,0;3,0;0,07005494505494506;0,004120879120879121;0,5013736263736264;0,42445054945054944
EC200251;FEMENINO;77,0;70,0;4,0;3,0;0,05194805194805195;0,03896103896103896;0,5454545454545454;0,36363636363636365
EC200350;FEMENINO;3939,0;3651,0;275,0;13,0;0,06981467377506982;0,0033003300330033004;0,5935516628585935;0,3333333333333333
EC210150;FEMENINO;23312,0;21812,0;1393,0;107,0;0,059754632807137956;0,004589910775566232;0,428363074811256;0,5072923816060398
EC210152;FEMENINO;1159,0;1068,0;81,0;9,0;0,06988783433994823;0,007765314926660914;0,28386540120793785;0,637618636755824
EC210153;FEMENINO;1867,0;1717,0;118,0;32,0;0,06320299946438136;0,01713979646491698;0,2244242099625067;0,695232994108195
EC210155;FEMENINO;2444,0;2275,0;149,0;20,0;0,06096563011456629;0,008183306055646482;0,41898527004909986;0,5118657937806874
EC210156;FEMENINO;2571,0;2394,0;163,0;14,0;0,06339945546479969;0,0054453520031116295;0,28626993387786853;0,6448852586542202
EC210157;FEMENINO;989,0;939,0;50,0;0,0;0,05055611729019211;0,0;0,39332659251769464;0,5561172901921132
EC210158;FEMENINO;2107,0;1953,0;139,0;15,0;0,06597057427622212;0,007119126720455624;0,36260085429520644;0,5643094447081158
EC210160;FEMENINO;837,0;767,0;63,0;7,0;0,07526881720430108;0,008363201911589008;0,32855436081242534;0,5878136200716846
EC210250;FEMENINO;1333,0;1240,0;88,0;5,0;0,06601650412603151;0,0037509377344336083;0,3983495873968492;0,5318829707426856
EC210251;FEMENINO;488,0;453,0;33,0;2,0;0,06762295081967214;0,004098360655737705;0,39344262295081966;0,5348360655737705
EC210252;FEMENINO;1280,0;1228,0;51,0;1,0;0,03984375;0,00078125;0,259375;0,7
EC210254;FEMENINO;457,0;426,0;29,0;2,0;0,06345733041575492;0,00437636761487965;0,22319474835886213;0,7089715536105032
EC210350;FEMENINO;964,0;925,0;38,0;1,0;0,03941908713692946;0,001037344398340249;0,26141078838174275;0,6981327800829875
EC210351;FEMENINO;550,0;520,0;25,0;5,0;0,045454545454545456;0,00909090909090909;0,2509090909090909;0,6945454545454546
EC210352;FEMENINO;36,0;32,0;1,0;3,0;0,027777777777777776;0,08333333333333333;0,027777777777777776;0,8611111111111112
EC210353;FEMENINO;68,0;58,0;9,0;1,0;0,1323529411764706;0,014705882352941176;0,029411764705882353;0,8235294117647058
EC210354;FEMENINO;391,0;364,0;21,0;6,0;0,05370843989769821;0,015345268542199489;0,14066496163682865;0,7902813299232737
EC210355;FEMENINO;866,0;803,0;54,0;9,0;0,06235565819861432;0,010392609699769052;0,26212471131639725;0,6651270207852193
EC210450;FEMENINO;10406,0;9640,0;698,0;67,0;0,06707668652700365;0,006438593119354219;0,41495291178166444;0,5114357101672112
EC210451;FEMENINO;1473,0;1413,0;48,0;12,0;0,032586558044806514;0,008146639511201629;0,42090970807875083;0,538357094365241
EC210452;FEMENINO;257,0;231,0;19,0;7,0;0,07392996108949416;0,027237354085603113;0,39299610894941633;0,5058365758754864
EC210453;FEMENINO;1329,0;1230,0;90,0;9,0;0,06772009029345373;0,006772009029345372;0,24379232505643342;0,6817155756207675
EC210454;FEMENINO;1171,0;1063,0;101,0;7,0;0,08625106746370624;0,005977796754910333;0,533731853116994;0,3740392826643894
EC210455;FEMENINO;1631,0;1494,0;120,0;16,0;0,07357449417535254;0,009809932556713672;0,5358675659104843;0,3801348865726548
EC210550;FEMENINO;303,0;294,0;8,0;1,0;0,026402640264026403;0,0033003300330033004;0,45874587458745875;0,5115511551155115
EC210551;FEMENINO;718,0;668,0;49,0;1,0;0,06824512534818941;0,001392757660167131;0,4596100278551532;0,47075208913649025
EC210552;FEMENINO;63,0;60,0;3,0;0,0;0,047619047619047616;0,0;0,5714285714285714;0,38095238095238093
EC210553;FEMENINO;207,0;198,0;8,0;1,0;0,03864734299516908;0,004830917874396135;0,34782608695652173;0,6086956521739131
EC210554;FEMENINO;286,0;280,0;6,0;0,0;0,02097902097902098;0,0;0,458041958041958;0,5209790209790209
EC210650;FEMENINO;1861,0;1737,0;116,0;8,0;0,06233207952713595;0,004298764105319721;0,446534121440086;0,48683503492745833
EC210651;FEMENINO;266,0;254,0;6,0;6,0;0,022556390977443608;0,022556390977443608;0,2593984962406015;0,6954887218045113
EC210652;FEMENINO;1029,0;955,0;66,0;8,0;0,0641399416909621;0,007774538386783284;0,4412050534499514;0,4868804664723032
EC210653;FEMENINO;958,0;908,0;47,0;2,0;0,049060542797494784;0,0020876826722338203;0,42588726513569936;0,5219206680584552
EC210750;FEMENINO;2117,0;1990,0;110,0;16,0;0,051960321209258385;0,007557864903164856;0,3150684931506849;0,624940954180444
EC210751;FEMENINO;177,0;168,0;5,0;4,0;0,02824858757062147;0,022598870056497175;0,22033898305084745;0,7288135593220338
EC210752;FEMENINO;599,0;566,0;30,0;3,0;0,05008347245409015;0,005008347245409015;0,3071786310517529;0,6377295492487479
EC220150;FEMENINO;17367,0;16268,0;1034,0;65,0;0,059538204640985776;0,003742730465825992;0,5059019980422641;0,4308170668509242
EC220151;FEMENINO;3038,0;2849,0;165,0;24,0;0,054312047399605004;0,007899934167215274;0,4196840026333114;0,5181040157998683
EC220152;FEMENINO;1139,0;1065,0;58,0;16,0;0,050921861281826165;0,014047410008779631;0,38366988586479367;0,5513608428446005
EC220153;FEMENINO;487,0;454,0;28,0;5,0;0,057494866529774126;0,01026694045174538;0,324435318275154;0,6078028747433265
EC220154;FEMENINO;1266,0;1195,0;70,0;2,0;0,05529225908372828;0,001579778830963665;0,4107424960505529;0,533175355450237
EC220155;FEMENINO;304,0;262,0;39,0;3,0;0,12828947368421054;0,009868421052631578;0,6151315789473685;0,24671052631578946
EC220156;FEMENINO;635,0;611,0;22,0;2,0;0,03464566929133858;0,0031496062992125984;0,6251968503937008;0,33700787401574805
EC220157;FEMENINO;1241,0;1150,0;76,0;15,0;0,06124093473005641;0,012087026591458501;0,46253021756647866;0,46414182111200647
EC220158;FEMENINO;1637,0;1526,0;93,0;18,0;0,056811240073304826;0,010995723885155772;0,5149664019547954;0,41722663408674404
EC220159;FEMENINO;1211,0;1150,0;60,0;1,0;0,0495458298926507;0,0008257638315441783;0,3270024772914946;0,6226259289843105
EC220160;FEMENINO;955,0;889,0;59,0;6,0;0,061780104712041886;0,0062827225130890054;0,4282722513089005;0,5026178010471204
EC220161;FEMENINO;1051,0;997,0;44,0;9,0;0,04186489058039962;0,008563273073263558;0,5451950523311132;0,4034253092293054
EC220250;FEMENINO;361,0;354,0;6,0;1,0;0,01662049861495845;0,002770083102493075;0,407202216066482;0,5734072022160664
EC220251;FEMENINO;286,0;265,0;20,0;1,0;0,06993006993006994;0,0034965034965034965;0,3076923076923077;0,6188811188811189
EC220252;FEMENINO;221,0;193,0;19,0;9,0;0,08597285067873303;0,04072398190045249;0,35294117647058826;0,5203619909502263
EC220253;FEMENINO;286,0;270,0;10,0;6,0;0,03496503496503497;0,02097902097902098;0,32867132867132864;0,6153846153846154
EC220255;FEMENINO;137,0;134,0;2,0;1,0;0,014598540145985401;0,0072992700729927005;0,20437956204379562;0,7737226277372263
EC220350;FEMENINO;7966,0;7367,0;548,0;51,0;0,06879236756213909;0,006402209389907106;0,5223449661059503;0,4024604569420035
EC220351;FEMENINO;1125,0;1045,0;75,0;4,0;0,06666666666666667;0,0035555555555555557;0,472;0,4568888888888889
EC220352;FEMENINO;498,0;468,0;26,0;4,0;0,05220883534136546;0,008032128514056224;0,4799196787148594;0,4598393574297189
EC220353;FEMENINO;1502,0;1392,0;99,0;11,0;0,0659121171770972;0,007323568575233023;0,4414114513981358;0,48535286284953394
EC220354;FEMENINO;1735,0;1606,0;119,0;10,0;0,0685878962536023;0,005763688760806916;0,42997118155619596;0,4956772334293948
EC220355;FEMENINO;921,0;853,0;61,0;7,0;0,06623235613463627;0,00760043431053203;0,4820846905537459;0,44408251900108575
EC220356;FEMENINO;569,0;537,0;25,0;7,0;0,043936731107205626;0,012302284710017574;0,3304042179261863;0,6133567662565905
EC220357;FEMENINO;1350,0;1267,0;72,0;11,0;0,05333333333333334;0,008148148148148147;0,45925925925925926;0,4792592592592593
EC220358;FEMENINO;1300,0;1225,0;62,0;12,0;0,047692307692307694;0,009230769230769232;0,5138461538461538;0,42846153846153845
EC220450;FEMENINO;2694,0;2552,0;136,0;6,0;0,050482553823311065;0,0022271714922048997;0,5148478099480327;0,43244246473645137
EC220451;FEMENINO;1786,0;1683,0;98,0;5,0;0,054871220604703244;0,002799552071668533;0,467525195968645;0,4748040313549832
EC220452;FEMENINO;1265,0;1203,0;55,0;7,0;0,043478260869565216;0,005533596837944664;0,5802371541501976;0,3707509881422925
EC220453;FEMENINO;977,0;915,0;54,0;8,0;0,05527123848515865;0,008188331627430911;0,526100307062436;0,4104401228249744
EC220454;FEMENINO;1865,0;1735,0;125,0;5,0;0,06702412868632708;0,002680965147453083;0,6010723860589813;0,3292225201072386
EC220455;FEMENINO;457,0;434,0;15,0;8,0;0,03282275711159737;0,0175054704595186;0,4485776805251641;0,5010940919037199
EC230150;FEMENINO;4836,0;4457,0;355,0;24,0;0,07340777502067825;0,004962779156327543;0,5401157981803143;0,3815136476426799
EC230151;FEMENINO;3462,0;3225,0;220,0;16,0;0,0635470826112074;0,00462160600808781;0,574523396880416;0,35701906412478335
EC230152;FEMENINO;3893,0;3599,0;250,0;43,0;0,06421782686873877;0,011045466221423068;0,44746981762137167;0,4770100179809915
EC230153;FEMENINO;3174,0;2915,0;241,0;18,0;0,0759294265910523;0,005671077504725898;0,40611216131064903;0,5122873345935728
EC230154;FEMENINO;4662,0;4163,0;454,0;44,0;0,09738309738309739;0,009438009438009438;0,3740883740883741;0,5188760188760189
EC230155;FEMENINO;3157,0;2816,0;305,0;35,0;0,09661070636680393;0,011086474501108648;0,4596135571745328;0,43237250554323725
EC230156;FEMENINO;1920,0;1816,0;91,0;13,0;0,04739583333333333;0,0067708333333333336;0,5833333333333334;0,3625
EC230157;FEMENINO;1700,0;1586,0;105,0;9,0;0,061764705882352944;0,005294117647058823;0,4264705882352941;0,5064705882352941
EC230250;FEMENINO;16869,0;15454,0;1271,0;142,0;0,07534530796134922;0,008417807813148378;0,41099057442646275;0,5051277491256151
EC230251;FEMENINO;2246,0;2076,0;148,0;24,0;0,06589492430988424;0,01068566340160285;0,38869100623330366;0,5356188780053428
EC230252;FEMENINO;1252,0;1130,0;102,0;20,0;0,08146964856230032;0,01597444089456869;0,3738019169329074;0,5287539936102237
EC230253;FEMENINO;607,0;560,0;38,0;9,0;0,06260296540362438;0,014827018121911038;0,3443163097199341;0,5782537067545305
EC240150;FEMENINO;24109,0;22349,0;1546,0;214,0;0,06412543033721847;0,008876353229084574;0,49135177734456015;0,43564643908913686
EC240151;FEMENINO;1388,0;1285,0;94,0;9,0;0,06772334293948126;0,006484149855907781;0,4834293948126801;0,4423631123919308
EC240152;FEMENINO;12535,0;11575,0;775,0;184,0;0,061826884722776226;0,014678899082568808;0,27028320702034303;0,6531312325488632
EC240153;FEMENINO;6199,0;5583,0;505,0;111,0;0,08146475237941604;0,01790611388933699;0,31989030488788517;0,5807388288433618
EC240154;FEMENINO;12098,0;10924,0;942,0;231,0;0,07786410977020995;0,019094065134733013;0,38617953380724085;0,5167796329971897
EC240155;FEMENINO;1266,0;1187,0;62,0;17,0;0,04897314375987362;0,013428120063191154;0,3412322274881517;0,5963665086887836
EC240156;FEMENINO;2412,0;2227,0;174,0;11,0;0,07213930348258707;0,004560530679933665;0,5319237147595357;0,3913764510779436
EC240250;FEMENINO;39986,0;36800,0;2817,0;366,0;0,07044965738008303;0,009153203621267444;0,4746161156404742;0,4457059970989846
EC240350;FEMENINO;1201,0;1127,0;64,0;10,0;0,05328892589508743;0,00832639467110741;0,6486261448792673;0,28975853455453787
EC240351;FEMENINO;4648,0;4199,0;386,0;63,0;0,08304647160068847;0,01355421686746988;0,2923838209982788;0,6110154905335629
EC240352;FEMENINO;8578,0;7837,0;654,0;86,0;0,07624154814642108;0,010025647003963628;0,4858941478200047;0,4277220797388669
