ADM3_PCODE;JUNTA_SEXO;Sufragantes;Votos_válidos;Nulos;Blancos;Nulos_pct;Blancos_pct;"DANIEL NOBOA AZIN
(Derecha liberal 
moderada)";"LUISA GONZALEZ
(Izquierda autoritaria)"
EC010150;MASCULINO;4223,0;3924,0;284,0;15,0;0,06725076959507459;0,003551977267345489;0,5915226142552688;0,33767463888231114
EC010151;MASCULINO;8416,0;7725,0;646,0;44,0;0,07675855513307984;0,005228136882129277;0,5712927756653993;0,34660171102661597
EC010152;MASCULINO;1778,0;1655,0;107,0;16,0;0,06017997750281215;0,008998875140607425;0,5787401574803149;0,35208098987626546
EC010153;MASCULINO;500,0;440,0;48,0;12,0;0,096;0,024;0,396;0,484
EC010154;MASCULINO;696,0;617,0;72,0;7,0;0,10344827586206896;0,010057471264367816;0,5890804597701149;0,2974137931034483
EC010155;MASCULINO;1318,0;1186,0;122,0;10,0;0,09256449165402124;0,007587253414264037;0,5925644916540213;0,30728376327769347
EC010156;MASCULINO;1497,0;1351,0;134,0;12,0;0,0895123580494322;0,008016032064128256;0,5470941883767535;0,35537742150968604
EC010157;MASCULINO;2146,0;1945,0;183,0;17,0;0,08527493010251631;0,007921714818266543;0,4082013047530289;0,49813606710158437
EC010158;MASCULINO;2083,0;1926,0;140,0;18,0;0,06721075372059529;0,008641382621219395;0,599135861737878;0,3254920787325972
EC010159;MASCULINO;545,0;480,0;56,0;9,0;0,10275229357798166;0,01651376146788991;0,45871559633027525;0,42201834862385323
EC010160;MASCULINO;1645,0;1502,0;133,0;10,0;0,08085106382978724;0,0060790273556231;0,5708206686930091;0,34224924012158053
EC010161;MASCULINO;1939,0;1730,0;192,0;17,0;0,09902011346054668;0,008767405879319236;0,5054151624548736;0,3867973182052604
EC010162;MASCULINO;7000,0;6405,0;568,0;26,0;0,08114285714285714;0,0037142857142857142;0,5652857142857143;0,3497142857142857
EC010163;MASCULINO;3312,0;3014,0;278,0;20,0;0,08393719806763285;0,006038647342995169;0,5748792270531401;0,3351449275362319
EC010164;MASCULINO;1917,0;1698,0;204,0;14,0;0,10641627543035993;0,007303077725612937;0,5284298382889933;0,35732916014606153
EC010165;MASCULINO;4270,0;3874,0;342,0;53,0;0,08009367681498829;0,012412177985948477;0,5566744730679157;0,3505854800936768
EC010166;MASCULINO;1155,0;1047,0;103,0;6,0;0,08917748917748917;0,005194805194805195;0,40606060606060607;0,5004329004329005
EC010167;MASCULINO;3421,0;3078,0;318,0;25,0;0,092955276235019;0,007307804735457469;0,552762350190003;0,3469745688395206
EC010168;MASCULINO;3181,0;2770,0;374,0;34,0;0,11757309022320026;0,01068846274756366;0,5300220056585979;0,34077334171644136
EC010169;MASCULINO;2405,0;2184,0;208,0;13,0;0,08648648648648649;0,005405405405405406;0,5272349272349273;0,3808731808731809
EC010170;MASCULINO;6298,0;5701,0;563,0;34,0;0,08939345824071133;0,005398539218799619;0,5331851381390917;0,37202286440139726
EC010171;MASCULINO;1421,0;1261,0;150,0;10,0;0,1055594651653765;0,007037297677691766;0,505981703026038;0,38142153413089375
EC010250;MASCULINO;2773,0;2549,0;207,0;17,0;0,07464839523981248;0,006130544536602957;0,6884240894338262;0,2307969707897584
EC010251;MASCULINO;747,0;701,0;44,0;2,0;0,058902275769745646;0,002677376171352075;0,6546184738955824;0,2838018741633199
EC010252;MASCULINO;166,0;155,0;10,0;1,0;0,060240963855421686;0,006024096385542169;0,4457831325301205;0,4879518072289157
EC010350;MASCULINO;7257,0;6491,0;709,0;57,0;0,09769877359790546;0,007854485324514262;0,5543613063249276;0,3400854347526526
EC010352;MASCULINO;391,0;348,0;39,0;4,0;0,09974424552429667;0,010230179028132993;0,4961636828644501;0,3938618925831202
EC010353;MASCULINO;1228,0;1104,0;108,0;16,0;0,08794788273615635;0,013029315960912053;0,5195439739413681;0,3794788273615635
EC010354;MASCULINO;469,0;430,0;39,0;1,0;0,08315565031982942;0,0021321961620469083;0,5522388059701493;0,3646055437100213
EC010356;MASCULINO;223,0;211,0;10,0;2,0;0,04484304932735426;0,008968609865470852;0,5919282511210763;0,3542600896860987
EC010357;MASCULINO;1039,0;916,0;110,0;12,0;0,10587102983638114;0,011549566891241578;0,42637151106833493;0,4552454282964389
EC010358;MASCULINO;776,0;689,0;80,0;7,0;0,10309278350515463;0,00902061855670103;0,5012886597938144;0,3865979381443299
EC010359;MASCULINO;181,0;155,0;23,0;3,0;0,1270718232044199;0,016574585635359115;0,56353591160221;0,292817679558011
EC010360;MASCULINO;189,0;170,0;18,0;1,0;0,09523809523809523;0,005291005291005291;0,4973544973544973;0,4021164021164021
EC010450;MASCULINO;3148,0;2800,0;323,0;25,0;0,10260482846251588;0,007941550190597205;0,43678526048284627;0,45266836086404066
EC010451;MASCULINO;815,0;744,0;66,0;5,0;0,08098159509202454;0,006134969325153374;0,4834355828220859;0,4294478527607362
EC010452;MASCULINO;564,0;510,0;51,0;3,0;0,09042553191489362;0,005319148936170213;0,49113475177304966;0,41312056737588654
EC010453;MASCULINO;443,0;398,0;42,0;2,0;0,09480812641083522;0,004514672686230248;0,3611738148984199;0,5372460496613995
EC010550;MASCULINO;4981,0;4502,0;435,0;42,0;0,08733186107207389;0,008432041758682996;0,5111423408954026;0,3926922304758081
EC010552;MASCULINO;434,0;407,0;24,0;3,0;0,055299539170506916;0,0069124423963133645;0,4423963133640553;0,49539170506912444
EC010553;MASCULINO;597,0;547,0;48,0;2,0;0,08040201005025126;0,0033500837520938024;0,5326633165829145;0,38358458961474035
EC010554;MASCULINO;514,0;446,0;65,0;3,0;0,1264591439688716;0,005836575875486381;0,48443579766536965;0,3832684824902724
EC010556;MASCULINO;339,0;320,0;19,0;0,0;0,05604719764011799;0,0;0,5427728613569321;0,40117994100294985
EC010559;MASCULINO;600,0;539,0;54,0;7,0;0,09;0,011666666666666667;0,5266666666666666;0,37166666666666665
EC010561;MASCULINO;325,0;291,0;32,0;2,0;0,09846153846153846;0,006153846153846154;0,3230769230769231;0,5723076923076923
EC010562;MASCULINO;338,0;312,0;24,0;2,0;0,07100591715976332;0,005917159763313609;0,4467455621301775;0,47633136094674555
EC010650;MASCULINO;2349,0;2208,0;120,0;21,0;0,05108556832694764;0,008939974457215836;0,38058748403575987;0,5593869731800766
EC010652;MASCULINO;441,0;413,0;27,0;1,0;0,061224489795918366;0,0022675736961451248;0,42857142857142855;0,5079365079365079
EC010750;MASCULINO;1125,0;1058,0;57,0;10,0;0,050666666666666665;0,008888888888888889;0,6666666666666666;0,2737777777777778
EC010751;MASCULINO;160,0;154,0;4,0;2,0;0,025;0,0125;0,65;0,3125
EC010850;MASCULINO;4551,0;4271,0;250,0;30,0;0,054932981762250054;0,0065919578114700065;0,6152493957372006;0,3232256646890793
EC010851;MASCULINO;988,0;931,0;55,0;2,0;0,05566801619433198;0,0020242914979757085;0,5769230769230769;0,36538461538461536
EC010852;MASCULINO;455,0;426,0;25,0;4,0;0,054945054945054944;0,008791208791208791;0,5516483516483517;0,38461538461538464
EC010853;MASCULINO;590,0;559,0;24,0;7,0;0,04067796610169491;0,011864406779661017;0,5423728813559322;0,40508474576271186
EC010854;MASCULINO;208,0;194,0;12,0;2,0;0,057692307692307696;0,009615384615384616;0,7067307692307693;0,22596153846153846
EC010950;MASCULINO;3428,0;3062,0;313,0;52,0;0,0913068844807468;0,015169194865810968;0,484830805134189;0,40840140023337224
EC010951;MASCULINO;367,0;334,0;29,0;4,0;0,07901907356948229;0,010899182561307902;0,5640326975476839;0,3460490463215259
EC010952;MASCULINO;891,0;820,0;70,0;1,0;0,07856341189674523;0,001122334455667789;0,45454545454545453;0,4657687991021324
EC010953;MASCULINO;283,0;273,0;9,0;1,0;0,03180212014134275;0,0035335689045936395;0,40636042402826855;0,558303886925795
EC010954;MASCULINO;873,0;802,0;58,0;13,0;0,06643757159221077;0,014891179839633447;0,4765177548682703;0,44215349369988544
EC010955;MASCULINO;913,0;796,0;110,0;6,0;0,12048192771084337;0,0065717415115005475;0,4534501642935378;0,4184008762322015
EC010956;MASCULINO;451,0;415,0;31,0;5,0;0,06873614190687362;0,011086474501108648;0,7671840354767184;0,15299334811529933
EC011050;MASCULINO;1033,0;942,0;85,0;6,0;0,08228460793804453;0,005808325266214908;0,5179090029041626;0,39399806389157793
EC011051;MASCULINO;318,0;302,0;16,0;0,0;0,050314465408805034;0,0;0,5188679245283019;0,4308176100628931
EC011150;MASCULINO;2312,0;2110,0;186,0;16,0;0,08044982698961937;0,006920415224913495;0,5592560553633218;0,35337370242214533
EC011151;MASCULINO;328,0;299,0;26,0;3,0;0,07926829268292683;0,009146341463414634;0,34146341463414637;0,5701219512195121
EC011152;MASCULINO;298,0;274,0;18,0;6,0;0,06040268456375839;0,020134228187919462;0,47315436241610737;0,4463087248322148
EC011153;MASCULINO;242,0;212,0;28,0;2,0;0,11570247933884298;0,008264462809917356;0,359504132231405;0,5165289256198347
EC011154;MASCULINO;194,0;180,0;13,0;1,0;0,06701030927835051;0,005154639175257732;0,6443298969072165;0,28350515463917525
EC011250;MASCULINO;559,0;530,0;22,0;7,0;0,03935599284436494;0,012522361359570662;0,4472271914132379;0,5008944543828264
EC011253;MASCULINO;395,0;376,0;17,0;2,0;0,043037974683544304;0,005063291139240506;0,34177215189873417;0,610126582278481
EC011350;MASCULINO;849,0;799,0;43,0;7,0;0,050647820965842166;0,008244994110718492;0,31095406360424027;0,6301531213191991
EC011351;MASCULINO;307,0;295,0;10,0;2,0;0,03257328990228013;0,006514657980456026;0,30944625407166126;0,6514657980456026
EC011352;MASCULINO;792,0;749,0;38,0;5,0;0,047979797979797977;0,006313131313131313;0,3345959595959596;0,6111111111111112
EC011450;MASCULINO;1141,0;1056,0;80,0;5,0;0,07011393514460999;0,0043821209465381246;0,45223488168273446;0,4732690622261174
EC011550;MASCULINO;7020,0;6617,0;358,0;45,0;0,050997150997151;0,00641025641025641;0,3735042735042735;0,5690883190883191
EC020150;MASCULINO;8677,0;7773,0;864,0;41,0;0,09957358534055549;0,004725135415466175;0,5874150051861242;0,3084015212631094
EC020151;MASCULINO;940,0;802,0;126,0;12,0;0,13404255319148936;0,01276595744680851;0,526595744680851;0,32659574468085106
EC020153;MASCULINO;867,0;775,0;87,0;5,0;0,10034602076124567;0,0057670126874279125;0,5790080738177624;0,314878892733564
EC020155;MASCULINO;1634,0;1498,0;120,0;13,0;0,07343941248470012;0,00795593635250918;0,41982864137086906;0,4969400244798042
EC020156;MASCULINO;689,0;647,0;40,0;2,0;0,05805515239477504;0,002902757619738752;0,6850507982583455;0,2539912917271408
EC020157;MASCULINO;1344,0;1192,0;145,0;7,0;0,10788690476190477;0,005208333333333333;0,5141369047619048;0,37276785714285715
EC020158;MASCULINO;726,0;678,0;46,0;2,0;0,06336088154269973;0,0027548209366391185;0,6528925619834711;0,2809917355371901
EC020159;MASCULINO;3845,0;3247,0;573,0;25,0;0,14902470741222368;0,006501950585175552;0,3521456436931079;0,49232769830949286
EC020160;MASCULINO;2297,0;2165,0;124,0;8,0;0,053983456682629515;0,0034828036569438396;0,5946887244231607;0,347845015237266
EC020250;MASCULINO;4801,0;4444,0;331,0;26,0;0,0689439700062487;0,0054155384294938555;0,6125807123515934;0,31305977921266404
EC020251;MASCULINO;2359,0;2209,0;136,0;14,0;0,05765154726579059;0,005934718100890208;0,5854175498092412;0,350996184824078
EC020350;MASCULINO;2496,0;2386,0;103,0;7,0;0,04126602564102564;0,0028044871794871795;0,7568108974358975;0,19911858974358973
EC020351;MASCULINO;926,0;837,0;87,0;2,0;0,0939524838012959;0,0021598272138228943;0,6047516198704104;0,2991360691144708
EC020353;MASCULINO;1061,0;960,0;97,0;4,0;0,09142318567389256;0,003770028275212064;0,5513666352497644;0,353440150801131
EC020354;MASCULINO;383,0;362,0;20,0;1,0;0,05221932114882506;0,0026109660574412533;0,7075718015665796;0,23759791122715404
EC020355;MASCULINO;760,0;706,0;36,0;18,0;0,04736842105263158;0,02368421052631579;0,6776315789473685;0,2513157894736842
EC020450;MASCULINO;6439,0;6017,0;383,0;38,0;0,0594812859139618;0,0059015375058238855;0,6243205466687374;0,31014132629290264
EC020550;MASCULINO;5174,0;4922,0;235,0;16,0;0,04541940471588713;0,0030923850019327404;0,7126014688828759;0,23869346733668342
EC020551;MASCULINO;1250,0;1193,0;53,0;3,0;0,0424;0,0024;0,6488;0,3056
EC020552;MASCULINO;925,0;856,0;58,0;11,0;0,0627027027027027;0,011891891891891892;0,6097297297297297;0,31567567567567567
EC020553;MASCULINO;433,0;412,0;21,0;0,0;0,04849884526558892;0,0;0,7205542725173211;0,23094688221709006
EC020554;MASCULINO;1998,0;1863,0;127,0;8,0;0,06356356356356356;0,004004004004004004;0,585085085085085;0,34734734734734735
EC020555;MASCULINO;620,0;572,0;44,0;4,0;0,07096774193548387;0,0064516129032258064;0,5806451612903226;0,3419354838709677
EC020556;MASCULINO;386,0;361,0;25,0;0,0;0,06476683937823834;0,0;0,6658031088082902;0,2694300518134715
EC020650;MASCULINO;6383,0;6089,0;271,0;21,0;0,042456525144916185;0,0032899890333698886;0,7118909603634654;0,2420491931693561
EC020750;MASCULINO;2614,0;2440,0;161,0;13,0;0,061591430757459834;0,004973221117061974;0,5439938791124713;0,3894414690130069
EC030150;MASCULINO;1102,0;1018,0;80,0;3,0;0,07259528130671507;0,0027223230490018148;0,6823956442831216;0,2413793103448276
EC030151;MASCULINO;887,0;818,0;66,0;3,0;0,07440811724915446;0,0033821871476888386;0,6020293122886133;0,3201803833145434
EC030153;MASCULINO;1962,0;1857,0;92,0;13,0;0,046890927624872576;0,006625891946992864;0,7833843017329256;0,16309887869520898
EC030154;MASCULINO;1833,0;1698,0;128,0;7,0;0,06983087834151663;0,0038188761593016913;0,5351882160392799;0,3911620294599018
EC030155;MASCULINO;786,0;723,0;60,0;5,0;0,07633587786259542;0,006361323155216285;0,693384223918575;0,22646310432569974
EC030156;MASCULINO;448,0;392,0;54,0;2,0;0,12053571428571429;0,004464285714285714;0,5870535714285714;0,28794642857142855
EC030157;MASCULINO;521,0;463,0;52,0;6,0;0,09980806142034548;0,011516314779270634;0,5892514395393474;0,29942418426103645
EC030158;MASCULINO;943,0;866,0;71,0;6,0;0,07529162248144221;0,006362672322375398;0,6267232237539767;0,2916224814422057
EC030160;MASCULINO;457,0;425,0;29,0;3,0;0,06345733041575492;0,006564551422319475;0,5908096280087527;0,33916849015317285
EC030250;MASCULINO;3699,0;3466,0;220,0;13,0;0,05947553392808867;0,003514463368477967;0,6818058934847256;0,2552041092187078
EC030251;MASCULINO;724,0;679,0;38,0;7,0;0,052486187845303865;0,009668508287292817;0,7140883977900553;0,22375690607734808
EC030252;MASCULINO;288,0;269,0;16,0;2,0;0,05555555555555555;0,006944444444444444;0,7222222222222222;0,21180555555555555
EC030253;MASCULINO;139,0;129,0;8,0;2,0;0,05755395683453238;0,014388489208633094;0,6330935251798561;0,2949640287769784
EC030254;MASCULINO;189,0;174,0;10,0;5,0;0,05291005291005291;0,026455026455026454;0,5555555555555556;0,36507936507936506
EC030350;MASCULINO;6721,0;6219,0;463,0;38,0;0,06888855825026038;0,005653920547537569;0,6052670733521798;0,3200416604671924
EC030351;MASCULINO;827,0;752,0;63,0;11,0;0,0761789600967352;0,013301088270858524;0,6577992744860943;0,25151148730350664
EC030352;MASCULINO;644,0;599,0;43,0;2,0;0,06677018633540373;0,003105590062111801;0,5481366459627329;0,38198757763975155
EC030353;MASCULINO;535,0;460,0;71,0;4,0;0,13271028037383178;0,007476635514018692;0,5271028037383177;0,33271028037383177
EC030354;MASCULINO;733,0;657,0;72,0;3,0;0,09822646657571624;0,004092769440654843;0,5061391541609823;0,39017735334242837
EC030355;MASCULINO;1187,0;1112,0;67,0;8,0;0,05644481887110362;0,006739679865206402;0,523167649536647;0,413647851727043
EC030356;MASCULINO;1775,0;1537,0;224,0;14,0;0,12619718309859154;0,007887323943661971;0,4287323943661972;0,4371830985915493
EC030357;MASCULINO;421,0;374,0;45,0;2,0;0,10688836104513064;0,004750593824228029;0,47030878859857483;0,4180522565320665
EC030358;MASCULINO;521,0;482,0;34,0;4,0;0,06525911708253358;0,007677543186180422;0,5393474088291746;0,3857965451055662
EC030361;MASCULINO;413,0;353,0;55,0;5,0;0,13317191283292978;0,012106537530266344;0,43341404358353514;0,4213075060532688
EC030362;MASCULINO;306,0;277,0;24,0;5,0;0,0784313725490196;0,016339869281045753;0,49673202614379086;0,4084967320261438
EC030363;MASCULINO;817,0;754,0;57,0;6,0;0,06976744186046512;0,0073439412484700125;0,5091799265605875;0,41370869033047736
EC030450;MASCULINO;13469,0;12553,0;815,0;100,0;0,060509317692479025;0,007424456158586384;0,4692256292226594;0,46276635236468927
EC030451;MASCULINO;1487,0;1387,0;93,0;8,0;0,06254203093476798;0,005379959650302623;0,33759246805648957;0,5951580363147276
EC030452;MASCULINO;1882,0;1743,0;118,0;20,0;0,06269925611052073;0,010626992561105207;0,27523910733262485;0,6509032943676939
EC030550;MASCULINO;2860,0;2622,0;215,0;23,0;0,07517482517482517;0,008041958041958041;0,48321678321678324;0,43356643356643354
EC030650;MASCULINO;1090,0;1003,0;79,0;8,0;0,07247706422018349;0,007339449541284404;0,5311926605504587;0,3889908256880734
EC030651;MASCULINO;386,0;356,0;25,0;5,0;0,06476683937823834;0,012953367875647668;0,48704663212435234;0,43523316062176165
EC030750;MASCULINO;1395,0;1267,0;116,0;12,0;0,08315412186379928;0,008602150537634409;0,5426523297491039;0,3655913978494624
EC040150;MASCULINO;13295,0;12499,0;752,0;44,0;0,05656261752538548;0,003309514855208725;0,6697254606995111;0,2704024069198947
EC040151;MASCULINO;919,0;862,0;55,0;2,0;0,05984766050054407;0,002176278563656148;0,44178454842219805;0,4961915125136017
EC040153;MASCULINO;3560,0;3345,0;188,0;27,0;0,052808988764044947;0,007584269662921348;0,6339887640449439;0,3056179775280899
EC040154;MASCULINO;614,0;574,0;35,0;5,0;0,057003257328990226;0,008143322475570033;0,34039087947882735;0,5944625407166124
EC040155;MASCULINO;329,0;311,0;18,0;0,0;0,0547112462006079;0,0;0,5531914893617021;0,39209726443769
EC040156;MASCULINO;382,0;347,0;25,0;10,0;0,06544502617801047;0,02617801047120419;0,17277486910994763;0,7356020942408377
EC040157;MASCULINO;1065,0;1002,0;57,0;6,0;0,05352112676056338;0,005633802816901409;0,5521126760563381;0,38873239436619716
EC040158;MASCULINO;554,0;532,0;20,0;2,0;0,036101083032490974;0,0036101083032490976;0,6389891696750902;0,3212996389891697
EC040159;MASCULINO;1202,0;1055,0;140,0;7,0;0,11647254575707154;0,005823627287853577;0,28036605657237934;0,5973377703826955
EC040161;MASCULINO;851,0;806,0;36,0;9,0;0,04230317273795535;0,010575793184488837;0,47473560517038776;0,47238542890716806
EC040250;MASCULINO;2200,0;2047,0;147,0;6,0;0,06681818181818182;0,0027272727272727275;0,5004545454545455;0,43
EC040251;MASCULINO;637,0;589,0;45,0;3,0;0,0706436420722135;0,004709576138147566;0,5023547880690737;0,42229199372056514
EC040252;MASCULINO;844,0;776,0;29,0;39,0;0,034360189573459717;0,0462085308056872;0,3293838862559242;0,590047393364929
EC040253;MASCULINO;743,0;700,0;39,0;4,0;0,052489905787348586;0,005383580080753701;0,4576043068640646;0,4845222072678331
EC040254;MASCULINO;845,0;754,0;71,0;20,0;0,08402366863905325;0,023668639053254437;0,21301775147928995;0,6792899408284023
EC040255;MASCULINO;655,0;601,0;42,0;11,0;0,06412213740458016;0,016793893129770993;0,3526717557251908;0,5648854961832062
EC040350;MASCULINO;2019,0;1890,0;123,0;6,0;0,06092124814264487;0,0029717682020802376;0,6097077761267955;0,32639920752847945
EC040351;MASCULINO;408,0;383,0;21,0;4,0;0,051470588235294115;0,00980392156862745;0,49019607843137253;0,4485294117647059
EC040352;MASCULINO;1550,0;1459,0;87,0;4,0;0,056129032258064517;0,0025806451612903226;0,44;0,5012903225806452
EC040353;MASCULINO;1229,0;1135,0;88,0;6,0;0,07160292921074043;0,004882017900732303;0,4467046379170057;0,47681041497152155
EC040450;MASCULINO;2619,0;2445,0;162,0;12,0;0,061855670103092786;0,004581901489117984;0,4852997327224131;0,4482626956853761
EC040451;MASCULINO;1228,0;1146,0;74,0;7,0;0,06026058631921824;0,005700325732899023;0,19381107491856678;0,739413680781759
EC040452;MASCULINO;858,0;772,0;75,0;10,0;0,08741258741258741;0,011655011655011656;0,3414918414918415;0,5582750582750583
EC040453;MASCULINO;575,0;542,0;33,0;0,0;0,057391304347826085;0,0;0,22434782608695653;0,7182608695652174
EC040550;MASCULINO;4038,0;3733,0;286,0;19,0;0,070827142149579;0,0047052996532937095;0,5549777117384844;0,3694898464586429
EC040551;MASCULINO;1069,0;984,0;81,0;4,0;0,07577174929840973;0,0037418147801683817;0,5762394761459307;0,34424695977549113
EC040552;MASCULINO;281,0;271,0;10,0;0,0;0,03558718861209965;0,0;0,5160142348754448;0,4483985765124555
EC040553;MASCULINO;416,0;393,0;22,0;1,0;0,052884615384615384;0,002403846153846154;0,44471153846153844;0,5
EC040554;MASCULINO;1188,0;1072,0;109,0;7,0;0,09175084175084175;0,005892255892255892;0,5176767676767676;0,3846801346801347
EC040555;MASCULINO;441,0;404,0;33,0;4,0;0,07482993197278912;0,009070294784580499;0,4671201814058957;0,4489795918367347
EC040650;MASCULINO;2663,0;2507,0;137,0;19,0;0,0514457378895982;0,007134810364250845;0,6068343972962824;0,3345850544498686
EC040651;MASCULINO;553,0;518,0;28,0;7,0;0,05063291139240506;0,012658227848101266;0,4593128390596745;0,47739602169981915
EC050150;MASCULINO;7432,0;6874,0;496,0;62,0;0,06673842841765339;0,008342303552206673;0,7241657696447793;0,2007534983853606
EC050151;MASCULINO;2537,0;2329,0;200,0;8,0;0,07883326763894363;0,0031533307055577452;0,635001970831691;0,28301143082380764
EC050152;MASCULINO;2001,0;1815,0;176,0;10,0;0,0879560219890055;0,004997501249375313;0,6251874062968515;0,2818590704647676
EC050153;MASCULINO;3562,0;3334,0;217,0;11,0;0,06092083099382369;0,0030881527231892197;0,5415496911847277;0,3944413250982594
EC050154;MASCULINO;713,0;680,0;33,0;0,0;0,04628330995792426;0,0;0,6255259467040674;0,3281907433380084
EC050156;MASCULINO;3316,0;3009,0;295,0;12,0;0,08896260554885405;0,0036188178528347406;0,5367913148371531;0,370627261761158
EC050157;MASCULINO;898,0;842,0;53,0;3,0;0,05902004454342984;0,0033407572383073497;0,6269487750556793;0,3106904231625835
EC050158;MASCULINO;2062,0;1883,0;169,0;10,0;0,08195926285160039;0,004849660523763337;0,596023278370514;0,3171677982541222
EC050159;MASCULINO;3634,0;3269,0;341,0;21,0;0,09383599339570721;0,005778756191524491;0,5266923500275179;0,3728673637864612
EC050161;MASCULINO;4921,0;4575,0;336,0;10,0;0,06827880512091039;0,00203210729526519;0,5507010770168664;0,3789880105669579
EC050162;MASCULINO;4151,0;3652,0;481,0;18,0;0,11587569260419175;0,004336304504938569;0,5155384244760298;0,3642495784148398
EC050250;MASCULINO;1663,0;1563,0;92,0;8,0;0,05532170775706555;0,004810583283223091;0,29645219482862295;0,6434155141310884
EC050251;MASCULINO;1180,0;1110,0;62,0;8,0;0,05254237288135593;0,006779661016949152;0,48559322033898306;0,45508474576271185
EC050252;MASCULINO;1005,0;937,0;50,0;16,0;0,04975124378109453;0,015920398009950248;0,5960199004975124;0,336318407960199
EC050350;MASCULINO;2742,0;2495,0;220,0;25,0;0,08023340627279359;0,00911743253099927;0,5193289569657185;0,39059080962800874
EC050351;MASCULINO;4692,0;4384,0;277,0;31,0;0,05903665814151748;0,006606990622335891;0,5300511508951407;0,404305200341006
EC050352;MASCULINO;388,0;348,0;33,0;7,0;0,08505154639175258;0,01804123711340206;0,4639175257731959;0,4329896907216495
EC050353;MASCULINO;646,0;600,0;42,0;4,0;0,06501547987616099;0,006191950464396285;0,5835913312693498;0,34520123839009287
EC050450;MASCULINO;13637,0;12521,0;1050,0;60,0;0,07699640683434773;0,004399794676248442;0,5651536261641124;0,35301019285766666
EC050451;MASCULINO;1764,0;1457,0;286,0;21,0;0,1621315192743764;0,011904761904761904;0,33276643990929705;0,4931972789115646
EC050453;MASCULINO;3095,0;2711,0;336,0;48,0;0,108562197092084;0,015508885298869143;0,33893376413570275;0,5369951534733441
EC050455;MASCULINO;994,0;921,0;72,0;1,0;0,07243460764587525;0,001006036217303823;0,6529175050301811;0,27364185110663986
EC050456;MASCULINO;710,0;609,0;94,0;6,0;0,1323943661971831;0,008450704225352112;0,2915492957746479;0,5661971830985916
EC050457;MASCULINO;1300,0;1202,0;87,0;11,0;0,06692307692307692;0,008461538461538461;0,48538461538461536;0,43923076923076926
EC050458;MASCULINO;4793,0;4275,0;490,0;28,0;0,10223242228249531;0,0058418527018568745;0,31838097225119966;0,5735447527644482
EC050550;MASCULINO;13261,0;12203,0;1003,0;53,0;0,07563532161978735;0,003996681999849182;0,6053088002413091;0,3149083779503808
EC050551;MASCULINO;916,0;868,0;46,0;2,0;0,05021834061135371;0,002183406113537118;0,6986899563318777;0,24890829694323144
EC050552;MASCULINO;2420,0;2128,0;275,0;17,0;0,11363636363636363;0,0070247933884297524;0,4409090909090909;0,43842975206611573
EC050553;MASCULINO;2406,0;2152,0;240,0;14,0;0,09975062344139651;0,005818786367414797;0,5893599334995844;0,3050706566916043
EC050554;MASCULINO;2364,0;2192,0;164,0;8,0;0,06937394247038917;0,00338409475465313;0,6560913705583756;0,27115059221658205
EC050555;MASCULINO;1094,0;998,0;91,0;5,0;0,08318098720292505;0,004570383912248629;0,5886654478976234;0,3235831809872029
EC050650;MASCULINO;6453,0;5921,0;494,0;37,0;0,07655354098868743;0,00573376724004339;0,6194018286068496;0,2981558964822563
EC050651;MASCULINO;806,0;722,0;82,0;2,0;0,10173697270471464;0,0024813895781637717;0,4913151364764268;0,4044665012406948
EC050652;MASCULINO;427,0;406,0;21,0;0,0;0,04918032786885246;0,0;0,6206088992974239;0,33021077283372363
EC050750;MASCULINO;3117,0;2916,0;188,0;12,0;0,0603144048764838;0,0038498556304138597;0,4408084696823869;0,49470644850818096
EC050751;MASCULINO;2512,0;2241,0;260,0;11,0;0,1035031847133758;0,004378980891719745;0,25119426751592355;0,6409235668789809
EC050752;MASCULINO;1034,0;929,0;102,0;3,0;0,09864603481624758;0,0029013539651837525;0,3288201160541586;0,5696324951644101
EC050753;MASCULINO;801,0;753,0;42,0;6,0;0,052434456928838954;0,00749063670411985;0,2671660424469413;0,6729088639200999
EC050754;MASCULINO;320,0;305,0;14,0;1,0;0,04375;0,003125;0,615625;0,3375
EC060150;MASCULINO;20296,0;19279,0;982,0;33,0;0,04838391801340165;0,0016259361450532124;0,7443338588884509;0,2055577453685455
EC060151;MASCULINO;1223,0;1124,0;90,0;9,0;0,07358953393295176;0,007358953393295176;0,5600981193785772;0,3589533932951758
EC060152;MASCULINO;2196,0;2025,0;165,0;6,0;0,07513661202185792;0,00273224043715847;0,7071948998178507;0,21493624772313297
EC060153;MASCULINO;813,0;744,0;66,0;3,0;0,08118081180811808;0,0036900369003690036;0,7330873308733087;0,1820418204182042
EC060154;MASCULINO;1629,0;1485,0;130,0;14,0;0,0798035604665439;0,008594229588704727;0,41497851442602823;0,49662369551872315
EC060155;MASCULINO;2357,0;2186,0;166,0;5,0;0,07042851081883751;0,0021213406873143827;0,7322868052609249;0,1951633432329232
EC060156;MASCULINO;2921,0;2693,0;216,0;12,0;0,07394727832933927;0,004108182129407737;0,46970215679561794;0,45224238274563505
EC060157;MASCULINO;1979,0;1807,0;155,0;17,0;0,07832238504295098;0,008590197069226882;0,6043456291056089;0,30874178878221326
EC060158;MASCULINO;2196,0;2018,0;170,0;8,0;0,07741347905282331;0,0036429872495446266;0,5787795992714025;0,3401639344262295
EC060159;MASCULINO;1764,0;1675,0;88,0;1,0;0,049886621315192746;0,0005668934240362812;0,7465986394557823;0,20294784580498867
EC060160;MASCULINO;2728,0;2482,0;228,0;18,0;0,08357771260997067;0,006598240469208211;0,6502932551319648;0,2595307917888563
EC060161;MASCULINO;2582,0;2415,0;155,0;12,0;0,06003098373353989;0,004647560030983733;0,6553059643687065;0,28001549186676994
EC060250;MASCULINO;3603,0;3311,0;275,0;16,0;0,07632528448515126;0,004440743824590619;0,5850679988898141;0,33388842631140714
EC060251;MASCULINO;2717,0;2415,0;276,0;26,0;0,10158262789841738;0,009569377990430622;0,31947000368053;0,569377990430622
EC060253;MASCULINO;523,0;460,0;57,0;6,0;0,1089866156787763;0,011472275334608031;0,4321223709369025;0,4474187380497132
EC060254;MASCULINO;512,0;454,0;56,0;2,0;0,109375;0,00390625;0,431640625;0,455078125
EC060255;MASCULINO;498,0;452,0;42,0;4,0;0,08433734939759036;0,008032128514056224;0,46184738955823296;0,4457831325301205
EC060256;MASCULINO;86,0;81,0;5,0;0,0;0,05813953488372093;0,0;0,45348837209302323;0,4883720930232558
EC060257;MASCULINO;170,0;145,0;24,0;1,0;0,1411764705882353;0,0058823529411764705;0,37058823529411766;0,4823529411764706
EC060258;MASCULINO;191,0;162,0;24,0;5,0;0,1256544502617801;0,02617801047120419;0,29842931937172773;0,5497382198952879
EC060259;MASCULINO;876,0;793,0;81,0;2,0;0,09246575342465753;0,00228310502283105;0,6232876712328768;0,2819634703196347
EC060260;MASCULINO;2719,0;2479,0;222,0;17,0;0,08164766458256711;0,00625229863920559;0,5101140125045973;0,40161824200073554
EC060350;MASCULINO;3991,0;3707,0;265,0;19,0;0,06639939864695565;0,00476071160110248;0,5602605863192183;0,3685793034327236
EC060351;MASCULINO;345,0;325,0;18,0;2,0;0,05217391304347826;0,005797101449275362;0,6956521739130435;0,2463768115942029
EC060352;MASCULINO;5678,0;5259,0;390,0;28,0;0,06868615709756956;0,004931313842902431;0,46935540683339205;0,45685100387460376
EC060353;MASCULINO;1087,0;985,0;94,0;7,0;0,08647654093836246;0,006439742410303588;0,43606255749770007;0,47010119595216193
EC060354;MASCULINO;749,0;693,0;54,0;2,0;0,07209612817089453;0,0026702269692923898;0,3604806408544726;0,5647530040053405
EC060450;MASCULINO;4654,0;4356,0;283,0;15,0;0,06080790717662226;0,0032230339492909325;0,736140954018049;0,19982810485603783
EC060550;MASCULINO;2183,0;1957,0;200,0;24,0;0,09161704076958314;0,010994044892349977;0,5455794777828676;0,35089326614750344
EC060551;MASCULINO;231,0;211,0;21,0;0,0;0,09090909090909091;0,0;0,5238095238095238;0,38961038961038963
EC060552;MASCULINO;199,0;182,0;16,0;1,0;0,08040201005025126;0,005025125628140704;0,5678391959798995;0,34673366834170855
EC060553;MASCULINO;271,0;246,0;23,0;2,0;0,08487084870848709;0,007380073800738007;0,35793357933579334;0,5498154981549815
EC060554;MASCULINO;280,0;247,0;29,0;4,0;0,10357142857142858;0,014285714285714285;0,5571428571428572;0,325
EC060650;MASCULINO;8073,0;7276,0;758,0;37,0;0,09389322432800694;0,004583178496221974;0,4765266939179983;0,42474916387959866
EC060651;MASCULINO;2781,0;2480,0;289,0;12,0;0,10391945343401654;0,004314994606256742;0,5652642934196332;0,3265012585400935
EC060652;MASCULINO;3659,0;3331,0;296,0;31,0;0,080896419786827;0,008472260180377153;0,48619841486745013;0,4241596064498497
EC060750;MASCULINO;5267,0;5000,0;253,0;12,0;0,048034934497816595;0,002278336814125688;0,7463451680273401;0,2029618378583634
EC060751;MASCULINO;215,0;200,0;14,0;0,0;0,06511627906976744;0,0;0,6930232558139535;0,2372093023255814
EC060752;MASCULINO;779,0;741,0;34,0;3,0;0,043645699614890884;0,0038510911424903724;0,772785622593068;0,17843388960205392
EC060753;MASCULINO;226,0;218,0;7,0;1,0;0,030973451327433628;0,004424778761061947;0,7787610619469026;0,18584070796460178
EC060754;MASCULINO;4213,0;3924,0;276,0;13,0;0,06551151198670781;0,0030856871587942084;0,751483503441728;0,17991929741277
EC060755;MASCULINO;673,0;634,0;35,0;4,0;0,05200594353640416;0,005943536404160475;0,7399702823179792;0,20208023774145617
EC060756;MASCULINO;1469,0;1387,0;79,0;3,0;0,053778080326752895;0,0020422055820285907;0,773995915588836;0,17018379850238258
EC060757;MASCULINO;436,0;423,0;13,0;0,0;0,02981651376146789;0,0;0,8279816513761468;0,14220183486238533
EC060758;MASCULINO;401,0;390,0;11,0;0,0;0,02743142144638404;0,0;0,7905236907730673;0,18204488778054864
EC060759;MASCULINO;200,0;188,0;11,0;1,0;0,055;0,005;0,68;0,26
EC060850;MASCULINO;3957,0;3671,0;269,0;17,0;0,06798079353045236;0,00429618397776093;0,5721506191559262;0,3555724033358605
EC060950;MASCULINO;1106,0;1064,0;40,0;2,0;0,03616636528028933;0,0018083182640144665;0,7486437613019892;0,21338155515370705
EC060951;MASCULINO;530,0;503,0;22,0;5,0;0,04150943396226415;0,009433962264150943;0,660377358490566;0,28867924528301886
EC060952;MASCULINO;367,0;357,0;10,0;0,0;0,027247956403269755;0,0;0,7956403269754768;0,1771117166212534
EC060953;MASCULINO;320,0;298,0;20,0;2,0;0,0625;0,00625;0,7125;0,21875
EC060954;MASCULINO;593,0;583,0;9,0;1,0;0,01517706576728499;0,0016863406408094434;0,7993254637436762;0,18381112984822934
EC060955;MASCULINO;169,0;160,0;8,0;1,0;0,047337278106508875;0,005917159763313609;0,7810650887573964;0,16568047337278108
EC060956;MASCULINO;122,0;120,0;2,0;0,0;0,01639344262295082;0,0;0,6229508196721312;0,36065573770491804
EC061050;MASCULINO;5394,0;5000,0;368,0;24,0;0,0682239525398591;0,004449388209121246;0,3971078976640712;0,5298479792361883
EC070150;MASCULINO;2511,0;2365,0;136,0;10,0;0,054161688570290724;0,00398247710075667;0,4233373158104341;0,5185185185185185
EC070152;MASCULINO;1385,0;1327,0;45,0;13,0;0,032490974729241874;0,009386281588447653;0,2996389891696751;0,6584837545126354
EC070250;MASCULINO;8039,0;7640,0;353,0;46,0;0,0439109341957955;0,005722104739395447;0,532404527926359;0,41796243313845005
EC070251;MASCULINO;530,0;517,0;12,0;1,0;0,022641509433962263;0,0018867924528301887;0,37924528301886795;0,5962264150943396
EC070254;MASCULINO;1102,0;1038,0;54,0;10,0;0,04900181488203267;0,009074410163339383;0,3566243194192377;0,5852994555353902
EC070255;MASCULINO;266,0;257,0;8,0;1,0;0,03007518796992481;0,0037593984962406013;0,48120300751879697;0,4849624060150376
EC070256;MASCULINO;657,0;640,0;13,0;4,0;0,0197869101978691;0,0060882800608828;0,395738203957382;0,578386605783866
EC070350;MASCULINO;1085,0;1013,0;58,0;14,0;0,053456221198156684;0,012903225806451613;0,6847926267281106;0,2488479262672811
EC070351;MASCULINO;631,0;604,0;25,0;2,0;0,039619651347068144;0,003169572107765452;0,7591125198098256;0,19809825673534073
EC070352;MASCULINO;361,0;330,0;24,0;7,0;0,0664819944598338;0,019390581717451522;0,6759002770083102;0,23822714681440443
EC070353;MASCULINO;187,0;179,0;8,0;0,0;0,0427807486631016;0,0;0,679144385026738;0,27807486631016043
EC070354;MASCULINO;202,0;190,0;11,0;1,0;0,054455445544554455;0,0049504950495049506;0,6237623762376238;0,31683168316831684
EC070355;MASCULINO;212,0;201,0;7,0;4,0;0,0330188679245283;0,018867924528301886;0,4009433962264151;0,5471698113207547
EC070450;MASCULINO;2768,0;2644,0;111,0;12,0;0,04010115606936416;0,004335260115606936;0,49783236994219654;0,45736994219653176
EC070451;MASCULINO;418,0;389,0;23,0;6,0;0,05502392344497608;0,014354066985645933;0,3660287081339713;0,5645933014354066
EC070550;MASCULINO;1415,0;1280,0;127,0;8,0;0,08975265017667844;0,005653710247349823;0,4628975265017668;0,4416961130742049
EC070650;MASCULINO;13186,0;12452,0;681,0;51,0;0,0516456848172304;0,0038677385105414836;0,3312604277263765;0,6130744729258304
EC070651;MASCULINO;2378,0;2252,0;117,0;9,0;0,049201009251471826;0,0037846930193439865;0,20142977291841885;0,7455845248107653
EC070652;MASCULINO;1149,0;1082,0;61,0;6,0;0,05308964316797215;0,005221932114882507;0,35509138381201044;0,5865970409051349
EC070653;MASCULINO;1323,0;1255,0;61,0;6,0;0,04610733182161754;0,0045351473922902496;0,20634920634920634;0,7422524565381708
EC070654;MASCULINO;1516,0;1459,0;49,0;7,0;0,032321899736147755;0,004617414248021108;0,2691292875989446;0,6932717678100264
EC070750;MASCULINO;1152,0;1073,0;71,0;8,0;0,06163194444444445;0,006944444444444444;0,4522569444444444;0,4791666666666667
EC070850;MASCULINO;2263,0;2159,0;84,0;20,0;0,03711886875828546;0,008837825894829872;0,5090587715422006;0,44498453380468406
EC070851;MASCULINO;256,0;241,0;10,0;5,0;0,0390625;0,01953125;0,53125;0,41015625
EC070950;MASCULINO;19583,0;18153,0;1333,0;98,0;0,0680692437318082;0,005004340499412756;0,47168462441913905;0,4552928560486136
EC070951;MASCULINO;2352,0;2163,0;177,0;12,0;0,07525510204081633;0,00510204081632653;0,27721088435374147;0,6424319727891157
EC070952;MASCULINO;754,0;706,0;44,0;4,0;0,058355437665782495;0,005305039787798408;0,3222811671087533;0,6140583554376657
EC070953;MASCULINO;1328,0;1248,0;75,0;5,0;0,05647590361445783;0,0037650602409638554;0,3305722891566265;0,6091867469879518
EC070954;MASCULINO;1232,0;1127,0;94,0;11,0;0,0762987012987013;0,008928571428571428;0,3693181818181818;0,5454545454545454
EC070955;MASCULINO;485,0;454,0;28,0;3,0;0,0577319587628866;0,006185567010309278;0,3752577319587629;0,5608247422680412
EC070956;MASCULINO;450,0;429,0;20,0;1,0;0,044444444444444446;0,0022222222222222222;0,25333333333333335;0,7
EC071050;MASCULINO;6993,0;6625,0;346,0;21,0;0,04947804947804948;0,003003003003003003;0,6812526812526812;0,26612326612326614
EC071051;MASCULINO;552,0;501,0;45,0;6,0;0,08152173913043478;0,010869565217391304;0,36231884057971014;0,5452898550724637
EC071052;MASCULINO;491,0;464,0;21,0;6,0;0,04276985743380855;0,012219959266802444;0,48676171079429736;0,45824847250509165
EC071053;MASCULINO;580,0;550,0;25,0;5,0;0,04310344827586207;0,008620689655172414;0,6706896551724137;0,2775862068965517
EC071054;MASCULINO;280,0;271,0;7,0;2,0;0,025;0,007142857142857143;0,5428571428571428;0,425
EC071055;MASCULINO;334,0;317,0;16,0;1,0;0,04790419161676647;0,0029940119760479044;0,7095808383233533;0,23952095808383234
EC071056;MASCULINO;665,0;635,0;25,0;5,0;0,03759398496240601;0,007518796992481203;0,48872180451127817;0,46616541353383456
EC071150;MASCULINO;3887,0;3691,0;166,0;30,0;0,042706457422176484;0,007718034473887317;0,6503730383329046;0,29920246977103165
EC071151;MASCULINO;231,0;220,0;7,0;4,0;0,030303030303030304;0,017316017316017316;0,683982683982684;0,2683982683982684
EC071152;MASCULINO;273,0;260,0;10,0;3,0;0,03663003663003663;0,01098901098901099;0,6556776556776557;0,2967032967032967
EC071153;MASCULINO;373,0;347,0;18,0;8,0;0,04825737265415549;0,021447721179624665;0,6434316353887399;0,2868632707774799
EC071250;MASCULINO;516,0;481,0;30,0;5,0;0,05813953488372093;0,009689922480620155;0,3682170542635659;0,563953488372093
EC071251;MASCULINO;1011,0;958,0;48,0;5,0;0,04747774480712166;0,004945598417408506;0,47774480712166173;0,4698318496538081
EC071252;MASCULINO;267,0;256,0;7,0;4,0;0,026217228464419477;0,0149812734082397;0,2209737827715356;0,7378277153558053
EC071253;MASCULINO;735,0;686,0;42,0;9,0;0,05714285714285714;0,012244897959183673;0,5238095238095238;0,4095238095238095
EC071254;MASCULINO;497,0;471,0;23,0;3,0;0,04627766599597585;0,006036217303822937;0,39436619718309857;0,5533199195171026
EC071255;MASCULINO;725,0;689,0;31,0;5,0;0,04275862068965517;0,006896551724137931;0,5972413793103448;0,35310344827586204
EC071256;MASCULINO;919,0;828,0;81,0;10,0;0,088139281828074;0,01088139281828074;0,18280739934711643;0,7181719260065288
EC071257;MASCULINO;667,0;623,0;38,0;6,0;0,05697151424287856;0,008995502248875561;0,4617691154422789;0,47226386806596704
EC071350;MASCULINO;4742,0;4518,0;215,0;11,0;0,0453395191902151;0,002319696330662168;0,7374525516659637;0,2153099957823703
EC071351;MASCULINO;603,0;567,0;29,0;7,0;0,04809286898839138;0,011608623548922056;0,33001658374792703;0,6102819237147595
EC071352;MASCULINO;444,0;432,0;9,0;3,0;0,02027027027027027;0,006756756756756757;0,8130630630630631;0,15990990990990991
EC071353;MASCULINO;1055,0;929,0;108,0;18,0;0,1023696682464455;0,017061611374407582;0,3867298578199052;0,4938388625592417
EC071354;MASCULINO;544,0;516,0;22,0;6,0;0,04044117647058824;0,011029411764705883;0,6709558823529411;0,2775735294117647
EC071355;MASCULINO;804,0;758,0;30,0;16,0;0,03731343283582089;0,01990049751243781;0,6156716417910447;0,3271144278606965
EC071356;MASCULINO;361,0;339,0;11,0;11,0;0,030470914127423823;0,030470914127423823;0,6759002770083102;0,2631578947368421
EC071357;MASCULINO;320,0;311,0;9,0;0,0;0,028125;0,0;0,71875;0,253125
EC071358;MASCULINO;432,0;409,0;15,0;8,0;0,034722222222222224;0,018518518518518517;0,7476851851851852;0,19907407407407407
EC071359;MASCULINO;345,0;324,0;18,0;3,0;0,05217391304347826;0,008695652173913044;0,7681159420289855;0,17101449275362318
EC071450;MASCULINO;1128,0;1075,0;41,0;12,0;0,03634751773049645;0,010638297872340425;0,5354609929078015;0,4175531914893617
EC071451;MASCULINO;354,0;339,0;12,0;3,0;0,03389830508474576;0,00847457627118644;0,4011299435028249;0,556497175141243
EC071452;MASCULINO;367,0;354,0;13,0;0,0;0,035422343324250684;0,0;0,5313351498637602;0,4332425068119891
EC071453;MASCULINO;243,0;232,0;9,0;2,0;0,037037037037037035;0,00823045267489712;0,588477366255144;0,3662551440329218
EC080150;MASCULINO;15965,0;14957,0;869,0;139,0;0,05443156905731287;0,008706545568430943;0,5820231756968368;0,3548387096774194
EC080152;MASCULINO;1065,0;956,0;88,0;21,0;0,08262910798122065;0,01971830985915493;0,428169014084507;0,4694835680751174
EC080153;MASCULINO;763,0;665,0;68,0;29,0;0,0891218872870249;0,03800786369593709;0,4076015727391874;0,4639580602883355
EC080154;MASCULINO;1274,0;1164,0;86,0;24,0;0,06750392464678179;0,018838304552590265;0,4748822605965463;0,4387755102040816
EC080159;MASCULINO;943,0;844,0;84,0;15,0;0,08907741251325557;0,015906680805938492;0,5185577942735949;0,37645811240721105
EC080163;MASCULINO;2134,0;1924,0;155,0;55,0;0,07263355201499531;0,02577319587628866;0,41611996251171507;0,4854732895970009
EC080165;MASCULINO;1109,0;922,0;177,0;10,0;0,15960324616771868;0,009017132551848512;0,37240757439134353;0,45897204688908927
EC080166;MASCULINO;1593,0;1496,0;78,0;19,0;0,04896421845574388;0,011927181418706842;0,42812303829252984;0,5109855618330195
EC080168;MASCULINO;4074,0;3766,0;270,0;38,0;0,0662739322533137;0,009327442317133039;0,49018163966617573;0,4342169857633775
EC080250;MASCULINO;2298,0;1988,0;93,0;217,0;0,04046997389033943;0,09442993907745866;0,3237597911227154;0,5413402959094865
EC080251;MASCULINO;528,0;458,0;54,0;16,0;0,10227272727272728;0,030303030303030304;0,2840909090909091;0,5833333333333334
EC080252;MASCULINO;554,0;508,0;34,0;12,0;0,061371841155234655;0,021660649819494584;0,351985559566787;0,5649819494584838
EC080253;MASCULINO;3483,0;3193,0;241,0;49,0;0,06919322423198392;0,014068331897789263;0,3324720068906115;0,5842664369796152
EC080254;MASCULINO;1013,0;951,0;51,0;11,0;0,050345508390918066;0,01085883514313919;0,3119447186574531;0,6268509378084897
EC080255;MASCULINO;190,0;181,0;6,0;3,0;0,031578947368421054;0,015789473684210527;0,18421052631578946;0,7684210526315789
EC080256;MASCULINO;679,0;624,0;39,0;16,0;0,05743740795287187;0,023564064801178203;0,27982326951399117;0,6391752577319587
EC080257;MASCULINO;261,0;229,0;15,0;17,0;0,05747126436781609;0,06513409961685823;0,34099616858237547;0,5363984674329502
EC080258;MASCULINO;710,0;635,0;52,0;23,0;0,07323943661971831;0,0323943661971831;0,5169014084507042;0,37746478873239436
EC080259;MASCULINO;940,0;845,0;74,0;21,0;0,07872340425531915;0,022340425531914895;0,35638297872340424;0,5425531914893617
EC080260;MASCULINO;451,0;395,0;18,0;38,0;0,03991130820399113;0,08425720620842572;0,15077605321507762;0,7250554323725056
EC080261;MASCULINO;1917,0;1721,0;154,0;42,0;0,08033385498174231;0,02190923317683881;0,44183620239958266;0,4559207094418362
EC080262;MASCULINO;444,0;382,0;32,0;30,0;0,07207207207207207;0,06756756756756757;0,18243243243243243;0,6779279279279279
EC080263;MASCULINO;674,0;598,0;50,0;26,0;0,07418397626112759;0,03857566765578635;0,39020771513353114;0,4970326409495549
EC080264;MASCULINO;342,0;310,0;24,0;8,0;0,07017543859649122;0,023391812865497075;0,21052631578947367;0,695906432748538
EC080265;MASCULINO;514,0;480,0;30,0;4,0;0,058365758754863814;0,007782101167315175;0,23735408560311283;0,6964980544747081
EC080350;MASCULINO;4008,0;3739,0;228,0;41,0;0,05688622754491018;0,010229540918163672;0,3078842315369261;0,625
EC080351;MASCULINO;493,0;472,0;15,0;6,0;0,030425963488843813;0,012170385395537525;0,2434077079107505;0,7139959432048681
EC080352;MASCULINO;629,0;581,0;46,0;2,0;0,07313195548489666;0,003179650238473768;0,12241653418124006;0,8012718600953895
EC080353;MASCULINO;567,0;537,0;29,0;1,0;0,05114638447971781;0,001763668430335097;0,2751322751322751;0,671957671957672
EC080354;MASCULINO;304,0;288,0;8,0;8,0;0,02631578947368421;0,02631578947368421;0,27631578947368424;0,6710526315789473
EC080355;MASCULINO;495,0;462,0;21,0;12,0;0,04242424242424243;0,024242424242424242;0,15353535353535352;0,7797979797979798
EC080356;MASCULINO;967,0;927,0;35,0;5,0;0,03619441571871768;0,005170630816959669;0,22750775594622544;0,7311271975180972
EC080357;MASCULINO;1984,0;1843,0;128,0;13,0;0,06451612903225806;0,00655241935483871;0,2535282258064516;0,6754032258064516
EC080358;MASCULINO;1677,0;1580,0;75,0;22,0;0,044722719141323794;0,01311866428145498;0,22063208109719737;0,7215265354800239
EC080450;MASCULINO;24236,0;22372,0;1541,0;321,0;0,06358309952137316;0,013244759861363262;0,4998349562634098;0,42325466248555865
EC080451;MASCULINO;1971,0;1718,0;217,0;35,0;0,11009639776763064;0,017757483510908167;0,4485032978183663;0,4231354642313546
EC080452;MASCULINO;806,0;732,0;66,0;8,0;0,08188585607940446;0,009925558312655087;0,43672456575682383;0,47146401985111663
EC080453;MASCULINO;5804,0;5330,0;428,0;46,0;0,0737422467263956;0,007925568573397657;0,3545830461750517;0,5637491385251551
EC080454;MASCULINO;3038,0;2716,0;272,0;52,0;0,08953258722843976;0,017116524028966424;0,4980250164581962;0,3959842001316656
EC080455;MASCULINO;7936,0;7263,0;619,0;54,0;0,07799899193548387;0,006804435483870968;0,42477318548387094;0,4904233870967742
EC080550;MASCULINO;7525,0;6749,0;551,0;228,0;0,07322259136212625;0,030299003322259137;0,3023255813953488;0,5945514950166113
EC080551;MASCULINO;551,0;484,0;52,0;15,0;0,09437386569872959;0,02722323049001815;0,26678765880217786;0,6116152450090744
EC080552;MASCULINO;540,0;505,0;22,0;13,0;0,040740740740740744;0,024074074074074074;0,24444444444444444;0,6907407407407408
EC080553;MASCULINO;264,0;240,0;16,0;8,0;0,06060606060606061;0,030303030303030304;0,30303030303030304;0,6060606060606061
EC080554;MASCULINO;498,0;464,0;21,0;13,0;0,04216867469879518;0,02610441767068273;0,22690763052208834;0,7048192771084337
EC080555;MASCULINO;105,0;99,0;2,0;4,0;0,01904761904761905;0,0380952380952381;0,24761904761904763;0,6952380952380952
EC080556;MASCULINO;622,0;534,0;45,0;43,0;0,07234726688102894;0,06913183279742766;0,297427652733119;0,5610932475884244
EC080557;MASCULINO;437,0;397,0;35,0;5,0;0,08009153318077804;0,011441647597254004;0,12814645308924486;0,7803203661327232
EC080558;MASCULINO;288,0;238,0;20,0;30,0;0,06944444444444445;0,10416666666666667;0,23958333333333334;0,5868055555555556
EC080559;MASCULINO;591,0;522,0;50,0;20,0;0,08460236886632826;0,0338409475465313;0,1844331641285956;0,6988155668358714
EC080560;MASCULINO;523,0;482,0;29,0;12,0;0,055449330783938815;0,022944550669216062;0,3403441682600382;0,5812619502868069
EC080561;MASCULINO;890,0;816,0;62,0;12,0;0,0696629213483146;0,01348314606741573;0,27415730337078653;0,6426966292134831
EC080650;MASCULINO;6572,0;6093,0;422,0;56,0;0,06421180766889836;0,00852099817407182;0,38359707851491176;0,5435179549604382
EC080651;MASCULINO;1058,0;982,0;70,0;6,0;0,0661625708884688;0,005671077504725898;0,3591682419659735;0,5689981096408318
EC080652;MASCULINO;1364,0;1244,0;95,0;25,0;0,06964809384164222;0,018328445747800588;0,2859237536656892;0,626099706744868
EC080653;MASCULINO;3131,0;2891,0;197,0;40,0;0,06291919514532099;0,012775471095496647;0,30086234429894604;0,6224848291280741
EC080654;MASCULINO;3594,0;3321,0;249,0;22,0;0,06928213689482471;0,006121313299944352;0,34390651085141904;0,5801335559265443
EC080750;MASCULINO;2461,0;2266,0;158,0;37,0;0,0642015440877692;0,015034538805363673;0,33726127590410404;0,5835026412027631
EC080751;MASCULINO;1350,0;1195,0;119,0;36,0;0,08814814814814814;0,02666666666666667;0,31851851851851853;0,5666666666666667
EC080752;MASCULINO;1544,0;1380,0;136,0;27,0;0,08808290155440414;0,017487046632124352;0,45595854922279794;0,4378238341968912
EC080753;MASCULINO;1775,0;1586,0;139,0;50,0;0,07830985915492958;0,028169014084507043;0,2523943661971831;0,6411267605633802
EC080754;MASCULINO;1704,0;1509,0;163,0;32,0;0,09565727699530517;0,018779342723004695;0,2681924882629108;0,6173708920187794
EC080755;MASCULINO;1867,0;1724,0;123,0;20,0;0,06588109266202463;0,010712372790573112;0,25549009105516873;0,6679164434922336
EC090152;MASCULINO;4303,0;4002,0;253,0;48,0;0,05879618870555427;0,011155008133860098;0,38461538461538464;0,545433418545201
EC090153;MASCULINO;1532,0;1437,0;71,0;24,0;0,04634464751958225;0,015665796344647518;0,4549608355091384;0,4830287206266319
EC090156;MASCULINO;9564,0;8887,0;564,0;113,0;0,05897114178168131;0,011815140108741113;0,30416143872856544;0,6250522793810122
EC090157;MASCULINO;4158,0;3700,0;313,0;144,0;0,07527657527657527;0,03463203463203463;0,29292929292929293;0,596921596921597
EC090158;MASCULINO;4147,0;3803,0;305,0;39,0;0,07354714251265976;0,009404388714733543;0,3204726308174584;0,5965758379551483
EC090250;MASCULINO;9198,0;8489,0;592,0;116,0;0,06436181778647532;0,012611437268971515;0,3360513155033703;0,5868667101543814
EC090350;MASCULINO;7404,0;6840,0;500,0;64,0;0,0675310642895732;0,00864397622906537;0,2637763371150729;0,6600486223662885
EC090450;MASCULINO;21621,0;20113,0;1269,0;238,0;0,058692937421950885;0,011007816474723648;0,32602562323666806;0,6042273715369317
EC090550;MASCULINO;8411,0;7702,0;617,0;92,0;0,07335631910593271;0,01093805730590893;0,23814053025799548;0,6775650933301629
EC090551;MASCULINO;1471,0;1372,0;83,0;16,0;0,05642420122365738;0,010876954452753228;0,22637661454792657;0,7063222297756628
EC090650;MASCULINO;33068,0;29803,0;2843,0;414,0;0,08597435587274707;0,012519656465465103;0,38187976291278575;0,5193842990202008
EC090652;MASCULINO;2146,0;1890,0;222,0;34,0;0,10344827586206896;0,015843429636533086;0,34762348555452005;0,5330848089468779
EC090653;MASCULINO;3275,0;2903,0;304,0;65,0;0,09282442748091603;0,01984732824427481;0,3841221374045802;0,5022900763358779
EC090654;MASCULINO;1701,0;1548,0;137,0;16,0;0,0805408583186361;0,00940623162845385;0,3480305702527925;0,5620223398001176
EC090656;MASCULINO;2609,0;2321,0;244,0;43,0;0,0935224223840552;0,016481410502108086;0,326561901111537;0,5630509773859717
EC090750;MASCULINO;57179,0;53244,0;3498,0;432,0;0,061176305986463564;0,00755522132251351;0,4485737770859931;0,482607250913797
EC090850;MASCULINO;26358,0;24370,0;1652,0;335,0;0,06267546854844828;0,012709613779497685;0,3019197207678883;0,6226572577585553
EC090851;MASCULINO;2850,0;2592,0;198,0;60,0;0,06947368421052631;0,021052631578947368;0,31719298245614036;0,592280701754386
EC090852;MASCULINO;2197,0;2095,0;90,0;12,0;0,040964952207555756;0,005461993627674101;0,18252162039144287;0,7710514337733273
EC090950;MASCULINO;18844,0;17345,0;1311,0;187,0;0,06957121630227128;0,009923583103375079;0,3642008066227977;0,5562513266822331
EC091050;MASCULINO;59167,0;54733,0;3855,0;576,0;0,06515456250950699;0,009735156421653962;0,4258454881944327;0,49921408893471025
EC091051;MASCULINO;651,0;615,0;30,0;6,0;0,04608294930875576;0,009216589861751152;0,17204301075268819;0,7726574500768049
EC091053;MASCULINO;2156,0;1972,0;167,0;17,0;0,0774582560296846;0,007884972170686457;0,3650278293135436;0,5496289424860853
EC091054;MASCULINO;2559,0;2378,0;159,0;22,0;0,06213364595545135;0,008597108245408363;0,3919499804611176;0,5373192653380227
EC091150;MASCULINO;17692,0;16362,0;1225,0;105,0;0,06924033461451504;0,005934885824101289;0,31782726656115756;0,6069975130002261
EC091151;MASCULINO;1287,0;1202,0;78,0;7,0;0,06060606060606061;0,005439005439005439;0,2400932400932401;0,6938616938616938
EC091152;MASCULINO;1671,0;1539,0;112,0;20,0;0,06702573309395571;0,011968880909634948;0,24416517055655296;0,6768402154398564
EC091153;MASCULINO;923,0;875,0;41,0;7,0;0,044420368364030335;0,007583965330444204;0,2199349945828819;0,7280606717226435
EC091154;MASCULINO;3134,0;2853,0;224,0;57,0;0,07147415443522655;0,018187619655392468;0,2539885130823229;0,6563497128270581
EC091250;MASCULINO;14460,0;13419,0;943,0;99,0;0,06521438450899032;0,006846473029045643;0,3240663900414938;0,6039419087136929
EC091350;MASCULINO;6921,0;6476,0;364,0;79,0;0,05259355584453114;0,011414535471752637;0,3115156769252998;0,6241872561768531
EC091450;MASCULINO;16497,0;15056,0;1269,0;169,0;0,07692307692307693;0,01024428684003152;0,3605504031035946;0,5521003818876159
EC091451;MASCULINO;1290,0;1213,0;67,0;10,0;0,05193798449612403;0,007751937984496124;0,2930232558139535;0,6472868217054264
EC091452;MASCULINO;2038,0;1882,0;141,0;15,0;0,06918547595682041;0,007360157016683023;0,33022571148184493;0,5932286555446517
EC091650;MASCULINO;13923,0;12866,0;899,0;154,0;0,06456941751059399;0,011060834590246356;0,33670904259139556;0,5873734109028227
EC091651;MASCULINO;3623,0;3271,0;324,0;28,0;0,08942865028981507;0,007728401876897599;0,27049406569141593;0,6323488821418713
EC091850;MASCULINO;16208,0;14756,0;1256,0;190,0;0,07749259624876605;0,011722606120434353;0,3077492596248766;0,6026653504442251
EC091950;MASCULINO;15039,0;13538,0;1317,0;182,0;0,08757231198882905;0,01210186847529756;0,31990158920140965;0,5802912427688011
EC091951;MASCULINO;3274,0;3003,0;222,0;49,0;0,0678069639584606;0,014966401954795358;0,32101405009163103;0,596212583995113
EC091952;MASCULINO;1815,0;1586,0;165,0;64,0;0,09090909090909091;0,03526170798898071;0,2975206611570248;0,5763085399449036
EC091953;MASCULINO;3822,0;3490,0;269,0;63,0;0,07038199895342752;0,016483516483516484;0,29513343799058084;0,6180010465724751
EC092050;MASCULINO;11106,0;10213,0;772,0;120,0;0,06951197550873402;0,010804970286331712;0,3303619665045921;0,5892310462812894
EC092053;MASCULINO;3252,0;2974,0;246,0;32,0;0,07564575645756458;0,00984009840098401;0,26045510455104554;0,6540590405904059
EC092055;MASCULINO;3155,0;2931,0;200,0;24,0;0,06339144215530904;0,007606973058637084;0,23201267828843106;0,6969889064976228
EC092056;MASCULINO;4792,0;4441,0;308,0;43,0;0,0642737896494157;0,008973288814691152;0,26585976627712854;0,6608931552587646
EC092150;MASCULINO;19621,0;18214,0;1248,0;156,0;0,06360532082972326;0,007950665103715407;0,4248509250293053;0,5034401916314153
EC092250;MASCULINO;6473,0;5990,0;402,0;81,0;0,062104124826201146;0,012513517688861425;0,43812760698285186;0,4872547505020856
EC092251;MASCULINO;2952,0;2674,0;235,0;43,0;0,07960704607046071;0,014566395663956639;0,3130081300813008;0,5928184281842819
EC092350;MASCULINO;4805,0;4498,0;290,0;16,0;0,060353798126951096;0,0033298647242455777;0,3127991675338189;0,6233090530697191
EC092450;MASCULINO;7808,0;7120,0;554,0;132,0;0,07095286885245902;0,016905737704918034;0,39280225409836067;0,5190829918032787
EC092550;MASCULINO;8656,0;7990,0;583,0;77,0;0,06735212569316082;0,008895563770794824;0,35316543438077636;0,5698937153419593
EC092750;MASCULINO;4989,0;4541,0;354,0;93,0;0,07095610342754059;0,018641010222489478;0,4269392663860493;0,48326317899378635
EC092850;MASCULINO;5322,0;4923,0;347,0;51,0;0,0652010522360015;0,009582863585118376;0,2583615182262307;0,6666666666666666
EC100150;MASCULINO;1371,0;1258,0;108,0;5,0;0,0787746170678337;0,0036469730123997084;0,5142231947483589;0,4033552151714077
EC100151;MASCULINO;2110,0;1916,0;169,0;24,0;0,08009478672985781;0,011374407582938388;0,3180094786729858;0,590047393364929
EC100152;MASCULINO;1527,0;1347,0;167,0;13,0;0,10936476751800916;0,008513425016371971;0,3058284217419777;0,5762933857236411
EC100153;MASCULINO;1176,0;1060,0;97,0;19,0;0,0824829931972789;0,016156462585034014;0,3078231292517007;0,5935374149659864
EC100154;MASCULINO;3259,0;2894,0;350,0;13,0;0,10739490641301012;0,003988953666768947;0,3323105247008285;0,5556919300398895
EC100155;MASCULINO;1602,0;1450,0;141,0;11,0;0,08801498127340825;0,00686641697877653;0,3139825218476904;0,5911360799001248
EC100156;MASCULINO;795,0;721,0;63,0;11,0;0,07924528301886792;0,013836477987421384;0,2679245283018868;0,6389937106918239
EC100157;MASCULINO;6651,0;6136,0;470,0;43,0;0,07066606525334536;0,006465193204029469;0,5324011426853105;0,3901668921966622
EC100250;MASCULINO;7628,0;7062,0;529,0;37,0;0,06934976402726796;0,004850550603041426;0,5818038804404825;0,34399580492920817
EC100251;MASCULINO;577,0;533,0;40,0;4,0;0,06932409012131716;0,006932409012131715;0,43154246100519933;0,49220103986135183
EC100252;MASCULINO;2152,0;1975,0;164,0;13,0;0,0762081784386617;0,0060408921933085506;0,5348513011152416;0,3828996282527881
EC100253;MASCULINO;1294,0;1208,0;79,0;7,0;0,061051004636785165;0,005409582689335394;0,508500772797527;0,4250386398763524
EC100254;MASCULINO;3884,0;3471,0;383,0;29,0;0,0986096807415036;0,007466529351184346;0,39701338825952626;0,4966529351184346
EC100350;MASCULINO;2385,0;2130,0;241,0;14,0;0,1010482180293501;0,005870020964360587;0,44737945492662473;0,44570230607966455
EC100351;MASCULINO;835,0;747,0;79,0;9,0;0,09461077844311377;0,010778443113772455;0,3221556886227545;0,5724550898203593
EC100352;MASCULINO;3323,0;3065,0;224,0;34,0;0,06740896780018056;0,01023171832681312;0,32530845621426424;0,5970508576587421
EC100353;MASCULINO;2264,0;1893,0;348,0;23,0;0,15371024734982333;0,010159010600706713;0,2398409893992933;0,5962897526501767
EC100354;MASCULINO;712,0;671,0;38,0;3,0;0,05337078651685393;0,004213483146067416;0,42134831460674155;0,5210674157303371
EC100355;MASCULINO;269,0;254,0;13,0;2,0;0,048327137546468404;0,007434944237918215;0,379182156133829;0,5650557620817844
EC100356;MASCULINO;2929,0;2608,0;300,0;21,0;0,10242403550699898;0,007169682485489928;0,4107203823830659;0,4796858996244452
EC100357;MASCULINO;838,0;738,0;89,0;11,0;0,10620525059665871;0,013126491646778043;0,32816229116945106;0,5525059665871122
EC100358;MASCULINO;308,0;291,0;16,0;1,0;0,05194805194805195;0,003246753246753247;0,38311688311688313;0,5616883116883117
EC100450;MASCULINO;7607,0;6935,0;627,0;43,0;0,08242408308137242;0,005652688313395556;0,4338109635861706;0,4778493492835546
EC100451;MASCULINO;2324,0;2092,0;218,0;14,0;0,09380378657487091;0,006024096385542169;0,22504302925989672;0,6751290877796902
EC100452;MASCULINO;2536,0;2301,0;221,0;13,0;0,08714511041009464;0,005126182965299685;0,26774447949526814;0,639589905362776
EC100453;MASCULINO;2338,0;2122,0;201,0;14,0;0,08597091531223268;0,005988023952095809;0,29597946963216426;0,611633875106929
EC100454;MASCULINO;172,0;155,0;15,0;2,0;0,0872093023255814;0,011627906976744186;0,42441860465116277;0,47674418604651164
EC100455;MASCULINO;3344,0;2959,0;365,0;19,0;0,10915071770334928;0,005681818181818182;0,3071172248803828;0,5777511961722488
EC100456;MASCULINO;2930,0;2634,0;275,0;22,0;0,09385665529010238;0,007508532423208191;0,30204778156996587;0,5969283276450512
EC100457;MASCULINO;3911,0;3514,0;377,0;20,0;0,09639478394272565;0,005113781641523907;0,3983635898747124;0,5001278445410381
EC100458;MASCULINO;1814,0;1666,0;132,0;16,0;0,07276736493936053;0,008820286659316428;0,19790518191841236;0,7205071664829107
EC100459;MASCULINO;785,0;720,0;48,0;17,0;0,061146496815286625;0,02165605095541401;0,42165605095541403;0,49554140127388535
EC100550;MASCULINO;4216,0;3813,0;365,0;37,0;0,08657495256166983;0,008776091081593928;0,3968216318785579;0,5075901328273245
EC100551;MASCULINO;520,0;486,0;31,0;3,0;0,05961538461538462;0,0057692307692307696;0,33076923076923076;0,6038461538461538
EC100552;MASCULINO;669,0;604,0;64,0;1,0;0,09566517189835576;0,0014947683109118087;0,28101644245142005;0,6218236173393124
EC100553;MASCULINO;450,0;413,0;35,0;2,0;0,07777777777777778;0,0044444444444444444;0,31777777777777777;0,6
EC100650;MASCULINO;2925,0;2700,0;205,0;19,0;0,07008547008547009;0,006495726495726496;0,39487179487179486;0,5282051282051282
EC100651;MASCULINO;868,0;750,0;103,0;15,0;0,11866359447004608;0,01728110599078341;0,3870967741935484;0,4769585253456221
EC100652;MASCULINO;821,0;728,0;86,0;7,0;0,10475030450669914;0,008526187576126675;0,5858708891595615;0,30085261875761266
EC100653;MASCULINO;868,0;787,0;73,0;8,0;0,08410138248847926;0,009216589861751152;0,37327188940092165;0,533410138248848
EC100654;MASCULINO;1117,0;1009,0;97,0;11,0;0,08683974932855863;0,009847806624888093;0,3437779767233662;0,5595344673231871
EC100655;MASCULINO;657,0;601,0;51,0;4,0;0,0776255707762557;0,0060882800608828;0,3896499238964992;0,5251141552511416
EC110150;MASCULINO;11318,0;10810,0;478,0;30,0;0,042233610178476766;0,0026506449902809685;0,7185898568651705;0,23652588796607174
EC110151;MASCULINO;449,0;426,0;18,0;5,0;0,0400890868596882;0,011135857461024499;0,6703786191536748;0,27839643652561247
EC110152;MASCULINO;840,0;789,0;45,0;6,0;0,05357142857142857;0,007142857142857143;0,7595238095238095;0,17976190476190476
EC110153;MASCULINO;511,0;491,0;20,0;0,0;0,03913894324853229;0,0;0,5342465753424658;0,42661448140900193
EC110154;MASCULINO;660,0;608,0;45,0;7,0;0,06818181818181818;0,010606060606060607;0,5666666666666667;0,35454545454545455
EC110155;MASCULINO;491,0;470,0;20,0;1,0;0,04073319755600815;0,002036659877800407;0,8065173116089613;0,15071283095723015
EC110156;MASCULINO;2801,0;2597,0;180,0;24,0;0,06426276329882184;0,008568368439842914;0,6622634773295252;0,2649053909318101
EC110157;MASCULINO;1437,0;1289,0;137,0;11,0;0,0953375086986778;0,007654836464857342;0,6826722338204593;0,21433542101600556
EC110158;MASCULINO;461,0;430,0;29,0;2,0;0,06290672451193059;0,004338394793926247;0,6789587852494577;0,25379609544468545
EC110159;MASCULINO;472,0;446,0;22,0;4,0;0,046610169491525424;0,00847457627118644;0,6758474576271186;0,2690677966101695
EC110160;MASCULINO;971,0;910,0;49,0;12,0;0,05046343975283213;0,012358393408856848;0,6065911431513903;0,3305870236869207
EC110161;MASCULINO;1812,0;1709,0;95,0;8,0;0,052428256070640174;0,004415011037527594;0,6214128035320088;0,3217439293598234
EC110162;MASCULINO;506,0;488,0;12,0;6,0;0,023715415019762844;0,011857707509881422;0,7391304347826086;0,22529644268774704
EC110163;MASCULINO;525,0;501,0;22,0;2,0;0,0419047619047619;0,0038095238095238095;0,6495238095238095;0,3047619047619048
EC110250;MASCULINO;5166,0;4930,0;214,0;21,0;0,041424699961285325;0,0040650406504065045;0,6695702671312428;0,28474641889276037
EC110251;MASCULINO;586,0;549,0;27,0;10,0;0,04607508532423208;0,017064846416382253;0,4590443686006826;0,4778156996587031
EC110252;MASCULINO;752,0;720,0;28,0;3,0;0,03723404255319149;0,003989361702127659;0,425531914893617;0,5319148936170213
EC110253;MASCULINO;300,0;285,0;13,0;2,0;0,043333333333333335;0,006666666666666667;0,5733333333333334;0,37666666666666665
EC110254;MASCULINO;359,0;342,0;12,0;5,0;0,033426183844011144;0,013927576601671309;0,42618384401114207;0,5264623955431755
EC110350;MASCULINO;8233,0;7796,0;390,0;47,0;0,0473703388801166;0,005708733147090975;0,5905502247054537;0,3563707032673388
EC110351;MASCULINO;1083,0;1029,0;35,0;19,0;0,032317636195752536;0,017543859649122806;0,602954755309326;0,3471837488457987
EC110352;MASCULINO;172,0;166,0;6,0;0,0;0,03488372093023256;0,0;0,5523255813953488;0,4127906976744186
EC110353;MASCULINO;610,0;574,0;31,0;5,0;0,05081967213114754;0,00819672131147541;0,5983606557377049;0,34262295081967215
EC110354;MASCULINO;178,0;170,0;6,0;2,0;0,033707865168539325;0,011235955056179775;0,6460674157303371;0,3089887640449438
EC110450;MASCULINO;2294,0;2211,0;72,0;11,0;0,03138622493461203;0,004795117698343505;0,6133391455972101;0,35047951176983433
EC110451;MASCULINO;436,0;421,0;13,0;2,0;0,02981651376146789;0,0045871559633027525;0,4380733944954128;0,5275229357798165
EC110455;MASCULINO;908,0;851,0;47,0;10,0;0,051762114537444934;0,011013215859030838;0,3392070484581498;0,5980176211453745
EC110456;MASCULINO;847,0;812,0;27,0;8,0;0,031877213695395513;0,009445100354191263;0,42502951593860683;0,5336481700118064
EC110457;MASCULINO;233,0;228,0;5,0;0,0;0,02145922746781116;0,0;0,4291845493562232;0,5493562231759657
EC110550;MASCULINO;1492,0;1432,0;49,0;11,0;0,03284182305630027;0,007372654155495978;0,5864611260053619;0,37332439678284185
EC110551;MASCULINO;459,0;436,0;20,0;3,0;0,04357298474945534;0,006535947712418301;0,4553376906318083;0,49455337690631807
EC110552;MASCULINO;231,0;223,0;7,0;1,0;0,030303030303030304;0,004329004329004329;0,5930735930735931;0,3722943722943723
EC110553;MASCULINO;428,0;394,0;26,0;8,0;0,06074766355140187;0,018691588785046728;0,37149532710280375;0,5490654205607477
EC110554;MASCULINO;226,0;202,0;9,0;15,0;0,03982300884955752;0,06637168141592921;0,584070796460177;0,30973451327433627
EC110650;MASCULINO;1669,0;1584,0;74,0;11,0;0,044337926902336726;0,006590772917914919;0,4116237267825045;0,5374475733972438
EC110651;MASCULINO;687,0;648,0;35,0;4,0;0,050946142649199416;0,005822416302765648;0,33915574963609896;0,604075691411936
EC110652;MASCULINO;673,0;613,0;47,0;13,0;0,06983655274888559;0,019316493313521546;0,4309063893016345;0,4799405646359584
EC110653;MASCULINO;610,0;570,0;31,0;9,0;0,05081967213114754;0,014754098360655738;0,26721311475409837;0,6672131147540984
EC110654;MASCULINO;605,0;547,0;32,0;26,0;0,05289256198347107;0,04297520661157025;0,547107438016529;0,35702479338842974
EC110655;MASCULINO;581,0;555,0;18,0;8,0;0,03098106712564544;0,013769363166953529;0,29604130808950085;0,6592082616179001
EC110656;MASCULINO;311,0;291,0;20,0;0,0;0,06430868167202572;0,0;0,40836012861736337;0,5273311897106109
EC110750;MASCULINO;1333,0;1285,0;46,0;2,0;0,0345086271567892;0,0015003750937734434;0,6789197299324832;0,28507126781695424
EC110751;MASCULINO;812,0;774,0;33,0;4,0;0,04064039408866995;0,0049261083743842365;0,5566502463054187;0,39655172413793105
EC110753;MASCULINO;1321,0;1257,0;62,0;2,0;0,046934140802422405;0,001514004542013626;0,5397426192278577;0,4118092354277063
EC110754;MASCULINO;390,0;380,0;8,0;2,0;0,020512820512820513;0,005128205128205128;0,7102564102564103;0,2641025641025641
EC110756;MASCULINO;622,0;587,0;27,0;8,0;0,04340836012861737;0,012861736334405145;0,590032154340836;0,3536977491961415
EC110850;MASCULINO;4544,0;4357,0;162,0;25,0;0,035651408450704226;0,005501760563380281;0,6150968309859155;0,34375
EC110851;MASCULINO;300,0;272,0;27,0;1,0;0,09;0,0033333333333333335;0,48333333333333334;0,42333333333333334
EC110852;MASCULINO;375,0;368,0;3,0;4,0;0,008;0,010666666666666666;0,776;0,20533333333333334
EC110853;MASCULINO;233,0;226,0;4,0;3,0;0,017167381974248927;0,012875536480686695;0,5836909871244635;0,38626609442060084
EC110950;MASCULINO;4454,0;4206,0;219,0;26,0;0,0491692860350247;0,0058374494836102376;0,600583744948361;0,34373596766951053
EC110951;MASCULINO;350,0;321,0;26,0;3,0;0,07428571428571429;0,008571428571428572;0,5371428571428571;0,38
EC110952;MASCULINO;584,0;552,0;23,0;9,0;0,039383561643835614;0,015410958904109588;0,5017123287671232;0,4434931506849315
EC110954;MASCULINO;562,0;497,0;18,0;47,0;0,03202846975088968;0,08362989323843416;0,41637010676156583;0,4679715302491103
EC110956;MASCULINO;578,0;540,0;20,0;17,0;0,03460207612456748;0,029411764705882353;0,34256055363321797;0,5916955017301038
EC110957;MASCULINO;265,0;255,0;7,0;3,0;0,026415094339622643;0,011320754716981131;0,539622641509434;0,4226415094339623
EC110958;MASCULINO;412,0;384,0;23,0;5,0;0,055825242718446605;0,012135922330097087;0,4854368932038835;0,44660194174757284
EC110959;MASCULINO;390,0;359,0;23,0;8,0;0,05897435897435897;0,020512820512820513;0,4846153846153846;0,4358974358974359
EC111050;MASCULINO;3425,0;3242,0;151,0;30,0;0,04408759124087591;0,008759124087591242;0,447007299270073;0,4995620437956204
EC111051;MASCULINO;447,0;410,0;19,0;17,0;0,042505592841163314;0,03803131991051454;0,3624161073825503;0,5548098434004475
EC111052;MASCULINO;324,0;302,0;10,0;12,0;0,030864197530864196;0,037037037037037035;0,44135802469135804;0,49074074074074076
EC111053;MASCULINO;830,0;799,0;29,0;3,0;0,03493975903614458;0,0036144578313253013;0,22048192771084338;0,7421686746987952
EC111054;MASCULINO;490,0;469,0;17,0;4,0;0,03469387755102041;0,00816326530612245;0,5224489795918368;0,4346938775510204
EC111055;MASCULINO;392,0;350,0;17,0;25,0;0,04336734693877551;0,06377551020408163;0,44387755102040816;0,4489795918367347
EC111150;MASCULINO;3186,0;2877,0;289,0;19,0;0,09070935342121783;0,005963590709353421;0,632768361581921;0,2702448210922787
EC111151;MASCULINO;816,0;718,0;68,0;29,0;0,08333333333333333;0,03553921568627451;0,5526960784313726;0,3272058823529412
EC111152;MASCULINO;288,0;257,0;30,0;1,0;0,10416666666666667;0,003472222222222222;0,5590277777777778;0,3333333333333333
EC111153;MASCULINO;468,0;439,0;29,0;0,0;0,06196581196581197;0,0;0,5726495726495726;0,36538461538461536
EC111154;MASCULINO;898,0;853,0;41,0;4,0;0,045657015590200446;0,004454342984409799;0,6035634743875279;0,3463251670378619
EC111155;MASCULINO;393,0;360,0;28,0;5,0;0,07124681933842239;0,01272264631043257;0,6030534351145038;0,31297709923664124
EC111156;MASCULINO;948,0;865,0;75,0;8,0;0,07911392405063292;0,008438818565400843;0,6962025316455697;0,21624472573839662
EC111157;MASCULINO;337,0;322,0;14,0;1,0;0,04154302670623145;0,002967359050445104;0,39762611275964393;0,5578635014836796
EC111158;MASCULINO;590,0;543,0;40,0;7,0;0,06779661016949153;0,011864406779661017;0,5728813559322034;0,3474576271186441
EC111159;MASCULINO;1226,0;1123,0;93,0;10,0;0,07585644371941272;0,008156606851549755;0,47879282218597063;0,4371941272430669
EC111160;MASCULINO;350,0;331,0;18,0;1,0;0,05142857142857143;0,002857142857142857;0,5085714285714286;0,43714285714285717
EC111250;MASCULINO;1047,0;997,0;41,0;9,0;0,039159503342884434;0,008595988538681949;0,5797516714422158;0,37249283667621774
EC111251;MASCULINO;318,0;298,0;19,0;3,0;0,059748427672955975;0,009433962264150943;0,5628930817610063;0,3742138364779874
EC111252;MASCULINO;670,0;634,0;32,0;4,0;0,04776119402985075;0,005970149253731343;0,6253731343283582;0,3208955223880597
EC111350;MASCULINO;1868,0;1803,0;48,0;15,0;0,02569593147751606;0,008029978586723769;0,566916488222698;0,39828693790149894
EC111351;MASCULINO;312,0;306,0;5,0;1,0;0,016025641025641024;0,003205128205128205;0,32051282051282054;0,6602564102564102
EC111352;MASCULINO;562,0;551,0;8,0;3,0;0,014234875444839857;0,005338078291814947;0,4199288256227758;0,5604982206405694
EC111353;MASCULINO;504,0;477,0;20,0;7,0;0,03968253968253968;0,013888888888888888;0,5634920634920635;0,38293650793650796
EC111354;MASCULINO;1052,0;1007,0;31,0;14,0;0,029467680608365018;0,013307984790874524;0,40779467680608367;0,5494296577946768
EC111355;MASCULINO;328,0;311,0;15,0;2,0;0,04573170731707317;0,006097560975609756;0,31402439024390244;0,6341463414634146
EC111356;MASCULINO;189,0;177,0;2,0;10,0;0,010582010582010581;0,05291005291005291;0,3862433862433862;0,5502645502645502
EC111450;MASCULINO;1807,0;1738,0;51,0;17,0;0,028223574986164915;0,009407858328721638;0,4333148865522966;0,5285002767017155
EC111451;MASCULINO;470,0;448,0;16,0;6,0;0,03404255319148936;0,01276595744680851;0,4425531914893617;0,5106382978723404
EC111452;MASCULINO;660,0;633,0;19,0;8,0;0,02878787878787879;0,012121212121212121;0,33636363636363636;0,6227272727272727
EC111453;MASCULINO;763,0;741,0;11,0;11,0;0,014416775884665793;0,014416775884665793;0,29882044560943644;0,672346002621232
EC111550;MASCULINO;1086,0;1036,0;46,0;4,0;0,0423572744014733;0,003683241252302026;0,6289134438305709;0,3250460405156538
EC111551;MASCULINO;178,0;177,0;1,0;0,0;0,0056179775280898875;0,0;0,7696629213483146;0,2247191011235955
EC111552;MASCULINO;378,0;359,0;19,0;0,0;0,05026455026455026;0,0;0,48412698412698413;0,4656084656084656
EC111650;MASCULINO;1583,0;1479,0;74,0;29,0;0,04674668351231838;0,01831964624131396;0,6247631080227416;0,30953885028427036
EC111651;MASCULINO;302,0;290,0;11,0;1,0;0,03642384105960265;0,0033112582781456954;0,6059602649006622;0,3543046357615894
EC120150;MASCULINO;24218,0;22377,0;1680,0;153,0;0,06936989016434057;0,006317614997109588;0,5327855314229086;0,3911966306053349
EC120152;MASCULINO;2272,0;2090,0;154,0;27,0;0,06778169014084508;0,011883802816901408;0,2654049295774648;0,6544894366197183
EC120153;MASCULINO;6442,0;5789,0;569,0;80,0;0,08832660664389941;0,012418503570319777;0,34740763737969577;0,551226327227569
EC120154;MASCULINO;6012,0;5533,0;384,0;92,0;0,06387225548902195;0,015302727877578177;0,2085828343313373;0,7117431803060545
EC120155;MASCULINO;4819,0;4476,0;292,0;50,0;0,06059348412533721;0,010375596596804317;0,4401328076364391;0,4886905997094833
EC120250;MASCULINO;10024,0;9176,0;718,0;128,0;0,07162809257781325;0,012769353551476457;0,24112130885873903;0,6742817238627294
EC120251;MASCULINO;3116,0;2774,0;295,0;45,0;0,09467265725288831;0,014441591784338896;0,27118100128369704;0,6190629011553274
EC120252;MASCULINO;3086,0;2724,0;312,0;48,0;0,10110174983797797;0,015554115359688918;0,3366817887232664;0,5460142579390798
EC120350;MASCULINO;8870,0;8333,0;478,0;57,0;0,053889515219842164;0,006426155580608794;0,5338218714768884;0,4056369785794814
EC120351;MASCULINO;572,0;553,0;16,0;3,0;0,027972027972027972;0,005244755244755245;0,7465034965034965;0,2202797202797203
EC120450;MASCULINO;5795,0;5301,0;408,0;84,0;0,07040552200172563;0,01449525452976704;0,4410698878343399;0,47368421052631576
EC120451;MASCULINO;2196,0;1973,0;179,0;41,0;0,08151183970856102;0,018670309653916212;0,3825136612021858;0,5159380692167578
EC120452;MASCULINO;7140,0;6426,0;593,0;119,0;0,0830532212885154;0,016666666666666666;0,3980392156862745;0,5019607843137255
EC120550;MASCULINO;5636,0;5129,0;469,0;36,0;0,08321504613200852;0,0063875088715401;0,31866572036905605;0,5913768630234209
EC120553;MASCULINO;4782,0;4375,0;360,0;46,0;0,07528230865746549;0,009619406106231703;0,30468423253868676;0,6102049351735676
EC120555;MASCULINO;1969,0;1773,0;170,0;25,0;0,08633824276282377;0,012696800406297613;0,26612493651599795;0,6343321482986287
EC120650;MASCULINO;4832,0;4464,0;315,0;52,0;0,06519039735099338;0,01076158940397351;0,40335264900662254;0,5204884105960265
EC120651;MASCULINO;7349,0;6678,0;580,0;89,0;0,07892230235406178;0,012110491223295687;0,41039597224112123;0,49829908831133485
EC120750;MASCULINO;20196,0;18351,0;1641,0;203,0;0,08125371360665479;0,010051495345612992;0,4333531392354922;0,4752921370568429
EC120752;MASCULINO;3388,0;3096,0;260,0;32,0;0,07674144037780402;0,009445100354191263;0,3662927981109799;0,5475206611570248
EC120753;MASCULINO;701,0;634,0;58,0;9,0;0,08273894436519258;0,012838801711840228;0,5078459343794579;0,39657631954350925
EC120754;MASCULINO;693,0;634,0;49,0;10,0;0,0707070707070707;0,01443001443001443;0,3722943722943723;0,5425685425685426
EC120850;MASCULINO;25920,0;23690,0;1958,0;270,0;0,07554012345679012;0,010416666666666666;0,3656635802469136;0,5483024691358025
EC120851;MASCULINO;3697,0;3367,0;263,0;67,0;0,07113876115769543;0,018122802272112524;0,3183662428996484;0,5923721936705437
EC120950;MASCULINO;8609,0;7915,0;605,0;89,0;0,07027529329771169;0,010338018352886514;0,21767917295853176;0,7017075153908701
EC121050;MASCULINO;21837,0;20052,0;1576,0;205,0;0,0721710857718551;0,009387736410679123;0,29555341850986855;0,6227045839629985
EC121051;MASCULINO;4925,0;4593,0;282,0;49,0;0,05725888324873096;0,009949238578680204;0,26131979695431473;0,6712690355329949
EC121150;MASCULINO;16430,0;15216,0;1073,0;142,0;0,06530736457699331;0,008642726719415702;0,3006086427267194;0,6255021302495435
EC121250;MASCULINO;14164,0;13020,0;1002,0;140,0;0,07074272804292572;0,009884213499011578;0,27831121152216887;0,640920643885908
EC121350;MASCULINO;6182,0;5759,0;367,0;55,0;0,05936590100291168;0,008896797153024912;0,48447104496926563;0,44710449692656096
EC130150;MASCULINO;8139,0;7556,0;519,0;65,0;0,06376704754883893;0,007986239095712003;0,2456075684973584;0,6827620100749477
EC130151;MASCULINO;5903,0;5437,0;404,0;59,0;0,06843977638488905;0,009994917838387261;0,2817211587328477;0,6393359308826021
EC130152;MASCULINO;2139,0;1945,0;128,0;65,0;0,059841047218326324;0,030388031790556335;0,2300140252454418;0,6792893875642824
EC130153;MASCULINO;5198,0;4799,0;359,0;39,0;0,06906502500961909;0,007502885725278953;0,25086571758368603;0,6723739899961524
EC130154;MASCULINO;1571,0;1391,0;150,0;30,0;0,09548058561425843;0,019096117122851686;0,19414385741565882;0,6912794398472311
EC130155;MASCULINO;4934,0;4606,0;292,0;36,0;0,05918119173084718;0,007296311309282529;0,275841102553709;0,6576813944061614
EC130156;MASCULINO;3752,0;3410,0;242,0;100,0;0,06449893390191898;0,026652452025586353;0,21481876332622601;0,6940298507462687
EC130157;MASCULINO;1017,0;950,0;53,0;14,0;0,05211406096361849;0,01376597836774828;0,18190757128810225;0,7522123893805309
EC130250;MASCULINO;13657,0;12882,0;671,0;103,0;0,04913231309950941;0,007541919894559566;0,4465109467672256;0,4967415977154573
EC130350;MASCULINO;7386,0;6675,0;610,0;100,0;0,08258868128892499;0,013539128080151638;0,3430815055510425;0,5606552937990793
EC130351;MASCULINO;1723,0;1531,0;162,0;28,0;0,09402205455600697;0,01625072547881602;0,3197910621009867;0,5687753917585606
EC130352;MASCULINO;4451,0;3897,0;490,0;64,0;0,11008762075937992;0,014378791282857784;0,32913951920916645;0,5463940687485959
EC130353;MASCULINO;2758,0;2251,0;475,0;31,0;0,17222625090645396;0,011240029006526469;0,31290790427846266;0,5032632342277013
EC130354;MASCULINO;2399,0;2177,0;132,0;90,0;0,05502292621925802;0,03751563151313047;0,31638182576073365;0,5910796165068779
EC130355;MASCULINO;2352,0;2077,0;202,0;72,0;0,0858843537414966;0,030612244897959183;0,32482993197278914;0,5582482993197279
EC130356;MASCULINO;2924,0;2625,0;250,0;49,0;0,08549931600547196;0,016757865937072503;0,3491792065663475;0,5485636114911081
EC130357;MASCULINO;3218,0;3004,0;182,0;32,0;0,05655686761963953;0,009944064636420136;0,23958980733374766;0,6939092604101926
EC130450;MASCULINO;30717,0;28422,0;2040,0;249,0;0,06641273561871276;0,00810626037698994;0,45567601002702085;0,46960966240192725
EC130451;MASCULINO;1158,0;1046,0;86,0;27,0;0,07426597582037997;0,023316062176165803;0,5120898100172712;0,3911917098445596
EC130452;MASCULINO;1712,0;1583,0;115,0;13,0;0,06717289719626168;0,007593457943925234;0,4976635514018692;0,4269859813084112
EC130453;MASCULINO;4092,0;3694,0;322,0;76,0;0,07869012707722385;0,01857282502443793;0,2619745845552297;0,6407624633431085
EC130454;MASCULINO;4387,0;4064,0;261,0;62,0;0,05949395942557557;0,014132664691132892;0,32505128789605653;0,601322087987235
EC130550;MASCULINO;9027,0;8170,0;698,0;158,0;0,0773235848011521;0,017503046416306636;0,3835161183117315;0,5215464716960231
EC130551;MASCULINO;1030,0;893,0;115,0;22,0;0,11165048543689321;0,021359223300970873;0,33495145631067963;0,5320388349514563
EC130552;MASCULINO;1309,0;1168,0;89,0;49,0;0,06799083269671505;0,0374331550802139;0,3850267379679144;0,5072574484339191
EC130650;MASCULINO;14892,0;13837,0;973,0;78,0;0,06533709374160623;0,005237711522965351;0,45064464141821114;0,478511952726296
EC130651;MASCULINO;1325,0;1196,0;119,0;10,0;0,08981132075471698;0,007547169811320755;0,3230188679245283;0,579622641509434
EC130652;MASCULINO;2378,0;2135,0;227,0;16,0;0,09545836837678721;0,00672834314550042;0,2977291841883936;0,6000841042893188
EC130654;MASCULINO;772,0;701,0;64,0;7,0;0,08290155440414508;0,009067357512953367;0,31994818652849744;0,5880829015544041
EC130656;MASCULINO;566,0;529,0;33,0;4,0;0,05830388692579505;0,007067137809187279;0,28091872791519434;0,6537102473498233
EC130657;MASCULINO;1908,0;1677,0;202,0;28,0;0,10587002096436059;0,014675052410901468;0,30450733752620546;0,5744234800838575
EC130658;MASCULINO;1520,0;1373,0;105,0;42,0;0,06907894736842106;0,02763157894736842;0,22960526315789473;0,6736842105263158
EC130750;MASCULINO;8457,0;7858,0;478,0;121,0;0,056521225020692914;0,014307674116116826;0,3403098025304481;0,5888612983327421
EC130850;MASCULINO;28789,0;27170,0;1461,0;152,0;0,05074854979332384;0,005279794365903644;0,37420542568342074;0,5695578172218556
EC130851;MASCULINO;1503,0;1402,0;91,0;10,0;0,06054557551563539;0,00665335994677312;0,1497005988023952;0,7831004657351963
EC130852;MASCULINO;1174,0;1112,0;38,0;22,0;0,03236797274275979;0,018739352640545145;0,12095400340715502;0,8262350936967632
EC130950;MASCULINO;17585,0;16521,0;976,0;86,0;0,05550184816605061;0,004890531703156099;0,2335513221495593;0,7059425646858117
EC130952;MASCULINO;1404,0;1311,0;78,0;15,0;0,05555555555555555;0,010683760683760684;0,22934472934472935;0,7044159544159544
EC131050;MASCULINO;8101,0;7443,0;592,0;66,0;0,07307739785211702;0,008147142328107641;0,427848413776077;0,4909270460436983
EC131051;MASCULINO;2644,0;2410,0;208,0;26,0;0,07866868381240545;0,009833585476550681;0,36838124054462934;0,5431164901664145
EC131052;MASCULINO;3645,0;3272,0;339,0;30,0;0,09300411522633745;0,00823045267489712;0,29218106995884774;0,6054869684499314
EC131053;MASCULINO;2257,0;1968,0;220,0;69,0;0,0974745237040319;0,030571555161719097;0,25476295968099244;0,6171909614532566
EC131054;MASCULINO;1798,0;1570,0;177,0;51,0;0,09844271412680757;0,02836484983314794;0,24527252502780866;0,6279199110122358
EC131150;MASCULINO;9640,0;8730,0;571,0;338,0;0,059232365145228213;0,035062240663900415;0,20228215767634855;0,7033195020746889
EC131151;MASCULINO;2562,0;2228,0;274,0;62,0;0,10694769711163153;0,02419984387197502;0,209992193598751;0,6596409055425448
EC131152;MASCULINO;2406,0;2058,0;262,0;86,0;0,10889443059019119;0,03574397339983375;0,1853699085619285;0,6699916874480466
EC131250;MASCULINO;13432,0;12561,0;775,0;94,0;0,05769803454437165;0,006998213222156045;0,24806432400238237;0,687090530077427
EC131350;MASCULINO;9636,0;8921,0;657,0;58,0;0,06818181818181818;0,006019095060190951;0,3126816106268161;0,6131174761311747
EC131351;MASCULINO;2915,0;2695,0;184,0;36,0;0,06312178387650086;0,012349914236706689;0,26106346483704973;0,6634648370497427
EC131352;MASCULINO;2171,0;2007,0;118,0;45,0;0,05435283279594657;0,020727775218793182;0,22616305849838783;0,6982957162597881
EC131353;MASCULINO;2698,0;2439,0;216,0;43,0;0,08005930318754632;0,015937731653076354;0,12824314306893997;0,7757598220904374
EC131355;MASCULINO;1735,0;1605,0;91,0;39,0;0,05244956772334294;0,022478386167146973;0,1723342939481268;0,7527377521613833
EC131450;MASCULINO;2878,0;2695,0;165,0;19,0;0,05733148019457957;0,00660180681028492;0,3325225851285615;0,6038915913829048
EC131453;MASCULINO;8550,0;7978,0;501,0;71,0;0,058596491228070174;0,008304093567251461;0,2573099415204678;0,6757894736842105
EC131457;MASCULINO;4893,0;4319,0;472,0;101,0;0,09646433680768444;0,02064173308808502;0,23809523809523808;0,6445943184140609
EC131550;MASCULINO;12584,0;11999,0;506,0;77,0;0,04020979020979021;0,006118881118881119;0,26231722822631914;0,6911951684678957
EC131551;MASCULINO;1461,0;1299,0;143,0;19,0;0,09787816563997262;0,013004791238877482;0,29637234770704995;0,5927446954140999
EC131552;MASCULINO;2034,0;1801,0;217,0;16,0;0,10668633235004917;0,007866273352999017;0,3382497541789577;0,5471976401179941
EC131650;MASCULINO;6484,0;6047,0;387,0;50,0;0,05968537939543492;0,0077112893275755705;0,2933374460209747;0,6392658852560148
EC131651;MASCULINO;2203,0;2046,0;123,0;34,0;0,055832955061280075;0,015433499773036768;0,21107580571947346;0,7176577394462097
EC131652;MASCULINO;2890,0;2537,0;241,0;112,0;0,08339100346020761;0,03875432525951557;0,3027681660899654;0,5750865051903115
EC131653;MASCULINO;1295,0;1151,0;108,0;36,0;0,0833976833976834;0,027799227799227798;0,23552123552123552;0,6532818532818533
EC131750;MASCULINO;15683,0;14570,0;982,0;125,0;0,06261557100044635;0,007970413823885737;0,26971880380029334;0,6593126315118281
EC131751;MASCULINO;3908,0;3494,0;291,0;123,0;0,07446264073694984;0,03147389969293756;0,20138178096212897;0,6926816786079836
EC131752;MASCULINO;1795,0;1671,0;99,0;26,0;0,05515320334261838;0,014484679665738161;0,24958217270194985;0,6813370473537604
EC131753;MASCULINO;1148,0;1071,0;60,0;17,0;0,05226480836236934;0,014808362369337979;0,313588850174216;0,6193379790940766
EC131850;MASCULINO;5020,0;4639,0;326,0;53,0;0,0649402390438247;0,01055776892430279;0,200796812749004;0,7233067729083665
EC131950;MASCULINO;5530,0;5144,0;344,0;44,0;0,06220614828209765;0,007956600361663653;0,2799276672694394;0,6502712477396022
EC131951;MASCULINO;2179,0;1919,0;193,0;67,0;0,08857273978889399;0,03074804956402019;0,2625057365764112;0,6181734740706746
EC131952;MASCULINO;1391,0;1310,0;68,0;13,0;0,04888569374550683;0,009345794392523364;0,33285406182602445;0,6089144500359454
EC132050;MASCULINO;5930,0;5544,0;322,0;59,0;0,05430016863406408;0,009949409780775716;0,21079258010118043;0,7241146711635751
EC132150;MASCULINO;7945,0;7577,0;299,0;66,0;0,03763373190685966;0,008307111390811832;0,15028319697923223;0,8033983637507867
EC132250;MASCULINO;6610,0;6214,0;337,0;59,0;0,05098335854765507;0,00892586989409985;0,22390317700453857;0,7161875945537065
EC132251;MASCULINO;1843,0;1729,0;85,0;25,0;0,04612045577862181;0,013564839934888768;0,2289744981009224;0,7091698317959848
EC140150;MASCULINO;6940,0;6519,0;389,0;31,0;0,05605187319884726;0,0044668587896253605;0,6319884726224784;0,3073487031700288
EC140151;MASCULINO;195,0;188,0;7,0;0,0;0,035897435897435895;0,0;0,5743589743589743;0,38974358974358975
EC140153;MASCULINO;866,0;824,0;39,0;3,0;0,04503464203233257;0,003464203233256351;0,5739030023094688;0,37759815242494227
EC140156;MASCULINO;317,0;302,0;12,0;3,0;0,03785488958990536;0,00946372239747634;0,6498422712933754;0,3028391167192429
EC140157;MASCULINO;4135,0;3936,0;184,0;14,0;0,04449818621523579;0,003385731559854897;0,7354292623941959;0,21644498186215236
EC140158;MASCULINO;359,0;341,0;17,0;1,0;0,04735376044568245;0,002785515320334262;0,5682451253481894;0,3816155988857939
EC140160;MASCULINO;89,0;84,0;5,0;0,0;0,056179775280898875;0,0;0,6853932584269663;0,25842696629213485
EC140162;MASCULINO;683,0;662,0;17,0;4,0;0,024890190336749635;0,005856515373352855;0,7013177159590044;0,2679355783308931
EC140164;MASCULINO;657,0;620,0;30,0;7,0;0,045662100456621;0,0106544901065449;0,6133942161339422;0,3302891933028919
EC140250;MASCULINO;3017,0;2850,0;149,0;18,0;0,04938680808750414;0,005966191581040769;0,6924096784885648;0,25223732184289027
EC140251;MASCULINO;89,0;82,0;6,0;1,0;0,06741573033707865;0,011235955056179775;0,6292134831460674;0,29213483146067415
EC140252;MASCULINO;100,0;96,0;2,0;2,0;0,02;0,02;0,53;0,43
EC140253;MASCULINO;1549,0;1468,0;69,0;12,0;0,04454486765655261;0,007746933505487412;0,7714654615881213;0,1762427372498386
EC140254;MASCULINO;172,0;168,0;2,0;2,0;0,011627906976744186;0,011627906976744186;0,7965116279069767;0,18023255813953487
EC140255;MASCULINO;197,0;189,0;8,0;0,0;0,04060913705583756;0,0;0,6700507614213198;0,2893401015228426
EC140256;MASCULINO;257,0;243,0;11,0;3,0;0,042801556420233464;0,011673151750972763;0,6614785992217899;0,2840466926070039
EC140257;MASCULINO;64,0;61,0;3,0;0,0;0,046875;0,0;0,640625;0,3125
EC140258;MASCULINO;272,0;258,0;13,0;1,0;0,04779411764705882;0,003676470588235294;0,6433823529411765;0,30514705882352944
EC140350;MASCULINO;1458,0;1405,0;49,0;4,0;0,033607681755829906;0,0027434842249657062;0,7098765432098766;0,25377229080932784
EC140351;MASCULINO;312,0;298,0;13,0;1,0;0,041666666666666664;0,003205128205128205;0,6410256410256411;0,3141025641025641
EC140353;MASCULINO;537,0;519,0;15,0;3,0;0,027932960893854747;0,00558659217877095;0,8026070763500931;0,16387337057728119
EC140356;MASCULINO;169,0;158,0;11,0;0,0;0,0650887573964497;0,0;0,46745562130177515;0,46745562130177515
EC140357;MASCULINO;290,0;279,0;8,0;3,0;0,027586206896551724;0,010344827586206896;0,6896551724137931;0,27241379310344827
EC140358;MASCULINO;355,0;337,0;15,0;3,0;0,04225352112676056;0,008450704225352112;0,5859154929577465;0,36338028169014086
EC140450;MASCULINO;1621,0;1512,0;88,0;21,0;0,054287476866132015;0,012954966070326958;0,6397285626156693;0,29302899444787167
EC140451;MASCULINO;245,0;239,0;4,0;2,0;0,0163265306122449;0,00816326530612245;0,5836734693877551;0,39183673469387753
EC140452;MASCULINO;232,0;218,0;12,0;2,0;0,05172413793103448;0,008620689655172414;0,6810344827586207;0,25862068965517243
EC140454;MASCULINO;626,0;598,0;23,0;5,0;0,036741214057507986;0,007987220447284345;0,6421725239616614;0,31309904153354634
EC140455;MASCULINO;429,0;404,0;19,0;5,0;0,04428904428904429;0,011655011655011656;0,6480186480186481;0,2937062937062937
EC140550;MASCULINO;1183,0;1125,0;53,0;5,0;0,044801352493660185;0,00422654268808115;0,6441251056635672;0,30684699915469144
EC140551;MASCULINO;156,0;152,0;4,0;0,0;0,02564102564102564;0,0;0,4807692307692308;0,4935897435897436
EC140552;MASCULINO;193,0;186,0;4,0;3,0;0,02072538860103627;0,015544041450777202;0,5181347150259067;0,44559585492227977
EC140553;MASCULINO;520,0;492,0;19,0;9,0;0,03653846153846154;0,01730769230769231;0,6307692307692307;0,3153846153846154
EC140554;MASCULINO;237,0;233,0;2,0;2,0;0,008438818565400843;0,008438818565400843;0,5822784810126582;0,4008438818565401
EC140556;MASCULINO;519,0;500,0;15,0;4,0;0,028901734104046242;0,007707129094412331;0,653179190751445;0,31021194605009633
EC140557;MASCULINO;381,0;361,0;20,0;0,0;0,05249343832020997;0,0;0,6351706036745407;0,3123359580052493
EC140650;MASCULINO;4282,0;4023,0;239,0;20,0;0,055815039701074265;0,004670714619336758;0,6067258290518449;0,33278841662774405
EC140651;MASCULINO;596,0;576,0;16,0;4,0;0,026845637583892617;0,006711409395973154;0,6459731543624161;0,32046979865771813
EC140652;MASCULINO;944,0;903,0;35,0;6,0;0,037076271186440676;0,006355932203389831;0,625;0,3315677966101695
EC140655;MASCULINO;277,0;257,0;15,0;5,0;0,05415162454873646;0,018050541516245487;0,5090252707581228;0,4187725631768953
EC140750;MASCULINO;1206,0;1145,0;55,0;7,0;0,04560530679933665;0,005804311774461028;0,615257048092869;0,3341625207296849
EC140751;MASCULINO;1593,0;1509,0;75,0;8,0;0,047080979284369114;0,005021971123666039;0,7137476459510358;0,2335216572504708
EC140850;MASCULINO;711,0;685,0;16,0;9,0;0,02250351617440225;0,012658227848101266;0,5766526019690577;0,38677918424753865
EC140851;MASCULINO;105,0;100,0;5,0;0,0;0,047619047619047616;0,0;0,42857142857142855;0,5238095238095238
EC140852;MASCULINO;314,0;305,0;7,0;1,0;0,022292993630573247;0,0031847133757961785;0,802547770700637;0,16878980891719744
EC140853;MASCULINO;99,0;97,0;1,0;1,0;0,010101010101010102;0,010101010101010102;0,6565656565656566;0,32323232323232326
EC140854;MASCULINO;148,0;142,0;4,0;2,0;0,02702702702702703;0,013513513513513514;0,5945945945945946;0,36486486486486486
EC140950;MASCULINO;2079,0;1968,0;102,0;10,0;0,049062049062049064;0,00481000481000481;0,7835497835497836;0,16305916305916307
EC140951;MASCULINO;608,0;581,0;17,0;10,0;0,027960526315789474;0,01644736842105263;0,5164473684210527;0,43914473684210525
EC140952;MASCULINO;1818,0;1748,0;63,0;7,0;0,034653465346534656;0,0038503850385038503;0,8674367436743674;0,09405940594059406
EC140953;MASCULINO;1562,0;1506,0;48,0;8,0;0,030729833546734954;0,005121638924455826;0,8361075544174136;0,12804097311139565
EC140954;MASCULINO;763,0;738,0;19,0;6,0;0,02490170380078637;0,007863695937090432;0,8820445609436435;0,08519003931847968
EC141050;MASCULINO;931,0;865,0;58,0;8,0;0,06229860365198711;0,008592910848549946;0,5929108485499462;0,33619763694951665
EC141051;MASCULINO;623,0;589,0;30,0;4,0;0,048154093097913325;0,006420545746388443;0,7929373996789727;0,15248796147672553
EC141052;MASCULINO;736,0;706,0;16,0;14,0;0,021739130434782608;0,019021739130434784;0,75;0,20923913043478262
EC141150;MASCULINO;648,0;624,0;22,0;2,0;0,033950617283950615;0,0030864197530864196;0,7145061728395061;0,24845679012345678
EC141250;MASCULINO;1532,0;1479,0;42,0;11,0;0,02741514360313316;0,007180156657963447;0,7075718015665796;0,25783289817232374
EC141251;MASCULINO;1182,0;1118,0;56,0;8,0;0,047377326565143825;0,00676818950930626;0,6556683587140439;0,29018612521150594
EC150150;MASCULINO;12078,0;11551,0;488,0;39,0;0,04040404040404041;0,003229011425732737;0,7506209637357178;0,20574598443450903
EC150151;MASCULINO;2432,0;2328,0;94,0;10,0;0,038651315789473686;0,004111842105263158;0,7569901315789473;0,2002467105263158
EC150153;MASCULINO;2672,0;2599,0;69,0;4,0;0,025823353293413173;0,0014970059880239522;0,7391467065868264;0,23353293413173654
EC150154;MASCULINO;681,0;665,0;16,0;0,0;0,023494860499265784;0,0;0,8149779735682819;0,16152716593245228
EC150155;MASCULINO;1917,0;1856,0;56,0;5,0;0,029212310902451747;0,0026082420448617634;0,7496087636932708;0,21857068335941576
EC150156;MASCULINO;2151,0;2076,0;74,0;1,0;0,034402603440260346;0,00046490004649000463;0,7629009762900977;0,20223152022315202
EC150157;MASCULINO;1257,0;1229,0;21,0;7,0;0,016706443914081145;0,005568814638027049;0,766109785202864;0,21161495624502785
EC150158;MASCULINO;1484,0;1429,0;43,0;12,0;0,028975741239892182;0,008086253369272238;0,7479784366576819;0,21495956873315364
EC150350;MASCULINO;5699,0;5417,0;263,0;17,0;0,04614844709598175;0,0029829794700824705;0,6627478505000878;0,28776978417266186
EC150352;MASCULINO;2438,0;2306,0;123,0;9,0;0,05045118949958983;0,0036915504511894994;0,6349466776045939;0,31091058244462677
EC150354;MASCULINO;1342,0;1294,0;44,0;4,0;0,03278688524590164;0,0029806259314456036;0,6520119225037257;0,312220566318927
EC150356;MASCULINO;932,0;899,0;27,0;6,0;0,028969957081545063;0,006437768240343348;0,5053648068669528;0,4592274678111588
EC150450;MASCULINO;1916,0;1812,0;97,0;7,0;0,050626304801670144;0,0036534446764091857;0,5271398747390397;0,418580375782881
EC150451;MASCULINO;336,0;323,0;12,0;1,0;0,03571428571428571;0,002976190476190476;0,5089285714285714;0,4523809523809524
EC150452;MASCULINO;154,0;149,0;4,0;1,0;0,025974025974025976;0,006493506493506494;0,38961038961038963;0,577922077922078
EC150453;MASCULINO;268,0;260,0;7,0;1,0;0,026119402985074626;0,0037313432835820895;0,16791044776119404;0,8022388059701493
EC150454;MASCULINO;563,0;536,0;25,0;2,0;0,04440497335701599;0,003552397868561279;0,4689165186500888;0,48312611012433393
EC150455;MASCULINO;230,0;220,0;9,0;1,0;0,0391304347826087;0,004347826086956522;0,49130434782608695;0,4652173913043478
EC150750;MASCULINO;837,0;786,0;50,0;1,0;0,05973715651135006;0,0011947431302270011;0,6117084826762246;0,32735961768219835
EC150751;MASCULINO;261,0;251,0;9,0;1,0;0,034482758620689655;0,0038314176245210726;0,5478927203065134;0,41379310344827586
EC150752;MASCULINO;242,0;224,0;15,0;3,0;0,06198347107438017;0,012396694214876033;0,4462809917355372;0,4793388429752066
EC150753;MASCULINO;312,0;284,0;26,0;2,0;0,08333333333333333;0,00641025641025641;0,44551282051282054;0,46474358974358976
EC150754;MASCULINO;796,0;766,0;24,0;6,0;0,03015075376884422;0,007537688442211055;0,6746231155778895;0,2876884422110553
EC150756;MASCULINO;116,0;114,0;2,0;0,0;0,017241379310344827;0,0;0,5775862068965517;0,4051724137931034
EC150950;MASCULINO;1682,0;1626,0;49,0;7,0;0,029131985731272295;0,004161712247324614;0,7675386444708681;0,1991676575505351
EC160150;MASCULINO;13748,0;13061,0;639,0;48,0;0,04647948792551644;0,0034914169333721268;0,7359615944137329;0,21406750072737854
EC160152;MASCULINO;695,0;649,0;40,0;6,0;0,05755395683453238;0,008633093525179856;0,6949640287769784;0,23884892086330936
EC160154;MASCULINO;698,0;666,0;30,0;2,0;0,04297994269340974;0,0028653295128939827;0,7449856733524355;0,20916905444126074
EC160155;MASCULINO;638,0;612,0;22,0;4,0;0,034482758620689655;0,006269592476489028;0,7163009404388715;0,24294670846394983
EC160156;MASCULINO;1075,0;994,0;68,0;13,0;0,06325581395348837;0,012093023255813953;0,7255813953488373;0,19906976744186047
EC160157;MASCULINO;169,0;162,0;6,0;1,0;0,03550295857988166;0,005917159763313609;0,757396449704142;0,20118343195266272
EC160158;MASCULINO;116,0;104,0;8,0;4,0;0,06896551724137931;0,034482758620689655;0,4827586206896552;0,41379310344827586
EC160159;MASCULINO;222,0;212,0;9,0;1,0;0,04054054054054054;0,0045045045045045045;0,6126126126126126;0,34234234234234234
EC160161;MASCULINO;1116,0;724,0;371,0;20,0;0,3324372759856631;0,017921146953405017;0,43189964157706096;0,2168458781362007
EC160162;MASCULINO;1993,0;1897,0;86,0;10,0;0,04315102860010035;0,005017561465127948;0,7571500250878074;0,19468138484696437
EC160163;MASCULINO;1355,0;1266,0;83,0;6,0;0,061254612546125464;0,004428044280442804;0,7003690036900369;0,23394833948339483
EC160164;MASCULINO;457,0;433,0;21,0;2,0;0,045951859956236324;0,00437636761487965;0,6936542669584245;0,2538293216630197
EC160165;MASCULINO;922,0;894,0;26,0;2,0;0,028199566160520606;0,0021691973969631237;0,737527114967462;0,23210412147505424
EC160166;MASCULINO;661,0;633,0;26,0;2,0;0,039334341906202726;0,0030257186081694403;0,6096822995461422;0,34795763993948564
EC160250;MASCULINO;660,0;639,0;19,0;2,0;0,02878787878787879;0,0030303030303030303;0,7075757575757575;0,2606060606060606
EC160251;MASCULINO;746,0;719,0;21,0;6,0;0,028150134048257374;0,00804289544235925;0,5938337801608579;0,3699731903485255
EC160252;MASCULINO;2354,0;2260,0;90,0;4,0;0,038232795242141036;0,0016992353440951572;0,7476635514018691;0,21240441801189464
EC160350;MASCULINO;1626,0;1562,0;55,0;10,0;0,033825338253382534;0,006150061500615006;0,6359163591635917;0,3247232472324723
EC160351;MASCULINO;387,0;367,0;18,0;2,0;0,046511627906976744;0,00516795865633075;0,7028423772609819;0,2454780361757106
EC160450;MASCULINO;1787,0;1730,0;56,0;1,0;0,03133743704532736;0,0005595970900951316;0,6871852266368215;0,28091773922775604
EC160451;MASCULINO;988,0;946,0;37,0;5,0;0,03744939271255061;0,005060728744939271;0,5678137651821862;0,3896761133603239
EC170151;MASCULINO;7782,0;7289,0;463,0;29,0;0,05949627345155487;0,003726548445129787;0,5781290156772038;0,35851966075558983
EC170152;MASCULINO;11306,0;10456,0;810,0;36,0;0,07164337519900937;0,003184150008844861;0,46745091102069697;0,4573677693260216
EC170153;MASCULINO;742,0;658,0;79,0;5,0;0,10646900269541779;0,006738544474393531;0,5080862533692723;0,37870619946091644
EC170154;MASCULINO;1994,0;1822,0;150,0;22,0;0,07522567703109329;0,011033099297893681;0,49047141424272817;0,42326980942828485
EC170155;MASCULINO;56671,0;52596,0;3888,0;179,0;0,06860651832506925;0,0031585819907889398;0,5173016181115562;0,41079211589701964
EC170156;MASCULINO;32995,0;31045,0;1855,0;92,0;0,05622063949083195;0,0027883012577663282;0,6363994544627974;0,30450068192150326
EC170157;MASCULINO;14575,0;13896,0;644,0;30,0;0,0441852487135506;0,002058319039451115;0,7167753001715266;0,23663807890222985
EC170158;MASCULINO;348,0;328,0;20,0;0,0;0,05747126436781609;0,0;0,5632183908045977;0,3793103448275862
EC170159;MASCULINO;3236,0;2951,0;271,0;12,0;0,08374536464771323;0,003708281829419036;0,3980222496909765;0,5139060568603214
EC170160;MASCULINO;7060,0;6504,0;513,0;42,0;0,0726628895184136;0,00594900849858357;0,4123229461756374;0,5089235127478754
EC170161;MASCULINO;758,0;698,0;54,0;6,0;0,0712401055408971;0,0079155672823219;0,4577836411609499;0,4630606860158311
EC170162;MASCULINO;1338,0;1239,0;96,0;5,0;0,07174887892376682;0,0037369207772795215;0,49028400597907323;0,43572496263079225
EC170163;MASCULINO;6416,0;5901,0;448,0;66,0;0,06982543640897755;0,010286783042394014;0,4354738154613466;0,4842581047381546
EC170164;MASCULINO;2966,0;2701,0;220,0;43,0;0,07417397167902899;0,01449763991908294;0,41672285906945383;0,4939312204989885
EC170165;MASCULINO;3854,0;3595,0;247,0;11,0;0,06408925791385574;0,002854177477944992;0,535806953814219;0,3969901401141671
EC170166;MASCULINO;800,0;757,0;39,0;4,0;0,04875;0,005;0,49375;0,4525
EC170168;MASCULINO;1039,0;947,0;78,0;14,0;0,07507218479307026;0,013474494706448507;0,49951876804619827;0,41193455245428295
EC170169;MASCULINO;1318,0;1184,0;121,0;13,0;0,09180576631259484;0,009863429438543247;0,5197268588770865;0,37860394537177544
EC170170;MASCULINO;4614,0;4395,0;208,0;11,0;0,045080190723883834;0,0023840485478977026;0,6829215431296055;0,2696142175986129
EC170171;MASCULINO;659,0;606,0;49,0;4,0;0,07435508345978756;0,006069802731411229;0,48103186646433993;0,4385432473444613
EC170172;MASCULINO;1706,0;1528,0;168,0;10,0;0,0984759671746776;0,005861664712778429;0,5023446658851114;0,39331770222743256
EC170174;MASCULINO;390,0;361,0;25,0;4,0;0,0641025641025641;0,010256410256410256;0,5666666666666667;0,358974358974359
EC170175;MASCULINO;6869,0;6254,0;573,0;38,0;0,08341825593245014;0,005532100742466153;0,45072062891250547;0,45974668801863444
EC170176;MASCULINO;7580,0;7061,0;481,0;38,0;0,06345646437994723;0,005013192612137203;0,412401055408971;0,5191292875989446
EC170177;MASCULINO;12666,0;11876,0;767,0;22,0;0,06055581872730144;0,0017369335228169904;0,6177956734564977;0,31983262276961943
EC170178;MASCULINO;2654,0;2410,0;228,0;16,0;0,08590806330067823;0,006028636021100226;0,4242652599849284;0,48379804069329313
EC170179;MASCULINO;5888,0;5486,0;379,0;23,0;0,06436820652173914;0,00390625;0,48794157608695654;0,4437839673913043
EC170180;MASCULINO;13163,0;12129,0;967,0;67,0;0,07346349616348857;0,0050900250702727344;0,506951302894477;0,41449517587176177
EC170181;MASCULINO;2697,0;2438,0;238,0;21,0;0,0882461994809047;0,00778642936596218;0,4460511679644049;0,4579162031887282
EC170183;MASCULINO;1192,0;1117,0;74,0;1,0;0,06208053691275168;0,0008389261744966443;0,5167785234899329;0,4203020134228188
EC170184;MASCULINO;22046,0;20399,0;1565,0;78,0;0,07098793431915086;0,0035380567903474554;0,5685385103873719;0,35675405969336843
EC170185;MASCULINO;7867,0;7226,0;591,0;48,0;0,07512393542646498;0,006101436379814414;0,43726960722003305;0,48125079445786195
EC170186;MASCULINO;2081,0;1921,0;153,0;7,0;0,0735223450264296;0,003363767419509851;0,5511773185968285;0,3719365689572321
EC170250;MASCULINO;2810,0;2560,0;240,0;10,0;0,08540925266903915;0,0035587188612099642;0,33274021352313166;0,5782918149466192
EC170251;MASCULINO;1993,0;1850,0;134,0;9,0;0,0672353236327145;0,004515805318615153;0,4350225790265931;0,4932262920220773
EC170252;MASCULINO;5521,0;4936,0;548,0;37,0;0,09925738090925557;0,006701684477449737;0,2200688281108495;0,6739721065024452
EC170253;MASCULINO;2697,0;2456,0;226,0;14,0;0,08379681127178347;0,005190952910641453;0,21913236929922136;0,6915090841675936
EC170254;MASCULINO;1090,0;1003,0;83,0;4,0;0,07614678899082569;0,003669724770642202;0,28807339449541286;0,6321100917431193
EC170255;MASCULINO;1446,0;1326,0;113,0;7,0;0,07814661134163209;0,004840940525587829;0,3872752420470263;0,5297372060857538
EC170256;MASCULINO;3122,0;2900,0;206,0;16,0;0,06598334401024984;0,005124919923126201;0,34689301729660477;0,5819987187700192
EC170350;MASCULINO;12894,0;12046,0;796,0;50,0;0,06173413991003567;0,0038777726074143014;0,602218085931441;0,33201489064681244
EC170351;MASCULINO;3366,0;3103,0;249,0;14,0;0,07397504456327986;0,0041592394533571005;0,539809863339275;0,3820558526440879
EC170352;MASCULINO;2466,0;2268,0;193,0;4,0;0,07826439578264396;0,0016220600162206002;0,5332522303325223;0,386455798864558
EC170353;MASCULINO;5699,0;5266,0;401,0;31,0;0,0703632216178277;0,005439550798385682;0,4248113704158624;0,4992103877873311
EC170354;MASCULINO;585,0;548,0;36,0;1,0;0,06153846153846154;0,0017094017094017094;0,48205128205128206;0,4547008547008547
EC170355;MASCULINO;1096,0;989,0;96,0;11,0;0,08759124087591241;0,010036496350364963;0,4954379562043796;0,40693430656934304
EC170356;MASCULINO;3739,0;3485,0;244,0;9,0;0,06525809039850228;0,0024070607114201658;0,5378443434073281;0,3942230542925916
EC170357;MASCULINO;1660,0;1549,0;104,0;7,0;0,06265060240963856;0,004216867469879518;0,6132530120481928;0,31987951807228915
EC170450;MASCULINO;7551,0;6967,0;537,0;47,0;0,07111640842272547;0,006224341146867964;0,3708118130049;0,5518474374255066
EC170451;MASCULINO;1269,0;1146,0;113,0;10,0;0,08904649330181245;0,007880220646178092;0,4302600472813239;0,4728132387706856
EC170452;MASCULINO;1949,0;1775,0;160,0;13,0;0,08209338122113904;0,006670087224217547;0,3530015392508979;0,5577219086711134
EC170453;MASCULINO;728,0;671,0;51,0;6,0;0,07005494505494506;0,008241758241758242;0,37637362637362637;0,5453296703296703
EC170454;MASCULINO;1766,0;1646,0;114,0;6,0;0,06455266138165346;0,0033975084937712344;0,2667044167610419;0,6653454133635334
EC170550;MASCULINO;28435,0;26684,0;1675,0;75,0;0,05890627747494285;0,0026375945138034113;0,5962370318269739;0,3421839282574292
EC170551;MASCULINO;1260,0;1162,0;97,0;1,0;0,07698412698412699;0,0007936507936507937;0,5333333333333333;0,3888888888888889
EC170552;MASCULINO;271,0;257,0;11,0;3,0;0,04059040590405904;0,01107011070110701;0,44649446494464945;0,5018450184501845
EC170750;MASCULINO;4211,0;3957,0;232,0;22,0;0,05509380194728093;0,005224412253621468;0,5561624317264308;0,38351935407266685
EC170751;MASCULINO;1000,0;946,0;51,0;3,0;0,051;0,003;0,574;0,372
EC170850;MASCULINO;5695,0;5344,0;325,0;26,0;0,05706760316066725;0,0045654082528533806;0,5081650570676032;0,4302019315188762
EC170950;MASCULINO;7897,0;7418,0;416,0;63,0;0,052678232240091175;0,00797771305559073;0,4271242243890085;0,5122198303153096
EC180150;MASCULINO;1368,0;1298,0;65,0;5,0;0,04751461988304093;0,003654970760233918;0,7273391812865497;0,22149122807017543
EC180151;MASCULINO;1462,0;1344,0;107,0;10,0;0,073187414500684;0,006839945280437756;0,6196990424076607;0,29958960328317374
EC180152;MASCULINO;3456,0;3269,0;177,0;11,0;0,051215277777777776;0,00318287037037037;0,7239583333333334;0,22193287037037038
EC180153;MASCULINO;3202,0;2994,0;190,0;18,0;0,05933791380387258;0,005621486570893191;0,736102435977514;0,19893816364772018
EC180154;MASCULINO;965,0;882,0;76,0;7,0;0,07875647668393783;0,007253886010362694;0,7253886010362695;0,18860103626943006
EC180155;MASCULINO;3392,0;3244,0;138,0;10,0;0,04068396226415094;0,00294811320754717;0,7538325471698113;0,20253537735849056
EC180156;MASCULINO;6984,0;6625,0;332,0;26,0;0,04753722794959908;0,0037227949599083618;0,7412657502863689;0,2073310423825888
EC180157;MASCULINO;2704,0;2499,0;198,0;7,0;0,07322485207100592;0,0025887573964497044;0,7200443786982249;0,20414201183431951
EC180158;MASCULINO;1316,0;1227,0;86,0;3,0;0,06534954407294832;0,0022796352583586625;0,6983282674772037;0,23404255319148937
EC180159;MASCULINO;2289,0;2058,0;210,0;17,0;0,09174311926605505;0,007426823940585408;0,5932721712538226;0,3058103975535168
EC180160;MASCULINO;5257,0;5018,0;218,0;20,0;0,04146851816625452;0,0038044512079132586;0,7578466806163211;0,19669012744911546
EC180161;MASCULINO;4151,0;3752,0;375,0;23,0;0,09033967718622019;0,0055408335340881715;0,618405203565406;0,2854733799084558
EC180162;MASCULINO;3171,0;2815,0;328,0;28,0;0,10343740145064649;0,008830022075055188;0,6461684011352885;0,24156417533900978
EC180163;MASCULINO;3111,0;2936,0;167,0;8,0;0,053680488588878174;0,0025715204114432656;0,7309546769527483;0,21279331404693025
EC180164;MASCULINO;818,0;707,0;94,0;17,0;0,11491442542787286;0,02078239608801956;0,578239608801956;0,2860635696821516
EC180165;MASCULINO;6535,0;6055,0;446,0;37,0;0,06824789594491201;0,005661820964039786;0,703902065799541;0,22264728385615914
EC180166;MASCULINO;2405,0;2303,0;98,0;4,0;0,04074844074844075;0,0016632016632016633;0,7039501039501039;0,25363825363825365
EC180167;MASCULINO;1428,0;1371,0;52,0;4,0;0,036414565826330535;0,0028011204481792717;0,7275910364145658;0,23249299719887956
EC180168;MASCULINO;1122,0;1064,0;55,0;3,0;0,049019607843137254;0,00267379679144385;0,7745098039215687;0,17379679144385027
EC180250;MASCULINO;6093,0;5707,0;372,0;13,0;0,06105366814377154;0,002133595929755457;0,6671590349581487;0,269489578204497
EC180251;MASCULINO;212,0;195,0;15,0;2,0;0,07075471698113207;0,009433962264150943;0,6509433962264151;0,2688679245283019
EC180252;MASCULINO;449,0;422,0;26,0;1,0;0,05790645879732739;0,0022271714922048997;0,5634743875278396;0,37639198218262804
EC180253;MASCULINO;524,0;471,0;30,0;23,0;0,05725190839694656;0,04389312977099236;0,5438931297709924;0,3549618320610687
EC180254;MASCULINO;750,0;694,0;53,0;3,0;0,07066666666666667;0,004;0,588;0,3373333333333333
EC180350;MASCULINO;3446,0;3284,0;150,0;11,0;0,04352872896111434;0,003192106790481718;0,6987811955890888;0,2542077771329077
EC180450;MASCULINO;2456,0;2367,0;82,0;7,0;0,033387622149837134;0,0028501628664495114;0,7593648208469055;0,20439739413680783
EC180451;MASCULINO;395,0;376,0;18,0;1,0;0,04556962025316456;0,002531645569620253;0,7088607594936709;0,2430379746835443
EC180550;MASCULINO;3299,0;3111,0;177,0;11,0;0,05365262200666869;0,0033343437405274324;0,7332525007578053;0,20976053349499849
EC180551;MASCULINO;390,0;365,0;20,0;5,0;0,05128205128205128;0,01282051282051282;0,6794871794871795;0,2564102564102564
EC180552;MASCULINO;475,0;441,0;31,0;3,0;0,06526315789473684;0,00631578947368421;0,6631578947368421;0,26526315789473687
EC180553;MASCULINO;798,0;741,0;53,0;4,0;0,06641604010025062;0,005012531328320802;0,7593984962406015;0,16917293233082706
EC180650;MASCULINO;6404,0;6133,0;245,0;26,0;0,03825733916302311;0,004059962523422861;0,7920049968769519;0,16567770143660213
EC180651;MASCULINO;568,0;546,0;19,0;3,0;0,03345070422535211;0,00528169014084507;0,8080985915492958;0,15316901408450703
EC180652;MASCULINO;539,0;513,0;21,0;5,0;0,03896103896103896;0,00927643784786642;0,7736549165120594;0,17810760667903525
EC180750;MASCULINO;9945,0;9493,0;431,0;22,0;0,04333836098541981;0,002212166918049271;0,766616390145802;0,18793363499245852
EC180751;MASCULINO;865,0;826,0;31,0;8,0;0,035838150289017344;0,009248554913294798;0,7861271676300579;0,16878612716763006
EC180752;MASCULINO;986,0;949,0;35,0;2,0;0,035496957403651115;0,002028397565922921;0,8002028397565923;0,16227180527383367
EC180753;MASCULINO;807,0;755,0;45,0;7,0;0,055762081784386616;0,008674101610904586;0,6270136307311028;0,30855018587360594
EC180754;MASCULINO;746,0;681,0;60,0;5,0;0,08042895442359249;0,006702412868632708;0,6554959785522788;0,257372654155496
EC180755;MASCULINO;989,0;908,0;78,0;3,0;0,0788675429726997;0,003033367037411527;0,6632962588473206;0,25480283114256824
EC180756;MASCULINO;1230,0;1094,0;136,0;0,0;0,11056910569105691;0,0;0,7008130081300813;0,1886178861788618
EC180757;MASCULINO;2980,0;2746,0;215,0;19,0;0,07214765100671142;0,0063758389261744965;0,7600671140939598;0,16140939597315437
EC180758;MASCULINO;1983,0;1714,0;190,0;79,0;0,09581442259203228;0,03983862834089763;0,6439737771053958;0,22037317196167422
EC180850;MASCULINO;5508,0;5270,0;222,0;15,0;0,04030501089324619;0,0027233115468409588;0,7814088598402323;0,17538126361655773
EC180851;MASCULINO;144,0;139,0;3,0;2,0;0,020833333333333332;0,013888888888888888;0,8402777777777778;0,125
EC180852;MASCULINO;519,0;454,0;25,0;39,0;0,04816955684007707;0,07514450867052024;0,6994219653179191;0,17533718689788053
EC180853;MASCULINO;804,0;781,0;21,0;2,0;0,026119402985074626;0,0024875621890547263;0,8345771144278606;0,13681592039800994
EC180854;MASCULINO;597,0;578,0;18,0;1,0;0,03015075376884422;0,0016750418760469012;0,7621440536013401;0,20603015075376885
EC180855;MASCULINO;4084,0;3777,0;290,0;16,0;0,07100881488736532;0,0039177277179236044;0,6329578844270323;0,29187071498530853
EC180856;MASCULINO;847,0;776,0;64,0;7,0;0,0755608028335301;0,008264462809917356;0,6552538370720189;0,26092089728453366
EC180857;MASCULINO;1658,0;1575,0;75,0;8,0;0,04523522316043426;0,0048250904704463205;0,7503015681544029;0,19963811821471653
EC180950;MASCULINO;3956,0;3746,0;197,0;13,0;0,04979777553083923;0,0032861476238624874;0,673407482305359;0,2735085945399393
EC180951;MASCULINO;346,0;337,0;9,0;0,0;0,02601156069364162;0,0;0,8352601156069365;0,13872832369942195
EC190150;MASCULINO;5280,0;5097,0;159,0;22,0;0,030113636363636363;0,004166666666666667;0,7634469696969697;0,2018939393939394
EC190151;MASCULINO;1352,0;1302,0;48,0;1,0;0,03550295857988166;0,0007396449704142012;0,7263313609467456;0,23668639053254437
EC190152;MASCULINO;1079,0;1030,0;41,0;8,0;0,037998146431881374;0,0074142724745134385;0,6691380908248378;0,28544949026876737
EC190153;MASCULINO;420,0;404,0;14,0;2,0;0,03333333333333333;0,004761904761904762;0,7690476190476191;0,19285714285714287
EC190155;MASCULINO;294,0;290,0;4,0;0,0;0,013605442176870748;0,0;0,7040816326530612;0,282312925170068
EC190156;MASCULINO;692,0;672,0;19,0;1,0;0,02745664739884393;0,001445086705202312;0,7832369942196532;0,18786127167630057
EC190158;MASCULINO;756,0;725,0;25,0;6,0;0,03306878306878307;0,007936507936507936;0,7037037037037037;0,2552910052910053
EC190250;MASCULINO;2290,0;2213,0;64,0;13,0;0,02794759825327511;0,005676855895196507;0,6100436681222707;0,3563318777292576
EC190251;MASCULINO;491,0;477,0;13,0;1,0;0,026476578411405296;0,002036659877800407;0,5845213849287169;0,3869653767820774
EC190252;MASCULINO;173,0;166,0;5,0;2,0;0,028901734104046242;0,011560693641618497;0,7572254335260116;0,2023121387283237
EC190254;MASCULINO;124,0;118,0;6,0;0,0;0,04838709677419355;0,0;0,6370967741935484;0,31451612903225806
EC190256;MASCULINO;95,0;91,0;3,0;1,0;0,031578947368421054;0,010526315789473684;0,5473684210526316;0,4105263157894737
EC190259;MASCULINO;214,0;207,0;5,0;2,0;0,02336448598130841;0,009345794392523364;0,6261682242990654;0,3411214953271028
EC190350;MASCULINO;1207,0;1152,0;50,0;5,0;0,041425020712510356;0,004142502071251036;0,603976801988401;0,3504556752278376
EC190351;MASCULINO;637,0;602,0;29,0;6,0;0,04552590266875981;0,009419152276295133;0,5714285714285714;0,37362637362637363
EC190352;MASCULINO;262,0;249,0;10,0;3,0;0,03816793893129771;0,011450381679389313;0,7748091603053435;0,17557251908396945
EC190353;MASCULINO;198,0;190,0;6,0;2,0;0,030303030303030304;0,010101010101010102;0,7474747474747475;0,21212121212121213
EC190450;MASCULINO;1229,0;1128,0;84,0;17,0;0,06834825061025224;0,013832384052074858;0,6517493897477624;0,2660699755899105
EC190451;MASCULINO;616,0;578,0;32,0;6,0;0,05194805194805195;0,00974025974025974;0,7305194805194806;0,2077922077922078
EC190452;MASCULINO;364,0;321,0;37,0;6,0;0,10164835164835165;0,016483516483516484;0,5741758241758241;0,3076923076923077
EC190550;MASCULINO;5129,0;4876,0;228,0;25,0;0,044453109767985964;0,004874244492103724;0,6765451355039969;0,2741275102359134
EC190551;MASCULINO;816,0;758,0;41,0;17,0;0,05024509803921569;0,020833333333333332;0,6495098039215687;0,27941176470588236
EC190553;MASCULINO;1467,0;1374,0;84,0;9,0;0,05725971370143149;0,006134969325153374;0,5446489434219496;0,39195637355146556
EC190650;MASCULINO;2709,0;2565,0;117,0;26,0;0,04318936877076412;0,009597637504614249;0,6766334440753046;0,2702104097452935
EC190651;MASCULINO;479,0;441,0;33,0;4,0;0,06889352818371608;0,008350730688935281;0,6221294363256785;0,2985386221294363
EC190652;MASCULINO;462,0;447,0;11,0;4,0;0,023809523809523808;0,008658008658008658;0,6277056277056277;0,3398268398268398
EC190653;MASCULINO;399,0;381,0;17,0;1,0;0,042606516290726815;0,002506265664160401;0,5789473684210527;0,37593984962406013
EC190750;MASCULINO;2003,0;1945,0;50,0;8,0;0,02496255616575137;0,00399400898652022;0,7393909136295557;0,23165252121817273
EC190752;MASCULINO;285,0;272,0;12,0;1,0;0,042105263157894736;0,0035087719298245615;0,6631578947368421;0,2912280701754386
EC190753;MASCULINO;458,0;437,0;16,0;5,0;0,034934497816593885;0,010917030567685589;0,7489082969432315;0,2052401746724891
EC190850;MASCULINO;1497,0;1424,0;66,0;7,0;0,04408817635270541;0,004676018704074816;0,5410821643286573;0,41015364061456244
EC190851;MASCULINO;489,0;479,0;8,0;2,0;0,016359918200409;0,00408997955010225;0,6605316973415133;0,31901840490797545
EC190852;MASCULINO;516,0;499,0;12,0;5,0;0,023255813953488372;0,009689922480620155;0,7790697674418605;0,187984496124031
EC190853;MASCULINO;545,0;522,0;20,0;3,0;0,03669724770642202;0,005504587155963303;0,5504587155963303;0,4073394495412844
EC190854;MASCULINO;177,0;172,0;5,0;0,0;0,02824858757062147;0,0;0,6779661016949152;0,2937853107344633
EC190950;MASCULINO;945,0;905,0;34,0;6,0;0,03597883597883598;0,006349206349206349;0,6634920634920635;0,29417989417989415
EC190951;MASCULINO;198,0;184,0;10,0;4,0;0,050505050505050504;0,020202020202020204;0,6919191919191919;0,23737373737373738
EC190952;MASCULINO;696,0;671,0;23,0;2,0;0,033045977011494254;0,0028735632183908046;0,6896551724137931;0,2744252873563218
EC200150;MASCULINO;2209,0;2098,0;102,0;9,0;0,046174739701222274;0,004074241738343142;0,6885468537799909;0,2612041647804436
EC200151;MASCULINO;269,0;261,0;7,0;1,0;0,026022304832713755;0,0037174721189591076;0,6951672862453532;0,275092936802974
EC200250;MASCULINO;807,0;768,0;30,0;9,0;0,03717472118959108;0,011152416356877323;0,516728624535316;0,4349442379182156
EC200251;MASCULINO;117,0;116,0;1,0;0,0;0,008547008547008548;0,0;0,5726495726495726;0,4188034188034188
EC200350;MASCULINO;3933,0;3714,0;208,0;11,0;0,05288583778286295;0,0027968471904398677;0,5794558860920417;0,36486142893465545
EC210150;MASCULINO;23053,0;21754,0;1208,0;86,0;0,05240098902528955;0,0037305339868997527;0,42987897453693663;0,5137726109400078
EC210152;MASCULINO;1235,0;1166,0;64,0;5,0;0,051821862348178135;0,004048582995951417;0,28259109311740893;0,6615384615384615
EC210153;MASCULINO;2028,0;1875,0;137,0;16,0;0,0675542406311637;0,007889546351084813;0,2470414201183432;0,6775147928994083
EC210155;MASCULINO;2474,0;2342,0;117,0;14,0;0,04729183508488278;0,005658852061438965;0,4333063864187551;0,513338722716249
EC210156;MASCULINO;3015,0;2830,0;162,0;22,0;0,05373134328358209;0,007296849087893864;0,28325041459369815;0,6553897180762852
EC210157;MASCULINO;1042,0;984,0;56,0;2,0;0,053742802303262956;0,0019193857965451055;0,3704414587332054;0,5738963531669866
EC210158;MASCULINO;1989,0;1875,0;102,0;11,0;0,05128205128205128;0,005530417295123178;0,3821015585721468;0,5605832076420312
EC210160;MASCULINO;910,0;851,0;55,0;4,0;0,06043956043956044;0,004395604395604396;0,31978021978021975;0,6153846153846154
EC210250;MASCULINO;1288,0;1208,0;77,0;2,0;0,059782608695652176;0,0015527950310559005;0,390527950310559;0,547360248447205
EC210251;MASCULINO;558,0;531,0;23,0;4,0;0,04121863799283154;0,007168458781362007;0,3835125448028674;0,568100358422939
EC210252;MASCULINO;1341,0;1299,0;37,0;5,0;0,027591349739000747;0,0037285607755406414;0,2639821029082774;0,7046979865771812
EC210254;MASCULINO;503,0;471,0;27,0;5,0;0,0536779324055666;0,009940357852882704;0,24453280318091453;0,6918489065606361
EC210350;MASCULINO;971,0;943,0;22,0;6,0;0,02265705458290422;0,006179196704428424;0,282183316168898;0,6889804325437693
EC210351;MASCULINO;577,0;552,0;20,0;5,0;0,03466204506065858;0,008665511265164644;0,2668977469670711;0,6897746967071057
EC210352;MASCULINO;54,0;53,0;1,0;0,0;0,018518518518518517;0,0;0,25925925925925924;0,7222222222222222
EC210353;MASCULINO;93,0;87,0;5,0;1,0;0,053763440860215055;0,010752688172043012;0,043010752688172046;0,8924731182795699
EC210354;MASCULINO;481,0;454,0;24,0;3,0;0,0498960498960499;0,006237006237006237;0,16424116424116425;0,7796257796257796
EC210355;MASCULINO;1058,0;990,0;57,0;7,0;0,05387523629489603;0,006616257088846881;0,2741020793950851;0,6616257088846881
EC210450;MASCULINO;11688,0;10960,0;653,0;74,0;0,05586926762491444;0,006331279945242984;0,405201916495551;0,5325119780971937
EC210451;MASCULINO;1435,0;1402,0;32,0;1,0;0,02229965156794425;0,0006968641114982578;0,4313588850174216;0,5456445993031359
EC210452;MASCULINO;292,0;272,0;9,0;11,0;0,030821917808219176;0,03767123287671233;0,3664383561643836;0,565068493150685
EC210453;MASCULINO;1533,0;1464,0;61,0;8,0;0,03979125896934116;0,005218525766470972;0,2328767123287671;0,7221135029354208
EC210454;MASCULINO;1203,0;1094,0;93,0;15,0;0,0773067331670823;0,012468827930174564;0,5320033250207814;0,3773898586866168
EC210455;MASCULINO;1747,0;1588,0;150,0;9,0;0,08586147681740126;0,005151688609044075;0,5065827132226675;0,4024041213508872
EC210550;MASCULINO;270,0;267,0;3,0;0,0;0,011111111111111112;0,0;0,45555555555555555;0,5333333333333333
EC210551;MASCULINO;730,0;702,0;25,0;3,0;0,03424657534246575;0,00410958904109589;0,4465753424657534;0,5150684931506849
EC210552;MASCULINO;72,0;72,0;0,0;0,0;0,0;0,0;0,6388888888888888;0,3611111111111111
EC210553;MASCULINO;192,0;182,0;9,0;1,0;0,046875;0,005208333333333333;0,390625;0,5572916666666666
EC210554;MASCULINO;340,0;333,0;7,0;0,0;0,020588235294117647;0,0;0,5088235294117647;0,47058823529411764
EC210650;MASCULINO;1940,0;1822,0;112,0;5,0;0,0577319587628866;0,002577319587628866;0,4592783505154639;0,47989690721649486
EC210651;MASCULINO;305,0;293,0;12,0;0,0;0,03934426229508197;0,0;0,25245901639344265;0,7081967213114754
EC210652;MASCULINO;996,0;947,0;47,0;2,0;0,04718875502008032;0,002008032128514056;0,4427710843373494;0,5080321285140562
EC210653;MASCULINO;947,0;904,0;41,0;2,0;0,04329461457233368;0,0021119324181626186;0,4625131995776135;0,49208025343189016
EC210750;MASCULINO;2512,0;2388,0;102,0;22,0;0,04060509554140127;0,00875796178343949;0,3232484076433121;0,6273885350318471
EC210751;MASCULINO;217,0;214,0;2,0;1,0;0,009216589861751152;0,004608294930875576;0,1889400921658986;0,7972350230414746
EC210752;MASCULINO;614,0;593,0;19,0;2,0;0,030944625407166124;0,003257328990228013;0,2915309446254072;0,6742671009771987
EC220150;MASCULINO;18083,0;17080,0;921,0;83,0;0,050931814411325556;0,004589946358458221;0,5124149753912515;0,4321185643975004
EC220151;MASCULINO;4030,0;3803,0;199,0;28,0;0,049379652605459054;0,006947890818858561;0,43548387096774194;0,5081885856079404
EC220152;MASCULINO;1403,0;1318,0;67,0;18,0;0,04775481111903065;0,012829650748396294;0,38702779757662154;0,5523877405559515
EC220153;MASCULINO;540,0;519,0;20,0;1,0;0,037037037037037035;0,001851851851851852;0,362962962962963;0,5981481481481481
EC220154;MASCULINO;1531,0;1452,0;74,0;5,0;0,048334421946440234;0,0032658393207054214;0,44219464402351405;0,5062050947093403
EC220155;MASCULINO;324,0;299,0;22,0;3,0;0,06790123456790123;0,009259259259259259;0,6141975308641975;0,30864197530864196
EC220156;MASCULINO;687,0;651,0;29,0;7,0;0,042212518195050945;0,010189228529839884;0,5662299854439592;0,3813682678311499
EC220157;MASCULINO;1495,0;1409,0;73,0;13,0;0,04882943143812709;0,008695652173913044;0,4488294314381271;0,4936454849498328
EC220158;MASCULINO;1846,0;1735,0;97,0;14,0;0,05254604550379198;0,007583965330444204;0,542795232936078;0,3970747562296858
EC220159;MASCULINO;1380,0;1300,0;72,0;8,0;0,05217391304347826;0,005797101449275362;0,32608695652173914;0,6159420289855072
EC220160;MASCULINO;1063,0;1021,0;43,0;0,0;0,04045155221072436;0,0;0,4816556914393227;0,47883349012229537
EC220161;MASCULINO;1055,0;1015,0;36,0;4,0;0,034123222748815164;0,0037914691943127963;0,5488151658767773;0,4132701421800948
EC220250;MASCULINO;384,0;372,0;8,0;4,0;0,020833333333333332;0,010416666666666666;0,40625;0,5625
EC220251;MASCULINO;303,0;291,0;10,0;1,0;0,033003300330033;0,0033003300330033004;0,32673267326732675;0,6336633663366337
EC220252;MASCULINO;231,0;217,0;14,0;0,0;0,06060606060606061;0,0;0,4069264069264069;0,5324675324675324
EC220253;MASCULINO;311,0;296,0;14,0;1,0;0,04501607717041801;0,003215434083601286;0,34726688102893893;0,6045016077170418
EC220255;MASCULINO;157,0;156,0;1,0;0,0;0,006369426751592357;0,0;0,15286624203821655;0,8407643312101911
EC220350;MASCULINO;8519,0;8027,0;448,0;42,0;0,05258833196384552;0,0049301561216105174;0,5173142387604179;0,42493250381500175
EC220351;MASCULINO;1194,0;1141,0;52,0;1,0;0,04355108877721943;0,0008375209380234506;0,4899497487437186;0,4656616415410385
EC220352;MASCULINO;482,0;454,0;27,0;1,0;0,056016597510373446;0,002074688796680498;0,5;0,44190871369294604
EC220353;MASCULINO;1676,0;1578,0;85,0;11,0;0,05071599045346062;0,0065632458233890216;0,45346062052505964;0,4880668257756563
EC220354;MASCULINO;1838,0;1726,0;100,0;11,0;0,0544069640914037;0,005984766050054407;0,4423286180631121;0,4967355821545158
EC220355;MASCULINO;895,0;849,0;36,0;10,0;0,04022346368715084;0,0111731843575419;0,4793296089385475;0,4692737430167598
EC220356;MASCULINO;580,0;556,0;23,0;1,0;0,039655172413793106;0,0017241379310344827;0,3431034482758621;0,6155172413793103
EC220357;MASCULINO;1335,0;1261,0;63,0;11,0;0,04719101123595506;0,008239700374531835;0,47340823970037454;0,47116104868913855
EC220358;MASCULINO;1455,0;1377,0;73,0;5,0;0,05017182130584193;0,003436426116838488;0,5058419243986254;0,44054982817869415
EC220450;MASCULINO;2720,0;2576,0;136,0;8,0;0,05;0,0029411764705882353;0,5018382352941176;0,4452205882352941
EC220451;MASCULINO;1843,0;1753,0;78,0;11,0;0,042322300596852956;0,005968529571351058;0,4715138361367336;0,47965274009766684
EC220452;MASCULINO;1321,0;1272,0;45,0;4,0;0,03406510219530658;0,003028009084027252;0,5965177895533686;0,3663890991672975
EC220453;MASCULINO;1020,0;967,0;44,0;9,0;0,043137254901960784;0,008823529411764706;0,5411764705882353;0,4068627450980392
EC220454;MASCULINO;2006,0;1867,0;133,0;6,0;0,06630109670987039;0,0029910269192422734;0,6011964107676969;0,32951146560319045
EC220455;MASCULINO;493,0;472,0;18,0;3,0;0,036511156186612576;0,006085192697768763;0,4969574036511156;0,460446247464503
EC230150;MASCULINO;4360,0;4035,0;300,0;25,0;0,06880733944954129;0,005733944954128441;0,5378440366972477;0,3876146788990826
EC230151;MASCULINO;3583,0;3326,0;238,0;19,0;0,06642478370080938;0,005302818866871337;0,576611777839799;0,3516606195925202
EC230152;MASCULINO;4256,0;4014,0;206,0;36,0;0,048402255639097745;0,008458646616541353;0,45535714285714285;0,48778195488721804
EC230153;MASCULINO;3175,0;2965,0;188,0;22,0;0,05921259842519685;0,006929133858267717;0,38173228346456695;0,5521259842519685
EC230154;MASCULINO;4688,0;4223,0;414,0;50,0;0,08831058020477815;0,010665529010238909;0,3747866894197952;0,5260238907849829
EC230155;MASCULINO;3298,0;3039,0;238,0;21,0;0,07216494845360824;0,006367495451788963;0,46573681018799273;0,45573074590661006
EC230156;MASCULINO;2027,0;1929,0;83,0;15,0;0,040947212629501725;0,00740009866798224;0,5831277750370005;0,36852491366551554
EC230157;MASCULINO;1847,0;1740,0;91,0;16,0;0,049269085002707096;0,008662696264212236;0,41580942068218735;0,5262587980508934
EC230250;MASCULINO;15954,0;14836,0;987,0;131,0;0,06186536291839037;0,008211106932430738;0,40096527516610253;0,5289582549830764
EC230251;MASCULINO;2321,0;2132,0;163,0;26,0;0,07022834984920293;0,01120206807410599;0,3955191727703576;0,5230504093063335
EC230252;MASCULINO;1249,0;1156,0;80,0;13,0;0,06405124099279423;0,010408326661329063;0,36589271417133706;0,5596477181745396
EC230253;MASCULINO;601,0;567,0;32,0;2,0;0,05324459234608985;0,0033277870216306157;0,3211314475873544;0,6222961730449251
EC240150;MASCULINO;23673,0;22146,0;1383,0;142,0;0,05842098593334178;0,005998394795758881;0,4526675959954378;0,4828285388417184
EC240151;MASCULINO;1359,0;1292,0;62,0;5,0;0,04562178072111847;0,003679175864606328;0,4576894775570272;0,493009565857248
EC240152;MASCULINO;12737,0;11980,0;621,0;135,0;0,04875559393891811;0,010599042160634372;0,24267880976682107;0,6978880427102143
EC240153;MASCULINO;5913,0;5421,0;422,0;69,0;0,07136817182479283;0,011669203450025367;0,2969727718586166;0,6198207339759851
EC240154;MASCULINO;12319,0;11327,0;846,0;146,0;0,06867440539004789;0,011851611332088643;0,3552236382823281;0,5642503449955354
EC240155;MASCULINO;1424,0;1339,0;53,0;32,0;0,037219101123595506;0,02247191011235955;0,3082865168539326;0,6320224719101124
EC240156;MASCULINO;2192,0;2041,0;143,0;8,0;0,06523722627737226;0,0036496350364963502;0,5009124087591241;0,4302007299270073
EC240250;MASCULINO;37066,0;34539,0;2272,0;254,0;0,06129606647601576;0,0068526412345545785;0,4521664058706092;0,47965790751632226
EC240350;MASCULINO;943,0;895,0;44,0;4,0;0,04665959703075292;0,0042417815482502655;0,5896076352067868;0,35949098621421
EC240351;MASCULINO;4409,0;4092,0;275,0;42,0;0,06237242004989794;0,009525969607620775;0,2850986618280789;0,6430029485144023
EC240352;MASCULINO;7625,0;7046,0;513,0;63,0;0,06727868852459017;0,008262295081967214;0,46557377049180326;0,45849180327868855
